# Converted from Dallas mask | Payday 2 by SirDJCat (CC BY-NC 4.0)
mtllib dallas_mask.mtl
o Dallas_Mask
usemtl dallas_mask
v 0.5000000989995055 1 0.21622040662647296
v 0.5000000659996703 0.9469902471547175 0.20150743842959667
v 0.449117752839008 0.9444194049247151 0.1994994503965445
v 0.5000000989995055 1 0.21622040662647296
v 0.550882347062839 0.9444194049247151 0.1994994503965445
v 0.5000000659996703 0.9469902471547175 0.20150743842959667
v 0.5000000989995055 1 0.21622040662647296
v 0.556915841765668 0.9948269144821957 0.21434377383291053
v 0.550882347062839 0.9444194049247151 0.1994994503965445
v 0.6017646296728735 0.93317202928009 0.19749148955820078
v 0.556915841765668 0.9948269144821957 0.21434377383291053
v 0.6138316448596534 0.9809771408630338 0.21246714245295995
v 0.6017646296728735 0.93317202928009 0.19749148955820078
v 0.651338600917967 0.9099238252961106 0.19709477344367787
v 0.6748393953780705 0.9544178416908348 0.21246727568562795
v 0.6748393953780705 0.9544178416908348 0.21246727568562795
v 0.6965175289802805 0.8784383466505845 0.19669798132781197
v 0.651338600917967 0.9099238252961106 0.19709477344367787
v 0.6748393953780705 0.9544178416908348 0.21246727568562795
v 0.7314521349401099 0.9196210873892363 0.2124673329169824
v 0.6965175289802805 0.8784383466505845 0.19669798132781197
v 0.7314521349401099 0.9196210873892363 0.2124673329169824
v 0.7378197884304063 0.8346595273529464 0.19972371247604553
v 0.6965175289802805 0.8784383466505845 0.19669798132781197
v 0.7713038453537278 0.872444342093974 0.21594387331446407
v 0.7955158765112693 0.8175864724964756 0.2194204149633598
v 0.7634824201866994 0.7831997126586391 0.20274918706445405
v 0.81986168590979 0.7472929033407667 0.21959625366625757
v 0.7634824201866994 0.7831997126586391 0.20274918706445405
v 0.81986168590979 0.7472929033407667 0.21959625366625757
v 0.7823385006353081 0.7241964185859008 0.20279503551185707
v 0.8332467029406643 0.6769994244189967 0.21977216971250607
v 0.7902339176218797 0.6651931374037277 0.20284090974037983
v 0.8332467029406643 0.6769994244189967 0.21977216971250607
v 0.8341304282334522 0.5449377172785027 0.22571626088734226
v 0.7902339176218797 0.6651931374037277 0.20284090974037983
v 0.7894512285453948 0.5434027612393802 0.20833045228348812
v 0.7828821987127808 0.4605358707471299 0.22603526445808148
v 0.8290724041679483 0.4555398146696625 0.24482851712684406
v 0.7828821987127808 0.4605358707471299 0.22603526445808148
v 0.7835337907849529 0.3678857972660423 0.2946934232761723
v 0.7588403487401884 0.37525079109368986 0.2802129136182002
v 0.8290724041679483 0.4555398146696625 0.24482851712684406
v 0.7200734305882146 0.2829809281314334 0.3501143927538903
v 0.7983497631997732 0.3634667855007593 0.303381597587237
v 0.7457372740572319 0.27481628128331853 0.36480455462455535
v 0.6770152189328323 0.20941979275082492 0.4147043390054565
v 0.7572309879934415 0.2641870364584618 0.37902339931871315
v 0.6933988898015835 0.1998956540253219 0.41857297834988527
v 0.6189079606310688 0.1433076730923626 0.47229335596798855
v 0.7572309879934415 0.2641870364584618 0.37902339931871315
v 0.7188049736149239 0.1879724789513531 0.4234161509341866
v 0.7254561163204458 0.18410603280982743 0.42498667949615826
v 0.7572309879934415 0.2641870364584618 0.37902339931871315
v 0.6268831830801476 0.12011979769572671 0.47657591183757375
v 0.5508741293302678 0.09736162113429994 0.5108012659258206
v 0.6849984335296666 0.14314042858202344 0.45772630353395805
v 0.6904974565739845 0.13488789181448085 0.4596787414581811
v 0.5526631651600639 0.07204657148291839 0.5170675755337175
v 0.4999999835000824 0.08999366102426971 0.5163610135746125
v 0.627513299477867 0.08863486709558026 0.5169463322719537
v 0.6904974565739845 0.13488789181448085 0.4596787414581811
v 0.632336264165432 0.08145080452403096 0.5273964243458135
v 0.4999999835000824 0.06639550510582296 0.5221804385772689
v 0.632336264165432 0.08145080452403096 0.5273964243458135
v 0.5947006151924128 0.05554088243695989 0.5408351831236855
v 0.5974769261906746 0.04272214984789756 0.5537350176440714
v 0.632336264165432 0.08145080452403096 0.5273964243458135
v 0.5602287610329095 0.024857795535018552 0.5765912644113651
v 0.49999996700016486 0.011924386264947087 0.5756728527263258
v 0.5611532785056528 0.011776506427520837 0.5798293109868545
v 0.49999996700016486 0 0.5837184789164676
v 0.7983497631997732 0.3634667855007593 0.303381597587237
v 0.8028026269934524 0.3725003016181822 0.3303880043923899
v 0.7572309879934415 0.2641870364584618 0.37902339931871315
v 0.7643734673180762 0.27791221414817224 0.40687690212349914
v 0.822654142335574 0.4618846505631922 0.27638558884923603
v 0.7254561163204458 0.18410603280982743 0.42498667949615826
v 0.8290724041679483 0.4555398146696625 0.24482851712684406
v 0.7211916351837011 0.19550271025316537 0.4473874786439269
v 0.8276979610029704 0.5485590260813715 0.2590126564351537
v 0.6904974565739845 0.13488789181448085 0.4596787414581811
v 0.8341304282334522 0.5449377172785027 0.22571626088734226
v 0.6891001455539773 0.1498811124821329 0.47834126608091054
v 0.8332467029406643 0.6769994244189967 0.21977216971250607
v 0.8236351140197615 0.6795326311025282 0.2518030217310637
v 0.81986168590979 0.7472929033407667 0.21959625366625757
v 0.8074506796602192 0.7494039185629616 0.25278797810565135
v 0.7955158765112693 0.8175864724964756 0.2194204149633598
v 0.784289925305992 0.816991011523189 0.25377298641462515
v 0.7713038453537278 0.872444342093974 0.21594387331446407
v 0.7446493880609728 0.8732202307514829 0.25152669389310306
v 0.7314521349401099 0.9196210873892363 0.2124673329169824
v 0.711034208352217 0.9130025122381525 0.24928042983224902
v 0.6748393953780705 0.9544178416908348 0.21246727568562795
v 0.6656231986315314 0.938928395138775 0.2499538285095949
v 0.632336264165432 0.08145080452403096 0.5273964243458135
v 0.6175151999790578 0.9680330645752566 0.2506273555746597
v 0.6138316448596534 0.9809771408630338 0.21246714245295995
v 0.55428733393864 0.9858093545075567 0.25190225493227314
v 0.556915841765668 0.9948269144821957 0.21434377383291053
v 0.5000000989995055 1 0.21622040662647296
v 0.5000000659996703 0.9915579776902036 0.25317710468719856
v 0.6584947700182733 0.9184831414109363 0.255165898108761
v 0.711034208352217 0.9130025122381525 0.24928042983224902
v 0.6656231986315314 0.938928395138775 0.2499538285095949
v 0.6128838663697731 0.9392212696365309 0.25581065480498844
v 0.6175151999790578 0.9680330645752566 0.2506273555746597
v 0.551971670356638 0.9565898053377095 0.2570311818431741
v 0.55428733393864 0.9858093545075567 0.25190225493227314
v 0.5000000659996703 0.9652940794382132 0.2582515813873381
v 0.5000000659996703 0.9915579776902036 0.25317710468719856
v 0.7014086589538637 0.886959197291315 0.2545212462942532
v 0.711034208352217 0.9130025122381525 0.24928042983224902
v 0.6584947700182733 0.9184831414109363 0.255165898108761
v 0.7446493880609728 0.8732202307514829 0.25152669389310306
v 0.7336522958738434 0.8562050521426557 0.2566716546734143
v 0.784289925305992 0.816991011523189 0.25377298641462515
v 0.7719210196283076 0.8021130363330581 0.2588220668547971
v 0.8074506796602192 0.7494039185629616 0.25278797810565135
v 0.7942606968157017 0.7375063184022035 0.2578790812887797
v 0.8236351140197615 0.6795326311025282 0.2518030217310637
v 0.80962389932168 0.6706154188617036 0.2569361476571463
v 0.8276979610029704 0.5485590260813715 0.2590126564351537
v 0.8136639042309812 0.5452286183318298 0.26383829001141645
v 0.822654142335574 0.4618846505631922 0.27638558884923603
v 0.8088108400837242 0.4622513619050208 0.2804701434772492
v 0.8028026269934524 0.3725003016181822 0.3303880043923899
v 0.790214169282587 0.3766797569054245 0.3321690409482304
v 0.7570995816156674 0.2888690239766697 0.41083077696508286
v 0.7643734673180762 0.27791221414817224 0.40687690212349914
v 0.7066482078979055 0.20723211468188257 0.4441778463075425
v 0.7211916351837011 0.19550271025316537 0.4473874786439269
v 0.6827097917859428 0.1596481356356423 0.4774164118623338
v 0.6891001455539773 0.1498811124821329 0.47834126608091054
v 0.635844701015064 0.10452496274321249 0.5436807503477622
v 0.635844701015064 0.10452496274321249 0.5436807503477622
v 0.6396369364533827 0.09812020999709739 0.5423208262204602
v 0.5944855555197041 0.06765917477053139 0.5711617660792906
v 0.6054103832224503 0.06322562224939968 0.5786029655391668
v 0.5974769261906746 0.04272214984789756 0.5537350176440714
v 0.5711544781843576 0.03665689119655321 0.6032158652427685
v 0.5611532785056528 0.011776506427520837 0.5798293109868545
v 0.49999996700016486 0.019830740284981753 0.6115051560588461
v 0.49999996700016486 0 0.5837184789164676
v 0.6396369364533827 0.09812020999709739 0.5423208262204602
v 0.5944855555197041 0.06765917477053139 0.5711617660792906
v 0.6054103832224503 0.06322562224939968 0.5786029655391668
v 0.5681193505044254 0.046151148827192595 0.5945921106829193
v 0.5711544781843576 0.03665689119655321 0.6032158652427685
v 0.5 0.02810694392610395 0.6083482950187276
v 0.49999996700016486 0.019830740284981753 0.6115051560588461
v 0.4999999340003297 0.13119172123624182 0.5658091823465468
v 0.44588190623536383 0.11899211928391812 0.5602761366543112
v 0.4999999340003297 0.11155411186161864 0.5658091210931149
v 0.45004212851558145 0.1382869686443108 0.5602761657371834
v 0.44588190623536383 0.11899211928391812 0.5602761366543112
v 0.4999999340003297 0.13119172123624182 0.5658091823465468
v 0.3729949624477023 0.1665458046734647 0.5218903540254715
v 0.3827582732703514 0.18364941336824786 0.5218902851748153
v 0.31042617789533744 0.2353292095199073 0.46451382624486204
v 0.32499927925231575 0.24926328710158155 0.4645137917483104
v 0.2639882416408701 0.3121041551306334 0.40017139435210447
v 0.28213106157398005 0.3225004569460817 0.4001713926583319
v 0.2639882416408701 0.3121041551306334 0.40017139435210447
v 0.32499927925231575 0.24926328710158155 0.4645137917483104
v 0.2434921982539473 0.41450753941942775 0.3305168773763807
v 0.2221316107288499 0.4085556903066677 0.3305168396743773
v 0.2434921982539473 0.41450753941942775 0.3305168773763807
v 0.21953405958381378 0.4995108800330974 0.2765236406263416
v 0.2221316107288499 0.4085556903066677 0.3305168396743773
v 0.19617834838659504 0.49766519920148933 0.2765236667081629
v 0.21298836166642138 0.5433670303948143 0.2588797040359556
v 0.18908753443003157 0.5436398397803416 0.2588797297726311
v 0.21298836166642138 0.5433670303948143 0.2588797040359556
v 0.21218556331493876 0.6646872942520295 0.2534114309949167
v 0.18908753443003157 0.5436398397803416 0.2588797297726311
v 0.19310446523532904 0.6708205457829884 0.25341140421456143
v 0.21996646055851 0.7233001719095393 0.2533817215933624
v 0.20540275642042494 0.7322647835790832 0.25338179747620715
v 0.23870812438860567 0.7819130624576225 0.2533520895351714
v 0.20540275642042494 0.7322647835790832 0.25338179747620715
v 0.23870812438860567 0.7819130624576225 0.2533520895351714
v 0.22866165950531447 0.7937090342657261 0.2533521133944855
v 0.2640884786423976 0.8329747650745596 0.250359408598543
v 0.22866165950531447 0.7937090342657261 0.2533521133944855
v 0.2640884786423976 0.8329747650745596 0.250359408598543
v 0.25095047053941283 0.8470516958520763 0.2503593289617545
v 0.2640884786423976 0.8329747650745596 0.250359408598543
v 0.30510856371450934 0.8763552918270047 0.24736665156997167
v 0.25095047053941283 0.8470516958520763 0.2503593289617545
v 0.2888789995012701 0.8927132331361989 0.24736659734268118
v 0.30510856371450934 0.8763552918270047 0.24736665156997167
v 0.3375606023324951 0.9252568721532228 0.24781657574040777
v 0.2888789995012701 0.8927132331361989 0.24736659734268118
v 0.3498788867775407 0.9075890951702534 0.24781657861885398
v 0.39063722901065867 0.9495631591653139 0.24826634923119512
v 0.3990442981403152 0.9305854949463469 0.24826642966641443
v 0.4453186596222925 0.9610628288724415 0.25030282394913694
v 0.44952222963616323 0.9417551405133934 0.250302775532515
v 0.5000000494997527 0.963885758915951 0.2523391969562119
v 0.5000000494997527 0.9442482268847248 0.25233932906118084
v 0.4055144573708569 0.06765922633278548 0.5711618305320866
v 0.3603632053427871 0.09812020999707588 0.5423206940922111
v 0.3945898294718045 0.06322562224943118 0.5786031588975802
v 0.3945898294718045 0.06322562224943118 0.5786031588975802
v 0.4318807526200617 0.04615120038943099 0.5945920784565086
v 0.4055144573708569 0.06765922633278548 0.5711618305320866
v 0.4288457216193363 0.03665689119655321 0.6032158652427685
v 0.5 0.02810694392610395 0.6083482950187276
v 0.49999996700016486 0.019830740284981753 0.6115051560588461
v 0.36415633022980776 0.10452498852432324 0.5436806826723133
v 0.3603632053427871 0.09812020999707588 0.5423206940922111
v 0.4055144573708569 0.06765922633278548 0.5711618305320866
v 0.31090012514780163 0.1498811124821221 0.47834120001678593
v 0.31729047891583595 0.15964813563562075 0.4774162797340846
v 0.31090012514780163 0.1498811124821221 0.47834120001678593
v 0.36415633022980776 0.10452498852432324 0.5436806826723133
v 0.31090012514780163 0.1498811124821221 0.47834120001678593
v 0.31729047891583595 0.15964813563562075 0.4774162797340846
v 0.2788086484086386 0.1955027875965092 0.4473873465156651
v 0.2788086484086386 0.1955027875965092 0.4473873465156651
v 0.31729047891583595 0.15964813563562075 0.4774162797340846
v 0.29335202413219064 0.20723216624410518 0.4441777174019251
v 0.2788086484086386 0.1955027875965092 0.4473873465156651
v 0.29335202413219064 0.20723216624410518 0.4441777174019251
v 0.23562699674211607 0.2779123430537917 0.40687696657628264
v 0.24290059885218512 0.2888690110860762 0.41083057716139104
v 0.1971973730065476 0.37250027583703527 0.3303878497056634
v 0.1971973730065476 0.37250027583703527 0.3303878497056634
v 0.24290059885218512 0.2888690110860762 0.41083057716139104
v 0.2097858822796566 0.37667975690540556 0.33216892493318234
v 0.1911890825729105 0.46225136190498295 0.28046991144715305
v 0.1773459350077914 0.461884650563167 0.2763854341625053
v 0.18633609576901872 0.5452286183317961 0.2638380837624421
v 0.17230196165366413 0.5485590615303845 0.2590124759672954
v 0.1773459350077914 0.461884650563167 0.2763854341625053
v 0.18633609576901872 0.5452286183317961 0.2638380837624421
v 0.19037617802168538 0.6706154188616658 0.25693591562705015
v 0.17636491176136032 0.6795326311024903 0.2518027897009676
v 0.17230196165366413 0.5485590615303845 0.2590124759672954
v 0.19037617802168538 0.6706154188616658 0.25693591562705015
v 0.20573935474654192 0.7375062926210524 0.25787890082093134
v 0.17636491176136032 0.6795326311024903 0.2518027897009676
v 0.19037617802168538 0.6706154188616658 0.25693591562705015
v 0.19254934612090258 0.749403841219571 0.25278782341893324
v 0.22807900615281418 0.8021130363330329 0.2588219121680663
v 0.21571012625625163 0.8169909599609118 0.2537727801656592
v 0.26634772990727845 0.8562050521426304 0.25667149998668354
v 0.25535061193902725 0.8732203080948231 0.2515265392063597
v 0.29859136682725806 0.8869592488535166 0.25452098848302696
v 0.2889658174289048 0.9130025122381316 0.24928030092664005
v 0.34150526865340936 0.9184830125053272 0.25516589810878204
v 0.3343768529307122 0.9389282920142878 0.24995382850961173
v 0.38711614652078774 0.9392212696365309 0.25581065480498844
v 0.3824848773643076 0.9680331676997438 0.2506273555746429
v 0.4480284617716112 0.9565898053377095 0.2570311818431741
v 0.3824848773643076 0.9680331676997438 0.2506273555746429
v 0.3251606819652949 0.9544178416908136 0.212467146780019
v 0.3343768529307122 0.9389282920142878 0.24995382850961173
v 0.44571276274056665 0.9858093545075567 0.25190225493227314
v 0.3824848773643076 0.9680331676997438 0.2506273555746429
v 0.4480284617716112 0.9565898053377095 0.2570311818431741
v 0.5000000659996703 0.9652940794382132 0.2582515813873381
v 0.5000000659996703 0.9915579776902036 0.25317710468719856
v 0.2889658174289048 0.9130025122381316 0.24928030092664005
v 0.26854786505989015 0.9196210358269634 0.21246715244913827
v 0.25535061193902725 0.8732203080948231 0.2515265392063597
v 0.22869615464627224 0.8724442647505873 0.21594374440886777
v 0.21571012625625163 0.8169909599609118 0.2537727801656592
v 0.20448412348873063 0.8175864724964503 0.21942026027662903
v 0.19254934612090258 0.749403841219571 0.25278782341893324
v 0.18013833987133182 0.7472929033407373 0.21959607319840502
v 0.18013833987133182 0.7472929033407373 0.21959607319840502
v 0.17636491176136032 0.6795326311024903 0.2518027897009676
v 0.19254934612090258 0.749403841219571 0.25278782341893324
v 0.16675329705933567 0.6769994630906415 0.21977193768240366
v 0.17636491176136032 0.6795326311024903 0.2518027897009676
v 0.18013833987133182 0.7472929033407373 0.21959607319840502
v 0.16675329705933567 0.6769994630906415 0.21977193768240366
v 0.17230196165366413 0.5485590615303845 0.2590124759672954
v 0.17636491176136032 0.6795326311024903 0.2518027897009676
v 0.16586957176654782 0.5449377527275117 0.22571605463836214
v 0.17092759583205175 0.45553983078283006 0.24482831087786716
v 0.1773459350077914 0.461884650563167 0.2763854341625053
v 0.20165026258134855 0.3634667983913013 0.3033814815721868
v 0.1971973730065476 0.37250027583703527 0.3303878497056634
v 0.24276924403665462 0.26418706223957095 0.37902332197534355
v 0.23562699674211607 0.2779123430537917 0.40687696657628264
v 0.2745441672718939 0.18410598124756597 0.42498656992639905
v 0.2788086484086386 0.1955027875965092 0.4473873465156651
v 0.3095027754561116 0.1348878918144483 0.45967854165448724
v 0.31090012514780163 0.1498811124821221 0.47834120001678593
v 0.3095027754561116 0.1348878918144483 0.45967854165448724
v 0.3676638002873725 0.0814508045239984 0.5273962245421195
v 0.31090012514780163 0.1498811124821221 0.47834120001678593
v 0.3603632053427871 0.09812020999707588 0.5423206940922111
v 0.3603632053427871 0.09812020999707588 0.5423206940922111
v 0.3676638002873725 0.0814508045239984 0.5273962245421195
v 0.3945898294718045 0.06322562224943118 0.5786031588975802
v 0.4025233187299824 0.04272209828565397 0.5537350176440797
v 0.4288457216193363 0.03665689119655321 0.6032158652427685
v 0.43884673438490807 0.011776454865272066 0.5798292787604606
v 0.49999996700016486 0.019830740284981753 0.6115051560588461
v 0.49999996700016486 0 0.5837184789164676
v 0.17092759583205175 0.45553983078283006 0.24482831087786716
v 0.21646623499616885 0.3678857972660066 0.29469320413663713
v 0.20165026258134855 0.3634667983913013 0.3033814815721868
v 0.21711787863058468 0.46053585463390356 0.22603510977135333
v 0.16586957176654782 0.5449377527275117 0.22571605463836214
v 0.24115972860317703 0.37525079109366044 0.28021273315034767
v 0.21054874567348336 0.543402761239359 0.20833032337787916
v 0.2799266725362726 0.282980928131404 0.35011421228603773
v 0.20976608237812033 0.6651932018564986 0.202840703491395
v 0.16675329705933567 0.6769994630906415 0.21977193768240366
v 0.21766149936469187 0.7241964443669932 0.20279485504400036
v 0.18013833987133182 0.7472929033407373 0.21959607319840502
v 0.23651760559442236 0.7831996353152358 0.20274895503437057
v 0.20448412348873063 0.8175864724964503 0.21942026027662903
v 0.2621802115695937 0.8346595789151521 0.19972348044594102
v 0.22869615464627224 0.8724442647505873 0.21594374440886777
v 0.26854786505989015 0.9196210358269634 0.21246715244913827
v 0.303482522581963 0.8784382950883409 0.1966979813278204
v 0.3251606819652949 0.9544178416908136 0.212467146780019
v 0.303482522581963 0.8784382950883409 0.1966979813278204
v 0.26854786505989015 0.9196210358269634 0.21246715244913827
v 0.3251606819652949 0.9544178416908136 0.212467146780019
v 0.34866145064427656 0.9099238252961106 0.19709477344367787
v 0.303482522581963 0.8784382950883409 0.1966979813278204
v 0.3861684582648338 0.9809771408630422 0.21246719401520353
v 0.3982354541157724 0.9331718745933593 0.19749148955822593
v 0.4430843258116236 0.9948269144821957 0.21434377383291053
v 0.449117752839008 0.9444194049247151 0.1994994503965445
v 0.5000000989995055 1 0.21622040662647296
v 0.2542631642218386 0.2748163328455516 0.3648044901717425
v 0.3229848455199722 0.2094198700941609 0.4147041585375914
v 0.24276924403665462 0.26418706223957095 0.37902332197534355
v 0.3066012648851472 0.1998956540253009 0.4185728494442763
v 0.3810919878066876 0.1433076730923463 0.4722932560661416
v 0.2811953357585376 0.18797247895133212 0.42341602202857764
v 0.2745441672718939 0.18410598124756597 0.42498656992639905
v 0.37311677824816974 0.1201197976957052 0.4765757797093246
v 0.31500183717211216 0.1431404285819967 0.4577261391793066
v 0.3095027754561116 0.1348878918144483 0.45967854165448724
v 0.44912580299428756 0.09736167269654895 0.5108012989578745
v 0.3724865587259631 0.08863473818989595 0.5169458698231025
v 0.3676638002873725 0.0814508045239984 0.5273962245421195
v 0.44733678327769255 0.07204657148291839 0.5170675755337175
v 0.4999999835000824 0.08999366102426971 0.5163610135746125
v 0.4999999835000824 0.06639550510582296 0.5221804385772689
v 0.40529944926039163 0.05554088243692733 0.5408349833199916
v 0.4025233187299824 0.04272209828565397 0.5537350176440797
v 0.43884673438490807 0.011776454865272066 0.5798292787604606
v 0.4025233187299824 0.04272209828565397 0.5537350176440797
v 0.43977125830293184 0.024857795535024794 0.5765913030830478
v 0.43977125830293184 0.024857795535024794 0.5765913030830478
v 0.4025233187299824 0.04272209828565397 0.5537350176440797
v 0.49999996700016486 0.011924386264947087 0.5756728527263258
v 0.43884673438490807 0.011776454865272066 0.5798292787604606
v 0.49999996700016486 0 0.5837184789164676
v 0.4999999340003297 0.13119172123624182 0.5658091823465468
v 0.44912580299428756 0.09736167269654895 0.5108012989578745
v 0.45004212851558145 0.1382869686443108 0.5602761657371834
v 0.4999999835000824 0.08999366102426971 0.5163610135746125
v 0.44912580299428756 0.09736167269654895 0.5108012989578745
v 0.4999999340003297 0.13119172123624182 0.5658091823465468
v 0.44912580299428756 0.09736167269654895 0.5108012989578745
v 0.3827582732703514 0.18364941336824786 0.5218902851748153
v 0.45004212851558145 0.1382869686443108 0.5602761657371834
v 0.3810919878066876 0.1433076730923463 0.4722932560661416
v 0.3810919878066876 0.1433076730923463 0.4722932560661416
v 0.32499927925231575 0.24926328710158155 0.4645137917483104
v 0.3827582732703514 0.18364941336824786 0.5218902851748153
v 0.3229848455199722 0.2094198700941609 0.4147041585375914
v 0.3229848455199722 0.2094198700941609 0.4147041585375914
v 0.28213106157398005 0.3225004569460817 0.4001713926583319
v 0.32499927925231575 0.24926328710158155 0.4645137917483104
v 0.2799266725362726 0.282980928131404 0.35011421228603773
v 0.2799266725362726 0.282980928131404 0.35011421228603773
v 0.24115972860317703 0.37525079109366044 0.28021273315034767
v 0.28213106157398005 0.3225004569460817 0.4001713926583319
v 0.2434921982539473 0.41450753941942775 0.3305168773763807
v 0.21711787863058468 0.46053585463390356 0.22603510977135333
v 0.21953405958381378 0.4995108800330974 0.2765236406263416
v 0.21054874567348336 0.543402761239359 0.20833032337787916
v 0.21298836166642138 0.5433670303948143 0.2588797040359556
v 0.21054874567348336 0.543402761239359 0.20833032337787916
v 0.21218556331493876 0.6646872942520295 0.2534114309949167
v 0.21298836166642138 0.5433670303948143 0.2588797040359556
v 0.20976608237812033 0.6651932018564986 0.202840703491395
v 0.21218556331493876 0.6646872942520295 0.2534114309949167
v 0.21054874567348336 0.543402761239359 0.20833032337787916
v 0.20976608237812033 0.6651932018564986 0.202840703491395
v 0.21996646055851 0.7233001719095393 0.2533817215933624
v 0.21218556331493876 0.6646872942520295 0.2534114309949167
v 0.21766149936469187 0.7241964443669932 0.20279485504400036
v 0.21766149936469187 0.7241964443669932 0.20279485504400036
v 0.23870812438860567 0.7819130624576225 0.2533520895351714
v 0.21996646055851 0.7233001719095393 0.2533817215933624
v 0.23651760559442236 0.7831996353152358 0.20274895503437057
v 0.23651760559442236 0.7831996353152358 0.20274895503437057
v 0.2640884786423976 0.8329747650745596 0.250359408598543
v 0.23870812438860567 0.7819130624576225 0.2533520895351714
v 0.2621802115695937 0.8346595789151521 0.19972348044594102
v 0.30510856371450934 0.8763552918270047 0.24736665156997167
v 0.303482522581963 0.8784382950883409 0.1966979813278204
v 0.34866145064427656 0.9099238252961106 0.19709477344367787
v 0.3498788867775407 0.9075890951702534 0.24781657861885398
v 0.3982354541157724 0.9331718745933593 0.19749148955822593
v 0.3990442981403152 0.9305854949463469 0.24826642966641443
v 0.3982354541157724 0.9331718745933593 0.19749148955822593
v 0.449117752839008 0.9444194049247151 0.1994994503965445
v 0.3990442981403152 0.9305854949463469 0.24826642966641443
v 0.44952222963616323 0.9417551405133934 0.250302775532515
v 0.5000000659996703 0.9469902471547175 0.20150743842959667
v 0.5000000494997527 0.9442482268847248 0.25233932906118084
v 0.6807662948102101 0.5251317680359087 0.5692839686587842
v 0.6710036414061668 0.5347006963118377 0.5535933346791496
v 0.6742215379037632 0.5244080467000956 0.5487047071512657
v 0.6771284625103039 0.533939721889007 0.5764662139287854
v 0.6681126237517717 0.5070143291233514 0.5563625184852774
v 0.6807662948102101 0.5251317680359087 0.5692839686587842
v 0.6742215379037632 0.5244080467000956 0.5487047071512657
v 0.6738602283724084 0.5070142985983384 0.5717506771171557
v 0.3289806836717837 0.5346820178790297 0.5535315276653365
v 0.31920202019110744 0.5251317680359087 0.5692839686587842
v 0.3257627485025046 0.5243894004936951 0.5486429323638496
v 0.32283985249101366 0.5339397218890017 0.5764661817023832
v 0.31920202019110744 0.5251317680359087 0.5692839686587842
v 0.33187164976393513 0.5070143129996348 0.5562979754468736
v 0.3257627485025046 0.5243894004936951 0.5486429323638496
v 0.32610809951946995 0.5070143155171996 0.5717506771171529
v 0.5559312865055515 0.3529156830969221 0.7122321895546161
v 0.549830673874777 0.3799008458961412 0.7801010269474287
v 0.4999841600797151 0.34326983408428174 0.7307634423307146
v 0.5782270326614118 0.3756007275203208 0.7326622424644497
v 0.549830673874777 0.3799008458961412 0.7801010269474287
v 0.5559312865055515 0.3529156830969221 0.7122321895546161
v 0.5968709860399156 0.3795891877704981 0.6823514912256992
v 0.5944945660217703 0.3715196691902356 0.6720505937661335
v 0.5658222332169125 0.40210181759008395 0.7613298658970051
v 0.587765242064414 0.3971165862511515 0.7201068068652213
v 0.6043425098219822 0.398571042944975 0.6521400094667579
v 0.5461696740143004 0.40063514068169953 0.7899639526466369
v 0.60044506162563 0.40488765088100814 0.6982493514043193
v 0.4999841600797151 0.3754089135526055 0.7969203737251724
v 0.4999841600797151 0.34326983408428174 0.7307634423307146
v 0.5382156565378956 0.4194590408488388 0.7961252767524291
v 0.450137676575583 0.3799008458961412 0.7801010269474287
v 0.4440370284957661 0.3529156573158003 0.7122321895546204
v 0.4999841600797151 0.42262461572899795 0.803302018672188
v 0.5386656756866964 0.4556059982092585 0.7602079143219214
v 0.4537986152058954 0.40063514068169953 0.7899639526466369
v 0.4617526616860622 0.41945904084883034 0.7961252251901855
v 0.4341460882296855 0.40210181759008395 0.7613298658970051
v 0.4217413210115884 0.3756007275203208 0.7326622424644497
v 0.4030973354066824 0.3795891877704981 0.6823514912256992
v 0.46130264575990154 0.4556059982092585 0.7602079143219214
v 0.4122030471557817 0.3971165540247492 0.7201068068652265
v 0.4999841600797151 0.4732569827794888 0.7550161091397279
v 0.4433047350671043 0.47762446980580553 0.7094939047291988
v 0.39952322114928523 0.40488765088100814 0.6982493514043193
v 0.40387141358848866 0.4358265100016109 0.6879942864240285
v 0.4247627202441663 0.45976982123403387 0.6677839584185054
v 0.394789562267608 0.4319128607243929 0.6628832939683341
v 0.43701275561454794 0.47276477550577994 0.6626790492658757
v 0.39562581162461574 0.3985710429449792 0.6521400352478797
v 0.4553778861608707 0.5013044195340544 0.672016090371117
v 0.46662416578068117 0.5017045311304861 0.7039516170393738
v 0.4569954066326648 0.5282601391085934 0.6850234353572158
v 0.4999841600797151 0.5151346230043445 0.7013292107048904
v 0.4569954066326648 0.5282601391085934 0.6850234353572158
v 0.4999841600797151 0.5306321040737092 0.6964302149643006
v 0.5333441556659169 0.5017045311304797 0.7039515783676911
v 0.5429729148139333 0.5282601391085934 0.6850234353572158
v 0.5566635863794938 0.47762446980580553 0.7094939047291988
v 0.5445903998366849 0.5013044195340586 0.6720161161522388
v 0.5445903998366849 0.5013044195340586 0.6720161161522388
v 0.5629555336056479 0.47276479161898105 0.6626790492658732
v 0.5960968756317071 0.4358265100016109 0.6879942864240285
v 0.5752056012024317 0.45976982123402965 0.6677839326373836
v 0.6051787591789901 0.4319128929507846 0.6628832295155244
v 0.5629555336056479 0.47276479161898105 0.6626790492658732
v 0.5613848058699064 0.49064974219974067 0.6470647872820553
v 0.5445903998366849 0.5013044195340586 0.6720161161522388
v 0.6123827587055011 0.42926414528673673 0.652716238319391
v 0.5598429594358524 0.5217047856807809 0.6721851080819441
v 0.5429729148139333 0.5282601391085934 0.6850234353572158
v 0.6005198719957902 0.47024729987987357 0.6587191080404484
v 0.5752056012024317 0.45976982123402965 0.6677839326373836
v 0.5670944735698261 0.5041498065371114 0.6264014737775058
v 0.6382525417753933 0.48811784418761034 0.6315846291295657
v 0.6011919471692262 0.4852308886469379 0.6512160257241718
v 0.5774201544474056 0.49597498771145415 0.6230686592613682
v 0.6474478171415982 0.471691399754694 0.6348962297905227
v 0.6005198719957902 0.47024729987987357 0.6587191080404484
v 0.6011919471692262 0.4852308886469379 0.6512160257241718
v 0.5613848058699064 0.49064974219974067 0.6470647872820553
v 0.5774201544474056 0.49597498771145415 0.6230686592613682
v 0.5681905321816934 0.5147105630987286 0.62758547007524
v 0.5837651978938905 0.529085786241385 0.6272910473223536
v 0.5746407368239679 0.5147105591731121 0.6034902080635753
v 0.5736712055125757 0.504149786844535 0.6069039783545551
v 0.5746407368239679 0.5147105591731121 0.6034902080635753
v 0.5828049671221847 0.4959749688204283 0.6084910462080793
v 0.6107468176221866 0.4918048117055651 0.6045423458210092
v 0.6107468176221866 0.4918048117055651 0.6045423458210092
v 0.5828049671221847 0.4959749688204283 0.6084910462080793
v 0.6107468176221866 0.4918048117055651 0.6045423458210092
v 0.6122846357559606 0.4918047925695459 0.5859884201198061
v 0.6607034258316373 0.49767648537968523 0.5811958246370921
v 0.6382525417753933 0.48811784418761034 0.6315846291295657
v 0.6652135752779385 0.4905284612204988 0.6066627208360207
v 0.6607034258316373 0.49767648537968523 0.5811958246370921
v 0.6122846357559606 0.4918047925695459 0.5859884201198061
v 0.6607034258316373 0.49767648537968523 0.5811958246370921
v 0.6564745742052093 0.49767649888040305 0.5626879633552456
v 0.6738602283724084 0.5070142985983384 0.5717506771171557
v 0.6681126237517717 0.5070143291233514 0.5563625184852774
v 0.6918976035173889 0.49241245159013586 0.588424768256557
v 0.6738602283724084 0.5070142985983384 0.5717506771171557
v 0.694842413482403 0.4757594826816927 0.6000293566201463
v 0.7037976150424804 0.5097418827132608 0.5682940727685067
v 0.6807662948102101 0.5251317680359087 0.5692839686587842
v 0.7280653205325319 0.4849702108780722 0.5720178118020417
v 0.6502039350762163 0.4456131627781633 0.6309287256443848
v 0.6962463502507109 0.5301667850313301 0.5653463268732497
v 0.6379276609691308 0.4070011937591082 0.6195469209580016
v 0.6771284625103039 0.533939721889007 0.5764662139287854
v 0.6265519601179242 0.35438174201433925 0.6486772768548532
v 0.6465411466504154 0.5380813007531302 0.5737507908201671
v 0.6710036414061668 0.5347006963118377 0.5535933346791496
v 0.5682809788022203 0.3298853673844211 0.706438079542381
v 0.5559312865055515 0.3529156830969221 0.7122321895546161
v 0.4999841600797151 0.34326983408428174 0.7307634423307146
v 0.5431939460389772 0.2968092743694627 0.7275350089236909
v 0.5763356780045035 0.2976716887187396 0.71006423824239
v 0.6335358468718552 0.325431064871047 0.6581481055674356
v 0.6857558442162344 0.35353974740820804 0.5937454859066745
v 0.6876387426651949 0.4079250014608599 0.5751362121670591
v 0.7389982435075209 0.37494202690167694 0.5385276497881607
v 0.7032364760361155 0.439673650530079 0.5950377119318243
v 0.7441262375375685 0.3993698518587783 0.5346293081633088
v 0.7812695379824444 0.4313233961457572 0.5530105434822185
v 0.7811718533119744 0.38891183343443203 0.5159170848554867
v 0.7673007074485891 0.48385515970411375 0.5526551904994078
v 0.7553448926853787 0.33834462344045524 0.5055070962660204
v 0.8015112763840104 0.4605361519937725 0.5281242732229283
v 0.804885612728641 0.41191028462795864 0.5275272805983101
v 0.7517161997931479 0.5265887712184052 0.5346883584320221
v 0.8247694833786117 0.42985699215620915 0.47657028459607204
v 0.7227626594023432 0.5259662981434576 0.5496821626810975
v 0.7243202000942881 0.53678374234471 0.5478698092868952
v 0.7243202000942881 0.53678374234471 0.5478698092868952
v 0.7566418377982496 0.5505701128228764 0.5243361078126993
v 0.7411079900471297 0.5490363866431874 0.5589927339106424
v 0.7566418377982496 0.5505701128228764 0.5243361078126993
v 0.7776678379247297 0.5163585866376517 0.5037844097660824
v 0.7826554795277414 0.5935847248450485 0.44193907320661974
v 0.8250600881834516 0.4839500705522623 0.46898889541852806
v 0.8209631585572335 0.5173483733285605 0.4412169564057026
v 0.8294102915501549 0.44992264713656466 0.42729911902523593
v 0.8232470823556693 0.39997122879678254 0.4557887427127924
v 0.8230589059477091 0.4939104979727989 0.3984088125596563
v 0.8119802680723516 0.36115311530828165 0.4924406427704045
v 0.8153210373964088 0.4200318979957885 0.3647659495171667
v 0.7897382497743057 0.31530572543234586 0.4378877312694508
v 0.7912892936235589 0.33846596009490687 0.49203266988217276
v 0.7885243972169707 0.3140319504601597 0.47350478467780177
v 0.7962729391526929 0.3908853951653157 0.3029021287076508
v 0.8147875486431659 0.46185701140179497 0.2653444109483451
v 0.7534655004689819 0.2692818511601892 0.3850105226213083
v 0.8130840610207564 0.5106907409065888 0.3464945443594793
v 0.8224806353859135 0.5340437855769279 0.24886853502734696
v 0.8109660387410522 0.5343959116637659 0.37418082273709447
v 0.8038668717010282 0.5473263285855275 0.3248695010089049
v 0.8238360005207651 0.6035142786721677 0.24343432729559528
v 0.8065954940692551 0.6114102553876325 0.31635358643300615
v 0.8145687958247605 0.7121273664395075 0.24081530856191002
v 0.7984578118812037 0.5837488774786443 0.3544845274886638
v 0.7967524422369032 0.7173715019616066 0.30482768039352165
v 0.7758820827426817 0.8266189944551613 0.2366947963373201
v 0.7951338002863112 0.6131801735832209 0.35019141162120226
v 0.7650107766487757 0.8234054632099621 0.2872888304160698
v 0.7775332604689753 0.7361254448581499 0.34934305088774686
v 0.7399145045760103 0.7380747434016274 0.43346928084835284
v 0.6964939263632799 0.9053955419781233 0.2955356565159095
v 0.6997282067637752 0.9193882615073384 0.2335144220390209
v 0.7430048103018579 0.8226649625764945 0.3519077943467866
v 0.5991487288144018 0.9722058911135449 0.23399051341007054
v 0.7052680542144508 0.8066989884276055 0.4548149847085082
v 0.6773362841330696 0.9014184783610576 0.35430008915065997
v 0.5973880908902597 0.9594400202522276 0.3108973935835437
v 0.5482912992057749 0.9740124904091284 0.31358217278000655
v 0.5430927035736998 0.9833133783440187 0.23570810149646115
v 0.5953273800442993 0.9386338423161033 0.38667633809798596
v 0.4999841600797151 0.9788613522568217 0.31372511541980264
v 0.4999841600797151 0.9857424757003712 0.2360831648605417
v 0.5440983220103205 0.9605346453003959 0.37337639520093147
v 0.45687561787289827 0.9833132752195399 0.23570815305872156
v 0.6461651934418828 0.8594562941933681 0.47974806657563496
v 0.4516769867917807 0.9740124904091326 0.31358219856112834
v 0.4008195539605135 0.9722058911135449 0.23399051341007054
v 0.4999841600797151 0.9649603362295222 0.3760636897098892
v 0.4025802305563384 0.9594400202522276 0.3108973935835437
v 0.45586999621363733 0.9605346453003875 0.3733763436386879
v 0.4999841600797151 0.925894268785676 0.46718412555539435
v 0.535422832731126 0.9131625993367185 0.4818750954414979
v 0.5819118768369058 0.8949486241613134 0.4858884053552967
v 0.4999841559538544 0.7946123071943185 0.6038768599528318
v 0.5197007441192415 0.7926661163168695 0.6052610358083608
v 0.5773573709705615 0.7779624975792158 0.6024891164416076
v 0.4645454726022709 0.9131625993367237 0.4818751276679002
v 0.4999841600797151 0.6773390705551837 0.6499846107056226
v 0.404640902730616 0.938633842316099 0.38667631231686417
v 0.48026756282547556 0.7926661163168747 0.6052610680347631
v 0.4180564252738508 0.8949486241613134 0.4858884053552967
v 0.3226320437588089 0.901418529923297 0.3543000633695298
v 0.42261093114019516 0.7779624975792158 0.6024891164416076
v 0.35380312155943483 0.8594562941933681 0.47974806657563496
v 0.469098953669024 0.6763004287686916 0.6639002420638764
v 0.3687127954614083 0.7513980920755705 0.592242968207367
v 0.40480158357218493 0.6922519285690434 0.6508644535099678
v 0.42496385166582695 0.6387202832092255 0.6829500995464574
v 0.353692752577043 0.6756663634728028 0.6369758823103825
v 0.32110123809016233 0.7284862233779256 0.5597535506955996
v 0.48200179121298203 0.6247673963583237 0.6710370966091964
v 0.40850294055618674 0.6004521296170496 0.7012265363779283
v 0.4999841600797151 0.6087711884231047 0.661548550698159
v 0.45201586352453604 0.5958072417231756 0.7020870336367299
v 0.4913982962913744 0.5828018031175844 0.6807506309227281
v 0.4999841600797151 0.5758467242779785 0.6654715533502832
v 0.4999841600797151 0.5474544927578022 0.6795088889504218
v 0.4999841600797151 0.5758467242779785 0.6654715533502832
v 0.4746472492710468 0.5481260084698578 0.6873533107686849
v 0.4999841600797151 0.5306321040737092 0.6964302149643006
v 0.426814085433477 0.5579230324051744 0.7137215057794846
v 0.4569954066326648 0.5282601391085934 0.6850234353572158
v 0.42313305686400815 0.526640967460856 0.6777551830937149
v 0.3814552824844203 0.5535404230269323 0.6992108470135041
v 0.3814552824844203 0.5535404230269323 0.6992108470135041
v 0.38216600355942265 0.5346432951429861 0.6753376086561643
v 0.4569954066326648 0.5282601391085934 0.6850234353572158
v 0.44012536201074565 0.5217047856807809 0.6721851080819441
v 0.4162030913263053 0.529085786241385 0.6272910473223536
v 0.3658821314131284 0.587959877044376 0.679356657717636
v 0.36720097758896164 0.55369588343729 0.6809400624570514
v 0.34502403084231903 0.6105936257187005 0.6344018283689934
v 0.3367848225966505 0.5538849678470591 0.6563552491381515
v 0.36154770609296194 0.5358959674891582 0.6547267101675716
v 0.3367848225966505 0.5538849678470591 0.6563552491381515
v 0.31483030247826876 0.5472548021817659 0.6221651772747454
v 0.3842073398923562 0.5341217564468211 0.6191090594560388
v 0.350494643090422 0.5380813354617413 0.5889864798977564
v 0.41156670461714945 0.5290858144393207 0.6025644958719227
v 0.4253435624728607 0.5147105913889937 0.6034256327987615
v 0.3832643180194466 0.5341216873401465 0.5905438085405552
v 0.43177778926490473 0.5147105953251309 0.6275854700752347
v 0.3534431397558524 0.5380812685162116 0.5736862413364855
v 0.44012536201074565 0.5217047856807809 0.6721851080819441
v 0.32283985249101366 0.5339397218890017 0.5764661817023832
v 0.3289806836717837 0.5346820178790297 0.5535315276653365
v 0.4553778861608707 0.5013044195340544 0.672016090371117
v 0.4569954066326648 0.5282601391085934 0.6850234353572158
v 0.43858350913141125 0.49064974219974067 0.6470647872820553
v 0.4328738478767719 0.5041498065371114 0.6264014737775058
v 0.42631309378425297 0.5041497868340133 0.606839396644466
v 0.4253435624728607 0.5147105913889937 0.6034256327987615
v 0.4225481669991924 0.49597498771145415 0.6230686592613682
v 0.4171793386199244 0.49597496880990033 0.6084264258263075
v 0.389221497379131 0.49180484473761704 0.6045422813681993
v 0.43858350913141125 0.49064974219974067 0.6470647872820553
v 0.43701275561454794 0.47276477550577994 0.6626790492658757
v 0.4553778861608707 0.5013044195340544 0.672016090371117
v 0.39877633560568915 0.4852308886469337 0.65121599994305
v 0.389221497379131 0.49180484473761704 0.6045422813681993
v 0.389221497379131 0.49180484473761704 0.6045422813681993
v 0.4171793386199244 0.49597496880990033 0.6084264258263075
v 0.3876996506503072 0.49180479255903053 0.5859238770813997
v 0.3392649020602412 0.49767648537968523 0.5811958246370921
v 0.3617157474448025 0.48811784418760407 0.6315845904578831
v 0.3994484107791252 0.470247299879863 0.658719043587644
v 0.4247627202441663 0.45976982123403387 0.6677839584185054
v 0.33475471394225736 0.4905284612204988 0.6066627208360207
v 0.39877633560568915 0.4852308886469337 0.65121599994305
v 0.3617157474448025 0.48811784418760407 0.6315845904578831
v 0.3392649020602412 0.49767648537968523 0.5811958246370921
v 0.35252049785971945 0.471691399754694 0.6348962297905227
v 0.3392649020602412 0.49767648537968523 0.5811958246370921
v 0.3876996506503072 0.49180479255903053 0.5859238770813997
v 0.3435097379821803 0.49767649886988663 0.5626234138715588
v 0.32610809951946995 0.5070143155171996 0.5717506771171529
v 0.33187164976393513 0.5070143129996348 0.5562979754468736
v 0.3080707114839286 0.4924124354769347 0.5884247682565595
v 0.32610809951946995 0.5070143155171996 0.5717506771171529
v 0.3051259144094754 0.4757594987948938 0.6000293566201438
v 0.2961707128493981 0.5097418996321272 0.5682941049949062
v 0.31920202019110744 0.5251317680359087 0.5692839686587842
v 0.27190299446878563 0.484970210878067 0.5720177795756395
v 0.30372196475060664 0.5301667850313301 0.5653463268732497
v 0.27720568138009616 0.5259662981434576 0.5496821626810975
v 0.2876689238782776 0.542921951745106 0.5963231353978121
v 0.2756481149070295 0.5367837745711123 0.54786980928689
v 0.29937271528540976 0.570156922247093 0.6339802362723033
v 0.25886032495418787 0.549036351194145 0.5589927339106482
v 0.24332650298418979 0.5505701804983211 0.5243361078126884
v 0.24825211520816975 0.5265887712184052 0.5346883584320221
v 0.23752631776565813 0.5803103540553187 0.5217463425551044
v 0.2756481149070295 0.5367837745711123 0.54786980928689
v 0.24332650298418979 0.5505701804983211 0.5243361078126884
v 0.21731286125469795 0.5935847570714455 0.44193904098021225
v 0.22230047707658784 0.5163585866376517 0.5037844097660824
v 0.23266760755272847 0.48385515970410836 0.5526551582730056
v 0.28979464182283654 0.6072660213974641 0.6177978325755428
v 0.2876689238782776 0.542921951745106 0.5963231353978121
v 0.2727311872252335 0.6650167738103602 0.5503907470499149
v 0.27601477402115604 0.7083289210667894 0.4985335768921012
v 0.2947002736774277 0.8066989884276055 0.4548149847085082
v 0.260053836206429 0.7380746918393838 0.4334692808483613
v 0.25696350469945967 0.8226649625764945 0.3519077943467866
v 0.3034744015285985 0.9053955419781233 0.2955356565159095
v 0.30024008245642053 0.9193882615073427 0.2335144478201427
v 0.2240862322586359 0.8266189944551613 0.2366947963373201
v 0.2349575383525419 0.8234054632099621 0.2872888304160698
v 0.2224350545323423 0.736125444858152 0.3493430637783078
v 0.20321587276441433 0.7173715019616066 0.30482768039352165
v 0.18539954495767896 0.7121273664395117 0.24081533434303182
v 0.20483451471500635 0.6131801735832166 0.35019138584008047
v 0.19337276936981884 0.6114102553876262 0.3163535477613235
v 0.17613231448055244 0.6035142786721633 0.24343430151447348
v 0.20151052890123566 0.5837488452522421 0.3544845274886691
v 0.1961014433002894 0.5473263608119299 0.32486950100889955
v 0.17748770539652586 0.5340437501278854 0.24886853502735273
v 0.18900230204138707 0.5343959116637659 0.37418082273709447
v 0.18688420241831766 0.510690740906591 0.3464945572500402
v 0.1851807921392734 0.46185701140179497 0.2653444109483451
v 0.1790051564440841 0.5173483733285658 0.44121698863210485
v 0.1769094090536084 0.4939104979727989 0.3984088125596563
v 0.18464727760490873 0.4200318786599471 0.3647659495171698
v 0.20369537584862468 0.39088542094643747 0.30290212870764666
v 0.17055802345116272 0.44992264713656993 0.4272991512516382
v 0.17490822681786594 0.48395010277866446 0.46898889541852284
v 0.19845703861730712 0.4605361519937673 0.5281242409965261
v 0.17519883162270594 0.42985699215620393 0.4765702523696698
v 0.17672123264564826 0.39997122879678254 0.4557887427127924
v 0.21023006522701182 0.31530572543234586 0.4378877312694508
v 0.24650281453233563 0.269281851160185 0.3850104968401865
v 0.1879880469289661 0.36115310241771537 0.4924406097383443
v 0.19508270227267654 0.41191026529212255 0.5275273128247155
v 0.21869877701887314 0.4313233961457514 0.553010508033176
v 0.21879646168934325 0.3889118334344372 0.5159171170818889
v 0.29673183896520205 0.43967366986592554 0.5950377441582234
v 0.2558420774637491 0.3993698518587836 0.534629340389711
v 0.3497643928156622 0.44561313055175694 0.6309286998632683
v 0.3123295723361227 0.4079250207967013 0.575136212167056
v 0.3875855305146947 0.42926410661506037 0.6527162769910799
v 0.3620406540321868 0.4070011937591082 0.6195469209580016
v 0.37341632910227157 0.3543817677954547 0.6486772381831665
v 0.3142124836756441 0.3535397731893193 0.5937454214538658
v 0.2609700714937967 0.37494200112055515 0.5385276497881649
v 0.3664324681294624 0.325431064871047 0.6581481055674356
v 0.40547375542482766 0.3715196691902293 0.6720505550944509
v 0.4440370284957661 0.3529156573158003 0.7122321895546204
v 0.4316873361990973 0.3298853673844211 0.706438079542381
v 0.4999841600797151 0.34326983408428174 0.7307634423307146
v 0.4236326369968141 0.2976716887187396 0.71006423824239
v 0.4567743754076209 0.2968092743694627 0.7275350089236909
v 0.4999841600797151 0.34326983408428174 0.7307634423307146
v 0.4999841600797151 0.34326983408428174 0.7307634423307146
v 0.4567743754076209 0.2968092743694627 0.7275350089236909
v 0.4999841600797151 0.28869942299501045 0.7281035355427118
v 0.4999841600797151 0.28869942299501045 0.7281035355427118
v 0.5431939460389772 0.2968092743694627 0.7275350089236909
v 0.4999841600797151 0.34326983408428174 0.7307634423307146
v 0.42080062588492056 0.28447247348588256 0.6932048820458786
v 0.4999841600797151 0.2780573860143672 0.7133550469479899
v 0.4567743754076209 0.2968092743694627 0.7275350089236909
v 0.42080062588492056 0.28447247348588256 0.6932048820458786
v 0.36582986018869507 0.30552431233325217 0.6511371260977228
v 0.3161124492272309 0.33645252166355755 0.5878975181627636
v 0.3142124836756441 0.3535397731893193 0.5937454214538658
v 0.37977776934221613 0.26913930218931675 0.6698961465506553
v 0.2781610266292224 0.3631539830824645 0.5403318178343246
v 0.3405622854521825 0.29747505474294805 0.6225956337973498
v 0.28673840584943716 0.3456565682779003 0.5435579510283841
v 0.4223299362485031 0.25306178706356186 0.7001054235505062
v 0.4999841600797151 0.2780573860143672 0.7133550469479899
v 0.3110226757102401 0.3256973323333291 0.5792499129190298
v 0.3901734781918633 0.2372681088462945 0.6490331656497426
v 0.340160409325688 0.27845970693098654 0.5950762165211841
v 0.31274788392775954 0.31033444531431637 0.5376526361498887
v 0.26050663004846275 0.34396315627583235 0.514106324474409
v 0.28562112937433515 0.3203078413789969 0.5062296634824107
v 0.2446234223159388 0.33834462344045524 0.5055070962660204
v 0.2516249304666146 0.3169914349987424 0.5049020808664114
v 0.20867904715888036 0.33846597298547315 0.49203270291423296
v 0.26093258574271105 0.28604489684116896 0.4985358236921551
v 0.2114439177843469 0.3140319375695988 0.47350478467780394
v 0.24715100349643132 0.2793116257348074 0.48234775539213653
v 0.29921662348351974 0.2509460806935 0.5149083017051586
v 0.264792612640782 0.22466675858005253 0.4785477349012148
v 0.2972443289947453 0.17181733759070342 0.45806207219211625
v 0.3291201595406787 0.1571585913552224 0.5372334310613021
v 0.3651186492723787 0.08886238720462994 0.5274375408049314
v 0.3310618260567642 0.2202209725041393 0.5625787803907359
v 0.35932704916740377 0.2146759776145494 0.6165034521925223
v 0.35333922894446956 0.15130840184124444 0.6052470831421382
v 0.3642671890535136 0.11534040546893036 0.570213509315679
v 0.4231893886151238 0.04368420081352367 0.5698461335591395
v 0.378431646739527 0.18684299239172059 0.644065370835244
v 0.3704225221152916 0.11922911072379247 0.630054644103615
v 0.41114596315478363 0.05433691742007979 0.6229046214825753
v 0.42802320070968275 0.22327793629626033 0.6782048166101966
v 0.4016539599673132 0.15313521159220883 0.6729059180609289
v 0.39271588351738623 0.08368904094149113 0.6657948256757323
v 0.44975880687764774 0.03222573852730186 0.6242069326711472
v 0.4999841600797151 0.02551341176694263 0.5907377332128348
v 0.4128304436451521 0.05300728969898128 0.6711133858661976
v 0.4999841600797151 0.02775761246858634 0.6251832644813622
v 0.4408722153279395 0.03072553889029512 0.6477771301555286
v 0.5502095145689503 0.03222573852730186 0.6242069326711472
v 0.5767789328314742 0.04368420081352367 0.5698461335591395
v 0.4999841600797151 0.02462288948197254 0.6473540629411689
v 0.45595135821137284 0.04810320487552533 0.6721189535395515
v 0.4120902869743437 0.07932247088216904 0.6923090730490261
v 0.44405465633779145 0.06725172350917517 0.690045183148797
v 0.4257701691404342 0.12650151271479257 0.7012159917721065
v 0.4294202152467894 0.09870281353575339 0.7112958219559796
v 0.4699564208892667 0.08300948288924336 0.7059190684385286
v 0.46734890856329814 0.10767294431965348 0.7232912608419646
v 0.4532911428271809 0.15167198358168357 0.7056697409136974
v 0.43919895607083104 0.18634328417360085 0.6886611557851565
v 0.4999841600797151 0.15467661985258122 0.7131136397342465
v 0.4999841600797151 0.18566261373526255 0.7054743402538588
v 0.4999841600797151 0.2175814986350127 0.7047403851878755
v 0.4999841600797151 0.10828596809288278 0.7248825747035829
v 0.5466771786194171 0.15167198358168776 0.7056697666948192
v 0.4999841600797151 0.08231589326886518 0.7053003216285194
v 0.5607693589304865 0.18634328417360085 0.6886611557851565
v 0.4999841600797151 0.06146061250387959 0.6854930629797102
v 0.5300118973346911 0.08300948288923707 0.7059190297668458
v 0.5326194128833 0.10767294431965348 0.7232912608419646
v 0.4999841600797151 0.04159965815994421 0.6663964221194196
v 0.5440169632352252 0.04810320487552533 0.6721189535395515
v 0.5559136006560021 0.06725172350917517 0.690045183148797
v 0.5705481061998086 0.09870281353575339 0.7112958219559796
v 0.5590961061186585 0.03072553889028878 0.6477770914838461
v 0.5871377488958369 0.05300728969898128 0.6711133858661976
v 0.5888223582918144 0.05433691742007979 0.6229046214825753
v 0.5878780344722543 0.07932247088217538 0.692309111720709
v 0.6072524314839314 0.08368904094149113 0.6657948256757323
v 0.5741981523061638 0.1265015127147862 0.7012159531004237
v 0.5983143614792849 0.15313521159220883 0.6729059180609289
v 0.6295458057765868 0.11922911072379881 0.6300546827752976
v 0.635701125947804 0.11534040546893036 0.570213509315679
v 0.6348496657289389 0.08886238720462994 0.5274375408049314
v 0.5719451207369153 0.22327793629626666 0.6782048552818792
v 0.6215366811523515 0.18684299239172059 0.644065370835244
v 0.646629086056848 0.15130840184124444 0.6052470831421382
v 0.6708481038983953 0.1571585913552224 0.5372334310613021
v 0.7027239988971332 0.17181733759070342 0.45806207219211625
v 0.6406412658339138 0.21467597761455987 0.6165035166453268
v 0.7351757023605355 0.22466675858005777 0.478547767127617
v 0.6689064889445534 0.2202209725041393 0.5625787803907359
v 0.7528173115048862 0.2793116257348129 0.48234778922985894
v 0.7007516915177978 0.2509460806934945 0.5149082678674363
v 0.7390357292586065 0.28604489684116896 0.4985358236921551
v 0.748343384534703 0.3169914349987424 0.5049020808664114
v 0.7143471985175434 0.3203078413789969 0.5062296634824107
v 0.7394616849528548 0.3439631304947053 0.514106292248011
v 0.6872204697452406 0.3103344453143111 0.5376526039234865
v 0.7218073141532171 0.3631539830824645 0.5403318178343246
v 0.6857558442162344 0.35353974740820804 0.5937454859066745
v 0.7132299220424413 0.3456565682779003 0.5435579510283841
v 0.6838558786646475 0.33645252166355755 0.5878975181627636
v 0.6889456650721992 0.3256973323333291 0.5792499129190298
v 0.6598079056756296 0.27845970693099703 0.5950762809739886
v 0.6594060295491351 0.29747502896182626 0.6225956337973539
v 0.6097948110283324 0.2372681088462945 0.6490331656497426
v 0.6341384290315007 0.3055243123332564 0.6511371518788447
v 0.6201905198779796 0.2691393021893126 0.6698961207695335
v 0.5791676955616775 0.28447247348588256 0.6932048820458786
v 0.5431939460389772 0.2968092743694627 0.7275350089236909
v 0.4999841600797151 0.2780573860143672 0.7133550469479899
v 0.5776383465264122 0.25306178706355553 0.7001053848788236
v 0.4999841600797151 0.2780573860143672 0.7133550469479899
v 0.4999841600797151 0.2408726298156835 0.7151352652470184
v 0.4999841600797151 0.2780573860143672 0.7133550469479899
v 0.3861684582648338 0.9809771408630422 0.21246719401520353
v 0.3251606819652949 0.9544178416908136 0.212467146780019
v 0.3824848773643076 0.9680331676997438 0.2506273555746429
v 0.44571276274056665 0.9858093545075567 0.25190225493227314
v 0.4430843258116236 0.9948269144821957 0.21434377383291053
v 0.5000000989995055 1 0.21622040662647296
v 0.5000000659996703 0.9915579776902036 0.25317710468719856
v 0.5504778992694458 0.9417551405133934 0.250302775532515
v 0.5000000494997527 0.963885758915951 0.2523391969562119
v 0.5000000494997527 0.9442482268847248 0.25233932906118084
v 0.5546814499474751 0.961062828872433 0.25030277238689336
v 0.6009557018596847 0.9305854949463342 0.24826635232304906
v 0.6093628225515849 0.9495631076030703 0.2482663492312035
v 0.6501211003318984 0.9075889662646235 0.24781644971326605
v 0.6624394234486267 0.9252568721532228 0.24781657574040777
v 0.6948914878477342 0.876355291827034 0.24736683203782422
v 0.7111210004987298 0.8927133104795937 0.24736677781052108
v 0.7490495036794653 0.8470516958521099 0.25035953521072885
v 0.7359115213576024 0.8329746103878457 0.2503595117230554
v 0.7713383662758073 0.7937089827035078 0.25335226808122463
v 0.7612918756113943 0.7819131140198955 0.2533522700030156
v 0.7945973209229404 0.7322647835791084 0.2533819521629379
v 0.78003353944149 0.7233002492529383 0.25338192784232416
v 0.8068955089835492 0.6708204813302175 0.2534116104635462
v 0.7878144366850612 0.6646872555803679 0.25341155990053194
v 0.8109125429133337 0.5436398397803794 0.2588799618027272
v 0.7870117156769441 0.5433670626212502 0.25887991028492463
v 0.8038216516134049 0.4976651826854876 0.2765238471760182
v 0.7804659919784298 0.49951089654916214 0.27652384687531323
v 0.7778685181767591 0.40855567097084944 0.3305169814705503
v 0.7565078790894181 0.4145075200836158 0.33051705784423635
v 0.736011990389226 0.3121041551306502 0.40017149747659164
v 0.7178690931127507 0.32250044405554806 0.40017156023562567
v 0.6750009656683413 0.24926328710160306 0.4645139238765596
v 0.6895740412441977 0.2353292095199236 0.46451392614670894
v 0.617241932978623 0.18364943914940748 0.5218905172049072
v 0.6270052051295893 0.166545830454608 0.5218904861537164
v 0.5499578908202599 0.1382869686443108 0.5602761657371834
v 0.5541180937646362 0.11899211928391812 0.5602761366543112
v 0.4999999340003297 0.13119172123624182 0.5658091823465468
v 0.4999999340003297 0.11155411186161864 0.5658091210931149
v 0.5000000494997527 0.9442482268847248 0.25233932906118084
v 0.5000000659996703 0.9469902471547175 0.20150743842959667
v 0.5504778992694458 0.9417551405133934 0.250302775532515
v 0.550882347062839 0.9444194049247151 0.1994994503965445
v 0.6009557018596847 0.9305854949463342 0.24826635232304906
v 0.6017646296728735 0.93317202928009 0.19749148955820078
v 0.6501211003318984 0.9075889662646235 0.24781644971326605
v 0.651338600917967 0.9099238252961106 0.19709477344367787
v 0.6948914878477342 0.876355291827034 0.24736683203782422
v 0.6965175289802805 0.8784383466505845 0.19669798132781197
v 0.7378197884304063 0.8346595273529464 0.19972371247604553
v 0.7359115213576024 0.8329746103878457 0.2503595117230554
v 0.7634824201866994 0.7831997126586391 0.20274918706445405
v 0.7612918756113943 0.7819131140198955 0.2533522700030156
v 0.7823385006353081 0.7241964185859008 0.20279503551185707
v 0.78003353944149 0.7233002492529383 0.25338192784232416
v 0.7902339176218797 0.6651931374037277 0.20284090974037983
v 0.7878144366850612 0.6646872555803679 0.25341155990053194
v 0.7894512285453948 0.5434027612393802 0.20833045228348812
v 0.7870117156769441 0.5433670626212502 0.25887991028492463
v 0.7804659919784298 0.49951089654916214 0.27652384687531323
v 0.7828821987127808 0.4605358707471299 0.22603526445808148
v 0.7565078790894181 0.4145075200836158 0.33051705784423635
v 0.7588403487401884 0.37525079109368986 0.2802129136182002
v 0.7178690931127507 0.32250044405554806 0.40017156023562567
v 0.7200734305882146 0.2829809281314334 0.3501143927538903
v 0.6770152189328323 0.20941979275082492 0.4147043390054565
v 0.6750009656683413 0.24926328710160306 0.4645139238765596
v 0.6189079606310688 0.1433076730923626 0.47229335596798855
v 0.617241932978623 0.18364943914940748 0.5218905172049072
v 0.5508741293302678 0.09736162113429994 0.5108012659258206
v 0.5499578908202599 0.1382869686443108 0.5602761657371834
v 0.4999999340003297 0.13119172123624182 0.5658091823465468
v 0.4999999835000824 0.08999366102426971 0.5163610135746125
v 0.5598429594358524 0.5217047856807809 0.6721851080819441
v 0.5768352645825898 0.526640967460856 0.6777551830937149
v 0.5429729148139333 0.5282601391085934 0.6850234353572158
v 0.5837651978938905 0.529085786241385 0.6272910473223536
v 0.5746407368239679 0.5147105591731121 0.6034902080635753
v 0.5884175817891183 0.5290858144498372 0.6026290453556096
v 0.6157609493278395 0.5341217564468211 0.6191090594560388
v 0.6167199554962602 0.534121687350663 0.590608358024242
v 0.6178022856607731 0.5346432951429819 0.6753375828750425
v 0.6185130325168973 0.553540423026926 0.6992108083418214
v 0.6494736719108956 0.5380813354617413 0.5889864798977564
v 0.6384206089083556 0.5358959674891582 0.6547267101675716
v 0.6851380125230488 0.5472548021817659 0.6221651772747454
v 0.71229939112304 0.5429219517451176 0.596323206295897
v 0.7005955997159078 0.5701569222470868 0.6339801976006206
v 0.6631834924046671 0.5538849678470591 0.6563552491381515
v 0.6327673116312341 0.55369588343729 0.6809400624570514
v 0.6185130325168973 0.553540423026926 0.6992108083418214
v 0.6340861449165065 0.5879598770443697 0.6793566190459532
v 0.6631834924046671 0.5538849678470591 0.6563552491381515
v 0.591465348664009 0.6004521296170496 0.7012265363779283
v 0.6549442970495595 0.6105935999375912 0.6344019057123631
v 0.7005955997159078 0.5701569222470868 0.6339801976006206
v 0.5731541973414384 0.5579230324051744 0.7137215057794846
v 0.5768352645825898 0.526640967460856 0.6777551830937149
v 0.6185130325168973 0.553540423026926 0.6992108083418214
v 0.52532105445103 0.5481260084698578 0.6873533107686849
v 0.4999841600797151 0.5474544927578022 0.6795088889504218
v 0.5479524579220619 0.5958072417231756 0.7020870336367299
v 0.5085700074307024 0.5828018031175844 0.6807506309227281
v 0.4999841600797151 0.5758467242779785 0.6654715533502832
v 0.4999841600797151 0.6087711884231047 0.661548550698159
v 0.5179665125090948 0.6247674350300002 0.6710370579375073
v 0.5750044504449296 0.6387202832092296 0.6829501253275791
v 0.5308693645549338 0.6763004287686916 0.6639002420638764
v 0.5951667249838521 0.6922519543501525 0.6508643761665982
v 0.6462755624242745 0.6756663634728028 0.6369758823103825
v 0.6312554937587875 0.7513980920755653 0.5922429359809649
v 0.6788670769111552 0.7284862233779256 0.5597535506955996
v 0.7272371277760841 0.6650168511537199 0.5503907116008598
v 0.7239535409801615 0.7083289210667894 0.4985335768921012
v 0.710173673178481 0.6072660213974536 0.6177977681227382
v 0.71229939112304 0.5429219517451176 0.596323206295897
v 0.7624420230167812 0.5803103540553187 0.5217463425551044
vt 0.974236011505127 0.08613467216491699
vt 0.974236011505127 0.05154651403427124
vt 0.97543865442276 0.05154651403427124
vt 0.974236011505127 0.08613467216491699
vt 0.97543865442276 0.05154651403427124
vt 0.974236011505127 0.05154651403427124
vt 0.974236011505127 0.08613467216491699
vt 0.97543865442276 0.08613467216491699
vt 0.97543865442276 0.05154651403427124
vt 0.9766412973403931 0.05154651403427124
vt 0.97543865442276 0.08613467216491699
vt 0.9766412973403931 0.08613467216491699
vt 0.9766412973403931 0.05154651403427124
vt 0.9779891967773438 0.05154651403427124
vt 0.9779891967773438 0.08613467216491699
vt 0.9779891967773438 0.08613467216491699
vt 0.9793370366096497 0.05154651403427124
vt 0.9779891967773438 0.05154651403427124
vt 0.9779891967773438 0.08613467216491699
vt 0.9793370366096497 0.08613467216491699
vt 0.9793370366096497 0.05154651403427124
vt 0.9793370366096497 0.08613467216491699
vt 0.9805994033813477 0.05154651403427124
vt 0.9793370366096497 0.05154651403427124
vt 0.9805994033813477 0.08613467216491699
vt 0.9818617701530457 0.08613467216491699
vt 0.9818617701530457 0.05154651403427124
vt 0.9832536578178406 0.08613467216491699
vt 0.9818617701530457 0.05154651403427124
vt 0.9832536578178406 0.08613467216491699
vt 0.9832536578178406 0.05154651403427124
vt 0.9846455454826355 0.08613467216491699
vt 0.9846455454826355 0.05154651403427124
vt 0.9846455454826355 0.08613467216491699
vt 0.9872830510139465 0.08613467216491699
vt 0.9846455454826355 0.05154651403427124
vt 0.9872830510139465 0.05154651403427124
vt 0.9887094497680664 0.05154651403427124
vt 0.9887094497680664 0.08613467216491699
vt 0.9887094497680664 0.05154651403427124
vt 0.9911907315254211 0.07316410541534424
vt 0.9911907315254211 0.05154651403427124
vt 0.9887094497680664 0.08613467216491699
vt 0.9932628273963928 0.05154651403427124
vt 0.9911907315254211 0.08613467216491699
vt 0.9932628273963928 0.07316410541534424
vt 0.9945029616355896 0.05154651403427124
vt 0.9932628273963928 0.08613467216491699
vt 0.9945029616355896 0.0688406229019165
vt 0.9961422681808472 0.05154651403427124
vt 0.9932628273963928 0.08613467216491699
vt 0.9945029616355896 0.07748764753341675
vt 0.9945029616355896 0.08613467216491699
vt 0.9932628273963928 0.08613467216491699
vt 0.9961422681808472 0.0688406229019165
vt 0.997714102268219 0.05154651403427124
vt 0.995322585105896 0.07748764753341675
vt 0.995322585105896 0.08613467216491699
vt 0.997714102268219 0.0688406229019165
vt 0.9985100030899048 0.05154651403427124
vt 0.9961422681808472 0.07748764753341675
vt 0.995322585105896 0.08613467216491699
vt 0.9961422681808472 0.08613467216491699
vt 0.9985100030899048 0.0688406229019165
vt 0.9961422681808472 0.08613467216491699
vt 0.9969281554222107 0.07748764753341675
vt 0.9969281554222107 0.08613467216491699
vt 0.9961422681808472 0.08613467216491699
vt 0.997714102268219 0.07748764753341675
vt 0.9985100030899048 0.07748764753341675
vt 0.997714102268219 0.08613467216491699
vt 0.9985100030899048 0.08613467216491699
vt 0.9911907315254211 0.08613467216491699
vt 0.9911907315254211 0.12101686000823975
vt 0.9932628273963928 0.08613467216491699
vt 0.9932628273963928 0.12101686000823975
vt 0.9887094497680664 0.12101686000823975
vt 0.9945029616355896 0.08613467216491699
vt 0.9887094497680664 0.08613467216491699
vt 0.9945029616355896 0.12101686000823975
vt 0.9872830510139465 0.12101686000823975
vt 0.995322585105896 0.08613467216491699
vt 0.9872830510139465 0.08613467216491699
vt 0.995322585105896 0.12101686000823975
vt 0.9846455454826355 0.08613467216491699
vt 0.9846455454826355 0.12101686000823975
vt 0.9832536578178406 0.08613467216491699
vt 0.9832536578178406 0.12101686000823975
vt 0.9818617701530457 0.08613467216491699
vt 0.9818617701530457 0.12101686000823975
vt 0.9805994033813477 0.08613467216491699
vt 0.9805994033813477 0.12101686000823975
vt 0.9793370366096497 0.08613467216491699
vt 0.9793370366096497 0.12101686000823975
vt 0.9779891967773438 0.08613467216491699
vt 0.9779891967773438 0.12101686000823975
vt 0.9961422681808472 0.08613467216491699
vt 0.9766412973403931 0.12101686000823975
vt 0.9766412973403931 0.08613467216491699
vt 0.97543865442276 0.12101686000823975
vt 0.97543865442276 0.08613467216491699
vt 0.974236011505127 0.08613467216491699
vt 0.974236011505127 0.12101686000823975
vt 0.9779891967773438 0.1398613452911377
vt 0.9793370366096497 0.12101686000823975
vt 0.9779891967773438 0.12101686000823975
vt 0.9766412973403931 0.1398613452911377
vt 0.9766412973403931 0.12101686000823975
vt 0.97543865442276 0.1398613452911377
vt 0.97543865442276 0.12101686000823975
vt 0.974236011505127 0.1398613452911377
vt 0.974236011505127 0.12101686000823975
vt 0.9793370366096497 0.1398613452911377
vt 0.9793370366096497 0.12101686000823975
vt 0.9779891967773438 0.1398613452911377
vt 0.9805994033813477 0.12101686000823975
vt 0.9805994033813477 0.1398613452911377
vt 0.9818617701530457 0.12101686000823975
vt 0.9818617701530457 0.1398613452911377
vt 0.9832536578178406 0.12101686000823975
vt 0.9832536578178406 0.1398613452911377
vt 0.9846455454826355 0.12101686000823975
vt 0.9846455454826355 0.1398613452911377
vt 0.9872830510139465 0.12101686000823975
vt 0.9872830510139465 0.1398613452911377
vt 0.9887094497680664 0.12101686000823975
vt 0.9887094497680664 0.1398613452911377
vt 0.9911907315254211 0.12101686000823975
vt 0.9911907315254211 0.1398613452911377
vt 0.9932628273963928 0.1398613452911377
vt 0.9932628273963928 0.12101686000823975
vt 0.9945029616355896 0.1398613452911377
vt 0.9945029616355896 0.12101686000823975
vt 0.995322585105896 0.1398613452911377
vt 0.995322585105896 0.12101686000823975
vt 0.9961422681808472 0.1398613452911377
vt 0.9961422681808472 0.1398613452911377
vt 0.9961422681808472 0.12101686000823975
vt 0.9969281554222107 0.1398613452911377
vt 0.9969281554222107 0.12101686000823975
vt 0.9969281554222107 0.08613467216491699
vt 0.997714102268219 0.12101686000823975
vt 0.997714102268219 0.08613467216491699
vt 0.9985100030899048 0.12101686000823975
vt 0.9985100030899048 0.08613467216491699
vt 0.9961422681808472 0.12101686000823975
vt 0.9969281554222107 0.1398613452911377
vt 0.9969281554222107 0.12101686000823975
vt 0.997714102268219 0.1398613452911377
vt 0.997714102268219 0.12101686000823975
vt 0.9985100030899048 0.1398613452911377
vt 0.9985100030899048 0.12101686000823975
vt 0.9985100030899048 0.016059160232543945
vt 0.997714102268219 0.0026060938835144043
vt 0.9985100030899048 0.0026060938835144043
vt 0.997714102268219 0.016059160232543945
vt 0.997714102268219 0.0026060938835144043
vt 0.9985100030899048 0.016059160232543945
vt 0.9961422681808472 0.0026060938835144043
vt 0.9961422681808472 0.016059160232543945
vt 0.9945029616355896 0.0026060938835144043
vt 0.9945029616355896 0.016059160232543945
vt 0.9932628273963928 0.0026060938835144043
vt 0.9932628273963928 0.016059160232543945
vt 0.9932628273963928 0.0026060938835144043
vt 0.9945029616355896 0.016059160232543945
vt 0.9911907315254211 0.016059160232543945
vt 0.9911907315254211 0.0026060938835144043
vt 0.9911907315254211 0.016059160232543945
vt 0.9887094497680664 0.016059160232543945
vt 0.9911907315254211 0.0026060938835144043
vt 0.9887094497680664 0.0026060938835144043
vt 0.9872830510139465 0.016059160232543945
vt 0.9872830510139465 0.0026060938835144043
vt 0.9872830510139465 0.016059160232543945
vt 0.9846455454826355 0.016059160232543945
vt 0.9872830510139465 0.0026060938835144043
vt 0.9846455454826355 0.0026060938835144043
vt 0.9832536578178406 0.016059160232543945
vt 0.9832536578178406 0.0026060938835144043
vt 0.9818617701530457 0.016059160232543945
vt 0.9832536578178406 0.0026060938835144043
vt 0.9818617701530457 0.016059160232543945
vt 0.9818617701530457 0.0026060938835144043
vt 0.9805994033813477 0.016059160232543945
vt 0.9818617701530457 0.0026060938835144043
vt 0.9805994033813477 0.016059160232543945
vt 0.9805994033813477 0.0026060938835144043
vt 0.9805994033813477 0.016059160232543945
vt 0.9793370366096497 0.016059160232543945
vt 0.9805994033813477 0.0026060938835144043
vt 0.9793370366096497 0.0026060938835144043
vt 0.9793370366096497 0.016059160232543945
vt 0.9779891967773438 0.0026060938835144043
vt 0.9793370366096497 0.0026060938835144043
vt 0.9779891967773438 0.016059160232543945
vt 0.9766412973403931 0.0026060938835144043
vt 0.9766412973403931 0.016059160232543945
vt 0.97543865442276 0.0026060938835144043
vt 0.97543865442276 0.016059160232543945
vt 0.974236011505127 0.0026060938835144043
vt 0.974236011505127 0.016059160232543945
vt 0.9969281554222107 0.1398613452911377
vt 0.9961422681808472 0.12101686000823975
vt 0.9969281554222107 0.12101686000823975
vt 0.9969281554222107 0.12101686000823975
vt 0.997714102268219 0.1398613452911377
vt 0.9969281554222107 0.1398613452911377
vt 0.997714102268219 0.12101686000823975
vt 0.9985100030899048 0.1398613452911377
vt 0.9985100030899048 0.12101686000823975
vt 0.9961422681808472 0.1398613452911377
vt 0.9961422681808472 0.12101686000823975
vt 0.9969281554222107 0.1398613452911377
vt 0.995322585105896 0.12101686000823975
vt 0.995322585105896 0.1398613452911377
vt 0.995322585105896 0.12101686000823975
vt 0.9961422681808472 0.1398613452911377
vt 0.995322585105896 0.12101686000823975
vt 0.995322585105896 0.1398613452911377
vt 0.9945029616355896 0.12101686000823975
vt 0.9945029616355896 0.12101686000823975
vt 0.995322585105896 0.1398613452911377
vt 0.9945029616355896 0.1398613452911377
vt 0.9945029616355896 0.12101686000823975
vt 0.9945029616355896 0.1398613452911377
vt 0.9932628273963928 0.12101686000823975
vt 0.9932628273963928 0.1398613452911377
vt 0.9911907315254211 0.12101686000823975
vt 0.9911907315254211 0.12101686000823975
vt 0.9932628273963928 0.1398613452911377
vt 0.9911907315254211 0.1398613452911377
vt 0.9887094497680664 0.1398613452911377
vt 0.9887094497680664 0.12101686000823975
vt 0.9872830510139465 0.1398613452911377
vt 0.9872830510139465 0.12101686000823975
vt 0.9887094497680664 0.12101686000823975
vt 0.9872830510139465 0.1398613452911377
vt 0.9846455454826355 0.1398613452911377
vt 0.9846455454826355 0.12101686000823975
vt 0.9872830510139465 0.12101686000823975
vt 0.9846455454826355 0.1398613452911377
vt 0.9832536578178406 0.1398613452911377
vt 0.9846455454826355 0.12101686000823975
vt 0.9846455454826355 0.1398613452911377
vt 0.9832536578178406 0.12101686000823975
vt 0.9818617701530457 0.1398613452911377
vt 0.9818617701530457 0.12101686000823975
vt 0.9805994033813477 0.1398613452911377
vt 0.9805994033813477 0.12101686000823975
vt 0.9793370366096497 0.1398613452911377
vt 0.9793370366096497 0.12101686000823975
vt 0.9779891967773438 0.1398613452911377
vt 0.9779891967773438 0.12101686000823975
vt 0.9766412973403931 0.1398613452911377
vt 0.9766412973403931 0.12101686000823975
vt 0.97543865442276 0.1398613452911377
vt 0.9766412973403931 0.12101686000823975
vt 0.9779891967773438 0.08613467216491699
vt 0.9779891967773438 0.12101686000823975
vt 0.97543865442276 0.12101686000823975
vt 0.9766412973403931 0.12101686000823975
vt 0.97543865442276 0.1398613452911377
vt 0.974236011505127 0.1398613452911377
vt 0.974236011505127 0.12101686000823975
vt 0.9793370366096497 0.12101686000823975
vt 0.9793370366096497 0.08613467216491699
vt 0.9805994033813477 0.12101686000823975
vt 0.9805994033813477 0.08613467216491699
vt 0.9818617701530457 0.12101686000823975
vt 0.9818617701530457 0.08613467216491699
vt 0.9832536578178406 0.12101686000823975
vt 0.9832536578178406 0.08613467216491699
vt 0.9832536578178406 0.08613467216491699
vt 0.9846455454826355 0.12101686000823975
vt 0.9832536578178406 0.12101686000823975
vt 0.9846455454826355 0.08613467216491699
vt 0.9846455454826355 0.12101686000823975
vt 0.9832536578178406 0.08613467216491699
vt 0.9846455454826355 0.08613467216491699
vt 0.9872830510139465 0.12101686000823975
vt 0.9846455454826355 0.12101686000823975
vt 0.9872830510139465 0.08613467216491699
vt 0.9887094497680664 0.08613467216491699
vt 0.9887094497680664 0.12101686000823975
vt 0.9911907315254211 0.08613467216491699
vt 0.9911907315254211 0.12101686000823975
vt 0.9932628273963928 0.08613467216491699
vt 0.9932628273963928 0.12101686000823975
vt 0.9945029616355896 0.08613467216491699
vt 0.9945029616355896 0.12101686000823975
vt 0.995322585105896 0.08613467216491699
vt 0.995322585105896 0.12101686000823975
vt 0.995322585105896 0.08613467216491699
vt 0.9961422681808472 0.08613467216491699
vt 0.995322585105896 0.12101686000823975
vt 0.9961422681808472 0.12101686000823975
vt 0.9961422681808472 0.12101686000823975
vt 0.9961422681808472 0.08613467216491699
vt 0.9969281554222107 0.12101686000823975
vt 0.9969281554222107 0.08613467216491699
vt 0.997714102268219 0.12101686000823975
vt 0.997714102268219 0.08613467216491699
vt 0.9985100030899048 0.12101686000823975
vt 0.9985100030899048 0.08613467216491699
vt 0.9887094497680664 0.08613467216491699
vt 0.9911907315254211 0.07316410541534424
vt 0.9911907315254211 0.08613467216491699
vt 0.9887094497680664 0.05154651403427124
vt 0.9872830510139465 0.08613467216491699
vt 0.9911907315254211 0.05154651403427124
vt 0.9872830510139465 0.05154651403427124
vt 0.9932628273963928 0.05154651403427124
vt 0.9846455454826355 0.05154651403427124
vt 0.9846455454826355 0.08613467216491699
vt 0.9832536578178406 0.05154651403427124
vt 0.9832536578178406 0.08613467216491699
vt 0.9818617701530457 0.05154651403427124
vt 0.9818617701530457 0.08613467216491699
vt 0.9805994033813477 0.05154651403427124
vt 0.9805994033813477 0.08613467216491699
vt 0.9793370366096497 0.08613467216491699
vt 0.9793370366096497 0.05154651403427124
vt 0.9779891967773438 0.08613467216491699
vt 0.9793370366096497 0.05154651403427124
vt 0.9793370366096497 0.08613467216491699
vt 0.9779891967773438 0.08613467216491699
vt 0.9779891967773438 0.05154651403427124
vt 0.9793370366096497 0.05154651403427124
vt 0.9766412973403931 0.08613467216491699
vt 0.9766412973403931 0.05154651403427124
vt 0.97543865442276 0.08613467216491699
vt 0.97543865442276 0.05154651403427124
vt 0.974236011505127 0.08613467216491699
vt 0.9932628273963928 0.07316410541534424
vt 0.9945029616355896 0.05154651403427124
vt 0.9932628273963928 0.08613467216491699
vt 0.9945029616355896 0.0688406229019165
vt 0.9961422681808472 0.05154651403427124
vt 0.9945029616355896 0.07748764753341675
vt 0.9945029616355896 0.08613467216491699
vt 0.9961422681808472 0.0688406229019165
vt 0.995322585105896 0.07748764753341675
vt 0.995322585105896 0.08613467216491699
vt 0.997714102268219 0.05154651403427124
vt 0.9961422681808472 0.07748764753341675
vt 0.9961422681808472 0.08613467216491699
vt 0.997714102268219 0.0688406229019165
vt 0.9985100030899048 0.05154651403427124
vt 0.9985100030899048 0.0688406229019165
vt 0.9969281554222107 0.07748764753341675
vt 0.9969281554222107 0.08613467216491699
vt 0.997714102268219 0.08613467216491699
vt 0.9969281554222107 0.08613467216491699
vt 0.997714102268219 0.07748764753341675
vt 0.997714102268219 0.07748764753341675
vt 0.9969281554222107 0.08613467216491699
vt 0.9985100030899048 0.07748764753341675
vt 0.997714102268219 0.08613467216491699
vt 0.9985100030899048 0.08613467216491699
vt 0.9985100030899048 0.016059160232543945
vt 0.997714102268219 0.05154651403427124
vt 0.997714102268219 0.016059160232543945
vt 0.9985100030899048 0.05154651403427124
vt 0.997714102268219 0.05154651403427124
vt 0.9985100030899048 0.016059160232543945
vt 0.997714102268219 0.05154651403427124
vt 0.9961422681808472 0.016059160232543945
vt 0.997714102268219 0.016059160232543945
vt 0.9961422681808472 0.05154651403427124
vt 0.9961422681808472 0.05154651403427124
vt 0.9945029616355896 0.016059160232543945
vt 0.9961422681808472 0.016059160232543945
vt 0.9945029616355896 0.05154651403427124
vt 0.9945029616355896 0.05154651403427124
vt 0.9932628273963928 0.016059160232543945
vt 0.9945029616355896 0.016059160232543945
vt 0.9932628273963928 0.05154651403427124
vt 0.9932628273963928 0.05154651403427124
vt 0.9911907315254211 0.05154651403427124
vt 0.9932628273963928 0.016059160232543945
vt 0.9911907315254211 0.016059160232543945
vt 0.9887094497680664 0.05154651403427124
vt 0.9887094497680664 0.016059160232543945
vt 0.9872830510139465 0.05154651403427124
vt 0.9872830510139465 0.016059160232543945
vt 0.9872830510139465 0.05154651403427124
vt 0.9846455454826355 0.016059160232543945
vt 0.9872830510139465 0.016059160232543945
vt 0.9846455454826355 0.05154651403427124
vt 0.9846455454826355 0.016059160232543945
vt 0.9872830510139465 0.05154651403427124
vt 0.9846455454826355 0.05154651403427124
vt 0.9832536578178406 0.016059160232543945
vt 0.9846455454826355 0.016059160232543945
vt 0.9832536578178406 0.05154651403427124
vt 0.9832536578178406 0.05154651403427124
vt 0.9818617701530457 0.016059160232543945
vt 0.9832536578178406 0.016059160232543945
vt 0.9818617701530457 0.05154651403427124
vt 0.9818617701530457 0.05154651403427124
vt 0.9805994033813477 0.016059160232543945
vt 0.9818617701530457 0.016059160232543945
vt 0.9805994033813477 0.05154651403427124
vt 0.9793370366096497 0.016059160232543945
vt 0.9793370366096497 0.05154651403427124
vt 0.9779891967773438 0.05154651403427124
vt 0.9779891967773438 0.016059160232543945
vt 0.9766412973403931 0.05154651403427124
vt 0.9766412973403931 0.016059160232543945
vt 0.9766412973403931 0.05154651403427124
vt 0.97543865442276 0.05154651403427124
vt 0.9766412973403931 0.016059160232543945
vt 0.97543865442276 0.016059160232543945
vt 0.974236011505127 0.05154651403427124
vt 0.974236011505127 0.016059160232543945
vt 0.6538937091827393 0.46255314350128174
vt 0.6474912762641907 0.4645576477050781
vt 0.6512513756752014 0.45975011587142944
vt 0.6494342684745789 0.46963703632354736
vt 0.651709258556366 0.451202392578125
vt 0.6538937091827393 0.46255314350128174
vt 0.6512513756752014 0.45975011587142944
vt 0.6534620523452759 0.4495382308959961
vt 0.3525198996067047 0.4645509719848633
vt 0.3461061120033264 0.4625527262687683
vt 0.3487605154514313 0.45973777770996094
vt 0.35056594014167786 0.4696374535560608
vt 0.3461061120033264 0.4625527262687683
vt 0.34831228852272034 0.451177716255188
vt 0.3487605154514313 0.45973777770996094
vt 0.34653815627098083 0.4495384693145752
vt 0.5424492955207825 0.3278564214706421
vt 0.519825279712677 0.3587436079978943
vt 0.5 0.32243984937667847
vt 0.544964075088501 0.350561261177063
vt 0.519825279712677 0.3587436079978943
vt 0.5424492955207825 0.3278564214706421
vt 0.5800137519836426 0.3479645252227783
vt 0.5863492488861084 0.3398769497871399
vt 0.5314645171165466 0.36597204208374023
vt 0.556481122970581 0.3625490665435791
vt 0.6034676432609558 0.3597872853279114
vt 0.5172896385192871 0.3664892911911011
vt 0.57220858335495 0.3660222887992859
vt 0.5000000596046448 0.3586808443069458
vt 0.5 0.32243984937667847
vt 0.5136386752128601 0.3729850649833679
vt 0.480174720287323 0.3587436079978943
vt 0.45755070447921753 0.3278564214706421
vt 0.5000000596046448 0.3739582896232605
vt 0.5199137330055237 0.3914973735809326
vt 0.4827103018760681 0.3664892315864563
vt 0.48636141419410706 0.3729851245880127
vt 0.46853548288345337 0.365972101688385
vt 0.45503583550453186 0.350561261177063
vt 0.41998639702796936 0.34796464443206787
vt 0.4800862967967987 0.3914973735809326
vt 0.44351890683174133 0.3625490665435791
vt 0.4999999701976776 0.4018729329109192
vt 0.4542940557003021 0.41313332319259644
vt 0.4277915358543396 0.3660222887992859
vt 0.42344292998313904 0.3860970735549927
vt 0.41907182335853577 0.4100143313407898
vt 0.40309932827949524 0.38459181785583496
vt 0.4215836524963379 0.4225063920021057
vt 0.39653244614601135 0.3597872853279114
vt 0.43948760628700256 0.44168639183044434
vt 0.46868205070495605 0.4344671964645386
vt 0.4555150866508484 0.46206963062286377
vt 0.5 0.44582128524780273
vt 0.4555150866508484 0.46206963062286377
vt 0.5 0.4595358967781067
vt 0.531317949295044 0.43446725606918335
vt 0.5444849133491516 0.46206963062286377
vt 0.5457059741020203 0.41313326358795166
vt 0.5605124831199646 0.4416864514350891
vt 0.5605124831199646 0.4416864514350891
vt 0.5784164667129517 0.4225063920021057
vt 0.5765571594238281 0.3860970735549927
vt 0.5809281468391418 0.410014271736145
vt 0.5969007015228271 0.38459181785583496
vt 0.5784164667129517 0.4225063920021057
vt 0.5867437124252319 0.43668413162231445
vt 0.5605124831199646 0.4416864514350891
vt 0.6072107553482056 0.3822973966598511
vt 0.5670075416564941 0.4592266082763672
vt 0.5444849133491516 0.46206963062286377
vt 0.6011257171630859 0.4102322459220886
vt 0.5809281468391418 0.410014271736145
vt 0.6032809019088745 0.4457930326461792
vt 0.6296140551567078 0.41858363151550293
vt 0.6061268448829651 0.4193463921546936
vt 0.6076049208641052 0.4407203197479248
vt 0.6335351467132568 0.4087992310523987
vt 0.6011257171630859 0.4102322459220886
vt 0.6061268448829651 0.4193463921546936
vt 0.5867437124252319 0.43668413162231445
vt 0.6076049208641052 0.4407203197479248
vt 0.6027342677116394 0.450885534286499
vt 0.6045786738395691 0.4597737789154053
vt 0.6102517247200012 0.4511376619338989
vt 0.6126195192337036 0.4476569890975952
vt 0.6102517247200012 0.4511376619338989
vt 0.6180939078330994 0.4427347779273987
vt 0.6239896416664124 0.43562817573547363
vt 0.6239896416664124 0.43562817573547363
vt 0.6180939078330994 0.4427347779273987
vt 0.6239896416664124 0.43562817573547363
vt 0.6287959814071655 0.4389929175376892
vt 0.6474548578262329 0.44066619873046875
vt 0.6296140551567078 0.41858363151550293
vt 0.6481925845146179 0.4261125922203064
vt 0.6474548578262329 0.44066619873046875
vt 0.6287959814071655 0.4389929175376892
vt 0.6474548578262329 0.44066619873046875
vt 0.6472373008728027 0.4449115991592407
vt 0.6534620523452759 0.4495382308959961
vt 0.651709258556366 0.451202392578125
vt 0.6676542162895203 0.43488478660583496
vt 0.6534620523452759 0.4495382308959961
vt 0.6695607900619507 0.4202171564102173
vt 0.6768618822097778 0.45494747161865234
vt 0.6538937091827393 0.46255314350128174
vt 0.6982239484786987 0.43684762716293335
vt 0.6377979516983032 0.39334696531295776
vt 0.6681211590766907 0.4705238342285156
vt 0.6374688148498535 0.36520636081695557
vt 0.6494342684745789 0.46963703632354736
vt 0.6160529255867004 0.3259590268135071
vt 0.6359900236129761 0.4668949842453003
vt 0.6474912762641907 0.4645576477050781
vt 0.5522308945655823 0.31113648414611816
vt 0.5424492955207825 0.3278564214706421
vt 0.5 0.32243984937667847
vt 0.5291516780853271 0.28952163457870483
vt 0.5545339584350586 0.2873101234436035
vt 0.6145586967468262 0.30262768268585205
vt 0.679201602935791 0.3255670666694641
vt 0.686111330986023 0.36846959590911865
vt 0.7383477091789246 0.3499467968940735
vt 0.6828520894050598 0.3976443409919739
vt 0.7391902208328247 0.36942797899246216
vt 0.7482937574386597 0.4066234827041626
vt 0.7711546421051025 0.37203848361968994
vt 0.7314885258674622 0.44288820028305054
vt 0.7740365266799927 0.32573866844177246
vt 0.7659974098205566 0.4319843649864197
vt 0.775068998336792 0.39792346954345703
vt 0.7219063639640808 0.48071998357772827
vt 0.812606692314148 0.41942358016967773
vt 0.6948338747024536 0.47371017932891846
vt 0.6946746110916138 0.4830591678619385
vt 0.6946746110916138 0.4830591678619385
vt 0.7256311178207397 0.5041164755821228
vt 0.6944039463996887 0.5011745691299438
vt 0.7256311178207397 0.5041164755821228
vt 0.7571710348129272 0.48183268308639526
vt 0.7875624895095825 0.561791181564331
vt 0.8082447648048401 0.46154218912124634
vt 0.8201694488525391 0.4948117733001709
vt 0.8480548858642578 0.4443272352218628
vt 0.8318895101547241 0.39890289306640625
vt 0.861423134803772 0.48853600025177
vt 0.8059207201004028 0.3638938069343567
vt 0.9104681015014648 0.42882734537124634
vt 0.8519328236579895 0.31957924365997314
vt 0.802348256111145 0.33947819471359253
vt 0.8191535472869873 0.31966525316238403
vt 0.9779778718948364 0.4071398377418518
vt 0.9967106580734253 0.49591004848480225
vt 0.9070596694946289 0.26274430751800537
vt 0.9023427367210388 0.5200178623199463
vt 0.9877561330795288 0.5776119232177734
vt 0.8693859577178955 0.5328966379165649
vt 0.9074642062187195 0.5631285905838013
vt 0.9638170003890991 0.6504223346710205
vt 0.8906052112579346 0.6256777048110962
vt 0.9102452993392944 0.7544188499450684
vt 0.8669170141220093 0.5853636264801025
vt 0.8497288823127747 0.7238727807998657
vt 0.8305925130844116 0.8572713136672974
vt 0.8580008745193481 0.6132795214653015
vt 0.792528510093689 0.8204824328422546
vt 0.8010128736495972 0.716338038444519
vt 0.7289263606071472 0.6788949370384216
vt 0.7026493549346924 0.8771102428436279
vt 0.7281845808029175 0.9363365769386292
vt 0.7418239116668701 0.7804222106933594
vt 0.6142896413803101 0.9816681742668152
vt 0.6738804578781128 0.7150660753250122
vt 0.6654084324836731 0.8333865404129028
vt 0.5953012704849243 0.9054961204528809
vt 0.5466189980506897 0.9127107858657837
vt 0.5496131181716919 0.9920000433921814
vt 0.5817378759384155 0.8369431495666504
vt 0.4999999701976776 0.9155200719833374
vt 0.5 0.9942116737365723
vt 0.5380192995071411 0.8585999011993408
vt 0.4503867030143738 0.9920000433921814
vt 0.6124810576438904 0.7358958125114441
vt 0.45338091254234314 0.9127105474472046
vt 0.3857104480266571 0.98166823387146
vt 0.4999999403953552 0.8591130971908569
vt 0.4046987295150757 0.9054962396621704
vt 0.4619807302951813 0.8585996627807617
vt 0.5 0.7806401252746582
vt 0.5258032083511353 0.7661963701248169
vt 0.5604060292243958 0.7539307475090027
vt 0.5 0.647491991519928
vt 0.5132600665092468 0.6462476849555969
vt 0.5521984100341797 0.6389511823654175
vt 0.4741969704627991 0.7661963701248169
vt 0.5 0.5671412348747253
vt 0.41826215386390686 0.8369431495666504
vt 0.4867400527000427 0.6462476253509521
vt 0.43959400057792664 0.7539307475090027
vt 0.3345915675163269 0.8333863019943237
vt 0.4478015899658203 0.6389511823654175
vt 0.38751891255378723 0.7358956336975098
vt 0.4777013063430786 0.563725471496582
vt 0.4084371328353882 0.6269946694374084
vt 0.43699342012405396 0.5772140622138977
vt 0.4480358958244324 0.5395033359527588
vt 0.4040743112564087 0.5722380876541138
vt 0.3650226891040802 0.6235257387161255
vt 0.4854617416858673 0.5302203297615051
vt 0.4365217685699463 0.5163923501968384
vt 0.5000000596046448 0.5204544067382812
vt 0.4604114890098572 0.5097699761390686
vt 0.488376647233963 0.501197338104248
vt 0.5 0.4992761015892029
vt 0.5000001192092896 0.47804105281829834
vt 0.5 0.4992761015892029
vt 0.4755019247531891 0.47593146562576294
vt 0.5 0.4595358967781067
vt 0.44131505489349365 0.49241048097610474
vt 0.4555150866508484 0.46206963062286377
vt 0.4269402027130127 0.4701378345489502
vt 0.417595237493515 0.4967365264892578
vt 0.417595237493515 0.4967365264892578
vt 0.40880465507507324 0.48568248748779297
vt 0.4555150866508484 0.46206963062286377
vt 0.43299248814582825 0.45922648906707764
vt 0.3954213261604309 0.4597737789154053
vt 0.409374475479126 0.515117883682251
vt 0.4062160849571228 0.49829262495040894
vt 0.3881770670413971 0.5366039276123047
vt 0.3856236934661865 0.5022117495536804
vt 0.39315488934516907 0.4883713722229004
vt 0.3856236934661865 0.5022117495536804
vt 0.36365631222724915 0.49600064754486084
vt 0.38551586866378784 0.4698735475540161
vt 0.36671531200408936 0.47172486782073975
vt 0.38716012239456177 0.4558917284011841
vt 0.38973474502563477 0.4511324167251587
vt 0.37680351734161377 0.4621732234954834
vt 0.39726561307907104 0.45088547468185425
vt 0.3640229105949402 0.4668903350830078
vt 0.43299248814582825 0.45922648906707764
vt 0.35056594014167786 0.4696374535560608
vt 0.3525198996067047 0.4645509719848633
vt 0.43948760628700256 0.44168639183044434
vt 0.4555150866508484 0.46206963062286377
vt 0.41325628757476807 0.43668413162231445
vt 0.3967191278934479 0.44579315185546875
vt 0.3873349726200104 0.44765985012054443
vt 0.38973474502563477 0.4511324167251587
vt 0.39239513874053955 0.44072026014328003
vt 0.3818701207637787 0.44275885820388794
vt 0.37601035833358765 0.43562817573547363
vt 0.41325628757476807 0.43668413162231445
vt 0.4215836524963379 0.4225063920021057
vt 0.43948760628700256 0.44168639183044434
vt 0.3938732147216797 0.4193463921546936
vt 0.37601035833358765 0.43562817573547363
vt 0.37601035833358765 0.43562817573547363
vt 0.3818701207637787 0.44275885820388794
vt 0.37119144201278687 0.4389990568161011
vt 0.3525451719760895 0.4406660795211792
vt 0.37038612365722656 0.41858363151550293
vt 0.39887428283691406 0.4102322459220886
vt 0.41907182335853577 0.4100143313407898
vt 0.3518073558807373 0.4261125922203064
vt 0.3938732147216797 0.4193463921546936
vt 0.37038612365722656 0.41858363151550293
vt 0.3525451719760895 0.4406660795211792
vt 0.36646485328674316 0.40879929065704346
vt 0.3525451719760895 0.4406660795211792
vt 0.37119144201278687 0.4389990568161011
vt 0.3527773320674896 0.4448944926261902
vt 0.34653815627098083 0.4495384693145752
vt 0.34831228852272034 0.451177716255188
vt 0.33234596252441406 0.43488478660583496
vt 0.34653815627098083 0.4495384693145752
vt 0.33043909072875977 0.4202171564102173
vt 0.3231382369995117 0.45494747161865234
vt 0.3461061120033264 0.4625527262687683
vt 0.30177608132362366 0.4368477463722229
vt 0.3318788409233093 0.4705238342285156
vt 0.3051660656929016 0.4737100601196289
vt 0.33945584297180176 0.4954182505607605
vt 0.305325448513031 0.483059287071228
vt 0.36314696073532104 0.512719452381134
vt 0.3055960536003113 0.5011745691299438
vt 0.27436888217926025 0.5041165947914124
vt 0.27809369564056396 0.4807201027870178
vt 0.27646273374557495 0.5296090841293335
vt 0.305325448513031 0.483059287071228
vt 0.27436888217926025 0.5041165947914124
vt 0.2124374806880951 0.5617913007736206
vt 0.24282899498939514 0.4818325638771057
vt 0.2685115933418274 0.4428883194923401
vt 0.35475048422813416 0.5340471863746643
vt 0.33945584297180176 0.4954182505607605
vt 0.3257170021533966 0.5846513509750366
vt 0.3074391782283783 0.6323500871658325
vt 0.32611972093582153 0.7150661945343018
vt 0.27107369899749756 0.678895115852356
vt 0.25817614793777466 0.7804222106933594
vt 0.2973507344722748 0.8771101236343384
vt 0.27181553840637207 0.9363363981246948
vt 0.16940748691558838 0.8572711944580078
vt 0.2074715793132782 0.8204823732376099
vt 0.19898715615272522 0.7163379192352295
vt 0.1502712070941925 0.7238727807998657
vt 0.08975493907928467 0.7544187307357788
vt 0.14199915528297424 0.613279402256012
vt 0.10939481854438782 0.6256777048110962
vt 0.03618314862251282 0.650422215461731
vt 0.1330830454826355 0.5853636860847473
vt 0.09253594279289246 0.5631285905838013
vt 0.012243688106536865 0.5776119828224182
vt 0.13061395287513733 0.5328967571258545
vt 0.0976572334766388 0.5200178623199463
vt 0.003289550542831421 0.49591004848480225
vt 0.17983075976371765 0.49481165409088135
vt 0.1385769546031952 0.48853588104248047
vt 0.08953213691711426 0.4288274645805359
vt 0.02202191948890686 0.40713977813720703
vt 0.1519450843334198 0.4443272352218628
vt 0.19175517559051514 0.4615423083305359
vt 0.23400276899337769 0.43198442459106445
vt 0.18739324808120728 0.41942358016967773
vt 0.16811060905456543 0.39890289306640625
vt 0.14806729555130005 0.31957924365997314
vt 0.0929403305053711 0.26274436712265015
vt 0.19407930970191956 0.3638937473297119
vt 0.22493115067481995 0.3979235291481018
vt 0.25170618295669556 0.4066234827041626
vt 0.22884541749954224 0.37203848361968994
vt 0.3171478509902954 0.3976443409919739
vt 0.26080983877182007 0.3694279193878174
vt 0.362201988697052 0.393346905708313
vt 0.3138887882232666 0.3684695363044739
vt 0.39278921484947205 0.3822973966598511
vt 0.36253124475479126 0.36520642042160034
vt 0.3839470148086548 0.32595914602279663
vt 0.32079827785491943 0.3255670666694641
vt 0.2616523504257202 0.34994685649871826
vt 0.38544124364852905 0.30262768268585205
vt 0.413650780916214 0.33987683057785034
vt 0.45755070447921753 0.3278564214706421
vt 0.4477691948413849 0.31113654375076294
vt 0.5 0.32243984937667847
vt 0.44546595215797424 0.28731006383895874
vt 0.47084841132164 0.2895216941833496
vt 0.5 0.32243984937667847
vt 0.5 0.32243984937667847
vt 0.47084841132164 0.2895216941833496
vt 0.5 0.2829728126525879
vt 0.5 0.2829728126525879
vt 0.5291516780853271 0.28952163457870483
vt 0.5 0.32243984937667847
vt 0.43691104650497437 0.2735031247138977
vt 0.4999999403953552 0.26847195625305176
vt 0.47084841132164 0.2895216941833496
vt 0.43691104650497437 0.2735031247138977
vt 0.3814491331577301 0.28710752725601196
vt 0.3174094557762146 0.3114698529243469
vt 0.32079827785491943 0.3255670666694641
vt 0.40068477392196655 0.26005905866622925
vt 0.2686575651168823 0.3351268768310547
vt 0.35099121928215027 0.2801438570022583
vt 0.27400678396224976 0.3205561637878418
vt 0.43968626856803894 0.25000256299972534
vt 0.4999999403953552 0.26847195625305176
vt 0.30888158082962036 0.3031920790672302
vt 0.39506128430366516 0.22919803857803345
vt 0.33134862780570984 0.26035624742507935
vt 0.2775765061378479 0.28639543056488037
vt 0.2414633333683014 0.3240247964859009
vt 0.2469286322593689 0.2983740568161011
vt 0.22596347332000732 0.32573872804641724
vt 0.2236132025718689 0.30677103996276855
vt 0.19765174388885498 0.33947819471359253
vt 0.2183389961719513 0.2783682942390442
vt 0.1808464527130127 0.31966525316238403
vt 0.19768095016479492 0.2762870788574219
vt 0.24977600574493408 0.23872792720794678
vt 0.19744709134101868 0.2192913293838501
vt 0.18909817934036255 0.14957153797149658
vt 0.28439658880233765 0.14337027072906494
vt 0.3052319884300232 0.05897557735443115
vt 0.3032670319080353 0.20773279666900635
vt 0.35846883058547974 0.20705413818359375
vt 0.354658842086792 0.1490294337272644
vt 0.33725035190582275 0.10224175453186035
vt 0.39805009961128235 0.02150416374206543
vt 0.38922110199928284 0.18655264377593994
vt 0.3865288496017456 0.12883496284484863
vt 0.4205634593963623 0.07178604602813721
vt 0.4362112581729889 0.2216397523880005
vt 0.4219342768192291 0.16390013694763184
vt 0.4260008633136749 0.11374557018280029
vt 0.4547472894191742 0.053731322288513184
vt 0.5 0.006587862968444824
vt 0.4437342882156372 0.09762287139892578
vt 0.5 0.04336577653884888
vt 0.45547592639923096 0.07242107391357422
vt 0.5452526211738586 0.053731322288513184
vt 0.60194993019104 0.02150416374206543
vt 0.5 0.06209897994995117
vt 0.4697435200214386 0.09048521518707275
vt 0.4462023377418518 0.11728841066360474
vt 0.4643194079399109 0.10814893245697021
vt 0.4500392973423004 0.14854395389556885
vt 0.4579542577266693 0.13170850276947021
vt 0.4811641573905945 0.12059026956558228
vt 0.48000839352607727 0.13913977146148682
vt 0.46647801995277405 0.16818779706954956
vt 0.4502580165863037 0.19341528415679932
vt 0.5 0.1718176007270813
vt 0.5 0.19550859928131104
vt 0.4999999701976776 0.22044438123703003
vt 0.5 0.1400289535522461
vt 0.5335220098495483 0.16818785667419434
vt 0.5 0.11944389343261719
vt 0.5497419834136963 0.19341516494750977
vt 0.5 0.10052210092544556
vt 0.5188357830047607 0.12059032917022705
vt 0.5199916958808899 0.13913977146148682
vt 0.5000000596046448 0.08141279220581055
vt 0.5302565097808838 0.09048521518707275
vt 0.5356805920600891 0.10814893245697021
vt 0.5420458316802979 0.13170850276947021
vt 0.5445241332054138 0.07242107391357422
vt 0.5562657713890076 0.09762293100357056
vt 0.5794365406036377 0.07178604602813721
vt 0.5537976026535034 0.11728841066360474
vt 0.5739991664886475 0.11374557018280029
vt 0.5499607920646667 0.14854395389556885
vt 0.5780656337738037 0.16390001773834229
vt 0.6134711503982544 0.12883496284484863
vt 0.6627495884895325 0.10224175453186035
vt 0.6947680115699768 0.05897557735443115
vt 0.5637888312339783 0.2216397523880005
vt 0.6107788681983948 0.18655270338058472
vt 0.645341157913208 0.14902949333190918
vt 0.7156033515930176 0.14337027072906494
vt 0.8109018802642822 0.1495714783668518
vt 0.6415311694145203 0.20705413818359375
vt 0.8025529384613037 0.2192913293838501
vt 0.6967329382896423 0.20773279666900635
vt 0.8023190498352051 0.2762870788574219
vt 0.7502239942550659 0.23872792720794678
vt 0.7816610932350159 0.2783682942390442
vt 0.7763868570327759 0.3067709803581238
vt 0.7530715465545654 0.2983740568161011
vt 0.758536696434021 0.3240247368812561
vt 0.7224235534667969 0.28639543056488037
vt 0.7313424348831177 0.33512699604034424
vt 0.679201602935791 0.3255670666694641
vt 0.7259932160377502 0.3205561637878418
vt 0.6825908422470093 0.3114698529243469
vt 0.6911182403564453 0.3031920790672302
vt 0.6686514019966125 0.26035618782043457
vt 0.6490086913108826 0.2801438570022583
vt 0.6049387454986572 0.22919803857803345
vt 0.6185510158538818 0.28710752725601196
vt 0.5993152856826782 0.26005905866622925
vt 0.5630889534950256 0.2735031247138977
vt 0.5291516780853271 0.28952163457870483
vt 0.4999999403953552 0.26847195625305176
vt 0.5603137612342834 0.25000256299972534
vt 0.4999999403953552 0.26847195625305176
vt 0.5000001192092896 0.24051225185394287
vt 0.4999999403953552 0.26847195625305176
vt 0.9766412973403931 0.08613467216491699
vt 0.9779891967773438 0.08613467216491699
vt 0.9766412973403931 0.12101686000823975
vt 0.97543865442276 0.12101686000823975
vt 0.97543865442276 0.08613467216491699
vt 0.974236011505127 0.08613467216491699
vt 0.974236011505127 0.12101686000823975
vt 0.97543865442276 0.016059160232543945
vt 0.974236011505127 0.0026060938835144043
vt 0.974236011505127 0.016059160232543945
vt 0.97543865442276 0.0026060938835144043
vt 0.9766412973403931 0.016059160232543945
vt 0.9766412973403931 0.0026060938835144043
vt 0.9779891967773438 0.016059160232543945
vt 0.9779891967773438 0.0026060938835144043
vt 0.9793370366096497 0.016059160232543945
vt 0.9793370366096497 0.0026060938835144043
vt 0.9805994033813477 0.0026060938835144043
vt 0.9805994033813477 0.016059160232543945
vt 0.9818617701530457 0.0026060938835144043
vt 0.9818617701530457 0.016059160232543945
vt 0.9832536578178406 0.0026060938835144043
vt 0.9832536578178406 0.016059160232543945
vt 0.9846455454826355 0.0026060938835144043
vt 0.9846455454826355 0.016059160232543945
vt 0.9872830510139465 0.0026060938835144043
vt 0.9872830510139465 0.016059160232543945
vt 0.9887094497680664 0.0026060938835144043
vt 0.9887094497680664 0.016059160232543945
vt 0.9911907315254211 0.0026060938835144043
vt 0.9911907315254211 0.016059160232543945
vt 0.9932628273963928 0.0026060938835144043
vt 0.9932628273963928 0.016059160232543945
vt 0.9945029616355896 0.016059160232543945
vt 0.9945029616355896 0.0026060938835144043
vt 0.9961422681808472 0.016059160232543945
vt 0.9961422681808472 0.0026060938835144043
vt 0.997714102268219 0.016059160232543945
vt 0.997714102268219 0.0026060938835144043
vt 0.9985100030899048 0.016059160232543945
vt 0.9985100030899048 0.0026060938835144043
vt 0.974236011505127 0.016059160232543945
vt 0.974236011505127 0.05154651403427124
vt 0.97543865442276 0.016059160232543945
vt 0.97543865442276 0.05154651403427124
vt 0.9766412973403931 0.016059160232543945
vt 0.9766412973403931 0.05154651403427124
vt 0.9779891967773438 0.016059160232543945
vt 0.9779891967773438 0.05154651403427124
vt 0.9793370366096497 0.016059160232543945
vt 0.9793370366096497 0.05154651403427124
vt 0.9805994033813477 0.05154651403427124
vt 0.9805994033813477 0.016059160232543945
vt 0.9818617701530457 0.05154651403427124
vt 0.9818617701530457 0.016059160232543945
vt 0.9832536578178406 0.05154651403427124
vt 0.9832536578178406 0.016059160232543945
vt 0.9846455454826355 0.05154651403427124
vt 0.9846455454826355 0.016059160232543945
vt 0.9872830510139465 0.05154651403427124
vt 0.9872830510139465 0.016059160232543945
vt 0.9887094497680664 0.016059160232543945
vt 0.9887094497680664 0.05154651403427124
vt 0.9911907315254211 0.016059160232543945
vt 0.9911907315254211 0.05154651403427124
vt 0.9932628273963928 0.016059160232543945
vt 0.9932628273963928 0.05154651403427124
vt 0.9945029616355896 0.05154651403427124
vt 0.9945029616355896 0.016059160232543945
vt 0.9961422681808472 0.05154651403427124
vt 0.9961422681808472 0.016059160232543945
vt 0.997714102268219 0.05154651403427124
vt 0.997714102268219 0.016059160232543945
vt 0.9985100030899048 0.016059160232543945
vt 0.9985100030899048 0.05154651403427124
vt 0.5670075416564941 0.4592266082763672
vt 0.5730599761009216 0.4701378345489502
vt 0.5444849133491516 0.46206963062286377
vt 0.6045786738395691 0.4597737789154053
vt 0.6102517247200012 0.4511376619338989
vt 0.612847626209259 0.45588886737823486
vt 0.6144843101501465 0.4698735475540161
vt 0.6232123374938965 0.4621703624725342
vt 0.5911951661109924 0.48568248748779297
vt 0.5824047327041626 0.4967362880706787
vt 0.6332847476005554 0.4717249870300293
vt 0.6068451404571533 0.48837125301361084
vt 0.6363435983657837 0.4960005283355713
vt 0.6605441570281982 0.4954182505607605
vt 0.6368532180786133 0.512719452381134
vt 0.614376425743103 0.5022116899490356
vt 0.5937842130661011 0.4982926845550537
vt 0.5824047327041626 0.4967362880706787
vt 0.590625524520874 0.5151180028915405
vt 0.614376425743103 0.5022116899490356
vt 0.5634782910346985 0.5163922905921936
vt 0.6118229031562805 0.5366038680076599
vt 0.6368532180786133 0.512719452381134
vt 0.5586850047111511 0.49241048097610474
vt 0.5730599761009216 0.4701378345489502
vt 0.5824047327041626 0.4967362880706787
vt 0.5244979858398438 0.4759315252304077
vt 0.5000001192092896 0.47804105281829834
vt 0.5395886301994324 0.5097699761390686
vt 0.5116233825683594 0.5011973977088928
vt 0.5 0.4992761015892029
vt 0.5000000596046448 0.5204544067382812
vt 0.5145382285118103 0.5302202105522156
vt 0.5519642233848572 0.5395033359527588
vt 0.5222986340522766 0.5637256503105164
vt 0.5630066990852356 0.577214241027832
vt 0.5959256291389465 0.572238028049469
vt 0.5915629863739014 0.6269946098327637
vt 0.6349773406982422 0.6235256791114807
vt 0.6742830276489258 0.5846514701843262
vt 0.6925608515739441 0.6323500871658325
vt 0.645249605178833 0.5340472459793091
vt 0.6605441570281982 0.4954182505607605
vt 0.7235373258590698 0.5296090841293335
vn -0.000026701016762246973 0.6678713772480237 -0.7442767111363111
vn 0.000015038996570385555 -0.5832220305908475 -0.8123127863128323
vn 0.08592231729534197 -0.355516323658896 -0.9307123610453778
vn 0.00002709031022575263 0.6678722873052589 -0.7442758944878954
vn -0.08592233117716526 -0.35551515612528767 -0.930712805741005
vn -0.000015351921757040157 -0.5832208597395773 -0.8123136269501744
vn 0.000007513910209336093 0.6678546955843817 -0.7442916804112715
vn 0.1121571461461737 0.7516711751316768 -0.6499317033692925
vn -0.08599391686905175 -0.35553101410539717 -0.9307001366018522
vn -0.14429803053497675 -0.3263067305493606 -0.9341852043261625
vn 0.1122037260490192 0.7516758763640756 -0.649918226204663
vn 0.26760527657650024 0.7268670408037748 -0.6324964197065295
vn -0.1443168532437277 -0.3263025600828967 -0.9341837534196237
vn -0.1883278834405501 -0.2963270718308423 -0.9363348091462591
vn 0.38484650999766945 0.6895656805036703 -0.6135082200053427
vn 0.38488951352169876 0.6895571014503843 -0.6134908851974691
vn -0.23364404965357624 -0.26977738630437254 -0.9341470012263907
vn -0.18832379751348052 -0.2963415808253691 -0.9363310390903546
vn 0.3848732851312569 0.6895548551196782 -0.6135035910026557
vn 0.5439156758996118 0.587272889882566 -0.5993882634149986
vn -0.23364322670725945 -0.2697312908092251 -0.9341605179904627
vn 0.5438653553080698 0.5873272935100528 -0.5993806183000774
vn -0.24147901191209598 -0.2262274265648559 -0.9436678643865121
vn -0.23365844673155362 -0.2697141017277741 -0.9341616742299899
vn 0.7803747983206583 0.5019062574300326 -0.3729682062838196
vn 0.8441939131718056 0.3547906723612361 -0.40182112409520715
vn -0.49113356492265364 -0.2270821782388551 -0.8409646281102805
vn 0.8734055371083337 0.23217783222882907 -0.4280843631458928
vn -0.4911312468038635 -0.22717889199053143 -0.8409398607789009
vn 0.8733956374519851 0.23218474590304086 -0.4281008108492449
vn -0.5278033035250927 -0.11282742580326989 -0.8418394412087179
vn 0.8912236316386005 0.0816691203708038 -0.4461508637072924
vn -0.5399123759023604 -0.04773765846328514 -0.8403664333562536
vn 0.891224750262229 0.08167404592255566 -0.44614772748795684
vn 0.882365730018179 -0.0809080858667042 -0.4635564691932063
vn -0.5399119523107491 -0.04778666781678317 -0.8403639200554505
vn -0.5410700200984163 -0.07448386307722654 -0.8376726016122241
vn -0.3439724148282424 -0.35799860205558454 -0.8680552855454973
vn 0.7248615031959166 -0.40971711391011706 -0.5538119606452362
vn -0.3439508145600427 -0.35800027644718063 -0.8680631539394038
vn 0.258696589871967 -0.6041252641944543 -0.7537298850056274
vn -0.56377404075798 -0.32802116803348297 -0.7579979843570621
vn 0.7248719822386486 -0.4097098655152078 -0.5538036073058051
vn -0.5945751796151 -0.2893946867679036 -0.7501540315536395
vn 0.720660322924149 -0.5485675526677598 -0.4239367159411484
vn 0.1369100300428343 -0.616660037829796 -0.7752328949531392
vn -0.6543371900783391 -0.12120094445002784 -0.7464269373118877
vn 0.6912412684849737 -0.5889628739130346 -0.41869827070980803
vn -0.09698891780347503 -0.5498412664394512 -0.8296190279541396
vn -0.6267826552906576 0.08680009141286915 -0.7743443982863892
vn 0.6912664913255365 -0.5889373121075581 -0.41869258457489616
vn -0.037506366554604036 -0.542605873355015 -0.8391496521291737
vn 0.6471252024804044 -0.6365098035040169 -0.4196239296774829
vn 0.6912300360353241 -0.5889755976725833 -0.4186989164409525
vn -0.08612192360857115 -0.5812515198381882 -0.8091536843886679
vn -0.37078427844222894 0.24632844359391556 -0.8954559267416095
vn -0.08285718470320234 -0.6350607405412353 -0.768005561676657
vn 0.5159999205907022 -0.7770357234299041 -0.3604990519601329
vn -0.019854272095322315 -0.5845575005141905 -0.8111093246117732
vn -0.000007048249153858441 0.30668689799637083 -0.9518104572590521
vn 0.09083724261712563 -0.7329112386092568 -0.6742326836292963
vn 0.5159797606546198 -0.7770632999457204 -0.36046846529518833
vn 0.5551912543553909 -0.7819575193554672 -0.2833815608163879
vn 0.00000881124301976 -0.5130551216465392 -0.858355661759516
vn 0.5551513183834119 -0.7819963803636243 -0.28335256271180853
vn 0.05360063181237334 -0.7041062694936641 -0.7080687350314446
vn 0.506131245802548 -0.8019588732713964 -0.31732180448817776
vn 0.5551693710230512 -0.7819789651518881 -0.2833652546411639
vn -0.008774500066216665 -0.6329367032310018 -0.7741538205367579
vn 0.00000207126129198183 -0.5869856280726791 -0.8095973520410206
vn 0.29887212029785787 -0.902987580983174 -0.308688976639624
vn -0.000014215707191013085 -0.9696382877610841 -0.24454363763072354
vn 0.720656560721885 -0.5485965604787265 -0.42390557358852315
vn 0.8497199144981806 0.08184164217201056 0.5208435585776144
vn 0.6912692621106129 -0.588937098371077 -0.41868831058832406
vn 0.8342642612162974 -0.028106973408047502 0.5506479279022714
vn 0.7635759413702263 0.12088304190273803 0.6343020352646783
vn 0.647153831287475 -0.6364853838732069 -0.4196168189738336
vn 0.7248506954737427 -0.4097217521753178 -0.5538226747485325
vn 0.7198448606565928 -0.01354316459044977 0.6940028525007416
vn 0.7364006386496107 0.07209336294621631 0.6726935754231274
vn 0.5160154337084969 -0.7770220979245824 -0.36050621563506
vn 0.882371381096989 -0.08090404114332773 -0.46354641833118615
vn 0.7514911071428072 -0.016188753869335312 0.6595445702402805
vn 0.8912213385355852 0.08169503091079201 -0.4461507006195608
vn 0.7166546955389099 0.0980737186065784 0.6904980760876239
vn 0.8734141199293182 0.23216071167450808 -0.42807613699303576
vn 0.6843192710506303 0.18205892976646498 0.7060890038522221
vn 0.8441790969451234 0.35480532069477355 -0.4018393170007073
vn 0.6039097160070066 0.28974168953983986 0.7425246179453823
vn 0.7803326401678562 0.5019641221696266 -0.37297853925278235
vn 0.48298100717528253 0.3879088693710755 0.7850197804967742
vn 0.5439357589363043 0.587292495791045 -0.5993508275942496
vn 0.3822986766584501 0.47707936213387203 0.7913551693463154
vn 0.3848575323104137 0.6895643610560742 -0.6135027887347105
vn 0.31964078248191585 0.5558549172121443 0.7673689342066361
vn 0.5551687545525437 -0.7819775058731936 -0.28337048942491727
vn 0.24921789718179616 0.6145510917815679 0.7484767166147299
vn 0.267557475463895 0.7269014376121973 -0.632477112092373
vn 0.1390670762522781 0.6668774133983048 0.7320757227239745
vn 0.11216353207771908 0.7516918632024654 -0.6499066739671601
vn 0.00000545754966443997 0.6678629887440457 -0.7442842388738898
vn -0.000006552057754682638 0.6868859223144491 0.7267652507400854
vn 0.1185349201869572 0.1768822437684437 0.97706813709982
vn 0.38231939598053116 0.4770697517423391 0.7913509533889402
vn 0.3196456344541724 0.5558550263241873 0.7673668341051277
vn 0.0882969002615185 0.17350840659115277 0.9808661938543944
vn 0.24919555086507852 0.614543654579062 0.7484902631602232
vn 0.05720645113764001 0.1727582043829811 0.983301594001863
vn 0.13904588016247774 0.6668666049778891 0.7320895944999533
vn 0.000010861433255854754 0.17895316945513315 0.983857592857824
vn 0.00001990422668334259 0.6868757183304603 0.7267748944286917
vn 0.12557526792859391 0.17496580016222504 0.9765335738510244
vn 0.38229243900429305 0.47708290480640153 0.7913560469356602
vn 0.11853652499611073 0.17687282328006537 0.9770696477870887
vn 0.48297457042269104 0.3878995118843721 0.7850283644588156
vn 0.15594683004719975 0.17394236020181847 0.9723294922636312
vn 0.6038993581204902 0.28976231913834977 0.7425249919492442
vn 0.23892680462278434 0.1287087452607687 0.9624697610450652
vn 0.6843119347206921 0.1820601791893814 0.7060957917679113
vn 0.3002783515583301 0.07201338071995407 0.9511293206408342
vn 0.71664680823691 0.09810839839066027 0.6905013355592218
vn 0.3107753428046421 0.060271984529278046 0.948570489834867
vn 0.7364188377171669 0.07212196764499344 0.6726705859767553
vn 0.2969855479776615 0.11748766699410122 0.9476266313251709
vn 0.7635664921907765 0.12087004506812556 0.634315886769914
vn 0.27808291323848733 0.3171965833795847 0.9066731609886299
vn 0.8497122455785044 0.08184660448482346 0.520855289930169
vn 0.4033418637957437 0.4411441219936189 0.8016902173160498
vn 0.4176317326499057 0.33908612318664305 0.842973509041708
vn 0.834263370527783 -0.028117016903583356 0.5506487646005088
vn 0.2825525365808668 0.3413598462885575 0.8964583199533429
vn 0.7198483251065305 -0.01357243061017899 0.69399868729606
vn 0.43796381793324357 0.3974496585675856 0.8063631087083823
vn 0.7514908219431723 -0.01618210636505139 0.6595450583309418
vn 0.36312122548231973 0.49182306545562315 0.7913615152950337
vn 0.36314594314187437 0.491823964585942 0.7913496141646652
vn 0.7510484482388249 -0.0283455967057051 0.6596383520880593
vn 0.03127199724222858 0.669245768478606 0.742382760819486
vn 0.6192030564997777 0.05908007684568839 0.7830051847473558
vn 0.5061266496952004 -0.8019859233927663 -0.31726076522029006
vn 0.3435527353143381 -0.03267883834839215 0.9385646549824024
vn 0.29889154515116495 -0.9029936125677097 -0.30865252291058004
vn -0.000007867812936368978 -0.13903021762434073 0.9902881391420508
vn 0.00004681945191318137 -0.9696425995986976 -0.2445265360884551
vn 0.7510407391660148 -0.028343421853030643 0.6596472228021787
vn 0.03130990316380546 0.6692540172919749 0.7423737268400775
vn 0.619182935383873 0.059069342971459125 0.78302190598369
vn -0.02632218862135431 0.6480518357333365 0.7611412225000264
vn 0.3435665835420445 -0.03267439686622544 0.9385597404868139
vn 0.0000019036233068804218 0.5518197480571023 0.833963407860664
vn -0.0000018775463771021384 -0.1390077378496791 0.990291294930128
vn -0.00003507733385626896 0.9030917495000789 0.4294476577587393
vn -0.2535718760319556 0.0824480885834622 0.9637964600342585
vn -0.00000481307471311802 0.011194459203159436 0.9999373400668581
vn 0.19750289718957173 0.8673493995944366 0.4568343514063887
vn -0.2535554304774491 0.08243362874021948 0.9638020235131876
vn 0.000012427567414988132 0.9031013208256848 0.429427530752814
vn -0.4134245369375476 0.24429233392116298 0.8771552928902184
vn 0.363599535612906 0.7960167649672739 0.48389326053698556
vn -0.3924799463967263 0.40765855099615805 0.824484079577123
vn 0.46820633792735994 0.7375069329758616 0.48668917076219076
vn -0.28592880248321334 0.4999706357461193 0.8174803259419378
vn 0.5628719316021876 0.6627649857202298 0.4938803117332029
vn -0.2859187964166212 0.49998051345226635 0.8174777844221082
vn 0.4681775056070205 0.7375605432635686 0.4866356627543218
vn 0.6443437143450168 0.566134042659903 0.514114212530273
vn -0.15198669401757922 0.5141546596162446 0.8441238243507351
vn 0.6443437442080621 0.5661265063449886 0.5141224738460218
vn 0.7005371348262326 0.41908788533633795 0.5775924749282744
vn -0.1519900452440358 0.5141459521481939 0.8441285245958359
vn -0.05043628624953323 0.4370308329438227 0.8980313090788002
vn 0.728273658113978 0.18073422760413724 0.6610239162614472
vn -0.002816496376944226 0.20671670884333107 0.9783967853755143
vn 0.7282761955064564 0.18070121506889908 0.6610301460079301
vn 0.7233934577249626 -0.030187179750464855 0.6897757892963743
vn -0.0028246198760677253 0.20672556291973312 0.9783948912162589
vn 0.003365244866146132 0.022188455148082608 0.9997481420763593
vn 0.7052446247464558 -0.15807697039497112 0.6911162642399457
vn 0.0002662869636341465 0.0004234536597354102 0.9999998748891179
vn 0.6808785068811136 -0.25735345736105153 0.685692100619264
vn 0.0003943419957054622 0.00033548523034712945 0.9999998659720164
vn 0.6808582657408891 -0.2574209092559902 0.6856868800335385
vn 0.02131401245792177 0.019148526356694416 0.9995894391255393
vn 0.6150724659015963 -0.3851811217709704 0.6879835500366172
vn 0.02131358481733507 0.019147122612066962 0.9995894751336235
vn 0.6150591322086613 -0.3852048257313617 0.6879821989848283
vn 0.039288590939075954 0.036458699061738015 0.9985625518137298
vn 0.6150542532606889 -0.3851821515678265 0.687999255566106
vn 0.4830685565217896 -0.537989922113976 0.6908050473206987
vn 0.039300701225696254 0.03646567594388198 0.9985618205004256
vn 0.015073120770374523 0.014936682845460559 0.9997748229155483
vn 0.48309636402559647 -0.5379902819021215 0.6907853209529891
vn -0.006443694162847994 -0.004709711903335356 0.9999681482023931
vn 0.015075058724286156 0.014935296910254803 0.9997748144010539
vn 0.35728821880753026 -0.6300045518480822 0.6895211333614363
vn -0.021544151680014535 -0.007931724787345652 0.999736433901599
vn 0.21802405000783145 -0.690207801332726 0.6899845683764434
vn -0.03729982335763481 -0.008105819489057049 0.9992712438912169
vn 0.07089131604563426 -0.7224708988298211 0.6877573857497631
vn 0.000009046721597836063 -0.004152956775375641 0.999991376396906
vn 0.000019652768202768075 -0.7269286899053764 0.6867129527001958
vn -0.031297571363115624 0.6692464242037494 0.7423810919718159
vn -0.7510399720395756 -0.028336014791820376 0.6596484144334094
vn -0.6192116583413776 0.059138299228387814 0.7829939870385307
vn -0.6191840224264361 0.05910510710879207 0.7830183476046246
vn 0.026324446520811565 0.6480508912571501 0.7611419485589969
vn -0.031288746362767815 0.6692578728326458 0.742371143029259
vn -0.3435648082485929 -0.03267493452962079 0.9385603716259241
vn -0.0000011250376607774996 0.5518222571913097 0.8339617476041826
vn 2.421438344779385e-8 -0.13900414401339645 0.9902917993940484
vn -0.3631302689878976 0.49182584466054974 0.7913556382996925
vn -0.7510440637801941 -0.028351481405825937 0.6596430911960095
vn -0.03126841758309237 0.6692450009976136 0.742383603470304
vn -0.7514776447406701 -0.016159829609298168 0.6595606184135115
vn -0.4379496408093085 0.3974518150613805 0.8063697457242627
vn -0.7514803548905478 -0.016190897267331108 0.6595567686403159
vn -0.3631257030572004 0.4918224195922525 0.7913598621143456
vn -0.7514786500535174 -0.016162019908648566 0.6595594193294607
vn -0.43796171685023094 0.39746460579179016 0.8063568823519616
vn -0.719827064266442 -0.013556100013542509 0.6940210585435995
vn -0.7198211957854358 -0.013582296863100104 0.6940266329975732
vn -0.4379596308881821 0.3974465783275806 0.8063669010369818
vn -0.28255224268766954 0.3413384532119967 0.8964665585012136
vn -0.7198356694995555 -0.01356189512125726 0.6940120200089093
vn -0.2825558125409749 0.34135731031819927 0.8964582530668308
vn -0.8342613855382981 -0.0281166139639019 0.5506517925321991
vn -0.41762078222181565 0.339106044799771 0.8429709203980257
vn -0.8497178230402812 0.08185541033361947 0.5208448070268153
vn -0.8497308410537618 0.08184130700420623 0.5208257849126805
vn -0.41762470781014677 0.33911384625300744 0.8429658372116755
vn -0.40334408678061845 0.44114321738534035 0.8016895966731883
vn -0.27808187872601703 0.31719581410150727 0.9066737474090064
vn -0.7635661578997691 0.12087950901429652 0.6343144857329426
vn -0.2969822436823652 0.11748053827751519 0.9476285506797552
vn -0.7364029498361215 0.07210268231016344 0.6726900465120162
vn -0.7635606448622425 0.1208785452199826 0.6343213057458004
vn -0.2969815971633156 0.11749443722226503 0.9476270300957805
vn -0.31074861084928485 0.060264377629117925 0.9485797307787126
vn -0.7166443793342289 0.09808996024332195 0.6905064759059987
vn -0.73639437367858 0.07212959448384364 0.6726965497266417
vn -0.31075066993161626 0.06027426880275202 0.948578427784095
vn -0.3002787603833889 0.07201360222105002 0.9511291748010696
vn -0.7166419385341487 0.09811406327989099 0.6905055847136409
vn -0.31074985972832886 0.06022665646773158 0.9485817173704868
vn -0.6843118545265379 0.18205939980780966 0.7060960704437256
vn -0.23892747709930512 0.12870877609968517 0.9624695899829158
vn -0.6039007923524494 0.28976267855116233 0.742523685221515
vn -0.15591779961430335 0.17390517849303824 0.9723407986178193
vn -0.48297358931690004 0.38789918009641366 0.7850291320090489
vn -0.12557395900161747 0.17496264442562193 0.9765343075776977
vn -0.3822839742453489 0.47709631472772096 0.7913520515601186
vn -0.11853671427666096 0.17690547243866328 0.9770637139868343
vn -0.3196465112583383 0.5558548097067306 0.7673666257834435
vn -0.08829697339757005 0.17350791242161145 0.9808662746857613
vn -0.24919282042054353 0.6145795646083115 0.7484616870733686
vn -0.057207933499278524 0.17277097375930117 0.9832992641973269
vn -0.24923599806574134 0.6145443465306083 0.7484762276889237
vn -0.3848054240913805 0.6895966421152001 -0.6134991905237474
vn -0.319642256477309 0.5558541065392731 0.7673689074477286
vn -0.13904573705065115 0.6668666214117382 0.7320896067114561
vn -0.24918702560966127 0.6145577168548266 0.7484815554988599
vn -0.057198150575603665 0.17276915487501435 0.9833001529006817
vn -0.000010896474294309831 0.17895315503110257 0.9838575954810133
vn -0.000019721686317526492 0.6868755031351698 0.7267750978149035
vn -0.3822993515767825 0.4770799450332682 0.7913544918878174
vn -0.5439348550028048 0.5872921275128856 -0.5993520088182455
vn -0.4829522188278835 0.38788487906542124 0.7850493455328956
vn -0.7803752390174138 0.501901465813876 -0.3729737322418259
vn -0.6039099032666995 0.28974142537100894 0.7425245687250907
vn -0.8441797357400977 0.35480489162715534 -0.40183835387282474
vn -0.6843324657035696 0.18204623887987043 0.7060794879429412
vn -0.8734116931459892 0.23216108872337027 -0.42808088389769955
vn -0.8734102918359978 0.23215039650855127 -0.4280895414698655
vn -0.7166457473846551 0.09805690162816455 0.6905097514145427
vn -0.6843289424418199 0.18204032136744377 0.7060844283319795
vn -0.8912017349399642 0.08175406243268103 -0.446179045805326
vn -0.716627111982557 0.09809640746128527 0.6905234805672644
vn -0.8733916715082433 0.23217870335841218 -0.4281121790452166
vn -0.8912138530994209 0.08175153837933186 -0.44615530257556757
vn -0.7364032430086076 0.072093055685773 0.6726907573382392
vn -0.716645587450801 0.09806507749810453 0.6905087563257885
vn -0.882368625270195 -0.08090459865280382 -0.4635515667707477
vn -0.7248515107240718 -0.40972186052333615 -0.553821527579352
vn -0.7635748402523012 0.12088297981401762 0.634303372626188
vn -0.7206555509804197 -0.5485975168460006 -0.42390605250634245
vn -0.8497197774433617 0.08184123812194458 0.5208438456622784
vn -0.6912425886358338 -0.588949053178661 -0.41871553161542774
vn -0.834260374769302 -0.02810337809311154 0.5506539995582881
vn -0.6471556089081437 -0.6364849562951943 -0.41961472599115746
vn -0.7198438501040608 -0.013541763932445324 0.6940039280126306
vn -0.5160216443326427 -0.7770087936242464 -0.3605260007417338
vn -0.7514984194336316 -0.01615349731407734 0.6595371029087581
vn -0.5159916732551252 -0.7770427834108186 -0.36049563919768024
vn -0.555157097983387 -0.7819851718060749 -0.28337217159433237
vn -0.7514946295059084 -0.01618288107249685 0.6595407009305575
vn -0.7510458019038112 -0.02834961912301802 0.6596411922691311
vn -0.7510467434083575 -0.02834711526883505 0.6596402279058152
vn -0.5551452295659197 -0.7819982748326866 -0.28335926356642027
vn -0.6192029690813016 0.059078880335496006 0.7830053441575
vn -0.5061263989696374 -0.8019862615194524 -0.31726031047088094
vn -0.3435512668761614 -0.03267779449424764 0.9385652288332313
vn -0.2988935688492012 -0.9029931270903891 -0.3086519835155907
vn 0.000007268040699926562 -0.13902986511024681 0.990288188637329
vn -0.000047713514953117835 -0.9696426737839289 -0.24452624174221801
vn -0.7248600683721751 -0.4097125478302292 -0.5538172166247162
vn -0.25869725265844484 -0.6041256980899714 -0.7537293097487171
vn -0.720662529067483 -0.5485669572082803 -0.42393373616322155
vn 0.34394704051044633 -0.3579946240777756 -0.8680669803969724
vn -0.8823648464398655 -0.0809252102474272 -0.46355516188859597
vn 0.5637748344760274 -0.3280204339473255 -0.7579977116881926
vn 0.5410709112129328 -0.07448012247911252 -0.8376723586192294
vn 0.5945715598915019 -0.28939913517915333 -0.7501551844290248
vn 0.539911641311868 -0.047706613912710936 -0.8403686682432351
vn -0.8912113135584807 0.08169537606651732 -0.4461706625437375
vn 0.5278030138530249 -0.11282708270218694 -0.8418396688067019
vn -0.8733998036760503 0.23219611386891592 -0.42808614511895904
vn 0.4911358166073449 -0.2271118254013606 -0.8409553070218999
vn -0.8441945238735763 0.35479079772997013 -0.40181973036175966
vn 0.24147944526053802 -0.22622694992462944 -0.9436678677609313
vn -0.7803753424020479 0.5019065603669906 -0.37296666021437175
vn -0.5439327233450878 0.5872745593740812 -0.5993711574528547
vn 0.23366315218043623 -0.2697137872726395 -0.9341605880511936
vn -0.3848721353380234 0.689553453208143 -0.6135058879987018
vn 0.23364509801784455 -0.2697330591499849 -0.9341595393581456
vn -0.5439147042398109 0.5872715591608744 -0.599390448966677
vn -0.3848730094458433 0.6895529406065889 -0.6135059157831373
vn 0.18831312280202178 -0.2963546192641589 -0.9363290593703403
vn 0.23364569501688434 -0.26977917703454346 -0.9341460725382523
vn -0.2676044050862173 0.7268669615801374 -0.6324968794719155
vn 0.14435527004935403 -0.3263114746272799 -0.934174703968989
vn -0.1121542611741062 0.7516767672622686 -0.6499257336485729
vn 0.08599398926884178 -0.35553058816586397 -0.930700292622746
vn -0.000007539986648991349 0.6678558562556599 -0.7442906389362748
vn -0.1368906387550188 -0.6166494658363278 -0.7752447286534843
vn 0.6543383876215377 -0.121199947081685 -0.7464260494598531
vn -0.6912599689454012 -0.5889321555847484 -0.4187106058507531
vn 0.09698957256477896 -0.5498408864008155 -0.8296192032828477
vn 0.6267830774319042 0.08680083634693571 -0.7743439730859046
vn 0.03751663036748299 -0.542603021567102 -0.839151037318146
vn -0.6471237679743849 -0.6365102754346843 -0.4196254260512547
vn 0.08612467468708317 -0.5812518207864807 -0.8091531753892122
vn 0.08286079841046692 -0.6350596068997574 -0.7680061092016817
vn -0.5159828778684636 -0.7770491408091151 -0.36049452494371437
vn 0.37078525829630915 0.24632977228865502 -0.89545515550158
vn -0.09085874947274719 -0.7329298714022109 -0.6742095306732079
vn -0.5551639260393177 -0.7819766354000232 -0.28338235109665944
vn 0.01985609047868769 -0.5845569174755284 -0.811109700288691
vn 0.00000699982024165359 0.30668769657124256 -0.9518101999468319
vn -0.000009042211104262732 -0.5130550600640231 -0.8583556985661248
vn -0.05362448445355616 -0.7041114010261743 -0.7080618261225838
vn -0.5061562051368694 -0.8019473457872378 -0.3173111258469325
vn -0.29888529648249174 -0.9029809160173043 -0.30869571564102233
vn -0.506111785653496 -0.8019978086906573 -0.3172544330313035
vn 0.008761256497906806 -0.6329546921479232 -0.7741392627121466
vn 0.008785160335377112 -0.6329540138859184 -0.7741395463762244
vn -0.5061217515437443 -0.8019868007136167 -0.317266361430628
vn 4.097819156258482e-7 -0.5869928478851351 -0.809592117384755
vn -0.2988909688271616 -0.9029847606320788 -0.30867897696439944
vn 0.000015273689098640875 -0.9696383160438294 -0.2445435254231877
vn 0.0000434815853756695 0.903085954946173 0.4294598422301093
vn 0.3707620538091031 0.2463077015255797 -0.8954708346029153
vn 0.19750609951100054 0.8673307429090272 0.45686838702281174
vn 0.000006988644798115023 0.3066588565528478 -0.9518194921563956
vn 0.3707642042993686 0.2463185080051925 -0.895466971710488
vn 0.00005730241645434463 0.9030983767751721 0.4294337184973744
vn 0.3707516656879291 0.2463223579289757 -0.8954711041535263
vn 0.36359740931672674 0.7960268751359293 0.4838782264159987
vn 0.19748255040697613 0.8673639137009893 0.4568155902484709
vn 0.6267956027715088 0.0867883362360094 -0.7743352355664089
vn 0.6268144271010265 0.08677055766593886 -0.7743219900663766
vn 0.4681998143843182 0.7375120170163831 0.4866877423635368
vn 0.36356293628837905 0.7960502582339439 0.48386566082234356
vn 0.6543476708721838 -0.12119319765197156 -0.7464190073055739
vn 0.6543274878249721 -0.12118862365602588 -0.7464374429066505
vn 0.5628716554381185 0.6627991543323252 0.4938347704654936
vn 0.4682403487378753 0.7374909220096721 0.48668071234347954
vn 0.594570119968308 -0.2894294693585215 -0.7501446225280274
vn 0.5945847009304288 -0.28941750783317644 -0.7501376804154725
vn 0.5637567798125026 -0.3280552116019778 -0.7579960892750166
vn 0.5628641668971485 0.6628147366286475 0.4938223916866021
vn 0.6443528308459858 0.5661336823861592 0.5141031832702962
vn 0.343934454363181 -0.3579987876615595 -0.8680702501150207
vn 0.7005617841837587 0.4190726700187143 0.5775736176321202
vn 0.5410892272906671 -0.07454954117518064 -0.8376543523557668
vn 0.7282708657155734 0.18077116981887298 0.6610168910944754
vn 0.5410649697984118 -0.07454906532227212 -0.8376700635194142
vn 0.7233725744419187 -0.03014331976240263 0.689799607726021
vn 0.7282473813702739 0.18077358378222746 0.6610421037527557
vn 0.5398897557521268 -0.04778699137805771 -0.8403781619538565
vn 0.7233822426346953 -0.030204166678212522 0.6897868071774594
vn 0.5410723043277639 -0.07455240285454681 -0.8376650289453755
vn 0.53989030870794 -0.04774416908084947 -0.8403802406542078
vn 0.7052456251785916 -0.1580691742085417 0.6911170265096116
vn 0.7233881428795985 -0.03023436758005009 0.6897792964117145
vn 0.527819665170297 -0.11282968973469475 -0.8418288793893257
vn 0.5278315214092824 -0.11277605192138336 -0.8418286328700086
vn 0.68086702168887 -0.25738252161964636 0.6856925960962683
vn 0.705241546959949 -0.1580885236484382 0.6911167623001162
vn 0.49114323470150567 -0.2271222847738502 -0.8409481498677834
vn 0.4911234881676913 -0.22714810043944544 -0.8409527096316124
vn 0.6150149228245791 -0.3852553737460558 0.6879934169037258
vn 0.6808620385450834 -0.2573957998617431 0.6856925598850894
vn 0.24145550050715242 -0.22624303053862774 -0.9436701396184677
vn 0.4830742372422477 -0.5380101748628964 0.6907853017087265
vn 0.23365959017524865 -0.2697680737774257 -0.9341458035497202
vn 0.18831238008443096 -0.29630688598536914 -0.9363443153160008
vn 0.3572744997062605 -0.6300128121480826 0.6895206946777637
vn 0.14438254647551158 -0.32629551708941223 -0.9341760625281511
vn 0.21806098828105874 -0.6901935032573123 0.689987198034345
vn 0.14437938219363403 -0.32628370353846514 -0.9341806778148473
vn 0.08595941797445966 -0.35551368776592385 -0.9307099420724836
vn 0.218028160953788 -0.6902035762171084 0.6899874958346881
vn 0.07083735585769566 -0.7224872154058869 0.6877458052144977
vn -0.000024694947931316295 -0.5832472230724182 -0.8122946978581557
vn -0.0000246614221814755 -0.7269171669211031 0.6867251501344708
vn -0.571051663791262 -0.30739500993063523 0.7611887447610982
vn -0.5557242092756585 -0.818346544501502 0.14655898582958124
vn -0.9540546051123524 -0.03396458371214953 0.29770155780105295
vn -0.23904950037594103 -0.9292472413078305 0.2817000193322667
vn -0.7291084494828979 0.6439143171756022 0.2318948490780306
vn -0.5710536121410966 -0.30740060275358566 0.7611850244765317
vn -0.954059463811464 -0.033938405073211525 0.2976889722056699
vn -0.29269230393648865 0.735476474882941 0.6110692023904597
vn 0.5556059500835507 -0.8183424264377666 0.147029593360328
vn 0.5710509039341598 -0.3074185595587454 0.7611798042215816
vn 0.954085165697065 -0.03398711369189321 0.2976010293995942
vn 0.23895412282380785 -0.9292096476417324 0.2819048738759796
vn 0.5710979205839206 -0.3074289544318645 0.7611403307417445
vn 0.7291631944620183 0.6439516612568273 0.23161885460065013
vn 0.9540827196049432 -0.033984642139121474 0.29760915350491385
vn 0.29274841341651625 0.7355360586751826 0.6109705989904025
vn 0.588007061501011 -0.4390956315503602 0.679295754423901
vn 0.5806313488413846 -0.5318746512100139 0.6164224137252478
vn 4.842877437348621e-7 -0.5230347353083127 0.8523113666147653
vn 0.7420881692834036 -0.5452276213225671 0.38991279788760663
vn 0.5806153553292971 -0.5318888142779957 0.6164252577578095
vn 0.5880047313377538 -0.43911821754281244 0.6792831713994093
vn 0.897974768291607 -0.3996359941821667 0.18420745822486606
vn 0.8483115340481816 -0.17492307097762072 0.49976940726757063
vn 0.8543609772596579 0.12724793411560986 0.5038603812557916
vn 0.8661844430965001 0.08353916268414978 0.49269231659894747
vn 0.8969914867793323 -0.13180884352659597 0.42193921530664186
vn 0.6011327195781334 -0.07689090129101056 0.795441539493163
vn 0.9456207843900696 -0.023257585160828508 0.32443861801887314
vn 0.0000050282105157720685 -0.5238715147291156 0.8517972975010774
vn -0.000015020370881965198 -0.5229986810982297 0.8523334906853659
vn 0.46608840922834793 0.33864544691732557 0.8173621327570498
vn -0.5806246053880403 -0.5318712462976609 0.6164317034187612
vn -0.5880140397950406 -0.4391205794950884 0.6792735867585417
vn -1.815205977326676e-7 0.29864385213756856 0.9543646313544949
vn 0.5884955173217628 0.5730695118613933 0.5703195250621667
vn -0.6011332521993712 -0.07688987262231156 0.7954412364143136
vn -0.4660887438353012 0.33864697176271535 0.8173613101841644
vn -0.8543609475248222 0.12724725913474846 0.503860602138312
vn -0.7420861821406145 -0.5452268158158715 0.3899177061781787
vn -0.8979568126090512 -0.39966346210646914 0.18423539221893254
vn -0.5884936125834889 0.5730681434970148 0.5703228654519465
vn -0.8661844248040398 0.08353763184902949 0.49269260831876777
vn -2.7008352727898305e-8 0.7599957503393027 0.6499280417601626
vn -0.7289146865718101 0.6057333344304632 0.3190149013128895
vn -0.9456209293476128 -0.023257673735156623 0.32443818917042777
vn -0.8700607940336383 0.38888807725623414 0.3029195900787926
vn -0.5948838368537959 0.6185498842022505 0.5133315316669028
vn -0.8481164888050892 0.19586437857529213 0.49227590497833784
vn -0.7153758101681228 0.536059131722841 0.44819421852903857
vn -0.8969914293420607 -0.13180999999316725 0.42193897614310083
vn -0.7542673910518579 0.14397986524599438 0.6405860607284307
vn -0.5393661116279521 0.6446390266106979 0.541779219791379
vn -0.22158033902934254 -0.10964086399218666 0.9689587371496726
vn -0.0000012870877827848185 0.5185446878381063 0.8550505287485789
vn -0.22156900776842528 -0.10967080464091736 0.9689579399571115
vn -0.0000011629889755520502 0.34860787461985343 0.9372686646590057
vn 0.5393648956462344 0.6446221299493825 0.5418005342596555
vn 0.22157712252982012 -0.10968098643095428 0.9689549318657386
vn 0.7289147408246269 0.6057332703784105 0.319014898970632
vn 0.7542730170946608 0.14399697620624924 0.640575590017583
vn 0.7542736805297087 0.14398149891027448 0.6405782878241485
vn 0.7153760299985478 0.5360592966078556 0.448193670441482
vn 0.870061183765095 0.3888925055089393 0.3029127855741003
vn 0.5948841925071694 0.6185493457074777 0.5133317683817595
vn 0.8481163529957836 0.19586401711388937 0.4922762827733442
vn 0.7153675793483889 0.5360588743355827 0.4482076635481532
vn 0.5078249735875372 0.502279531540673 0.6998778953475381
vn 0.7542756919507863 0.14398511347890866 0.6405751069379985
vn 0.6100071120647304 -0.10226593602220485 0.7857690510321399
vn 0.7475513970195473 -0.4139265817281313 0.5194532642625204
vn 0.22156204474541874 -0.10965233250664558 0.9689616227199513
vn 0.3048212899372028 0.32732105710705145 0.8943963924208003
vn 0.594881543486416 0.6185328673631715 0.5133546933755575
vn 0.9473783551102612 0.16572266076260525 0.2738799955789725
vn 0.2843242298574516 0.8049260413667659 0.5208203147397329
vn 0.15333738248084441 0.792634387008801 0.5901003098330871
vn 0.5554738030909989 0.7996340149705282 0.2281102719776892
vn 0.516319991797484 0.2900725696153238 0.8057738953496877
vn 0.3048173564420831 0.3273057369573003 0.8944033395322819
vn 0.15330266826300612 0.7926385106729862 0.5901037902789243
vn 0.507824330777189 0.5022659543846267 0.6998881054402911
vn 0.5554896492700366 0.7996191013507956 0.22812396259226658
vn 0.8522687908294428 -0.4793304882382952 0.20947599199754888
vn 0.39641589991108545 -0.9150658374723049 0.07422228364038394
vn 0.8812795187381158 -0.4088622817404312 0.2370190802925441
vn 0.8838102547768036 0.3728566218306067 0.2825904688916972
vn 0.8812895895387741 -0.4088521137462707 0.2369991739559142
vn 0.413083942671603 0.9008224216489443 0.13371843912271555
vn 0.0431975617210171 0.9918099135122475 0.12019594885097758
vn 0.043188702918934736 0.9918125606261191 0.120177287889354
vn 0.41306031325979725 0.9008353099887229 0.13370460682878377
vn 0.043198110956422134 0.9918085201459593 0.1202072484323589
vn 0.016332484617118174 0.9996585778414957 0.02039553122989897
vn -0.1519793487352402 0.9664480849259518 0.20707577526348234
vn 0.2843324343366948 0.8049403715056226 0.5207936876581355
vn 0.29460258703714015 0.790451393240863 0.5370250558722588
vn -0.1519857577231354 0.9664456154516048 0.20708259662195935
vn 0.016356150208981856 0.9996580886636912 0.02040054213977131
vn -0.1519703266086761 0.9664513191494175 0.20706730196919754
vn -0.3334372874841231 0.9389759262886369 0.08452091555127908
vn -0.2926848246170986 0.735479994229412 0.6110685489592493
vn -0.7291080720050752 0.6439194852468326 0.2318816850389362
vn 0.24316872040102425 0.7236877800054897 0.6458676106519465
vn -0.2926903647588844 0.7354690788160476 0.6110790329268265
vn 0.5472801257257945 0.303158436230497 0.7801150085262033
vn 0.30967801814142487 0.4535944631923665 0.8356743313284358
vn -0.5710377168140647 -0.30741476685917424 0.761191228990915
vn 0.47437000808871876 0.3504022380679213 0.8075836594328174
vn 0.5676584155622979 -0.22102499155739372 0.7930396436171118
vn 0.3765332004062666 -0.45603913636747473 0.8063814575577877
vn 0.6538558679940604 -0.08311228208811966 0.752040459321065
vn -0.23904389652170593 -0.9292643422119515 0.28164835847046776
vn 0.6351405971925459 0.2763851265228598 0.7212542434085493
vn -0.007828987979399285 -0.9999632035063748 0.003506933202539286
vn -0.5556962300714552 -0.8183627803016678 0.14657441693998435
vn 0.4577539489749261 0.16054814586909547 0.87446304384797
vn 0.5880222371554086 -0.4390801314794875 0.6792926370502659
vn -0.000031828879824087054 -0.5229997358501235 0.8523328430182797
vn 0.3149352003564842 -0.3741845176289163 0.8722395120282253
vn 0.5630618905017702 -0.1950474348119437 0.8030677466053866
vn 0.7211681602692362 0.02213609698776612 0.6924062953382453
vn 0.7467848516111122 0.0021280984384188647 0.6650622952785743
vn 0.587850130652073 -0.21590450278213244 0.7796264936305981
vn 0.5925654660929036 -0.2913821255093399 0.7509744505159675
vn 0.5386294749833201 -0.21316239476591003 0.8151319415510936
vn 0.4524717096494178 -0.30569681193870213 0.8377462689486873
vn 0.5726674356285503 -0.20926125731519601 0.7926296325254838
vn 0.35605662580307995 -0.3877487533208616 0.8502203146948697
vn 0.5783297456858623 0.33756536642106577 0.7426872347414742
vn 0.33610455333081757 -0.3379717937237649 0.8790954418477168
vn 0.8156665064551102 0.2643991789286542 0.5145689695552668
vn 0.6569874839538733 -0.3347882698030717 0.6754881644634676
vn 0.619370489485584 0.3341347673344857 0.7104464469702955
vn 0.9684522139854719 -0.04928098800080677 0.2442779020875645
vn 0.44857758096409117 0.3512321842776136 0.8218358148584064
vn 0.6747452968109825 -0.29169565257211166 0.6779619684775756
vn 0.6747386406732511 -0.29170698591983685 0.677963716689896
vn 0.8366785767634825 -0.0032597486793003627 0.5476845197954581
vn 0.8055271537435165 -0.39618067868039447 0.44064370462110414
vn 0.8366719766472108 -0.003266126204064813 0.5476945644361171
vn 0.7651712594046094 0.3681766212681835 0.528165617332962
vn 0.9429238835463026 0.2327196191900093 0.238193469016293
vn 0.9363567284799619 0.23423905589598773 0.26147302293594116
vn 0.9009230171113648 0.35848609753951716 0.24459238563341115
vn 0.9999602902524861 -0.001375825745971236 -0.008804829452094258
vn 0.977385981682054 -0.2103785057919391 0.02138988340684695
vn 0.9833379400530057 0.14351205218477117 -0.11158309249177067
vn 0.8506332455011282 -0.40402877100224505 0.3364280515216179
vn 0.9766276938366083 -0.16339029435594943 -0.13964941583001395
vn 0.889564903740899 -0.4564000790818902 0.019319675113452207
vn 0.5145591722161376 -0.43636503542571037 0.7381154477086643
vn 0.7760846008270986 -0.5009634671265182 0.3830512980837178
vn 0.9585312461724388 -0.25961008581117007 -0.11756042470248378
vn 0.9990757973770565 -0.033866059047504095 0.02646962674443287
vn 0.8774742090135614 -0.4612671128571432 -0.1314216995494289
vn 0.9974899373529842 0.047803688125341255 -0.052236311902300034
vn 0.9848604625586712 0.023315645842810803 0.17177383371064578
vn 0.9702668480795797 0.23863513848196455 -0.04044149106316018
vn 0.9895404735395065 0.07327259100681147 0.12426092963742795
vn 0.970431741737031 0.04830501043042732 0.23649283413361288
vn 0.9632184401196004 0.06638674472335679 0.2603901625227028
vn 0.9495269739350121 0.21032036516333702 0.23273132528170695
vn 0.9789257071373612 0.1699136580486636 0.11328640127631782
vn 0.9365741703857989 0.22140726704605926 0.2716756254531267
vn 0.8532892185597488 0.4769020267612947 0.21086006345598707
vn 0.9579568069230544 0.13124275786561876 0.2551354435934221
vn 0.8440503335542057 0.47610616920486737 0.24678320459889552
vn 0.9123939784581834 0.25388862710304655 0.32105730501108126
vn 0.8840808478299093 0.2966366569677886 0.36112012993368775
vn 0.6276137228160875 0.7458434463069871 0.22320073596170684
vn 0.6278915574171119 0.754797807901316 0.18982218340247303
vn 0.8174345667024857 0.4728136354363178 0.3290106309914803
vn 0.3608227057740726 0.9190386154405114 0.15866631125435857
vn 0.7776424040499063 0.4513975354678844 0.43762147616062297
vn 0.6182812423692458 0.7173553599158716 0.32113796557603125
vn 0.3802549080952472 0.9030388534446697 0.19981750183307517
vn 0.18420877965827914 0.9669770243712796 0.17613222259107789
vn 0.16049369899484103 0.9801319862465059 0.1165463947079994
vn 0.3954898906170766 0.859569931515698 0.32361594406609634
vn -2.046835975751372e-7 0.9868248173466805 0.16179239743773205
vn 2.947926934158549e-7 0.9949025497823245 0.10084104539592098
vn 0.20943073172156754 0.9233646644585605 0.32177082689376735
vn -0.16049293476390214 0.9801321985774528 0.11654566144905809
vn 0.5813810476532679 0.6398730712867344 0.5025520172794756
vn -0.18420998383185366 0.9669768307517359 0.17613202617921916
vn -0.3608221720545733 0.9190388607929437 0.15866610383515484
vn 3.1177478493597096e-7 0.9495811412727716 0.3135213806728389
vn -0.3802546398996796 0.9030390323186843 0.1998172038231414
vn -0.20943241295053747 0.9233645337758773 0.3217701076398676
vn -0.000003917142680140147 0.8296934534136221 0.5582192878674416
vn 0.15732671513691304 0.8119681300968964 0.5620996890331627
vn 0.3578634807057608 0.7549606753143052 0.5495162489918982
vn 8.515781228584597e-7 0.5722970636077819 0.8200463834352211
vn 0.015328861177560023 0.584083666658086 0.8115487023945297
vn 0.285835456208983 0.5866893788136631 0.7576896889631275
vn -0.15732559826798306 0.8119685510359096 0.5620993935757863
vn 1.339552364511935e-7 0.31018745713504753 0.9506754132910322
vn -0.39549056410104366 0.8595696722510683 0.32361580964660774
vn -0.015328673912971037 0.5840853329678899 0.8115475066611068
vn -0.35790385514669554 0.7549656658453141 0.54948309697922
vn -0.6182825597547512 0.7173548901365792 0.3211364786196813
vn -0.28583666834048943 0.586689181525109 0.7576893844534227
vn -0.5813810319880831 0.63987282162371 0.5025523532844943
vn 0.17785012146012041 0.3656505822252273 0.913602203376816
vn -0.5798815269609868 0.49936642901915745 0.6437162296059104
vn -0.18433070399536472 0.4630628204952429 0.866945797521139
vn -0.014106851440562933 0.44934339159697445 0.8932477333699549
vn -0.562734185875986 0.38710987493412097 0.7303945377499619
vn -0.7203675515047421 0.43744596067921415 0.5382486620740474
vn 0.41876362895787517 0.2914019674452845 0.860070878725148
vn -0.31284776990513397 0.34847071996591134 0.8835691428472499
vn -0.00000387430173378127 0.2560032872241952 0.966675911003991
vn 0.2654127025246877 0.21067238538197852 0.9408364594210882
vn 0.6203535203701583 0.15257220594585152 0.7693394775631679
vn -0.000013798474301986776 0.21819151412746296 0.9759059703538898
vn 0.000024944544059840023 0.2803455391812423 0.9598991499313604
vn -0.000018099554001545008 0.2182137557678205 0.975900997266684
vn 0.39945512438955166 0.035614103871544574 0.9160607180773306
vn -0.0000032521785814230685 0.34862041564942986 0.9372640000457938
vn 0.09687381609274165 -0.40901781649838514 0.90736976450757
vn -0.2215675252332317 -0.10969251200816012 0.968955821785163
vn -0.24584794683157418 -0.89634540502476 0.3689494571478568
vn -0.5220658647174289 -0.2147225530583293 0.825434102824057
vn -0.5220999252632134 -0.21470638650447402 0.8254167648129874
vn -0.3313089981963572 -0.8713348523190975 0.36195292905042614
vn -0.22157616446914033 -0.1096535511474889 0.9689582560976966
vn -0.7475194019853396 -0.4139301948111976 0.5194964268202859
vn -0.396399361395155 -0.9150959923690356 0.07393829207956636
vn -0.6914938664157263 0.17923348559715815 0.6997939627848492
vn -0.7282882461475858 -0.29080632274363744 0.6205061749697554
vn -0.6245604830821069 0.32432720005432825 0.7104477956030021
vn -0.6241692059543922 -0.22790573878349024 0.747309692542399
vn -0.35056314047387305 -0.8937079927264382 0.2799848358000414
vn -0.6241579663648672 -0.22792586473032286 0.7473129419528394
vn -0.44649321664860164 -0.8254613466060988 0.3453366078857419
vn -0.1438097104735439 -0.9896040436552951 0.0016136773543797619
vn -0.05394990157900003 -0.9960376114118532 0.07069996303101095
vn -0.45411318593532773 -0.8861882547172911 0.09193253809608454
vn -0.8815335917497861 -0.40903068484480726 0.23578046032720673
vn -0.14519147334850027 -0.9893840973728897 0.006208375997324267
vn -0.8523824598262884 -0.4794034460784395 0.20884558426886338
vn 0.007816336131680713 -0.9999623906474376 0.00375794892701594
vn -0.747551338538837 -0.41392676116439675 0.5194532054388975
vn 0.23895579410960435 -0.9292181819304728 0.28187532497768414
vn 0.5555906916124459 -0.8183499370888707 0.14704544828128976
vn -0.7542659280491194 0.1440056827522148 0.6405819800144781
vn -0.2215616674962615 -0.10965279963304332 0.968961656119019
vn -0.5078348940479578 0.5022522584211313 0.6998902694695596
vn -0.9475772070837531 0.1657824653795718 0.2731549208563252
vn -0.8842427792973483 0.37297957949769356 0.2810710595885398
vn -0.8815340964160833 -0.40902837317618956 0.23578258373493066
vn -0.5554907950723746 0.7997560919119415 0.22764044025523958
vn -0.41300157161878615 0.9009924845409204 0.1328241116710069
vn -0.04317231323955559 0.9918184126116066 0.12013487326392105
vn -0.507833940896626 0.5022728225378121 0.6998762034912331
vn -0.7153679762911835 0.5360586356530039 0.44820731546785
vn -0.754275314443065 0.14400258522222079 0.6405716239977638
vn -0.15330286297746581 0.7926383370262111 0.5901039729397141
vn -0.0431623963792113 0.9918181710247175 0.12014043101299618
vn -0.04316264035145276 0.9918182130383395 0.12013999651792134
vn -0.41302168197173006 0.900986093283272 0.13280493187901699
vn -0.01627111195690073 0.9996618932082129 0.0202817697220292
vn 0.15198041147861605 0.9664507622550608 0.2070624994135884
vn -0.28433226517757654 0.8049398027919564 0.5207946590166171
vn -0.3051238924900298 0.3272848639282569 0.894306450874193
vn -0.5948826929691381 0.6185334810794505 0.5133526218784934
vn -0.2946108636602261 0.7904509141623217 0.5370212205428436
vn -0.15333806541477507 0.792633241496838 0.5901016710441255
vn -0.28432351544923007 0.804926639812199 0.520819779850222
vn 0.15198542699499226 0.9664457162037117 0.20708236914968134
vn -0.516319847262399 0.2900726782804052 0.8057739488455589
vn 0.1519798770332825 0.9664474019406589 0.20707857508467262
vn -0.01625721889435951 0.9996622162679534 0.020276986957245835
vn 0.3334428801914461 0.9389747056706206 0.08451241187189173
vn 0.29275076495337204 0.7355320580127825 0.6109742885381482
vn 0.729151304163693 0.643962178726585 0.23162704506619117
vn -0.2431697242911479 0.7236880500867514 0.6458669300636183
vn 0.29276265124596035 0.7355206017790548 0.6109823846838904
vn -0.547283682344085 0.3031092249201126 0.7801316355642984
vn -0.30967839066824365 0.453594173142109 0.835674350716027
vn 0.5710712584283436 -0.3074160719450649 0.7611655381761149
vn -0.4743701191757809 0.3504025521054962 0.8075834579231489
vn -0.3765331930393984 -0.45603801846633174 0.806382093211932
vn -0.4485776045854485 0.3512317622054975 0.8218359823483039
vn -0.49529728794717753 -0.7356860112806565 0.46200291055157733
vn -0.6747455282737321 -0.29169776553005333 0.6779608290007441
vn -0.6537756665414733 -0.2506750455386418 0.7139603626129758
vn -0.8055272120304465 -0.3961817211137615 0.4406426608191649
vn -0.8366726009180422 -0.0032664837092951267 0.5476936086510553
vn -0.6193706814398799 0.3341345062024787 0.7104464024383013
vn -0.9420867938069841 -0.05496339594178413 0.33083454783475014
vn -0.6747389452108027 -0.2917069589338752 0.6779634252121304
vn -0.836689288885354 -0.0033091606337151513 0.5476678585789209
vn -0.9429239173986006 0.23271970205074266 0.2381932540503413
vn -0.7651777955427755 0.36820882664867005 0.5281336963178055
vn -0.5783354702431123 0.33751476354594045 0.7427057750194257
vn -0.7241904615692263 0.10727684689658956 0.6812047074793867
vn -0.4952800304037235 -0.7356911189717249 0.4620132778929821
vn -0.7946434233120636 0.3799679258054952 0.47346193632218664
vn -0.8563655192284811 0.3719770414236282 0.35814965884425815
vn -0.7776441411854192 0.45139667619272356 0.43761927562911723
vn -0.884080900603068 0.29663751894278184 0.36111929267811044
vn -0.8174344875499574 0.4728134499894296 0.32901109414886287
vn -0.6276138962560328 0.7458437379436326 0.22319927373670262
vn -0.6278915522570815 0.7547978613029809 0.18982198812740017
vn -0.8532892226384848 0.4769020255302727 0.21086004973473138
vn -0.8440502764429325 0.47610661764603135 0.2467825347755894
vn -0.9123946144161963 0.25388705531646794 0.3210567406659662
vn -0.9365740849798445 0.22140745466170136 0.27167576698040974
vn -0.9495268537710915 0.2103209742007643 0.23273126515106182
vn -0.957956639884281 0.13124205912445527 0.25513643020625393
vn -0.9632073839776844 0.06637013202647774 0.26043529143657507
vn -0.9704317057629687 0.048304025163272424 0.23649318299477756
vn -0.9789248849428935 0.16991679976844223 0.11328879377941016
vn -0.9895413738809358 0.07327192836851072 0.12425415039744134
vn -0.9848605703975122 0.02331549656193068 0.17177323568110775
vn -0.9702665826627653 0.23863595140536153 -0.04044306201039803
vn -0.9974901053167813 0.04780351711131188 -0.05223326092544069
vn -0.9990758048073503 -0.033866353597387364 0.02646896942765797
vn -0.9009227312482064 0.3584870086177391 0.24459210325065067
vn -0.9833384680556 0.1435111866863554 -0.11157955250824353
vn -0.9766346757320495 -0.16338235328225503 -0.1396098735537953
vn -0.95853121790701 -0.25961013776037545 -0.11756054044509727
vn -0.9999602816578949 -0.0013733297080626846 -0.008806195102100399
vn -0.9363567033219764 0.23423906450364 0.26147310531766
vn -0.8156700992413262 0.264391554885125 0.5145671918312235
vn -0.9684519798688346 -0.04927937889419718 0.2442791548698679
vn -0.9773859754066054 -0.21037841710551922 0.021391042392893803
vn -0.8895601070986024 -0.4564093636801368 0.019321195713924714
vn -0.8774742855294063 -0.46126628728239744 -0.1314240862679701
vn -0.8506378868066347 -0.4040186046797073 0.3364285252498745
vn -0.6569899733692075 -0.3347921960151334 0.675483797273993
vn -0.5726687252813635 -0.20926520509147048 0.7926276585021765
vn -0.3560560753788639 -0.3877486784891715 0.850220579329683
vn -0.5386368168671002 -0.21316464031513518 0.8151265028414898
vn -0.4524747855979034 -0.30569891203171856 0.8377438412669799
vn -0.5676581007385803 -0.2210256704692778 0.7930396797509404
vn -0.5878503797671583 -0.21590484943747604 0.7796262097935066
vn -0.6100037033827191 -0.1022784611093206 0.7857700670377288
vn -0.6538562010976069 -0.08311253241642763 0.7520401420413237
vn -0.6351396302719131 0.27638521016574025 0.7212550628312409
vn -0.746784767059032 0.0021274576174483426 0.6650623922705848
vn -0.5925649363214012 -0.291382873847359 0.7509745781788275
vn -0.7211682117371315 0.022136603344371973 0.6924062255441107
vn -0.848312539557437 -0.1749288510261418 0.49976567740120537
vn -0.5880237357888355 -0.4390782157861584 0.6792925780331958
vn -0.4577376448011414 0.16053332441122642 0.8744742993852844
vn -0.00000974908458953492 -0.5230012870361842 0.8523318917320002
vn -0.563054729728986 -0.1950255926086557 0.8030780718942967
vn -0.31492345619466744 -0.3741998335902972 0.8722371817799327
vn -0.00006253644495871886 -0.5230307704127276 0.8523137974306537
vn -0.000021308660849617853 -0.5230340994754781 0.8523117565373698
vn -0.3149433824633923 -0.37417952456466325 0.8722386996912485
vn -0.000002756714773406645 -0.3939624326682896 0.9191265427776981
vn -0.0000057183203808127 -0.3939842433099879 0.919117193828272
vn 0.3149464871341732 -0.3742056376127915 0.8722263760175154
vn 0.00002342834820755965 -0.5229933323947176 0.8523367724800923
vn -0.5172700811513093 -0.17394327639443385 0.8379590680593458
vn -0.000011697412235974184 -0.5827902461574113 0.8126226238832848
vn -0.3149753633330557 -0.3741821805132049 0.8722260121548733
vn -0.5172709392811996 -0.1739748845715 0.8379519764959557
vn -0.7511557969353998 -0.10236602127215944 0.6521396832115434
vn -0.8138473431437963 -0.23345155496234848 0.532121107966453
vn -0.7467871398077702 0.002138246195056513 0.6650596933516112
vn -0.7030620623455957 -0.2028058117883974 0.6815963168879412
vn -0.6757985511769241 -0.4765117731728719 0.5623458439917695
vn -0.8285100254293266 -0.20399305162255124 0.5214958989798634
vn -0.7475892827921342 -0.4650645331888917 0.4741574044809809
vn -0.44875445859204394 -0.21748077154694975 0.8667880651584359
vn 0.00001976638973302076 -0.5827827743678604 0.8126279822338074
vn -0.8456610489065846 -0.31586979949857635 0.43021350528190583
vn -0.7646746444262863 -0.267729418605314 0.5861686161718257
vn -0.8672070241659176 -0.27402167969369096 0.41576928252955614
vn -0.8513517895468284 -0.3083046252159335 0.42443891021662383
vn -0.4287976383516346 -0.47751340353383037 0.7668856073689204
vn -0.5544249064712136 -0.3409693278705359 0.7591791228266891
vn -0.33609895793545663 -0.337966407150912 0.8790996519804818
vn -0.2623665421938433 -0.18647895235058728 0.9467784312432733
vn -0.51455969478902 -0.4363637033043628 0.7381158709424508
vn -0.5157878220348125 -0.27192393669206083 0.8124163312578574
vn -0.7760935897078265 -0.500955630417761 0.38304333484236963
vn -0.7180467198726666 -0.4220924638995456 0.5533957535067606
vn -0.7166097451936682 -0.10978839028396346 0.6887793423530659
vn -0.795292787907673 -0.3908210800434205 0.463430971014816
vn -0.8367695564013881 -0.5316106308075976 0.13117487065811184
vn -0.85841876426564 -0.35386828086965644 0.3713414398515273
vn -0.8056224618260094 -0.5571339605414715 0.20143038254636275
vn -0.8718266809459224 -0.061101985093190064 0.48598846262898915
vn -0.7934841739520401 0.007547608648846513 0.6085440816336416
vn -0.8878532778345789 -0.15950597824162585 0.431595180630618
vn -0.8321386798804592 -0.5281830513991705 0.16902035871890575
vn -0.49854585298494947 -0.8652939075557464 0.052139102585456634
vn -0.7454985074124669 0.05380496554358515 0.6643319961650483
vn -0.8829776930230213 -0.260734080310182 0.3903436088737034
vn -0.7203314303091829 -0.6892018189481023 0.07825268856310295
vn -0.5330125300552369 -0.15637272809050776 0.8315318470832295
vn -0.6884391317052533 0.11715799326208887 0.7157692131907584
vn -0.8833208982960653 -0.24237346612620247 0.401247172639762
vn -0.34197578450877114 -0.9383078844675606 -0.05129207302909096
vn 0.0000014910475826322044 -0.9985882145770977 -0.05311852506895641
vn -0.46570369528823 -0.7834554228085789 0.41148228232418255
vn -0.000002699554787753921 -0.9962674709739276 -0.08631990657968983
vn -0.2292123050186768 -0.9294860120244727 0.2889938973038476
vn 0.34197633724978416 -0.9383076089997656 -0.05129342700936313
vn 0.49854598863927296 -0.8652938247677142 0.052139179419604456
vn 8.521601066258567e-8 -0.9600714627718967 0.2797548683598251
vn -0.06408902467679337 -0.722492904396829 0.6884014817039632
vn -0.5630394390237435 -0.4851204487788864 0.669062583231494
vn -0.09233781457616917 -0.6517704523117454 0.7527742061818004
vn -0.6320742484221963 0.17993498329561047 0.7537277666823241
vn -0.41388375996348004 -0.23464926968700317 0.87956804937074
vn -0.03756765639684768 -0.6433383711366206 0.7646596703214629
vn -0.17276830380773067 -0.17691938579618408 0.9689430551528302
vn -0.304992806947525 0.2869962573278946 0.9080817892624268
vn -0.40976702855636415 0.21624828164773321 0.8861871489660016
vn 0.000002158048993744112 0.30067694341781803 0.9537260485549616
vn -0.00000180909429580838 0.21195112805781352 0.9772802665109676
vn 8.29924870328809e-7 -0.23096837111015509 0.972961259016017
vn 2.0045137379091914e-8 -0.16840141080835208 0.9857185018237996
vn 0.30499325939466926 0.28699515973500467 0.9080819841911276
vn 5.104183155740251e-7 -0.6406422175756011 0.7678395334049657
vn 0.40976644710665144 0.21624776863689646 0.8861875430094667
vn 2.0697027263351668e-7 -0.6920669770462597 0.7218332905055079
vn 0.03756784872797891 -0.6433382324175365 0.7646597775820507
vn 0.17276871039972055 -0.17691983719405616 0.9689429002340882
vn 0.0000015952761983925708 -0.7349558546937683 0.6781149545975278
vn 0.0640758506430999 -0.7225266843742367 0.6883672535293461
vn 0.09233727139078368 -0.651770523920771 0.752774210809688
vn 0.4138756655113705 -0.23464358212582306 0.879573375486481
vn 0.22920037612624075 -0.9294921198291034 0.28898371365734354
vn 0.4656983324180223 -0.7834533487159149 0.4114923007407215
vn 0.7203283933060163 -0.6892048018913449 0.07825437270264977
vn 0.5630428579699104 -0.4851208845206215 0.6690593901074892
vn 0.8833193358585759 -0.2423759674851972 0.4012491012874407
vn 0.63207244592592 0.1799301512332043 0.7537304317714796
vn 0.688438909413848 0.11715775489519181 0.7157694660105235
vn 0.8829788961024936 -0.2607303162602209 0.3903434016612383
vn 0.8321388008919354 -0.5281829551056605 0.1690200638562881
vn 0.8056224619796905 -0.5571339010430835 0.20143054649753975
vn 0.5330160951828034 -0.1563736635926079 0.8315293858972768
vn 0.7454983202917511 0.05380544178122045 0.6643321675765107
vn 0.8878549435732814 -0.1595026016202296 0.43159300185344
vn 0.8584197369334329 -0.35386554165426104 0.37134180167720476
vn 0.8367694896863263 -0.5316105288178706 0.13117570956571534
vn 0.7934834019162567 0.0075409715050571225 0.6085451705766499
vn 0.7952978107948129 -0.39080982267559944 0.463431844660296
vn 0.8718252321704287 -0.061104512832470516 0.4859907438032997
vn 0.7180489324317454 -0.4220925820989708 0.5533927924816643
vn 0.7166095178954331 -0.10978606740647837 0.6887799490875843
vn 0.5157875531376144 -0.2719243096752152 0.8124163771342686
vn 0.2623656473034656 -0.1864787133486039 0.946778726304559
vn 0.5544249135064443 -0.34097141835979466 0.759178178786167
vn 0.42879755317580354 -0.47751545783415494 0.7668843758480682
vn 0.8513527551093047 -0.3083036326772075 0.4244376944214943
vn 0.675792884850031 -0.47651320094325106 0.5623514435945636
vn 0.7467869168382374 0.002135653499581105 0.6650599520519708
vn 0.7475880322020446 -0.46506435506353183 0.4741595509505381
vn 0.8138400864123799 -0.23345264705798602 0.53213172742274
vn 0.8456610444541505 -0.31587785200185015 0.4302076016383399
vn 0.8672064273877002 -0.27402271157528685 0.4157698471972067
vn 0.8285101395005091 -0.20399290134587622 0.5214957765364345
vn 0.7646741769324863 -0.26772930266723227 0.5861692789851257
vn 0.7511572548800596 -0.10236570329160295 0.6521380538127404
vn 0.7030616124421857 -0.20280727757901135 0.6815963448194126
vn 0.5172589559492525 -0.1739496708654019 0.8379646081405274
vn 0.31492893197364447 -0.3742155598918464 0.8722284577682453
vn -0.000014185905381230508 -0.5827841595943783 0.8126269889221218
vn 0.4487771476718853 -0.21744480475656927 0.8667853417149279
vn -0.000013068319717360862 -0.5827585117902507 0.8126453819257397
vn 1.2163956255745369e-7 -0.22064964555232425 0.9753531329306421
vn -9.685754110560026e-7 -0.5827667776968284 0.8126394543780885
vn -0.267555530660911 0.7269008207763553 -0.6324786437243706
vn -0.38487962274618 0.6895596050750927 -0.6134942762923223
vn -0.2491969934698629 0.6145435880500643 0.7484898374942272
vn -0.13906750933939374 0.6668777755982822 0.7320753105106227
vn -0.11216386978424231 0.7516920583043875 -0.6499063900263921
vn -0.000004668719880265274 0.6678628634531042 -0.7442843513056172
vn 0.000006251037209291504 0.6868863194948026 0.7267648753564033
vn -0.07089118571657926 -0.7224684935761282 0.687759925829891
vn -0.000008817762147115215 -0.0041532266067017 0.9999913752783074
vn -0.00001984089584168747 -0.7269311515090733 0.686710346923673
vn 0.037300604173417067 -0.008102208304876148 0.9992712440318108
vn -0.21802583891102048 -0.6902110348338174 0.6899807685441505
vn 0.021541447814559796 -0.007935001436048219 0.99973646616409
vn -0.35729130573407725 -0.6300051783776437 0.6895189613521818
vn 0.006439026043565244 -0.004711653343669641 0.9999681691265874
vn -0.48307194591847386 -0.5380148278733761 0.6907832800921868
vn -0.01508882678234843 0.014944068428539235 0.9997744756319474
vn -0.03914110329144142 0.036408117368054146 0.9985701893321485
vn -0.6150192150438181 -0.38524106906090216 0.6879975899926535
vn -0.021331760888151002 0.019160176370067897 0.9995888372820491
vn -0.6808594889214155 -0.2573904404998244 0.6856971033079952
vn -0.0002734916163802422 0.0004189397141162058 0.999999874845918
vn -0.7052436665907419 -0.15807527065797383 0.6911176307547471
vn -0.003396650885545278 0.02214924807263807 0.9997489052620055
vn -0.7233956240974921 -0.030187933119323215 0.6897734843632243
vn 0.0028309704750028417 0.20675082663466227 0.978389534537269
vn -0.7282708107249651 0.18074194978909935 0.6610249419140225
vn 0.0504376917721276 0.43703125712884355 0.8980310237074676
vn -0.7005360717877753 0.4190889939120842 0.5775929598825718
vn 0.15201134224060628 0.5141370820111528 0.8441300923028785
vn -0.6443391328018344 0.5661288044947375 0.5141257226219471
vn 0.28593029928703473 0.49999542065745084 0.8174646434379934
vn -0.5628720165187586 0.6627646473184391 0.49388066907398936
vn -0.4682172246890306 0.7375272721941147 0.48664787400584614
vn 0.3924802321048332 0.40765844879784724 0.8244839941021715
vn -0.36359727963823263 0.7960162482333669 0.4838958057145688
vn 0.41342517082205427 0.24428733458819143 0.8771563864503025
vn -0.19750269718114694 0.8673489009547547 0.45683538459575485
vn 0.25356171566191704 0.08242767471710279 0.9638008792231498
vn -0.000005941837267986507 0.9031091070109978 0.4294111558850012
vn 0.000004573491995774853 0.0111945094882851 0.9999373395050309
vn 0.000024545936112161352 -0.7269171652780193 0.6867251518778572
vn 0.000024488197635734316 -0.5832471555080811 -0.8122947463772371
vn -0.07083557160886497 -0.7224875367227784 0.68774565144034
vn -0.08596665372627592 -0.35551127889839207 -0.9307101938966481
vn -0.21802332320102197 -0.6902216526489614 0.6899709419641665
vn -0.14431300813345155 -0.3262971048772103 -0.9341862528597951
vn -0.3572832481432991 -0.6300095101836806 0.6895191786123811
vn -0.18832884165511835 -0.2963435298553905 -0.9363294076945831
vn -0.4830774002732247 -0.5380099076913974 0.6907832978374309
vn -0.2336578928348813 -0.26976890524391234 -0.9341459879908836
vn -0.24145041201511286 -0.22624560075758832 -0.9436708253811653
vn -0.6150157243800869 -0.3852544665964102 0.6879932083478386
vn -0.4911526440341857 -0.22710599289246275 -0.8409470543682029
vn -0.680880990295348 -0.2573669502614927 0.6856845703146053
vn -0.5278089337767943 -0.11275671075782576 -0.8418453858069659
vn -0.7052208157232909 -0.15810825528912473 0.6911334029548891
vn -0.5399159576204329 -0.04775995107991846 -0.8403628655406276
vn -0.7233966928311035 -0.030192375354878804 0.6897721691047356
vn -0.5410873109824039 -0.07450830919146471 -0.837659258741441
vn -0.7282765445441659 0.18071030264527838 0.6610272771865482
vn -0.7005616641396718 0.4190724609031418 0.5775739149671134
vn -0.34393463293806154 -0.35799890662200473 -0.8680701303023911
vn -0.6443527979869229 0.5661336462804119 0.5141032642141744
vn -0.5637572020630773 -0.32805557214981657 -0.7579956191848783
vn -0.562851107594867 0.6628032260068706 0.4938527252877286
vn -0.5945669228940792 -0.28937416675693456 -0.7501684916163808
vn -0.6543447312317113 -0.1212029618417822 -0.7464199988947772
vn -0.4681735132557908 0.7375493520758271 0.4866564648068056
vn -0.6267981913807763 0.08679022397671628 -0.7743329285932885
vn -0.36360560937025255 0.796029865032247 0.48386714582747764
vn -0.37079739432939823 0.24631539208064993 -0.8954540859154557
vn -0.1975225599150501 0.8673280370801834 0.45686640762835906
vn 0.00002733617839303149 0.9030928711109625 0.4294452996614258
vn -0.000007227062458637541 0.30665847855620176 -0.951819613938148
vn 0.7475194324302654 -0.4139297912341361 0.5194967045785741
vn 0.2458647726489539 -0.896339816243022 0.3689518225835234
vn 0.22157654167837854 -0.10965213047912171 0.9689583306103722
vn 0.3964275402667272 -0.9150618062624413 0.07420981092679606
vn 0.8812925266885481 -0.4088467314921466 0.23699753701484608
vn 0.45408841494148483 -0.8861466403177031 0.09245454704652051
vn 0.1437945238580021 -0.9896061733562141 0.00166029025210659
vn 0.14523312599295268 -0.9893773466900339 0.006309118076528951
vn 0.3313304026336782 -0.8713082257921726 0.3619974308714095
vn 0.5220597526392373 -0.21471570971043832 0.8254397486660073
vn 0.05396906911355435 -0.9960470367394093 0.07055239316747396
vn 0.3505630410862962 -0.8937079240495657 0.279985179456598
vn 0.44649183531330155 -0.8254645504847908 0.3453307355152473
vn 0.49529734149707666 -0.7356858677399785 0.46200308171440085
vn 0.65377054632575 -0.2506371093980269 0.713978369524968
vn 0.6241645088169193 -0.2279035078548933 0.7473142960232785
vn 0.7282881964792097 -0.29080632070908125 0.6205062342190503
vn 0.5221004902722748 -0.21470644295592228 0.82541639274409
vn 0.6914936028922226 0.17923297245062939 0.6997943546111565
vn 0.6241509821608294 -0.22794424894295381 0.747313167849667
vn 0.3128480760985875 0.34846893753383107 0.8835697374035937
vn 0.6245605941785533 0.3243269883748502 0.7104477945711652
vn 0.6537815351505236 -0.25063080652884945 0.71397051978
vn -0.09687375468573936 -0.4090178684931505 0.9073697476257444
vn 0.24583814684672356 -0.8963486418291253 0.3689481235160995
vn 0.5220874491445906 -0.21474013953493815 0.8254158757367159
vn -0.39945513223490353 0.03561946047022623 0.9160605063897287
vn -0.000025182961895252825 0.28034502423924723 0.9598993003175461
vn -0.26541468753839126 0.21067060282394529 0.9408362985900859
vn -0.620376466964447 0.15256764613677734 0.7693218784026575
vn -0.000009417533163243886 0.21819858220505153 0.9759043901095102
vn 0.0000041723250594380315 0.2560058871046389 0.9666752224766904
vn -0.4187642474529839 0.29140446572296363 0.8600697311333834
vn 0.014106486380515884 0.44934434613017205 0.8932472589618422
vn -0.17784993190646106 0.3656513656412462 0.9136019267304326
vn 0.1843307013945265 0.46306329079871567 0.8669455468701975
vn 0.5627368251692886 0.3871179516422027 0.7303882235597275
vn 0.5798813365386909 0.4993663594179764 0.6437164551382368
vn 0.720367451028075 0.4374461274591063 0.5382486610019067
vn 0.7946429389562052 0.379968877186278 0.47346198573575454
vn 0.8563656891815882 0.3719769740580482 0.35814932243850733
vn 0.724208353594921 0.10728579523616681 0.6811842766270206
vn 0.49528079271454933 -0.735690444679458 0.4620135344071524
vn 0.9420882079331317 -0.05496328297995748 0.33083053969880893
f 1/1/1 2/2/2 3/3/3
f 4/4/4 5/5/5 6/6/6
f 7/7/7 8/8/8 9/9/9
f 8/8/8 10/10/10 9/9/9
f 11/11/11 12/12/12 13/13/13
f 12/12/12 14/14/14 13/13/13
f 12/12/12 15/15/15 14/14/14
f 16/16/16 17/17/17 18/18/18
f 19/19/19 20/20/20 21/21/21
f 22/22/22 23/23/23 24/24/24
f 22/22/22 25/25/25 23/23/23
f 25/25/25 26/26/26 23/23/23
f 23/23/23 26/26/26 27/27/27
f 26/26/26 28/28/28 27/27/27
f 29/29/29 30/30/30 31/31/31
f 30/30/30 32/32/32 31/31/31
f 31/31/31 32/32/32 33/33/33
f 34/34/34 35/35/35 36/36/36
f 36/36/36 35/35/35 37/37/37
f 37/37/37 35/35/35 38/38/38
f 38/38/38 35/35/35 39/39/39
f 40/40/40 41/41/41 42/42/42
f 40/40/40 43/43/43 41/41/41
f 41/41/41 44/44/44 42/42/42
f 43/43/43 45/45/45 41/41/41
f 46/46/46 44/44/44 41/41/41
f 45/45/45 46/46/46 41/41/41
f 46/46/46 47/47/47 44/44/44
f 48/48/48 46/46/46 45/45/45
f 49/49/49 47/47/47 46/46/46
f 49/49/49 50/50/50 47/47/47
f 51/51/51 52/52/52 46/46/46
f 46/46/46 52/52/52 49/49/49
f 53/53/53 52/52/52 54/54/54
f 55/55/55 50/50/50 49/49/49
f 55/55/55 56/56/56 50/50/50
f 52/52/52 57/57/57 49/49/49
f 53/53/53 57/57/57 52/52/52
f 49/49/49 57/57/57 55/55/55
f 58/58/58 57/57/57 53/53/53
f 59/59/59 56/56/56 55/55/55
f 59/59/59 60/60/60 56/56/56
f 57/57/57 61/61/61 55/55/55
f 61/61/61 59/59/59 55/55/55
f 62/62/62 61/61/61 57/57/57
f 63/63/63 61/61/61 62/62/62
f 64/64/64 60/60/60 59/59/59
f 65/65/65 66/66/66 61/61/61
f 66/66/66 59/59/59 61/61/61
f 67/67/67 66/66/66 68/68/68
f 59/59/59 69/69/69 64/64/64
f 66/66/66 69/69/69 59/59/59
f 67/67/67 69/69/69 66/66/66
f 64/64/64 69/69/69 70/70/70
f 71/71/71 69/69/69 67/67/67
f 71/71/71 70/70/70 69/69/69
f 72/72/72 70/70/70 71/71/71
f 73/73/73 74/74/74 75/75/75
f 75/75/75 74/74/74 76/76/76
f 73/73/73 77/77/77 74/74/74
f 75/75/75 76/76/76 78/78/78
f 79/79/79 77/77/77 73/73/73
f 78/78/78 76/76/76 80/80/80
f 79/79/79 81/81/81 77/77/77
f 78/78/78 80/80/80 82/82/82
f 83/83/83 81/81/81 79/79/79
f 82/82/82 80/80/80 84/84/84
f 85/85/85 81/81/81 83/83/83
f 86/86/86 81/81/81 85/85/85
f 87/87/87 86/86/86 85/85/85
f 88/88/88 86/86/86 87/87/87
f 89/89/89 88/88/88 87/87/87
f 90/90/90 88/88/88 89/89/89
f 91/91/91 90/90/90 89/89/89
f 92/92/92 90/90/90 91/91/91
f 93/93/93 92/92/92 91/91/91
f 94/94/94 92/92/92 93/93/93
f 95/95/95 94/94/94 93/93/93
f 96/96/96 94/94/94 95/95/95
f 84/84/84 97/97/97 82/82/82
f 96/96/96 95/95/95 98/98/98
f 98/98/98 95/95/95 99/99/99
f 98/98/98 99/99/99 100/100/100
f 100/100/100 99/99/99 101/101/101
f 102/102/102 100/100/100 101/101/101
f 103/103/103 100/100/100 102/102/102
f 104/104/104 105/105/105 106/106/106
f 104/104/104 106/106/106 107/107/107
f 107/107/107 106/106/106 108/108/108
f 107/107/107 108/108/108 109/109/109
f 109/109/109 108/108/108 110/110/110
f 109/109/109 110/110/110 111/111/111
f 111/111/111 110/110/110 112/112/112
f 113/113/113 114/114/114 115/115/115
f 113/113/113 116/116/116 114/114/114
f 117/117/117 116/116/116 113/113/113
f 117/117/117 118/118/118 116/116/116
f 119/119/119 118/118/118 117/117/117
f 119/119/119 120/120/120 118/118/118
f 121/121/121 120/120/120 119/119/119
f 120/120/120 121/121/121 122/122/122
f 122/122/122 121/121/121 123/123/123
f 122/122/122 123/123/123 124/124/124
f 124/124/124 123/123/123 125/125/125
f 124/124/124 125/125/125 126/126/126
f 126/126/126 125/125/125 127/127/127
f 126/126/126 127/127/127 128/128/128
f 128/128/128 127/127/127 129/129/129
f 129/129/129 130/130/130 128/128/128
f 128/128/128 130/130/130 131/131/131
f 130/130/130 132/132/132 131/131/131
f 131/131/131 132/132/132 133/133/133
f 132/132/132 134/134/134 133/133/133
f 133/133/133 134/134/134 135/135/135
f 134/134/134 136/136/136 135/135/135
f 84/84/84 137/137/137 138/138/138
f 138/138/138 97/97/97 84/84/84
f 137/137/137 139/139/139 138/138/138
f 138/138/138 140/140/140 97/97/97
f 97/97/97 140/140/140 141/141/141
f 140/140/140 142/142/142 141/141/141
f 141/141/141 142/142/142 143/143/143
f 142/142/142 144/144/144 143/143/143
f 143/143/143 144/144/144 145/145/145
f 146/146/146 147/147/147 148/148/148
f 147/147/147 149/149/149 148/148/148
f 148/148/148 149/149/149 150/150/150
f 149/149/149 151/151/151 150/150/150
f 150/150/150 151/151/151 152/152/152
f 153/153/153 154/154/154 155/155/155
f 156/156/156 157/157/157 158/158/158
f 156/156/156 159/159/159 157/157/157
f 160/160/160 159/159/159 156/156/156
f 160/160/160 161/161/161 159/159/159
f 162/162/162 161/161/161 160/160/160
f 162/162/162 163/163/163 161/161/161
f 164/164/164 165/165/165 166/166/166
f 164/164/164 167/167/167 165/165/165
f 165/165/165 167/167/167 168/168/168
f 169/169/169 170/170/170 171/171/171
f 171/171/171 170/170/170 172/172/172
f 170/170/170 173/173/173 172/172/172
f 172/172/172 173/173/173 174/174/174
f 175/175/175 176/176/176 177/177/177
f 177/177/177 176/176/176 178/178/178
f 176/176/176 179/179/179 178/178/178
f 178/178/178 179/179/179 180/180/180
f 179/179/179 181/181/181 180/180/180
f 182/182/182 183/183/183 184/184/184
f 183/183/183 185/185/185 184/184/184
f 186/186/186 187/187/187 188/188/188
f 189/189/189 190/190/190 191/191/191
f 191/191/191 190/190/190 192/192/192
f 193/193/193 194/194/194 195/195/195
f 196/196/196 194/194/194 193/193/193
f 194/194/194 196/196/196 197/197/197
f 197/197/197 196/196/196 198/198/198
f 198/198/198 199/199/199 197/197/197
f 200/200/200 199/199/199 198/198/198
f 199/199/199 200/200/200 201/201/201
f 201/201/201 200/200/200 202/202/202
f 203/203/203 204/204/204 205/205/205
f 206/206/206 207/207/207 208/208/208
f 209/209/209 207/207/207 206/206/206
f 209/209/209 210/210/210 207/207/207
f 211/211/211 210/210/210 209/209/209
f 212/212/212 213/213/213 214/214/214
f 212/212/212 215/215/215 213/213/213
f 216/216/216 217/217/217 218/218/218
f 219/219/219 220/220/220 221/221/221
f 222/222/222 223/223/223 224/224/224
f 225/225/225 226/226/226 227/227/227
f 227/227/227 226/226/226 228/228/228
f 227/227/227 228/228/228 229/229/229
f 230/230/230 231/231/231 232/232/232
f 233/233/233 230/230/230 232/232/232
f 234/234/234 230/230/230 233/233/233
f 235/235/235 234/234/234 233/233/233
f 236/236/236 237/237/237 238/238/238
f 239/239/239 236/236/236 238/238/238
f 240/240/240 241/241/241 242/242/242
f 243/243/243 244/244/244 245/245/245
f 246/246/246 244/244/244 243/243/243
f 247/247/247 246/246/246 243/243/243
f 248/248/248 246/246/246 247/247/247
f 249/249/249 248/248/248 247/247/247
f 250/250/250 248/248/248 249/249/249
f 251/251/251 250/250/250 249/249/249
f 252/252/252 250/250/250 251/251/251
f 253/253/253 252/252/252 251/251/251
f 254/254/254 252/252/252 253/253/253
f 255/255/255 254/254/254 253/253/253
f 256/256/256 254/254/254 255/255/255
f 257/257/257 256/256/256 255/255/255
f 258/258/258 259/259/259 260/260/260
f 261/261/261 262/262/262 263/263/263
f 264/264/264 261/261/261 263/263/263
f 265/265/265 261/261/261 264/264/264
f 260/260/260 259/259/259 266/266/266
f 266/266/266 259/259/259 267/267/267
f 266/266/266 267/267/267 268/268/268
f 268/268/268 267/267/267 269/269/269
f 268/268/268 269/269/269 270/270/270
f 270/270/270 269/269/269 271/271/271
f 270/270/270 271/271/271 272/272/272
f 272/272/272 271/271/271 273/273/273
f 274/274/274 275/275/275 276/276/276
f 277/277/277 278/278/278 279/279/279
f 280/280/280 281/281/281 282/282/282
f 283/283/283 281/281/281 280/280/280
f 283/283/283 284/284/284 281/281/281
f 281/281/281 284/284/284 285/285/285
f 284/284/284 286/286/286 285/285/285
f 285/285/285 286/286/286 287/287/287
f 286/286/286 288/288/288 287/287/287
f 287/287/287 288/288/288 289/289/289
f 288/288/288 290/290/290 289/289/289
f 289/289/289 290/290/290 291/291/291
f 290/290/290 292/292/292 291/291/291
f 291/291/291 292/292/292 293/293/293
f 294/294/294 295/295/295 296/296/296
f 296/296/296 295/295/295 297/297/297
f 298/298/298 299/299/299 300/300/300
f 300/300/300 299/299/299 301/301/301
f 301/301/301 302/302/302 300/300/300
f 303/303/303 302/302/302 301/301/301
f 303/303/303 304/304/304 302/302/302
f 305/305/305 304/304/304 303/303/303
f 306/306/306 307/307/307 308/308/308
f 309/309/309 307/307/307 306/306/306
f 310/310/310 309/309/309 306/306/306
f 309/309/309 311/311/311 307/307/307
f 312/312/312 309/309/309 310/310/310
f 313/313/313 307/307/307 311/311/311
f 312/312/312 310/310/310 314/314/314
f 314/314/314 310/310/310 315/315/315
f 315/315/315 316/316/316 314/314/314
f 317/317/317 316/316/316 315/315/315
f 316/316/316 317/317/317 318/318/318
f 318/318/318 317/317/317 319/319/319
f 319/319/319 320/320/320 318/318/318
f 321/321/321 320/320/320 319/319/319
f 322/322/322 320/320/320 321/321/321
f 322/322/322 323/323/323 320/320/320
f 324/324/324 325/325/325 326/326/326
f 327/327/327 328/328/328 329/329/329
f 330/330/330 328/328/328 327/327/327
f 330/330/330 331/331/331 328/328/328
f 332/332/332 331/331/331 330/330/330
f 332/332/332 333/333/333 331/331/331
f 334/334/334 333/333/333 332/332/332
f 335/335/335 307/307/307 313/313/313
f 335/335/335 308/308/308 307/307/307
f 336/336/336 335/335/335 313/313/313
f 337/337/337 308/308/308 335/335/335
f 338/338/338 335/335/335 336/336/336
f 339/339/339 338/338/338 336/336/336
f 340/340/340 337/337/337 335/335/335
f 335/335/335 338/338/338 340/340/340
f 341/341/341 337/337/337 340/340/340
f 342/342/342 338/338/338 339/339/339
f 340/340/340 343/343/343 341/341/341
f 340/340/340 338/338/338 343/343/343
f 343/343/343 338/338/338 342/342/342
f 341/341/341 343/343/343 344/344/344
f 345/345/345 342/342/342 339/339/339
f 343/343/343 346/346/346 344/344/344
f 343/343/343 342/342/342 346/346/346
f 344/344/344 346/346/346 347/347/347
f 348/348/348 342/342/342 345/345/345
f 342/342/342 348/348/348 346/346/346
f 349/349/349 348/348/348 345/345/345
f 350/350/350 348/348/348 349/349/349
f 351/351/351 347/347/347 346/346/346
f 346/346/346 348/348/348 351/351/351
f 352/352/352 347/347/347 351/351/351
f 353/353/353 354/354/354 355/355/355
f 351/351/351 348/348/348 356/356/356
f 348/348/348 350/350/350 356/356/356
f 356/356/356 357/357/357 351/351/351
f 356/356/356 350/350/350 358/358/358
f 358/358/358 359/359/359 356/356/356
f 360/360/360 359/359/359 358/358/358
f 361/361/361 362/362/362 363/363/363
f 364/364/364 365/365/365 366/366/366
f 367/367/367 368/368/368 369/369/369
f 370/370/370 368/368/368 367/367/367
f 371/371/371 372/372/372 373/373/373
f 374/374/374 372/372/372 371/371/371
f 375/375/375 376/376/376 377/377/377
f 378/378/378 376/376/376 375/375/375
f 379/379/379 380/380/380 381/381/381
f 381/381/381 380/380/380 382/382/382
f 380/380/380 383/383/383 382/382/382
f 382/382/382 383/383/383 384/384/384
f 383/383/383 385/385/385 384/384/384
f 384/384/384 385/385/385 386/386/386
f 387/387/387 388/388/388 389/389/389
f 390/390/390 391/391/391 392/392/392
f 393/393/393 394/394/394 395/395/395
f 396/396/396 394/394/394 393/393/393
f 397/397/397 398/398/398 399/399/399
f 400/400/400 398/398/398 397/397/397
f 401/401/401 402/402/402 403/403/403
f 404/404/404 402/402/402 401/401/401
f 402/402/402 404/404/404 405/405/405
f 405/405/405 404/404/404 406/406/406
f 406/406/406 407/407/407 405/405/405
f 405/405/405 407/407/407 408/408/408
f 407/407/407 409/409/409 408/408/408
f 408/408/408 409/409/409 410/410/410
f 411/411/411 412/412/412 413/413/413
f 413/413/413 412/412/412 414/414/414
f 412/412/412 415/415/415 414/414/414
f 414/414/414 415/415/415 416/416/416
f 417/417/417 418/418/418 419/419/419
f 420/420/420 418/418/418 417/417/417
f 421/421/421 422/422/422 423/423/423
f 424/424/424 422/422/422 421/421/421
f 425/425/425 426/426/426 427/427/427
f 428/428/428 426/426/426 425/425/425
f 429/429/429 430/430/430 431/431/431
f 432/432/432 430/430/430 429/429/429
f 433/433/433 434/434/434 435/435/435
f 436/436/436 437/437/437 438/438/438
f 436/436/436 438/438/438 439/439/439
f 439/439/439 438/438/438 440/440/440
f 436/436/436 441/441/441 437/437/437
f 439/439/439 442/442/442 436/436/436
f 442/442/442 441/441/441 436/436/436
f 440/440/440 443/443/443 439/439/439
f 444/444/444 437/437/437 441/441/441
f 439/439/439 443/443/443 445/445/445
f 445/445/445 442/442/442 439/439/439
f 446/446/446 437/437/437 444/444/444
f 447/447/447 437/437/437 446/446/446
f 441/441/441 448/448/448 444/444/444
f 447/447/447 446/446/446 449/449/449
f 449/449/449 450/450/450 447/447/447
f 444/444/444 451/451/451 446/446/446
f 448/448/448 451/451/451 444/444/444
f 452/452/452 448/448/448 441/441/441
f 452/452/452 451/451/451 448/448/448
f 441/441/441 442/442/442 452/452/452
f 446/446/446 451/451/451 453/453/453
f 446/446/446 453/453/453 449/449/449
f 453/453/453 451/451/451 454/454/454
f 453/453/453 455/455/455 449/449/449
f 454/454/454 455/455/455 453/453/453
f 456/456/456 450/450/450 449/449/449
f 455/455/455 456/456/456 449/449/449
f 457/457/457 450/450/450 456/456/456
f 458/458/458 455/455/455 454/454/454
f 451/451/451 458/458/458 454/454/454
f 459/459/459 456/456/456 455/455/455
f 458/458/458 459/459/459 455/455/455
f 459/459/459 457/457/457 456/456/456
f 460/460/460 458/458/458 451/451/451
f 460/460/460 451/451/451 452/452/452
f 461/461/461 459/459/459 458/458/458
f 458/458/458 460/460/460 461/461/461
f 462/462/462 457/457/457 459/459/459
f 463/463/463 459/459/459 461/461/461
f 462/462/462 459/459/459 463/463/463
f 464/464/464 463/463/463 461/461/461
f 465/465/465 463/463/463 464/464/464
f 463/463/463 465/465/465 462/462/462
f 461/461/461 466/466/466 464/464/464
f 457/457/457 462/462/462 467/467/467
f 462/462/462 465/465/465 467/467/467
f 461/461/461 468/468/468 466/466/466
f 469/469/469 468/468/468 461/461/461
f 461/461/461 460/460/460 469/469/469
f 469/469/469 470/470/470 468/468/468
f 469/469/469 460/460/460 471/471/471
f 471/471/471 472/472/472 469/469/469
f 471/471/471 473/473/473 472/472/472
f 474/474/474 471/471/471 460/460/460
f 471/471/471 475/475/475 473/473/473
f 474/474/474 475/475/475 471/471/471
f 474/474/474 460/460/460 476/476/476
f 476/476/476 460/460/460 452/452/452
f 452/452/452 442/442/442 476/476/476
f 476/476/476 477/477/477 474/474/474
f 478/478/478 475/475/475 474/474/474
f 479/479/479 477/477/477 476/476/476
f 442/442/442 480/480/480 476/476/476
f 445/445/445 480/480/480 442/442/442
f 476/476/476 481/481/481 479/479/479
f 480/480/480 481/481/481 476/476/476
f 482/482/482 481/481/481 480/480/480
f 480/480/480 445/445/445 482/482/482
f 482/482/482 445/445/445 443/443/443
f 483/483/483 484/484/484 485/485/485
f 482/482/482 443/443/443 486/486/486
f 485/485/485 484/484/484 487/487/487
f 485/485/485 487/487/487 488/488/488
f 484/484/484 483/483/483 489/489/489
f 489/489/489 483/483/483 490/490/490
f 482/482/482 489/489/489 490/490/490
f 486/486/486 489/489/489 482/482/482
f 484/484/484 491/491/491 487/487/487
f 489/489/489 492/492/492 493/493/493
f 494/494/494 491/491/491 484/484/484
f 495/495/495 492/492/492 489/489/489
f 486/486/486 495/495/495 489/489/489
f 496/496/496 497/497/497 498/498/498
f 498/498/498 497/497/497 499/499/499
f 487/487/487 491/491/491 500/500/500
f 500/500/500 501/501/501 487/487/487
f 500/500/500 502/502/502 501/501/501
f 491/491/491 503/503/503 500/500/500
f 500/500/500 503/503/503 504/504/504
f 491/491/491 494/494/494 503/503/503
f 503/503/503 494/494/494 505/505/505
f 494/494/494 506/506/506 505/505/505
f 499/499/499 497/497/497 507/507/507
f 508/508/508 509/509/509 510/510/510
f 509/509/509 511/511/511 510/510/510
f 497/497/497 512/512/512 507/507/507
f 512/512/512 513/513/513 507/507/507
f 495/495/495 513/513/513 512/512/512
f 507/507/507 513/513/513 514/514/514
f 515/515/515 516/516/516 517/517/517
f 517/517/517 518/518/518 519/519/519
f 516/516/516 518/518/518 517/517/517
f 513/513/513 520/520/520 514/514/514
f 514/514/514 520/520/520 521/521/521
f 495/495/495 522/522/522 513/513/513
f 513/513/513 522/522/522 520/520/520
f 523/523/523 521/521/521 520/520/520
f 523/523/523 524/524/524 521/521/521
f 522/522/522 525/525/525 520/520/520
f 520/520/520 525/525/525 523/523/523
f 526/526/526 522/522/522 495/495/495
f 526/526/526 495/495/495 486/486/486
f 527/527/527 524/524/524 523/523/523
f 486/486/486 528/528/528 526/526/526
f 443/443/443 528/528/528 486/486/486
f 527/527/527 529/529/529 524/524/524
f 528/528/528 443/443/443 530/530/530
f 530/530/530 443/443/443 440/440/440
f 529/529/529 531/531/531 532/532/532
f 530/530/530 440/440/440 533/533/533
f 533/533/533 440/440/440 534/534/534
f 533/533/533 534/534/534 535/535/535
f 535/535/535 536/536/536 533/533/533
f 536/536/536 537/537/537 533/533/533
f 530/530/530 533/533/533 538/538/538
f 538/538/538 533/533/533 537/537/537
f 539/539/539 528/528/528 530/530/530
f 530/530/530 538/538/538 539/539/539
f 540/540/540 528/528/528 539/539/539
f 528/528/528 540/540/540 526/526/526
f 539/539/539 541/541/541 540/540/540
f 526/526/526 540/540/540 542/542/542
f 542/542/542 522/522/522 526/526/526
f 542/542/542 525/525/525 522/522/522
f 540/540/540 543/543/543 542/542/542
f 540/540/540 541/541/541 543/543/543
f 542/542/542 543/543/543 544/544/544
f 542/542/542 544/544/544 525/525/525
f 541/541/541 545/545/545 543/543/543
f 543/543/543 545/545/545 544/544/544
f 525/525/525 544/544/544 546/546/546
f 541/541/541 547/547/547 545/545/545
f 544/544/544 548/548/548 546/546/546
f 544/544/544 545/545/545 549/549/549
f 544/544/544 549/549/549 548/548/548
f 546/546/546 550/550/550 525/525/525
f 548/548/548 549/549/549 551/551/551
f 525/525/525 550/550/550 552/552/552
f 525/525/525 552/552/552 523/523/523
f 523/523/523 552/552/552 527/527/527
f 552/552/552 550/550/550 553/553/553
f 527/527/527 552/552/552 553/553/553
f 554/554/554 550/550/550 555/555/555
f 556/556/556 527/527/527 553/553/553
f 557/557/557 556/556/556 553/553/553
f 550/550/550 558/558/558 555/555/555
f 546/546/546 558/558/558 550/550/550
f 548/548/548 558/558/558 546/546/546
f 558/558/558 559/559/559 555/555/555
f 548/548/548 560/560/560 558/558/558
f 548/548/548 551/551/551 560/560/560
f 558/558/558 560/560/560 561/561/561
f 561/561/561 559/559/559 558/558/558
f 560/560/560 551/551/551 562/562/562
f 560/560/560 562/562/562 561/561/561
f 563/563/563 562/562/562 551/551/551
f 561/561/561 562/562/562 564/564/564
f 563/563/563 551/551/551 565/565/565
f 565/565/565 551/551/551 549/549/549
f 545/545/545 565/565/565 549/549/549
f 566/566/566 562/562/562 563/563/563
f 564/564/564 562/562/562 566/566/566
f 567/567/567 563/563/563 565/565/565
f 566/566/566 563/563/563 567/567/567
f 568/568/568 565/565/565 545/545/545
f 547/547/547 568/568/568 545/545/545
f 567/567/567 565/565/565 569/569/569
f 569/569/569 565/565/565 568/568/568
f 567/567/567 570/570/570 566/566/566
f 570/570/570 571/571/571 566/566/566
f 572/572/572 570/570/570 567/567/567
f 566/566/566 571/571/571 573/573/573
f 573/573/573 564/564/564 566/566/566
f 571/571/571 574/574/574 573/573/573
f 575/575/575 564/564/564 573/573/573
f 575/575/575 561/561/561 564/564/564
f 573/573/573 574/574/574 576/576/576
f 573/573/573 576/576/576 575/575/575
f 574/574/574 577/577/577 576/576/576
f 559/559/559 561/561/561 575/575/575
f 576/576/576 577/577/577 578/578/578
f 577/577/577 579/579/579 578/578/578
f 575/575/575 576/576/576 580/580/580
f 576/576/576 578/578/578 580/580/580
f 575/575/575 580/580/580 559/559/559
f 578/578/578 579/579/579 581/581/581
f 579/579/579 582/582/582 581/581/581
f 580/580/580 578/578/578 583/583/583
f 578/578/578 581/581/581 583/583/583
f 580/580/580 583/583/583 559/559/559
f 581/581/581 582/582/582 584/584/584
f 583/583/583 581/581/581 585/585/585
f 581/581/581 584/584/584 585/585/585
f 559/559/559 583/583/583 586/586/586
f 586/586/586 583/583/583 585/585/585
f 582/582/582 587/587/587 584/584/584
f 588/588/588 587/587/587 582/582/582
f 585/585/585 584/584/584 589/589/589
f 584/584/584 587/587/587 589/589/589
f 585/585/585 589/589/589 586/586/586
f 588/588/588 590/590/590 587/587/587
f 586/586/586 589/589/589 591/591/591
f 589/589/589 587/587/587 592/592/592
f 589/589/589 592/592/592 591/591/591
f 587/587/587 590/590/590 593/593/593
f 587/587/587 593/593/593 592/592/592
f 593/593/593 590/590/590 594/594/594
f 594/594/594 590/590/590 595/595/595
f 592/592/592 593/593/593 596/596/596
f 595/595/595 597/597/597 594/594/594
f 598/598/598 597/597/597 595/595/595
f 599/599/599 593/593/593 594/594/594
f 594/594/594 597/597/597 599/599/599
f 596/596/596 593/593/593 599/599/599
f 598/598/598 600/600/600 597/597/597
f 592/592/592 596/596/596 601/601/601
f 591/591/591 592/592/592 601/601/601
f 597/597/597 600/600/600 602/602/602
f 600/600/600 603/603/603 602/602/602
f 599/599/599 597/597/597 604/604/604
f 602/602/602 603/603/603 605/605/605
f 606/606/606 597/597/597 602/602/602
f 604/604/604 597/597/597 606/606/606
f 605/605/605 606/606/606 602/602/602
f 607/607/607 599/599/599 604/604/604
f 606/606/606 607/607/607 604/604/604
f 608/608/608 596/596/596 599/599/599
f 608/608/608 599/599/599 607/607/607
f 609/609/609 596/596/596 608/608/608
f 601/601/601 596/596/596 609/609/609
f 610/610/610 608/608/608 607/607/607
f 611/611/611 609/609/609 608/608/608
f 611/611/611 608/608/608 610/610/610
f 612/612/612 601/601/601 609/609/609
f 612/612/612 609/609/609 611/611/611
f 613/613/613 610/610/610 607/607/607
f 613/613/613 607/607/607 606/606/606
f 614/614/614 611/611/611 610/610/610
f 615/615/615 613/613/613 606/606/606
f 615/615/615 606/606/606 605/605/605
f 616/616/616 610/610/610 613/613/613
f 616/616/616 614/614/614 610/610/610
f 617/617/617 613/613/613 615/615/615
f 617/617/617 616/616/616 613/613/613
f 615/615/615 605/605/605 618/618/618
f 619/619/619 616/616/616 617/617/617
f 617/617/617 615/615/615 620/620/620
f 620/620/620 619/619/619 617/617/617
f 620/620/620 615/615/615 618/618/618
f 619/619/619 621/621/621 616/616/616
f 621/621/621 614/614/614 616/616/616
f 622/622/622 619/619/619 620/620/620
f 623/623/623 621/621/621 619/619/619
f 622/622/622 623/623/623 619/619/619
f 624/624/624 621/621/621 623/623/623
f 625/625/625 623/623/623 622/622/622
f 623/623/623 625/625/625 624/624/624
f 622/622/622 620/620/620 626/626/626
f 622/622/622 626/626/626 625/625/625
f 627/627/627 621/621/621 624/624/624
f 627/627/627 614/614/614 621/621/621
f 624/624/624 625/625/625 628/628/628
f 629/629/629 614/614/614 627/627/627
f 627/627/627 624/624/624 630/630/630
f 630/630/630 624/624/624 628/628/628
f 631/631/631 629/629/629 627/627/627
f 632/632/632 629/629/629 631/631/631
f 630/630/630 631/631/631 627/627/627
f 631/631/631 633/633/633 634/634/634
f 635/635/635 633/633/633 631/631/631
f 635/635/635 631/631/631 630/630/630
f 633/633/633 635/635/635 636/636/636
f 630/630/630 637/637/637 635/635/635
f 630/630/630 628/628/628 637/637/637
f 636/636/636 635/635/635 638/638/638
f 637/637/637 638/638/638 635/635/635
f 637/637/637 639/639/639 638/638/638
f 637/637/637 640/640/640 639/639/639
f 637/637/637 628/628/628 641/641/641
f 639/639/639 640/640/640 642/642/642
f 643/643/643 639/639/639 644/644/644
f 639/639/639 645/645/645 644/644/644
f 642/642/642 645/645/645 639/639/639
f 641/641/641 628/628/628 646/646/646
f 642/642/642 641/641/641 647/647/647
f 647/647/647 641/641/641 646/646/646
f 628/628/628 648/648/648 646/646/646
f 625/625/625 648/648/648 628/628/628
f 647/647/647 646/646/646 649/649/649
f 649/649/649 646/646/646 648/648/648
f 625/625/625 626/626/626 648/648/648
f 642/642/642 647/647/647 650/650/650
f 650/650/650 647/647/647 651/651/651
f 651/651/651 652/652/652 650/650/650
f 653/653/653 642/642/642 650/650/650
f 653/653/653 645/645/645 642/642/642
f 652/652/652 654/654/654 650/650/650
f 650/650/650 654/654/654 653/653/653
f 645/645/645 653/653/653 655/655/655
f 656/656/656 645/645/645 655/655/655
f 655/655/655 653/653/653 657/657/657
f 653/653/653 654/654/654 657/657/657
f 658/658/658 645/645/645 656/656/656
f 657/657/657 654/654/654 659/659/659
f 660/660/660 645/645/645 658/658/658
f 654/654/654 661/661/661 659/659/659
f 659/659/659 661/661/661 662/662/662
f 652/652/652 661/661/661 654/654/654
f 663/663/663 664/664/664 660/660/660
f 665/665/665 663/663/663 660/660/660
f 660/660/660 666/666/666 665/665/665
f 660/660/660 658/658/658 666/666/666
f 667/667/667 658/658/658 668/668/668
f 666/666/666 658/658/658 667/667/667
f 666/666/666 667/667/667 669/669/669
f 669/669/669 667/667/667 670/670/670
f 669/669/669 670/670/670 671/671/671
f 672/672/672 666/666/666 669/669/669
f 673/673/673 674/674/674 672/672/672
f 672/672/672 669/669/669 675/675/675
f 675/675/675 669/669/669 676/676/676
f 677/677/677 678/678/678 679/679/679
f 677/677/677 679/679/679 680/680/680
f 675/675/675 676/676/676 681/681/681
f 682/682/682 672/672/672 675/675/675
f 672/672/672 682/682/682 673/673/673
f 673/673/673 682/682/682 683/683/683
f 682/682/682 465/465/465 683/683/683
f 681/681/681 676/676/676 684/684/684
f 685/685/685 686/686/686 682/682/682
f 684/684/684 676/676/676 687/687/687
f 682/682/682 686/686/686 688/688/688
f 688/688/688 681/681/681 684/684/684
f 689/689/689 690/690/690 691/691/691
f 692/692/692 691/691/691 693/693/693
f 689/689/689 691/691/691 692/692/692
f 684/684/684 687/687/687 694/694/694
f 694/694/694 687/687/687 695/695/695
f 696/696/696 684/684/684 694/694/694
f 688/688/688 684/684/684 696/696/696
f 697/697/697 694/694/694 695/695/695
f 698/698/698 697/697/697 695/695/695
f 696/696/696 694/694/694 699/699/699
f 699/699/699 694/694/694 697/697/697
f 700/700/700 697/697/697 698/698/698
f 661/661/661 700/700/700 698/698/698
f 699/699/699 697/697/697 701/701/701
f 697/697/697 700/700/700 701/701/701
f 702/702/702 700/700/700 661/661/661
f 702/702/702 661/661/661 652/652/652
f 701/701/701 700/700/700 703/703/703
f 704/704/704 702/702/702 652/652/652
f 704/704/704 652/652/652 649/649/649
f 705/705/705 700/700/700 702/702/702
f 703/703/703 700/700/700 705/705/705
f 649/649/649 648/648/648 704/704/704
f 705/705/705 706/706/706 703/703/703
f 701/701/701 703/703/703 707/707/707
f 701/701/701 707/707/707 699/699/699
f 708/708/708 706/706/706 705/705/705
f 707/707/707 709/709/709 710/710/710
f 706/706/706 708/708/708 711/711/711
f 707/707/707 710/710/710 712/712/712
f 710/710/710 711/711/711 712/712/712
f 699/699/699 707/707/707 713/713/713
f 707/707/707 712/712/712 713/713/713
f 714/714/714 708/708/708 705/705/705
f 714/714/714 705/705/705 715/715/715
f 714/714/714 715/715/715 704/704/704
f 704/704/704 648/648/648 714/714/714
f 714/714/714 648/648/648 716/716/716
f 716/716/716 708/708/708 714/714/714
f 716/716/716 648/648/648 626/626/626
f 717/717/717 708/708/708 716/716/716
f 716/716/716 626/626/626 717/717/717
f 711/711/711 708/708/708 717/717/717
f 718/718/718 717/717/717 626/626/626
f 626/626/626 620/620/620 718/718/718
f 620/620/620 618/618/618 718/718/718
f 719/719/719 717/717/717 718/718/718
f 719/719/719 711/711/711 717/717/717
f 718/718/718 618/618/618 720/720/720
f 718/718/718 720/720/720 719/719/719
f 618/618/618 721/721/721 720/720/720
f 618/618/618 605/605/605 721/721/721
f 603/603/603 721/721/721 605/605/605
f 722/722/722 721/721/721 603/603/603
f 723/723/723 721/721/721 722/722/722
f 720/720/720 721/721/721 724/724/724
f 724/724/724 721/721/721 723/723/723
f 719/719/719 720/720/720 725/725/725
f 720/720/720 724/724/724 725/725/725
f 723/723/723 726/726/726 724/724/724
f 725/725/725 724/724/724 726/726/726
f 727/727/727 726/726/726 723/723/723
f 728/728/728 719/719/719 725/725/725
f 725/725/725 726/726/726 728/728/728
f 711/711/711 719/719/719 728/728/728
f 727/727/727 729/729/729 726/726/726
f 728/728/728 726/726/726 729/729/729
f 730/730/730 729/729/729 727/727/727
f 729/729/729 731/731/731 728/728/728
f 731/731/731 711/711/711 728/728/728
f 730/730/730 732/732/732 729/729/729
f 732/732/732 731/731/731 729/729/729
f 733/733/733 732/732/732 730/730/730
f 734/734/734 711/711/711 731/731/731
f 732/732/732 734/734/734 731/731/731
f 733/733/733 735/735/735 732/732/732
f 735/735/735 734/734/734 732/732/732
f 736/736/736 735/735/735 733/733/733
f 711/711/711 734/734/734 737/737/737
f 712/712/712 711/711/711 737/737/737
f 734/734/734 735/735/735 738/738/738
f 737/737/737 734/734/734 738/738/738
f 736/736/736 739/739/739 735/735/735
f 738/738/738 735/735/735 739/739/739
f 740/740/740 739/739/739 736/736/736
f 738/738/738 741/741/741 737/737/737
f 738/738/738 739/739/739 741/741/741
f 742/742/742 712/712/712 737/737/737
f 737/737/737 741/741/741 742/742/742
f 743/743/743 712/712/712 742/742/742
f 713/713/713 712/712/712 743/743/743
f 741/741/741 744/744/744 742/742/742
f 742/742/742 744/744/744 743/743/743
f 739/739/739 745/745/745 741/741/741
f 741/741/741 745/745/745 744/744/744
f 740/740/740 746/746/746 739/739/739
f 746/746/746 745/745/745 739/739/739
f 747/747/747 746/746/746 740/740/740
f 745/745/745 748/748/748 744/744/744
f 748/748/748 745/745/745 746/746/746
f 749/749/749 743/743/743 744/744/744
f 744/744/744 748/748/748 749/749/749
f 750/750/750 713/713/713 743/743/743
f 750/750/750 743/743/743 749/749/749
f 750/750/750 699/699/699 713/713/713
f 749/749/749 748/748/748 751/751/751
f 751/751/751 750/750/750 749/749/749
f 752/752/752 699/699/699 750/750/750
f 752/752/752 696/696/696 699/699/699
f 753/753/753 750/750/750 751/751/751
f 753/753/753 752/752/752 750/750/750
f 754/754/754 696/696/696 752/752/752
f 688/688/688 696/696/696 754/754/754
f 755/755/755 752/752/752 753/753/753
f 755/755/755 754/754/754 752/752/752
f 756/756/756 688/688/688 754/754/754
f 682/682/682 688/688/688 756/756/756
f 756/756/756 465/465/465 682/682/682
f 465/465/465 756/756/756 467/467/467
f 757/757/757 756/756/756 754/754/754
f 467/467/467 756/756/756 757/757/757
f 757/757/757 754/754/754 755/755/755
f 758/758/758 467/467/467 757/757/757
f 759/759/759 757/757/757 755/755/755
f 758/758/758 757/757/757 759/759/759
f 759/759/759 755/755/755 760/760/760
f 760/760/760 755/755/755 753/753/753
f 760/760/760 753/753/753 751/751/751
f 758/758/758 759/759/759 761/761/761
f 762/762/762 467/467/467 758/758/758
f 762/762/762 457/457/457 467/467/467
f 762/762/762 763/763/763 457/457/457
f 764/764/764 762/762/762 758/758/758
f 763/763/763 762/762/762 764/764/764
f 758/758/758 761/761/761 764/764/764
f 764/764/764 765/765/765 763/763/763
f 764/764/764 761/761/761 766/766/766
f 767/767/767 764/764/764 766/766/766
f 764/764/764 767/767/767 768/768/768
f 769/769/769 770/770/770 771/771/771
f 772/772/772 773/773/773 774/774/774
f 775/775/775 767/767/767 766/766/766
f 766/766/766 761/761/761 775/775/775
f 776/776/776 773/773/773 772/772/772
f 776/776/776 772/772/772 777/777/777
f 776/776/776 777/777/777 778/778/778
f 775/775/775 761/761/761 779/779/779
f 761/761/761 780/780/780 779/779/779
f 781/781/781 780/780/780 761/761/761
f 775/775/775 779/779/779 782/782/782
f 780/780/780 781/781/781 783/783/783
f 783/783/783 781/781/781 760/760/760
f 779/779/779 780/780/780 784/784/784
f 782/782/782 779/779/779 784/784/784
f 783/783/783 785/785/785 780/780/780
f 786/786/786 775/775/775 782/782/782
f 786/786/786 787/787/787 775/775/775
f 784/784/784 780/780/780 788/788/788
f 780/780/780 785/785/785 788/788/788
f 784/784/784 789/789/789 782/782/782
f 789/789/789 786/786/786 782/782/782
f 788/788/788 790/790/790 784/784/784
f 790/790/790 789/789/789 784/784/784
f 785/785/785 791/791/791 788/788/788
f 791/791/791 790/790/790 788/788/788
f 792/792/792 785/785/785 783/783/783
f 760/760/760 792/792/792 783/783/783
f 793/793/793 791/791/791 785/785/785
f 793/793/793 785/785/785 792/792/792
f 760/760/760 794/794/794 792/792/792
f 751/751/751 794/794/794 760/760/760
f 793/793/793 792/792/792 795/795/795
f 795/795/795 792/792/792 794/794/794
f 794/794/794 751/751/751 796/796/796
f 796/796/796 795/795/795 794/794/794
f 751/751/751 748/748/748 796/796/796
f 797/797/797 793/793/793 795/795/795
f 797/797/797 795/795/795 796/796/796
f 796/796/796 748/748/748 798/798/798
f 798/798/798 797/797/797 796/796/796
f 798/798/798 748/748/748 746/746/746
f 799/799/799 797/797/797 798/798/798
f 746/746/746 799/799/799 798/798/798
f 800/800/800 793/793/793 797/797/797
f 793/793/793 800/800/800 791/791/791
f 791/791/791 800/800/800 790/790/790
f 797/797/797 799/799/799 801/801/801
f 801/801/801 799/799/799 746/746/746
f 800/800/800 797/797/797 801/801/801
f 747/747/747 801/801/801 746/746/746
f 802/802/802 801/801/801 747/747/747
f 801/801/801 802/802/802 803/803/803
f 803/803/803 800/800/800 801/801/801
f 802/802/802 804/804/804 803/803/803
f 790/790/790 800/800/800 805/805/805
f 800/800/800 803/803/803 805/805/805
f 805/805/805 806/806/806 790/790/790
f 790/790/790 806/806/806 789/789/789
f 805/805/805 803/803/803 807/807/807
f 805/805/805 807/807/807 806/806/806
f 803/803/803 804/804/804 808/808/808
f 803/803/803 808/808/808 807/807/807
f 804/804/804 809/809/809 808/808/808
f 806/806/806 807/807/807 810/810/810
f 810/810/810 789/789/789 806/806/806
f 807/807/807 808/808/808 811/811/811
f 811/811/811 810/810/810 807/807/807
f 808/808/808 809/809/809 812/812/812
f 808/808/808 812/812/812 811/811/811
f 813/813/813 789/789/789 810/810/810
f 813/813/813 786/786/786 789/789/789
f 814/814/814 810/810/810 811/811/811
f 814/814/814 813/813/813 810/810/810
f 811/811/811 812/812/812 815/815/815
f 811/811/811 815/815/815 814/814/814
f 812/812/812 809/809/809 816/816/816
f 809/809/809 817/817/817 816/816/816
f 812/812/812 818/818/818 815/815/815
f 816/816/816 817/817/817 819/819/819
f 820/820/820 812/812/812 816/816/816
f 818/818/818 812/812/812 820/820/820
f 817/817/817 821/821/821 819/819/819
f 822/822/822 821/821/821 817/817/817
f 823/823/823 816/816/816 819/819/819
f 820/820/820 816/816/816 823/823/823
f 819/819/819 821/821/821 823/823/823
f 824/824/824 818/818/818 820/820/820
f 820/820/820 823/823/823 824/824/824
f 815/815/815 818/818/818 825/825/825
f 826/826/826 818/818/818 824/824/824
f 825/825/825 818/818/818 826/826/826
f 815/815/815 825/825/825 827/827/827
f 814/814/814 815/815/815 827/827/827
f 825/825/825 826/826/826 828/828/828
f 827/827/827 825/825/825 828/828/828
f 829/829/829 828/828/828 826/826/826
f 828/828/828 830/830/830 827/827/827
f 830/830/830 828/828/828 829/829/829
f 831/831/831 814/814/814 827/827/827
f 827/827/827 830/830/830 831/831/831
f 832/832/832 814/814/814 831/831/831
f 832/832/832 813/813/813 814/814/814
f 831/831/831 830/830/830 833/833/833
f 832/832/832 831/831/831 834/834/834
f 834/834/834 831/831/831 833/833/833
f 832/832/832 835/835/835 813/813/813
f 834/834/834 835/835/835 832/832/832
f 833/833/833 830/830/830 836/836/836
f 830/830/830 829/829/829 836/836/836
f 833/833/833 837/837/837 834/834/834
f 836/836/836 829/829/829 838/838/838
f 834/834/834 837/837/837 839/839/839
f 839/839/839 835/835/835 834/834/834
f 829/829/829 840/840/840 838/838/838
f 840/840/840 829/829/829 826/826/826
f 840/840/840 826/826/826 824/824/824
f 841/841/841 836/836/836 838/838/838
f 841/841/841 838/838/838 840/840/840
f 842/842/842 833/833/833 836/836/836
f 842/842/842 836/836/836 841/841/841
f 837/837/837 833/833/833 842/842/842
f 840/840/840 824/824/824 843/843/843
f 824/824/824 823/823/823 843/843/843
f 840/840/840 843/843/843 844/844/844
f 843/843/843 823/823/823 844/844/844
f 840/840/840 845/845/845 841/841/841
f 840/840/840 844/844/844 845/845/845
f 841/841/841 846/846/846 842/842/842
f 845/845/845 846/846/846 841/841/841
f 844/844/844 823/823/823 847/847/847
f 823/823/823 821/821/821 847/847/847
f 844/844/844 848/848/848 845/845/845
f 844/844/844 847/847/847 848/848/848
f 849/849/849 847/847/847 821/821/821
f 848/848/848 847/847/847 849/849/849
f 849/849/849 821/821/821 822/822/822
f 845/845/845 848/848/848 850/850/850
f 850/850/850 846/846/846 845/845/845
f 848/848/848 851/851/851 850/850/850
f 849/849/849 851/851/851 848/848/848
f 850/850/850 852/852/852 846/846/846
f 846/846/846 852/852/852 842/842/842
f 851/851/851 852/852/852 850/850/850
f 842/842/842 852/852/852 837/837/837
f 852/852/852 853/853/853 837/837/837
f 852/852/852 851/851/851 853/853/853
f 837/837/837 853/853/853 839/839/839
f 851/851/851 849/849/849 854/854/854
f 853/853/853 851/851/851 854/854/854
f 849/849/849 822/822/822 855/855/855
f 854/854/854 849/849/849 855/855/855
f 855/855/855 822/822/822 856/856/856
f 853/853/853 857/857/857 839/839/839
f 857/857/857 835/835/835 839/839/839
f 854/854/854 858/858/858 853/853/853
f 858/858/858 857/857/857 853/853/853
f 854/854/854 855/855/855 859/859/859
f 859/859/859 858/858/858 854/854/854
f 855/855/855 856/856/856 860/860/860
f 859/859/859 855/855/855 860/860/860
f 860/860/860 856/856/856 861/861/861
f 858/858/858 859/859/859 862/862/862
f 863/863/863 860/860/860 861/861/861
f 861/861/861 572/572/572 863/863/863
f 863/863/863 572/572/572 567/567/567
f 860/860/860 864/864/864 859/859/859
f 862/862/862 859/859/859 864/864/864
f 863/863/863 567/567/567 865/865/865
f 865/865/865 567/567/567 569/569/569
f 860/860/860 863/863/863 866/866/866
f 866/866/866 864/864/864 860/860/860
f 867/867/867 863/863/863 865/865/865
f 865/865/865 569/569/569 867/867/867
f 866/866/866 863/863/863 867/867/867
f 867/867/867 569/569/569 568/568/568
f 867/867/867 568/568/568 868/868/868
f 868/868/868 568/568/568 547/547/547
f 869/869/869 867/867/867 868/868/868
f 866/866/866 867/867/867 869/869/869
f 547/547/547 870/870/870 868/868/868
f 868/868/868 870/870/870 869/869/869
f 870/870/870 547/547/547 541/541/541
f 869/869/869 871/871/871 866/866/866
f 541/541/541 872/872/872 870/870/870
f 873/873/873 872/872/872 541/541/541
f 870/870/870 874/874/874 869/869/869
f 872/872/872 874/874/874 870/870/870
f 874/874/874 871/871/871 869/869/869
f 875/875/875 872/872/872 873/873/873
f 872/872/872 875/875/875 874/874/874
f 873/873/873 538/538/538 875/875/875
f 876/876/876 871/871/871 874/874/874
f 874/874/874 875/875/875 876/876/876
f 871/871/871 877/877/877 866/866/866
f 876/876/876 877/877/877 871/871/871
f 866/866/866 877/877/877 864/864/864
f 877/877/877 862/862/862 864/864/864
f 876/876/876 875/875/875 878/878/878
f 878/878/878 877/877/877 876/876/876
f 879/879/879 862/862/862 877/877/877
f 878/878/878 879/879/879 877/877/877
f 862/862/862 879/879/879 858/858/858
f 858/858/858 879/879/879 857/857/857
f 878/878/878 875/875/875 880/880/880
f 875/875/875 538/538/538 880/880/880
f 881/881/881 879/879/879 878/878/878
f 878/878/878 880/880/880 881/881/881
f 880/880/880 538/538/538 882/882/882
f 881/881/881 880/880/880 882/882/882
f 882/882/882 538/538/538 537/537/537
f 883/883/883 882/882/882 537/537/537
f 884/884/884 882/882/882 883/883/883
f 885/885/885 879/879/879 881/881/881
f 885/885/885 881/881/881 882/882/882
f 857/857/857 879/879/879 885/885/885
f 886/886/886 885/885/885 882/882/882
f 887/887/887 885/885/885 886/886/886
f 887/887/887 857/857/857 885/885/885
f 887/887/887 888/888/888 786/786/786
f 835/835/835 857/857/857 887/887/887
f 813/813/813 887/887/887 786/786/786
f 835/835/835 887/887/887 813/813/813
f 889/889/889 890/890/890 891/891/891
f 892/892/892 889/889/889 891/891/891
f 893/893/893 889/889/889 892/892/892
f 892/892/892 894/894/894 893/893/893
f 895/895/895 894/894/894 892/892/892
f 896/896/896 897/897/897 898/898/898
f 899/899/899 897/897/897 896/896/896
f 900/900/900 899/899/899 896/896/896
f 901/901/901 899/899/899 900/900/900
f 902/902/902 901/901/901 900/900/900
f 903/903/903 901/901/901 902/902/902
f 904/904/904 903/903/903 902/902/902
f 905/905/905 903/903/903 904/904/904
f 905/905/905 904/904/904 906/906/906
f 906/906/906 904/904/904 907/907/907
f 907/907/907 908/908/908 906/906/906
f 909/909/909 908/908/908 907/907/907
f 909/909/909 910/910/910 908/908/908
f 911/911/911 910/910/910 909/909/909
f 911/911/911 912/912/912 910/910/910
f 913/913/913 912/912/912 911/911/911
f 913/913/913 914/914/914 912/912/912
f 915/915/915 914/914/914 913/913/913
f 915/915/915 916/916/916 914/914/914
f 917/917/917 916/916/916 915/915/915
f 917/917/917 918/918/918 916/916/916
f 919/919/919 918/918/918 917/917/917
f 919/919/919 920/920/920 918/918/918
f 921/921/921 920/920/920 919/919/919
f 922/922/922 920/920/920 921/921/921
f 923/923/923 920/920/920 922/922/922
f 924/924/924 923/923/923 922/922/922
f 925/925/925 923/923/923 924/924/924
f 926/926/926 925/925/925 924/924/924
f 927/927/927 925/925/925 926/926/926
f 928/928/928 927/927/927 926/926/926
f 929/929/929 927/927/927 928/928/928
f 930/930/930 931/931/931 932/932/932
f 932/932/932 931/931/931 933/933/933
f 933/933/933 934/934/934 932/932/932
f 935/935/935 934/934/934 933/933/933
f 934/934/934 935/935/935 936/936/936
f 936/936/936 935/935/935 937/937/937
f 937/937/937 938/938/938 936/936/936
f 939/939/939 938/938/938 937/937/937
f 940/940/940 938/938/938 939/939/939
f 941/941/941 938/938/938 940/940/940
f 942/942/942 941/941/941 940/940/940
f 943/943/943 941/941/941 942/942/942
f 944/944/944 943/943/943 942/942/942
f 945/945/945 943/943/943 944/944/944
f 946/946/946 945/945/945 944/944/944
f 947/947/947 945/945/945 946/946/946
f 948/948/948 947/947/947 946/946/946
f 949/949/949 947/947/947 948/948/948
f 948/948/948 950/950/950 949/949/949
f 951/951/951 950/950/950 948/948/948
f 951/951/951 952/952/952 950/950/950
f 953/953/953 952/952/952 951/951/951
f 953/953/953 954/954/954 952/952/952
f 955/955/955 954/954/954 953/953/953
f 956/956/956 954/954/954 955/955/955
f 957/957/957 954/954/954 956/956/956
f 958/958/958 957/957/957 956/956/956
f 959/959/959 957/957/957 958/958/958
f 960/960/960 959/959/959 958/958/958
f 961/961/961 959/959/959 960/960/960
f 960/960/960 962/962/962 961/961/961
f 963/963/963 962/962/962 960/960/960
f 964/964/964 965/965/965 966/966/966
f 964/964/964 967/967/967 965/965/965
f 967/967/967 968/968/968 969/969/969
f 967/967/967 969/969/969 970/970/970
f 970/970/970 969/969/969 971/971/971
f 965/965/965 967/967/967 972/972/972
f 972/972/972 967/967/967 970/970/970
f 972/972/972 973/973/973 965/965/965
f 970/970/970 971/971/971 974/974/974
f 974/974/974 971/971/971 531/531/531
f 974/974/974 531/531/531 529/529/529
f 970/970/970 975/975/975 972/972/972
f 974/974/974 975/975/975 970/970/970
f 529/529/529 976/976/976 974/974/974
f 976/976/976 975/975/975 974/974/974
f 977/977/977 976/976/976 529/529/529
f 977/977/977 529/529/529 527/527/527
f 977/977/977 527/527/527 556/556/556
f 977/977/977 978/978/978 976/976/976
f 976/976/976 979/979/979 975/975/975
f 978/978/978 979/979/979 976/976/976
f 980/980/980 975/975/975 979/979/979
f 972/972/972 975/975/975 980/980/980
f 972/972/972 980/980/980 981/981/981
f 980/980/980 982/982/982 981/981/981
f 980/980/980 983/983/983 982/982/982
f 981/981/981 982/982/982 984/984/984
f 982/982/982 983/983/983 985/985/985
f 983/983/983 986/986/986 985/985/985
f 985/985/985 984/984/984 982/982/982
f 981/981/981 984/984/984 987/987/987
f 988/988/988 989/989/989 987/987/987
f 475/475/475 988/988/988 987/987/987
f 987/987/987 990/990/990 475/475/475
f 990/990/990 473/473/473 475/475/475
f 991/991/991 473/473/473 990/990/990
f 992/992/992 990/990/990 987/987/987
f 987/987/987 984/984/984 992/992/992
f 990/990/990 993/993/993 991/991/991
f 992/992/992 993/993/993 990/990/990
f 991/991/991 993/993/993 994/994/994
f 993/993/993 995/995/995 994/994/994
f 996/996/996 995/995/995 993/993/993
f 996/996/996 993/993/993 992/992/992
f 996/996/996 614/614/614 995/995/995
f 997/997/997 992/992/992 984/984/984
f 996/996/996 992/992/992 997/997/997
f 998/998/998 614/614/614 996/996/996
f 997/997/997 998/998/998 996/996/996
f 998/998/998 611/611/611 614/614/614
f 998/998/998 612/612/612 611/611/611
f 999/999/999 998/998/998 997/997/997
f 999/999/999 612/612/612 998/998/998
f 1000/1000/1000 997/997/997 984/984/984
f 999/999/999 997/997/997 1000/1000/1000
f 1000/1000/1000 984/984/984 985/985/985
f 999/999/999 1001/1001/1001 612/612/612
f 1000/1000/1000 1001/1001/1001 999/999/999
f 1001/1001/1001 601/601/601 612/612/612
f 1001/1001/1001 1000/1000/1000 1002/1002/1002
f 1002/1002/1002 601/601/601 1001/1001/1001
f 1002/1002/1002 1000/1000/1000 985/985/985
f 591/591/591 601/601/601 1002/1002/1002
f 985/985/985 1003/1003/1003 1002/1002/1002
f 1002/1002/1002 1004/1004/1004 591/591/591
f 1003/1003/1003 1004/1004/1004 1002/1002/1002
f 591/591/591 1004/1004/1004 586/586/586
f 586/586/586 1004/1004/1004 559/559/559
f 1005/1005/1005 1003/1003/1003 985/985/985
f 985/985/985 986/986/986 1005/1005/1005
f 1005/1005/1005 986/986/986 1006/1006/1006
f 1005/1005/1005 1006/1006/1006 556/556/556
f 1007/1007/1007 1004/1004/1004 1003/1003/1003
f 1003/1003/1003 1005/1005/1005 1007/1007/1007
f 559/559/559 1004/1004/1004 1007/1007/1007
f 1007/1007/1007 1005/1005/1005 556/556/556
f 557/557/557 559/559/559 1007/1007/1007
f 1007/1007/1007 556/556/556 557/557/557
