# OVE9000 technical format conversion for Ultimate Banking System
mtllib ove9000_saw.mtl

o saw_blade
v 0.5113758 0.6951395 0.2506399
v 0.5091607 0.7157657 0.2624189
v 0.5061779 0.6951395 0.2506399
v 0.5113758 0.6209353 0.3962740
v 0.5091607 0.6425886 0.4060376
v 0.5091607 0.6572413 0.3927552
v 0.5113758 0.6607598 0.3564492
v 0.5091607 0.6705236 0.3781025
v 0.5113758 0.5707532 0.4218431
v 0.5091607 0.5883296 0.4378199
v 0.5091607 0.6063696 0.4297157
v 0.5113758 0.6209353 0.3962740
v 0.5091607 0.6235297 0.4198847
v 0.5113758 0.5151260 0.4306536
v 0.5091607 0.5269049 0.4512799
v 0.5091607 0.5465664 0.4491470
v 0.5113758 0.5707532 0.4218431
v 0.5091607 0.5659245 0.4450999
v 0.5091607 0.4836853 0.4491469
v 0.5091607 0.4643273 0.4450997
v 0.5061779 0.4594986 0.4218429
v 0.5061779 0.5151260 0.4306536
v 0.5091607 0.5033466 0.4512799
v 0.5091607 0.4238822 0.4297156
v 0.5091607 0.4067222 0.4198845
v 0.5061779 0.4093167 0.3962739
v 0.5061779 0.4594986 0.4218429
v 0.5091607 0.4419222 0.4378198
v 0.5091607 0.3730106 0.3927553
v 0.5091607 0.3597284 0.3781026
v 0.5061779 0.3694918 0.3564492
v 0.5061779 0.4093167 0.3962739
v 0.5091607 0.3876633 0.4060374
v 0.5113758 0.3439230 0.3062672
v 0.5091607 0.3279460 0.3238436
v 0.5091607 0.3360502 0.3418835
v 0.5113758 0.3694918 0.3564492
v 0.5091607 0.3458813 0.3590437
v 0.5061779 0.6863291 0.3062671
v 0.5091607 0.7095857 0.3014385
v 0.5113758 0.6863291 0.3062671
v 0.5091607 0.3166190 0.2820804
v 0.5091607 0.3144860 0.2624190
v 0.5061779 0.3351124 0.2506400
v 0.5061779 0.3439230 0.3062672
v 0.5091607 0.3206661 0.3014386
v 0.5091607 0.3166190 0.2191995
v 0.5091607 0.3206661 0.1998414
v 0.5061779 0.3439229 0.1950127
v 0.5061779 0.3351124 0.2506400
v 0.5091607 0.3144860 0.2388609
v 0.5091607 0.3360502 0.1593964
v 0.5091607 0.3458813 0.1422362
v 0.5061779 0.3694918 0.1448306
v 0.5061779 0.3439229 0.1950127
v 0.5091607 0.3279460 0.1774363
v 0.5091607 0.3730106 0.1085246
v 0.5091607 0.3876632 0.0952424
v 0.5061779 0.4093165 0.1050060
v 0.5061779 0.3694918 0.1448306
v 0.5091607 0.3597284 0.1231773
v 0.5091607 0.4238821 0.0715642
v 0.5091607 0.4419221 0.0634600
v 0.5061779 0.4594986 0.0794368
v 0.5061779 0.4093165 0.1050060
v 0.5091607 0.4067221 0.0813952
v 0.5091607 0.4836853 0.0521328
v 0.5091607 0.5033467 0.0500000
v 0.5061779 0.5151258 0.0706264
v 0.5061779 0.4594986 0.0794368
v 0.5091607 0.4643272 0.0561801
v 0.5091607 0.5465662 0.0521329
v 0.5091607 0.5659244 0.0561801
v 0.5061779 0.5707530 0.0794368
v 0.5061779 0.5151258 0.0706264
v 0.5091607 0.5269049 0.0500000
v 0.5091607 0.6063694 0.0715642
v 0.5091607 0.6235297 0.0813953
v 0.5061779 0.6209352 0.1050059
v 0.5061779 0.5707530 0.0794368
v 0.5091607 0.5883296 0.0634599
v 0.5091607 0.6572410 0.1085244
v 0.5084786 0.6705235 0.1231771
v 0.5061779 0.6607597 0.1448305
v 0.5061779 0.6209352 0.1050059
v 0.5091607 0.6425884 0.0952423
v 0.5091607 0.6942016 0.1593961
v 0.5091607 0.7023058 0.1774361
v 0.5061779 0.6863291 0.1950126
v 0.5061779 0.6607597 0.1448305
v 0.5091607 0.6843707 0.1422361
v 0.5091607 0.7136329 0.2191994
v 0.5091607 0.7157657 0.2388608
v 0.5061779 0.6951395 0.2506399
v 0.5061779 0.6863291 0.1950126
v 0.5091607 0.7095857 0.1998412
v 0.5091607 0.7136328 0.2820802
v 0.5091607 0.7095857 0.3014385
v 0.5061779 0.6863291 0.3062671
v 0.5061779 0.6951395 0.2506399
v 0.5091607 0.7157657 0.2624189
v 0.5091607 0.6942018 0.3418835
v 0.5091607 0.6843708 0.3590436
v 0.5061779 0.6607598 0.3564492
v 0.5061779 0.6863291 0.3062671
v 0.5091607 0.7023058 0.3238436
v 0.5091607 0.6572413 0.3927552
v 0.5091607 0.6425886 0.4060376
v 0.5061779 0.6209353 0.3962740
v 0.5061779 0.6607598 0.3564492
v 0.5091607 0.6705236 0.3781025
v 0.5091607 0.6063696 0.4297157
v 0.5091607 0.5883296 0.4378199
v 0.5061779 0.5707532 0.4218431
v 0.5061779 0.6209353 0.3962740
v 0.5091607 0.6235297 0.4198847
v 0.5091607 0.5465664 0.4491470
v 0.5091607 0.5269049 0.4512799
v 0.5061779 0.5151260 0.4306536
v 0.5061779 0.5707532 0.4218431
v 0.5091607 0.5659245 0.4450999
v 0.5113758 0.4594986 0.4218429
v 0.5091607 0.4643273 0.4450997
v 0.5091607 0.4836853 0.4491469
v 0.5113758 0.5151260 0.4306536
v 0.5091607 0.5033466 0.4512799
v 0.5113758 0.4093167 0.3962739
v 0.5091607 0.4067222 0.4198845
v 0.5091607 0.4238822 0.4297156
v 0.5113758 0.4594986 0.4218429
v 0.5091607 0.4419222 0.4378198
v 0.5113758 0.3694918 0.3564492
v 0.5091607 0.3597284 0.3781026
v 0.5091607 0.3730106 0.3927553
v 0.5113758 0.4093167 0.3962739
v 0.5091607 0.3876633 0.4060374
v 0.5061779 0.3694918 0.3564492
v 0.5091607 0.3458813 0.3590437
v 0.5091607 0.3360502 0.3418835
v 0.5061779 0.3439230 0.3062672
v 0.5091607 0.3279460 0.3238436
v 0.5113758 0.3351124 0.2506400
v 0.5091607 0.3144860 0.2624190
v 0.5091607 0.3166190 0.2820804
v 0.5113758 0.3439230 0.3062672
v 0.5091607 0.3206661 0.3014386
v 0.5113758 0.3439229 0.1950127
v 0.5091607 0.3206661 0.1998414
v 0.5091607 0.3166190 0.2191995
v 0.5113758 0.3351124 0.2506400
v 0.5091607 0.3144860 0.2388609
v 0.5113758 0.3694918 0.1448306
v 0.5091607 0.3458813 0.1422362
v 0.5091607 0.3360502 0.1593964
v 0.5113758 0.3439229 0.1950127
v 0.5091607 0.3279460 0.1774363
v 0.5113758 0.4093165 0.1050060
v 0.5091607 0.3876632 0.0952424
v 0.5091607 0.3730106 0.1085246
v 0.5113758 0.3694918 0.1448306
v 0.5091607 0.3597284 0.1231773
v 0.5113758 0.4594986 0.0794368
v 0.5091607 0.4419221 0.0634600
v 0.5091607 0.4238821 0.0715642
v 0.5113758 0.4093165 0.1050060
v 0.5091607 0.4067221 0.0813952
v 0.5113758 0.5151258 0.0706264
v 0.5091607 0.5033467 0.0500000
v 0.5091607 0.4836853 0.0521328
v 0.5113758 0.4594986 0.0794368
v 0.5091607 0.4643272 0.0561801
v 0.5113758 0.5707530 0.0794368
v 0.5091607 0.5659244 0.0561801
v 0.5091607 0.5465662 0.0521329
v 0.5113758 0.5151258 0.0706264
v 0.5091607 0.5269049 0.0500000
v 0.5113758 0.6209352 0.1050059
v 0.5091607 0.6235297 0.0813953
v 0.5091607 0.6063694 0.0715642
v 0.5113758 0.5707530 0.0794368
v 0.5091607 0.5883296 0.0634599
v 0.5113758 0.6607597 0.1448305
v 0.5084786 0.6705235 0.1231771
v 0.5091607 0.6572410 0.1085244
v 0.5113758 0.6209352 0.1050059
v 0.5091607 0.6425884 0.0952423
v 0.5113758 0.6863291 0.1950126
v 0.5091607 0.7023058 0.1774361
v 0.5091607 0.6942016 0.1593961
v 0.5113758 0.6607597 0.1448305
v 0.5091607 0.6843707 0.1422361
v 0.5113758 0.6951395 0.2506399
v 0.5091607 0.7157657 0.2388608
v 0.5091607 0.7136329 0.2191994
v 0.5113758 0.6863291 0.1950126
v 0.5091607 0.7095857 0.1998412
v 0.5113758 0.6863291 0.3062671
v 0.5091607 0.7095857 0.3014385
v 0.5091607 0.7136328 0.2820802
v 0.5113758 0.6951395 0.2506399
v 0.5091607 0.7157657 0.2624189
v 0.5113758 0.6607598 0.3564492
v 0.5091607 0.6843708 0.3590436
v 0.5091607 0.6942018 0.3418835
v 0.5113758 0.6863291 0.3062671
v 0.5091607 0.7023058 0.3238436
v 0.5061779 0.5151258 0.2506399
v 0.5061779 0.5707532 0.4218431
v 0.5061779 0.5151260 0.4306536
v 0.5061779 0.4594986 0.4218429
v 0.5061779 0.4093167 0.3962739
v 0.5061779 0.3694918 0.3564492
v 0.5061779 0.3439230 0.3062672
v 0.5061779 0.3351124 0.2506400
v 0.5061779 0.3439229 0.1950127
v 0.5061779 0.3694918 0.1448306
v 0.5061779 0.4093165 0.1050060
v 0.5061779 0.4594986 0.0794368
v 0.5061779 0.5151258 0.0706264
v 0.5061779 0.5707530 0.0794368
v 0.5061779 0.6209352 0.1050059
v 0.5061779 0.6607597 0.1448305
v 0.5061779 0.6863291 0.1950126
v 0.5061779 0.6951395 0.2506399
v 0.5061779 0.6863291 0.3062671
v 0.5061779 0.6607598 0.3564492
v 0.5061779 0.6209353 0.3962740
v 0.5113758 0.6209353 0.3962740
v 0.5113758 0.5151258 0.2506399
v 0.5113758 0.5707532 0.4218431
v 0.5113758 0.5151260 0.4306536
v 0.5113758 0.4594986 0.4218429
v 0.5113758 0.4093167 0.3962739
v 0.5113758 0.3694918 0.3564492
v 0.5113758 0.3439230 0.3062672
v 0.5113758 0.3351124 0.2506400
v 0.5113758 0.3439229 0.1950127
v 0.5113758 0.3694918 0.1448306
v 0.5113758 0.4093165 0.1050060
v 0.5113758 0.4594986 0.0794368
v 0.5113758 0.5151258 0.0706264
v 0.5113758 0.5707530 0.0794368
v 0.5113758 0.6209352 0.1050059
v 0.5113758 0.6607597 0.1448305
v 0.5113758 0.6863291 0.1950126
v 0.5113758 0.6951395 0.2506399
v 0.5113758 0.6863291 0.3062671
v 0.5113758 0.6607598 0.3564492
v 0.5061779 0.6951395 0.2506399
v 0.5091607 0.7157657 0.2388608
v 0.5113758 0.6951395 0.2506399
v 0.5113758 0.6863291 0.3062671
v 0.5091607 0.7023058 0.3238436
v 0.5061779 0.6863291 0.3062671
v 0.5113758 0.6863291 0.1950126
v 0.5091607 0.7095857 0.1998412
v 0.5061779 0.6863291 0.1950126
v 0.5061779 0.6607598 0.3564492
v 0.5091607 0.6843708 0.3590436
v 0.5113758 0.6607598 0.3564492
v 0.5061779 0.6863291 0.1950126
v 0.5091607 0.7023058 0.1774361
v 0.5113758 0.6863291 0.1950126
v 0.5113758 0.6607598 0.3564492
v 0.5091607 0.6705236 0.3781025
v 0.5061779 0.6607598 0.3564492
v 0.5113758 0.6607597 0.1448305
v 0.5091607 0.6843707 0.1422361
v 0.5061779 0.6607597 0.1448305
v 0.5061779 0.6209353 0.3962740
v 0.5091607 0.6425886 0.4060376
v 0.5113758 0.6209353 0.3962740
v 0.5061779 0.6607597 0.1448305
v 0.5084786 0.6705235 0.1231771
v 0.5113758 0.6607597 0.1448305
v 0.5113758 0.6209353 0.3962740
v 0.5091607 0.6235297 0.4198847
v 0.5061779 0.6209353 0.3962740
v 0.5113758 0.6209352 0.1050059
v 0.5091607 0.6425884 0.0952423
v 0.5061779 0.6209352 0.1050059
v 0.5061779 0.5707532 0.4218431
v 0.5091607 0.5883296 0.4378199
v 0.5113758 0.5707532 0.4218431
v 0.5061779 0.6209352 0.1050059
v 0.5091607 0.6235297 0.0813953
v 0.5113758 0.6209352 0.1050059
v 0.5113758 0.5707532 0.4218431
v 0.5091607 0.5659245 0.4450999
v 0.5061779 0.5707532 0.4218431
v 0.5113758 0.5707530 0.0794368
v 0.5091607 0.5883296 0.0634599
v 0.5061779 0.5707530 0.0794368
v 0.5061779 0.5151260 0.4306536
v 0.5091607 0.5269049 0.4512799
v 0.5113758 0.5151260 0.4306536
v 0.5061779 0.5707530 0.0794368
v 0.5091607 0.5659244 0.0561801
v 0.5113758 0.5707530 0.0794368
v 0.5113758 0.5151260 0.4306536
v 0.5091607 0.5033466 0.4512799
v 0.5061779 0.5151260 0.4306536
v 0.5113758 0.5151258 0.0706264
v 0.5091607 0.5269049 0.0500000
v 0.5061779 0.5151258 0.0706264
v 0.5061779 0.4594986 0.4218429
v 0.5091607 0.4643273 0.4450997
v 0.5113758 0.4594986 0.4218429
v 0.5061779 0.5151258 0.0706264
v 0.5091607 0.5033467 0.0500000
v 0.5113758 0.5151258 0.0706264
v 0.5113758 0.4594986 0.4218429
v 0.5091607 0.4419222 0.4378198
v 0.5061779 0.4594986 0.4218429
v 0.5113758 0.4594986 0.0794368
v 0.5091607 0.4643272 0.0561801
v 0.5061779 0.4594986 0.0794368
v 0.5061779 0.4093167 0.3962739
v 0.5091607 0.4067222 0.4198845
v 0.5113758 0.4093167 0.3962739
v 0.5061779 0.4594986 0.0794368
v 0.5091607 0.4419221 0.0634600
v 0.5113758 0.4594986 0.0794368
v 0.5113758 0.4093167 0.3962739
v 0.5091607 0.3876633 0.4060374
v 0.5061779 0.4093167 0.3962739
v 0.5113758 0.4093165 0.1050060
v 0.5091607 0.4067221 0.0813952
v 0.5061779 0.4093165 0.1050060
v 0.5061779 0.3694918 0.3564492
v 0.5091607 0.3597284 0.3781026
v 0.5113758 0.3694918 0.3564492
v 0.5061779 0.4093165 0.1050060
v 0.5091607 0.3876632 0.0952424
v 0.5113758 0.4093165 0.1050060
v 0.5113758 0.3694918 0.3564492
v 0.5091607 0.3458813 0.3590437
v 0.5061779 0.3694918 0.3564492
v 0.5113758 0.3694918 0.1448306
v 0.5091607 0.3597284 0.1231773
v 0.5061779 0.3694918 0.1448306
v 0.5061779 0.3439230 0.3062672
v 0.5091607 0.3279460 0.3238436
v 0.5113758 0.3439230 0.3062672
v 0.5061779 0.3694918 0.1448306
v 0.5091607 0.3458813 0.1422362
v 0.5113758 0.3694918 0.1448306
v 0.5113758 0.3439230 0.3062672
v 0.5091607 0.3206661 0.3014386
v 0.5061779 0.3439230 0.3062672
v 0.5113758 0.3439229 0.1950127
v 0.5091607 0.3279460 0.1774363
v 0.5061779 0.3439229 0.1950127
v 0.5061779 0.3351124 0.2506400
v 0.5091607 0.3144860 0.2624190
v 0.5113758 0.3351124 0.2506400
v 0.5061779 0.3439229 0.1950127
v 0.5091607 0.3206661 0.1998414
v 0.5113758 0.3439229 0.1950127
v 0.5113758 0.3351124 0.2506400
v 0.5091607 0.3144860 0.2388609
v 0.5061779 0.3351124 0.2506400
vt -0.9697490 0.7504030
vt -0.9773560 0.6688630
vt -0.9849620 0.7504030
vt -0.0022670 0.9163680
vt -0.0294200 0.8442640
vt -0.0932170 0.8411490
vt -0.1841660 0.9163680
vt -0.1570140 0.8442640
vt -0.0022670 0.9163680
vt -0.0294200 0.8442640
vt -0.0932160 0.8411490
vt -0.1841660 0.9163680
vt -0.1570130 0.8442640
vt 0.9977330 0.9163680
vt 0.9705800 0.8442640
vt 0.9067830 0.8411490
vt 0.8158340 0.9163680
vt 0.8429870 0.8442640
vt -0.9050790 0.9946610
vt -0.8412460 0.9915450
vt -0.8140790 0.9194010
vt -0.9960770 0.9194010
vt -0.9689100 0.9915450
vt -0.0932710 0.9973060
vt -0.0294720 0.9941920
vt -0.0023180 0.9220840
vt -0.1842240 0.9220840
vt -0.1570710 0.9941920
vt -0.9050840 0.8380490
vt -0.9689170 0.8411650
vt -0.9960840 0.9133090
vt -0.8140860 0.9133090
vt -0.8412530 0.8411650
vt -0.0022670 0.9163680
vt -0.0294200 0.8442640
vt -0.0932170 0.8411490
vt -0.1841660 0.9163680
vt -0.1570140 0.8442640
vt -0.9849620 0.7504030
vt -0.9773560 0.8319420
vt -0.9697490 0.7504030
vt -0.0932710 0.9973060
vt -0.0294720 0.9941920
vt -0.0023180 0.9220840
vt -0.1842240 0.9220840
vt -0.1570710 0.9941920
vt -0.9050840 0.8380490
vt -0.9689170 0.8411650
vt -0.9960840 0.9133090
vt -0.8140860 0.9133090
vt -0.8412530 0.8411650
vt -0.9050790 0.9946610
vt -0.8412460 0.9915450
vt -0.8140790 0.9194010
vt -0.9960770 0.9194010
vt -0.9689100 0.9915450
vt -0.0932710 0.9973060
vt -0.0294720 0.9941920
vt -0.0023180 0.9220840
vt -0.1842240 0.9220840
vt -0.1570710 0.9941920
vt -0.9050840 0.8380490
vt -0.9689170 0.8411650
vt -0.9960840 0.9133090
vt -0.8140860 0.9133090
vt -0.8412530 0.8411650
vt -0.9050790 0.9946610
vt -0.8412460 0.9915450
vt -0.8140790 0.9194010
vt -0.9960770 0.9194010
vt -0.9689100 0.9915450
vt -0.0932710 0.9973060
vt -0.0294720 0.9941920
vt -0.0023180 0.9220840
vt -0.1842240 0.9220840
vt -0.1570710 0.9941920
vt -0.9050840 0.8380490
vt -0.9689170 0.8411650
vt -0.9960840 0.9133090
vt -0.8140860 0.9133090
vt -0.8412530 0.8411650
vt -0.9050790 0.9946610
vt -0.8412460 0.9915450
vt -0.8140790 0.9194010
vt -0.9960770 0.9194010
vt -0.9689100 0.9915450
vt -0.0932710 0.9973060
vt -0.0294720 0.9941920
vt -0.0023180 0.9220840
vt -0.1842240 0.9220840
vt -0.1570710 0.9941920
vt -0.9050840 0.8380490
vt -0.9689170 0.8411650
vt -0.9960840 0.9133090
vt -0.8140860 0.9133090
vt -0.8412530 0.8411650
vt -0.9050790 0.9946610
vt -0.8412460 0.9915450
vt -0.8140790 0.9194010
vt -0.9960770 0.9194010
vt -0.9689100 0.9915450
vt 0.9067290 0.9973060
vt 0.9705280 0.9941920
vt 0.9976820 0.9220840
vt 0.8157760 0.9220840
vt 0.8429290 0.9941920
vt -0.9050840 0.8380490
vt -0.9689170 0.8411650
vt -0.9960840 0.9133090
vt -0.8140860 0.9133090
vt -0.8412530 0.8411650
vt 0.0949210 0.9946610
vt 0.1587540 0.9915450
vt 0.1859210 0.9194010
vt 0.0039230 0.9194010
vt 0.0310900 0.9915450
vt 0.0949160 0.8380490
vt 0.0310830 0.8411650
vt 0.0039160 0.9133090
vt 0.1859140 0.9133090
vt 0.1587470 0.8411650
vt -0.0022670 0.9163680
vt -0.0294200 0.8442640
vt -0.0932160 0.8411500
vt -0.1841660 0.9163680
vt -0.1570130 0.8442640
vt -0.0022670 0.9163680
vt -0.0294200 0.8442640
vt -0.0932170 0.8411490
vt -0.1841660 0.9163680
vt -0.1570140 0.8442640
vt -0.0022670 0.9163680
vt -0.0294200 0.8442640
vt -0.0932170 0.8411490
vt -0.1841660 0.9163680
vt -0.1570130 0.8442640
vt -0.9960770 0.9194010
vt -0.9689100 0.9915450
vt -0.9050790 0.9946610
vt -0.8140790 0.9194010
vt -0.8412460 0.9915450
vt -0.0022670 0.9163680
vt -0.0294200 0.8442640
vt -0.0932170 0.8411490
vt -0.1841660 0.9163680
vt -0.1570130 0.8442640
vt -0.0022670 0.9163680
vt -0.0294200 0.8442640
vt -0.0932170 0.8411490
vt -0.1841660 0.9163680
vt -0.1570130 0.8442640
vt -0.0022670 0.9163680
vt -0.0294190 0.8442640
vt -0.0932160 0.8411490
vt -0.1841660 0.9163680
vt -0.1570130 0.8442640
vt -0.0022670 0.9163680
vt -0.0294200 0.8442640
vt -0.0932160 0.8411500
vt -0.1841660 0.9163680
vt -0.1570130 0.8442640
vt -0.0022670 0.9163680
vt -0.0294200 0.8442640
vt -0.0932170 0.8411490
vt -0.1841660 0.9163680
vt -0.1570130 0.8442640
vt -0.0022670 0.9163680
vt -0.0294200 0.8442640
vt -0.0932170 0.8411490
vt -0.1841660 0.9163680
vt -0.1570130 0.8442640
vt -0.0022670 0.9163680
vt -0.0294200 0.8442640
vt -0.0932170 0.8411490
vt -0.1841660 0.9163680
vt -0.1570140 0.8442640
vt -0.0022670 0.9163680
vt -0.0294190 0.8442640
vt -0.0932170 0.8411490
vt -0.1841660 0.9163680
vt -0.1570130 0.8442640
vt -0.0022670 0.9163680
vt -0.0294200 0.8442630
vt -0.0932170 0.8411490
vt -0.1841660 0.9163680
vt -0.1570140 0.8442640
vt -0.0022670 0.9163680
vt -0.0294200 0.8442640
vt -0.0932170 0.8411490
vt -0.1841660 0.9163680
vt -0.1570130 0.8442630
vt -0.0022670 0.9163680
vt -0.0294200 0.8442640
vt -0.0932170 0.8411490
vt -0.1841660 0.9163680
vt -0.1570140 0.8442640
vt -0.0022670 0.9163680
vt -0.0294200 0.8442640
vt -0.0932160 0.8411500
vt -0.1841660 0.9163680
vt -0.1570130 0.8442640
vt -0.0022670 0.9163680
vt -0.0294200 0.8442630
vt -0.0932170 0.8411490
vt -0.1841660 0.9163680
vt -0.1570130 0.8442640
vt -0.5000000 0.5000000
vt -0.0397960 0.6495290
vt -0.0161130 0.5000000
vt -0.0397970 0.3504710
vt -0.1085280 0.2155780
vt -0.2155780 0.1085270
vt -0.3504700 0.0397960
vt -0.5000000 0.0161130
vt -0.6495290 0.0397960
vt -0.7844210 0.1085270
vt -0.8914720 0.2155780
vt -0.9602040 0.3504710
vt -0.9838870 0.5000000
vt -0.9602040 0.6495290
vt -0.8914720 0.7844210
vt -0.7844220 0.8914720
vt -0.6495290 0.9602040
vt -0.5000000 0.9838860
vt -0.3504700 0.9602040
vt -0.2155780 0.8914720
vt -0.1085270 0.7844210
vt 0.1085280 0.7844210
vt 0.5000000 0.5000000
vt 0.0397960 0.6495290
vt 0.0161130 0.5000000
vt 0.0397970 0.3504710
vt 0.1085280 0.2155780
vt 0.2155790 0.1085270
vt 0.3504710 0.0397960
vt 0.5000000 0.0161130
vt 0.6495290 0.0397960
vt 0.7844220 0.1085270
vt 0.8914730 0.2155780
vt 0.9602040 0.3504710
vt 0.9838870 0.5000000
vt 0.9602040 0.6495290
vt 0.8914730 0.7844210
vt 0.7844220 0.8914720
vt 0.6495290 0.9602040
vt 0.5000000 0.9838860
vt 0.3504710 0.9602040
vt 0.2155790 0.8914720
vt -0.9849620 0.7504030
vt -0.9773560 0.8319430
vt -0.9697490 0.7504030
vt -0.9697490 0.7504030
vt -0.9773560 0.6688630
vt -0.9849620 0.7504030
vt -0.9697490 0.7504030
vt -0.9773560 0.6688630
vt -0.9849620 0.7504030
vt -0.9849620 0.7504030
vt -0.9773550 0.8319440
vt -0.9697490 0.7504030
vt -0.9849620 0.7504030
vt -0.9773560 0.8319430
vt -0.9697490 0.7504030
vt -0.9697490 0.7504030
vt -0.9773560 0.6688620
vt -0.9849620 0.7504030
vt -0.9697490 0.7504030
vt -0.9773560 0.6688620
vt -0.9849620 0.7504030
vt -0.9849620 0.7504030
vt -0.9773550 0.8319430
vt -0.9697490 0.7504030
vt -0.9849620 0.7504030
vt -0.9773550 0.8319430
vt -0.9697490 0.7504030
vt -0.9697490 0.7504030
vt -0.9773550 0.6688620
vt -0.9849620 0.7504030
vt -0.9697490 0.7504030
vt -0.9773550 0.6688630
vt -0.9849620 0.7504030
vt 0.0302510 0.7504030
vt 0.0226440 0.6688630
vt 0.0150380 0.7504030
vt -0.9849620 0.7504030
vt -0.9773550 0.8319430
vt -0.9697490 0.7504030
vt 0.0150380 0.7504030
vt 0.0226440 0.8319430
vt 0.0302510 0.7504030
vt -0.9697490 0.7504030
vt -0.9773560 0.6688630
vt -0.9849620 0.7504030
vt -0.9697490 0.7504030
vt -0.9773560 0.6688630
vt -0.9849620 0.7504030
vt -0.9849620 0.7504030
vt -0.9773560 0.8319430
vt -0.9697490 0.7504030
vt -0.9849620 0.7504030
vt -0.9773550 0.8319440
vt -0.9697490 0.7504030
vt -0.9849620 0.7504030
vt -0.9773550 0.8319430
vt -0.9697490 0.7504030
vt -0.9697490 0.7504030
vt -0.9773560 0.6688630
vt -0.9849620 0.7504030
vt -0.9697490 0.7504030
vt -0.9773560 0.6688620
vt -0.9849620 0.7504030
vt -0.9849620 0.7504030
vt -0.9773550 0.8319430
vt -0.9697490 0.7504030
vt -0.9849620 0.7505590
vt -0.9773560 0.8320990
vt -0.9697490 0.7505590
vt -0.9697490 0.7504030
vt -0.9773560 0.6688630
vt -0.9849620 0.7504030
vt -0.9697490 0.7505590
vt -0.9773560 0.6690190
vt -0.9849620 0.7505590
vt -0.9849620 0.7504030
vt -0.9773560 0.8319430
vt -0.9697490 0.7504030
vt -0.9849620 0.7504030
vt -0.9773560 0.8319430
vt -0.9697490 0.7504030
vt -0.9697490 0.7504030
vt -0.9773550 0.6688630
vt -0.9849620 0.7504030
vt -0.9697490 0.7504030
vt -0.9773560 0.6688620
vt -0.9849620 0.7504030
vt -0.9849620 0.7504030
vt -0.9773550 0.8319420
vt -0.9697490 0.7504030
vt -0.9849620 0.7504030
vt -0.9773560 0.8319430
vt -0.9697490 0.7504030
vt -0.9697490 0.7504030
vt -0.9773560 0.6688630
vt -0.9849620 0.7504030
vt -0.9697490 0.7504030
vt -0.9773560 0.6688630
vt -0.9849620 0.7504030
vt -0.9849620 0.7504030
vt -0.9773550 0.8319430
vt -0.9697490 0.7504030
vt -0.9849620 0.7504030
vt -0.9773560 0.8319430
vt -0.9697490 0.7504030
vt -0.9697490 0.7505590
vt -0.9773560 0.6690190
vt -0.9849620 0.7505590
vt -0.9697490 0.7504030
vt -0.9773550 0.6688630
vt -0.9849620 0.7504030
vt -0.9849620 0.7505590
vt -0.9773560 0.8320990
vt -0.9697490 0.7505590
vn 0.0000000 0.4959068 -0.8683757
vn 0.0000000 0.4959068 -0.8683757
vn 0.0000000 0.4959068 -0.8683757
vn 0.9949113 0.0679110 0.0744290
vn 0.9948661 0.0679670 0.0749790
vn 0.9947028 0.0726850 0.0726850
vn 0.9949114 0.0744290 0.0679100
vn 0.9948663 0.0749790 0.0679660
vn 0.9949111 0.0415890 0.0917730
vn 0.9948660 0.0414700 0.0923140
vn 0.9947077 0.0466460 0.0915460
vn 0.9949113 0.0498010 0.0875870
vn 0.9948661 0.0503060 0.0878100
vn 0.9949113 0.0111930 0.1001320
vn 0.9948661 0.0109140 0.1006100
vn 0.9947077 0.0160720 0.1014800
vn 0.9949074 0.0203340 0.0987210
vn 0.9948661 0.0207100 0.0990580
vn -0.9913865 -0.0204880 0.1293559
vn -0.9907489 -0.0277720 0.1328350
vn -0.9913771 -0.0233080 0.1289500
vn -0.9913771 -0.0176810 0.1298410
vn -0.9907488 -0.0146370 0.1349160
vn -0.9913865 -0.0594580 0.1166941
vn -0.9907488 -0.0674610 0.1177520
vn -0.9913771 -0.0620150 0.1154360
vn -0.9913771 -0.0569380 0.1180230
vn -0.9907487 -0.0556110 0.1237910
vn -0.9913865 -0.0926079 0.0926090
vn -0.9907488 -0.1005460 0.0911430
vn -0.9913771 -0.0946510 0.0906230
vn -0.9913771 -0.0906230 0.0946510
vn -0.9907487 -0.0911430 0.1005470
vn 0.9949111 -0.0917730 0.0415890
vn 0.9948661 -0.0923120 0.0414700
vn 0.9947027 -0.0915880 0.0466680
vn 0.9949113 -0.0875860 0.0498020
vn 0.9948661 -0.0878100 0.0503070
vn 0.0000000 0.2032889 0.9791187
vn 0.0000000 0.2032889 0.9791187
vn 0.0000000 0.2032889 0.9791187
vn -0.9913865 -0.1293559 0.0204880
vn -0.9907488 -0.1349160 0.0146360
vn -0.9913771 -0.1298410 0.0176810
vn -0.9913771 -0.1289500 0.0233080
vn -0.9907490 -0.1328350 0.0277710
vn -0.9913865 -0.1293559 -0.0204880
vn -0.9907488 -0.1328360 -0.0277710
vn -0.9913771 -0.1289500 -0.0233080
vn -0.9913771 -0.1298410 -0.0176810
vn -0.9907488 -0.1349160 -0.0146360
vn -0.9913865 -0.1166941 -0.0594580
vn -0.9907487 -0.1177530 -0.0674610
vn -0.9913771 -0.1154370 -0.0620140
vn -0.9913771 -0.1180230 -0.0569390
vn -0.9907490 -0.1237890 -0.0556110
vn -0.9913864 -0.0926089 -0.0926089
vn -0.9907488 -0.0911430 -0.1005460
vn -0.9913771 -0.0906230 -0.0946510
vn -0.9913771 -0.0946520 -0.0906230
vn -0.9907487 -0.1005470 -0.0911430
vn -0.9913866 -0.0594580 -0.1166929
vn -0.9907487 -0.0556100 -0.1237910
vn -0.9913771 -0.0569380 -0.1180230
vn -0.9913771 -0.0620150 -0.1154360
vn -0.9907488 -0.0674610 -0.1177520
vn -0.9913865 -0.0204880 -0.1293559
vn -0.9907488 -0.0146350 -0.1349160
vn -0.9913772 -0.0176800 -0.1298410
vn -0.9913771 -0.0233080 -0.1289500
vn -0.9907487 -0.0277730 -0.1328360
vn -0.9913865 0.0204880 -0.1293559
vn -0.9907489 0.0277730 -0.1328350
vn -0.9913771 0.0233080 -0.1289500
vn -0.9913771 0.0176810 -0.1298410
vn -0.9907488 0.0146350 -0.1349160
vn -0.9913865 0.0594580 -0.1166939
vn -0.9907488 0.0674600 -0.1177530
vn -0.9913770 0.0620150 -0.1154370
vn -0.9913772 0.0569390 -0.1180220
vn -0.9907490 0.0556110 -0.1237890
vn -0.9925290 0.0806560 -0.0915470
vn -0.9953315 0.0437730 -0.0860170
vn -0.9935917 0.0703680 -0.0884510
vn -0.9913771 0.0906230 -0.0946510
vn -0.9907487 0.0911440 -0.1005460
vn -0.9913866 0.1166929 -0.0594580
vn -0.9907487 0.1237910 -0.0556110
vn -0.9913771 0.1180230 -0.0569390
vn -0.9913774 0.1154350 -0.0620140
vn -0.9907491 0.1177510 -0.0674600
vn -0.9913865 0.1293559 -0.0204880
vn -0.9907487 0.1349170 -0.0146350
vn -0.9913771 0.1298420 -0.0176800
vn -0.9913770 0.1289510 -0.0233080
vn -0.9907486 0.1328369 -0.0277730
vn -0.9913864 0.1293570 0.0204880
vn -0.9907486 0.1328369 0.0277720
vn -0.9913770 0.1289510 0.0233080
vn -0.9913770 0.1298420 0.0176810
vn -0.9907486 0.1349179 0.0146360
vn -0.9913866 0.1166929 0.0594580
vn -0.9907492 0.1177510 0.0674590
vn -0.9913774 0.1154350 0.0620140
vn -0.9913771 0.1180230 0.0569380
vn -0.9907487 0.1237920 0.0556100
vn -0.9913866 0.0926080 0.0926080
vn -0.9907488 0.0911430 0.1005460
vn -0.9913771 0.0906230 0.0946510
vn -0.9913772 0.0946510 0.0906220
vn -0.9907490 0.1005460 0.0911420
vn -0.9913865 0.0594580 0.1166939
vn -0.9907488 0.0556110 0.1237900
vn -0.9913771 0.0569390 0.1180230
vn -0.9913772 0.0620140 0.1154360
vn -0.9907489 0.0674600 0.1177520
vn -0.9913865 0.0204880 0.1293559
vn -0.9907487 0.0146360 0.1349170
vn -0.9913771 0.0176810 0.1298410
vn -0.9913771 0.0233080 0.1289500
vn -0.9907490 0.0277710 0.1328350
vn 0.9949074 -0.0203340 0.0987210
vn 0.9948661 -0.0207100 0.0990580
vn 0.9947076 -0.0160740 0.1014800
vn 0.9949113 -0.0111930 0.1001320
vn 0.9948661 -0.0109150 0.1006090
vn 0.9949113 -0.0498010 0.0875870
vn 0.9948661 -0.0503070 0.0878100
vn 0.9947027 -0.0466680 0.0915880
vn 0.9949110 -0.0415910 0.0917730
vn 0.9948661 -0.0414700 0.0923130
vn 0.9949113 -0.0744290 0.0679110
vn 0.9948661 -0.0749790 0.0679670
vn 0.9947077 -0.0726520 0.0726510
vn 0.9949113 -0.0679120 0.0744290
vn 0.9948663 -0.0679660 0.0749790
vn -0.9913770 -0.1154370 0.0620150
vn -0.9907487 -0.1177530 0.0674610
vn -0.9913865 -0.1166939 0.0594580
vn -0.9913771 -0.1180230 0.0569380
vn -0.9907488 -0.1237900 0.0556110
vn 0.9949075 -0.1001720 0.0111670
vn 0.9948661 -0.1006090 0.0109140
vn 0.9947077 -0.1014800 0.0160720
vn 0.9949075 -0.0987200 0.0203340
vn 0.9948663 -0.0990570 0.0207100
vn 0.9949111 -0.0986910 -0.0202970
vn 0.9948661 -0.0990580 -0.0207100
vn 0.9947077 -0.1014790 -0.0160730
vn 0.9949111 -0.1001330 -0.0111940
vn 0.9948661 -0.1006090 -0.0109150
vn 0.9949111 -0.0875880 -0.0498010
vn 0.9948660 -0.0878110 -0.0503070
vn 0.9947027 -0.0915890 -0.0466670
vn 0.9949110 -0.0917730 -0.0415900
vn 0.9948661 -0.0923120 -0.0414700
vn 0.9949113 -0.0679110 -0.0744290
vn 0.9948663 -0.0679670 -0.0749780
vn 0.9947077 -0.0726520 -0.0726510
vn 0.9949073 -0.0744780 -0.0679150
vn 0.9948660 -0.0749800 -0.0679670
vn 0.9949113 -0.0415870 -0.0917720
vn 0.9948661 -0.0414700 -0.0923130
vn 0.9947077 -0.0466450 -0.0915460
vn 0.9949113 -0.0498020 -0.0875860
vn 0.9948661 -0.0503070 -0.0878100
vn 0.9949113 -0.0111920 -0.1001310
vn 0.9948661 -0.0109140 -0.1006090
vn 0.9947077 -0.0160720 -0.1014800
vn 0.9949113 -0.0202970 -0.0986900
vn 0.9948660 -0.0207110 -0.0990590
vn 0.9949111 0.0202970 -0.0986910
vn 0.9948661 0.0207110 -0.0990580
vn 0.9947076 0.0160730 -0.1014800
vn 0.9949075 0.0111670 -0.1001720
vn 0.9948661 0.0109140 -0.1006090
vn 0.9949113 0.0498020 -0.0875860
vn 0.9948661 0.0503070 -0.0878100
vn 0.9947027 0.0466680 -0.0915880
vn 0.9949073 0.0415780 -0.0918190
vn 0.9948663 0.0414700 -0.0923110
vn 0.9930403 0.0948750 -0.0697830
vn 0.9886395 0.1313601 -0.0730510
vn 0.9942410 0.0810290 -0.0701360
vn 0.9952161 0.0675610 -0.0705710
vn 0.9948660 0.0679670 -0.0749800
vn 0.9949113 0.0917720 -0.0415870
vn 0.9948661 0.0923130 -0.0414700
vn 0.9947027 0.0915890 -0.0466660
vn 0.9949074 0.0876040 -0.0498450
vn 0.9948663 0.0878090 -0.0503060
vn 0.9949108 0.1001340 -0.0111960
vn 0.9948661 0.1006100 -0.0109140
vn 0.9947076 0.1014800 -0.0160740
vn 0.9949113 0.0986900 -0.0202980
vn 0.9948660 0.0990590 -0.0207110
vn 0.9949113 0.0986900 0.0202980
vn 0.9948660 0.0990590 0.0207100
vn 0.9947077 0.1014800 0.0160730
vn 0.9949113 0.1001320 0.0111920
vn 0.9948661 0.1006100 0.0109140
vn 0.9949075 0.0876040 0.0498450
vn 0.9948663 0.0878090 0.0503060
vn 0.9947077 0.0915460 0.0466450
vn 0.9949113 0.0917720 0.0415870
vn 0.9948660 0.0923140 0.0414700
vn -0.9999999 0.0000000 -0.0000000
vn -0.9999999 0.0000000 -0.0000000
vn -0.9999999 0.0000000 -0.0000000
vn -0.9999999 0.0000000 -0.0000000
vn -0.9999999 0.0000000 -0.0000000
vn -0.9999999 0.0000000 -0.0000000
vn -0.9999999 0.0000000 -0.0000000
vn -0.9999999 0.0000000 -0.0000000
vn -0.9999999 0.0000000 -0.0000000
vn -0.9999999 0.0000000 -0.0000000
vn -0.9999999 0.0000000 -0.0000000
vn -0.9999999 0.0000000 -0.0000000
vn -0.9999999 0.0000000 -0.0000000
vn -0.9999999 0.0000000 -0.0000000
vn -0.9999999 0.0000000 -0.0000000
vn -0.9999999 0.0000000 -0.0000000
vn -0.9999999 0.0000000 -0.0000000
vn -0.9999999 0.0000000 -0.0000000
vn -0.9999999 0.0000000 -0.0000000
vn -0.9999999 0.0000000 -0.0000000
vn -0.9999999 0.0000000 -0.0000000
vn 0.9999999 0.0000000 -0.0000000
vn 0.9999999 0.0000000 -0.0000000
vn 0.9999999 0.0000000 -0.0000000
vn 0.9999999 0.0000000 -0.0000000
vn 0.9999999 0.0000000 -0.0000000
vn 0.9999999 0.0000000 -0.0000000
vn 0.9999999 0.0000000 -0.0000000
vn 0.9999999 0.0000000 -0.0000000
vn 0.9999999 0.0000000 -0.0000000
vn 0.9999999 0.0000000 -0.0000000
vn 0.9999999 0.0000000 -0.0000000
vn 0.9999999 0.0000000 -0.0000000
vn 0.9999999 0.0000000 -0.0000000
vn 0.9999999 0.0000000 -0.0000000
vn 0.9999999 0.0000000 -0.0000000
vn 0.9999999 0.0000000 -0.0000000
vn 0.9999999 0.0000000 -0.0000000
vn 0.9999999 0.0000000 -0.0000000
vn 0.9999999 0.0000000 -0.0000000
vn 0.9999999 0.0000000 -0.0000000
vn 0.9999999 0.0000000 -0.0000000
vn 0.0000000 0.4959061 0.8683761
vn 0.0000000 0.4959061 0.8683761
vn 0.0000000 0.4959061 0.8683761
vn 0.0000000 0.7399799 -0.6726289
vn 0.0000000 0.7399799 -0.6726289
vn 0.0000000 0.7399799 -0.6726289
vn 0.0000000 0.2032889 -0.9791187
vn 0.0000000 0.2032889 -0.9791187
vn 0.0000000 0.2032889 -0.9791187
vn 0.0000000 -0.1092210 0.9940175
vn 0.0000000 -0.1092210 0.9940175
vn 0.0000000 -0.1092210 0.9940175
vn 0.0000000 0.7399809 0.6726279
vn 0.0000000 0.7399809 0.6726279
vn 0.0000000 0.7399809 0.6726279
vn 0.0000000 0.9116096 -0.4110568
vn 0.0000000 0.9116096 -0.4110568
vn 0.0000000 0.9116096 -0.4110568
vn 0.0000000 -0.1092240 -0.9940171
vn 0.0000000 -0.1092240 -0.9940171
vn 0.0000000 -0.1092240 -0.9940171
vn 0.0000000 -0.4110491 0.9116132
vn 0.0000000 -0.4110491 0.9116132
vn 0.0000000 -0.4110491 0.9116132
vn 0.0000000 0.9116100 0.4110560
vn 0.0000000 0.9116100 0.4110560
vn 0.0000000 0.9116100 0.4110560
vn 0.0000000 0.9940167 -0.1092270
vn 0.0000000 0.9940167 -0.1092270
vn 0.0000000 0.9940167 -0.1092270
vn 0.0000000 -0.4110560 -0.9116100
vn 0.0000000 -0.4110560 -0.9116100
vn 0.0000000 -0.4110560 -0.9116100
vn 0.0000000 -0.6726336 0.7399756
vn 0.0000000 -0.6726336 0.7399756
vn 0.0000000 -0.6726336 0.7399756
vn 0.0000000 0.9940165 0.1092289
vn 0.0000000 0.9940165 0.1092289
vn 0.0000000 0.9940165 0.1092289
vn 0.0000000 0.9791191 0.2032870
vn 0.0000000 0.9791191 0.2032870
vn 0.0000000 0.9791191 0.2032870
vn 0.0000000 -0.6726310 -0.7399780
vn 0.0000000 -0.6726310 -0.7399780
vn 0.0000000 -0.6726310 -0.7399780
vn 0.0000000 -0.8683794 0.4959002
vn 0.0000000 -0.8683794 0.4959002
vn 0.0000000 -0.8683794 0.4959002
vn 0.0000000 0.9791194 -0.2032861
vn 0.0000000 0.9791194 -0.2032861
vn 0.0000000 0.9791194 -0.2032861
vn 0.0000000 0.8683717 0.4959138
vn 0.0000000 0.8683717 0.4959138
vn 0.0000000 0.8683717 0.4959138
vn 0.0000000 -0.8683785 -0.4959017
vn 0.0000000 -0.8683785 -0.4959017
vn 0.0000000 -0.8683785 -0.4959017
vn 0.0000000 -0.9791185 0.2032899
vn 0.0000000 -0.9791185 0.2032899
vn 0.0000000 -0.9791185 0.2032899
vn 0.0000000 0.8683779 -0.4959030
vn 0.0000000 0.8683779 -0.4959030
vn 0.0000000 0.8683779 -0.4959030
vn 0.0000000 0.6726389 0.7399709
vn 0.0000000 0.6726389 0.7399709
vn 0.0000000 0.6726389 0.7399709
vn 0.0000000 -0.9791196 -0.2032851
vn 0.0000000 -0.9791196 -0.2032851
vn 0.0000000 -0.9791196 -0.2032851
vn 0.0000000 -0.9940166 -0.1092280
vn 0.0000000 -0.9940166 -0.1092280
vn 0.0000000 -0.9940166 -0.1092280
vn 0.0000000 0.6726310 -0.7399780
vn 0.0000000 0.6726310 -0.7399780
vn 0.0000000 0.6726310 -0.7399780
vn 0.0000000 0.4110471 0.9116141
vn 0.0000000 0.4110471 0.9116141
vn 0.0000000 0.4110471 0.9116141
vn 0.0000000 -0.9940172 0.1092230
vn 0.0000000 -0.9940172 0.1092230
vn 0.0000000 -0.9940172 0.1092230
vn 0.0000000 -0.9116150 -0.4110450
vn 0.0000000 -0.9116150 -0.4110450
vn 0.0000000 -0.9116150 -0.4110450
vn 0.0000000 0.4110540 -0.9116110
vn 0.0000000 0.4110540 -0.9116110
vn 0.0000000 0.4110540 -0.9116110
vn 0.0000000 0.1092310 0.9940163
vn 0.0000000 0.1092310 0.9940163
vn 0.0000000 0.1092310 0.9940163
vn 0.0000000 -0.9116154 0.4110442
vn 0.0000000 -0.9116154 0.4110442
vn 0.0000000 -0.9116154 0.4110442
vn 0.0000000 -0.7399718 -0.6726378
vn 0.0000000 -0.7399718 -0.6726378
vn 0.0000000 -0.7399718 -0.6726378
vn 0.0000000 0.1092270 -0.9940167
vn 0.0000000 0.1092270 -0.9940167
vn 0.0000000 0.1092270 -0.9940167
vn 0.0000000 -0.2032880 0.9791189
vn 0.0000000 -0.2032880 0.9791189
vn 0.0000000 -0.2032880 0.9791189
vn 0.0000000 -0.7399742 0.6726352
vn 0.0000000 -0.7399742 0.6726352
vn 0.0000000 -0.7399742 0.6726352
vn 0.0000000 -0.4959010 -0.8683790
vn 0.0000000 -0.4959010 -0.8683790
vn 0.0000000 -0.4959010 -0.8683790
vn 0.0000000 -0.2032861 -0.9791194
vn 0.0000000 -0.2032861 -0.9791194
vn 0.0000000 -0.2032861 -0.9791194
vn 0.0000000 -0.4959042 0.8683773
vn 0.0000000 -0.4959042 0.8683773
vn 0.0000000 -0.4959042 0.8683773
usemtl ove9000_saw_blade_diffuse
f 362/362/362 361/361/361 360/360/360
f 359/359/359 358/358/358 357/357/357
f 356/356/356 355/355/355 354/354/354
f 353/353/353 352/352/352 351/351/351
f 350/350/350 349/349/349 348/348/348
f 347/347/347 346/346/346 345/345/345
f 344/344/344 343/343/343 342/342/342
f 341/341/341 340/340/340 339/339/339
f 338/338/338 337/337/337 336/336/336
f 335/335/335 334/334/334 333/333/333
f 332/332/332 331/331/331 330/330/330
f 329/329/329 328/328/328 327/327/327
f 326/326/326 325/325/325 324/324/324
f 323/323/323 322/322/322 321/321/321
f 320/320/320 319/319/319 318/318/318
f 317/317/317 316/316/316 315/315/315
f 314/314/314 313/313/313 312/312/312
f 311/311/311 310/310/310 309/309/309
f 308/308/308 307/307/307 306/306/306
f 305/305/305 304/304/304 303/303/303
f 302/302/302 301/301/301 300/300/300
f 299/299/299 298/298/298 297/297/297
f 296/296/296 295/295/295 294/294/294
f 293/293/293 292/292/292 291/291/291
f 290/290/290 289/289/289 288/288/288
f 287/287/287 286/286/286 285/285/285
f 284/284/284 283/283/283 282/282/282
f 281/281/281 280/280/280 279/279/279
f 278/278/278 277/277/277 276/276/276
f 275/275/275 274/274/274 273/273/273
f 272/272/272 271/271/271 270/270/270
f 269/269/269 268/268/268 267/267/267
f 266/266/266 265/265/265 264/264/264
f 263/263/263 262/262/262 261/261/261
f 260/260/260 259/259/259 258/258/258
f 257/257/257 256/256/256 255/255/255
f 254/254/254 253/253/253 252/252/252
f 251/251/251 250/250/250 249/249/249
f 228/228/228 229/229/229 248/248/248
f 248/248/248 229/229/229 247/247/247
f 247/247/247 229/229/229 246/246/246
f 246/246/246 229/229/229 245/245/245
f 245/245/245 229/229/229 244/244/244
f 244/244/244 229/229/229 243/243/243
f 243/243/243 229/229/229 242/242/242
f 242/242/242 229/229/229 241/241/241
f 241/241/241 229/229/229 240/240/240
f 240/240/240 229/229/229 239/239/239
f 239/239/239 229/229/229 238/238/238
f 238/238/238 229/229/229 237/237/237
f 237/237/237 229/229/229 236/236/236
f 236/236/236 229/229/229 235/235/235
f 235/235/235 229/229/229 234/234/234
f 234/234/234 229/229/229 233/233/233
f 233/233/233 229/229/229 232/232/232
f 232/232/232 229/229/229 231/231/231
f 231/231/231 229/229/229 230/230/230
f 230/230/230 229/229/229 228/228/228
f 208/208/208 227/227/227 207/207/207
f 227/227/227 226/226/226 207/207/207
f 226/226/226 225/225/225 207/207/207
f 225/225/225 224/224/224 207/207/207
f 224/224/224 223/223/223 207/207/207
f 223/223/223 222/222/222 207/207/207
f 222/222/222 221/221/221 207/207/207
f 221/221/221 220/220/220 207/207/207
f 220/220/220 219/219/219 207/207/207
f 219/219/219 218/218/218 207/207/207
f 218/218/218 217/217/217 207/207/207
f 217/217/217 216/216/216 207/207/207
f 216/216/216 215/215/215 207/207/207
f 215/215/215 214/214/214 207/207/207
f 214/214/214 213/213/213 207/207/207
f 213/213/213 212/212/212 207/207/207
f 212/212/212 211/211/211 207/207/207
f 211/211/211 210/210/210 207/207/207
f 210/210/210 209/209/209 207/207/207
f 209/209/209 208/208/208 207/207/207
f 206/206/206 204/204/204 205/205/205
f 204/204/204 202/202/202 205/205/205
f 204/204/204 203/203/203 202/202/202
f 201/201/201 199/199/199 200/200/200
f 199/199/199 197/197/197 200/200/200
f 199/199/199 198/198/198 197/197/197
f 196/196/196 194/194/194 195/195/195
f 194/194/194 192/192/192 195/195/195
f 194/194/194 193/193/193 192/192/192
f 191/191/191 189/189/189 190/190/190
f 189/189/189 187/187/187 190/190/190
f 189/189/189 188/188/188 187/187/187
f 186/186/186 184/184/184 185/185/185
f 184/184/184 182/182/182 185/185/185
f 184/184/184 183/183/183 182/182/182
f 181/181/181 179/179/179 180/180/180
f 179/179/179 177/177/177 180/180/180
f 179/179/179 178/178/178 177/177/177
f 176/176/176 174/174/174 175/175/175
f 174/174/174 172/172/172 175/175/175
f 174/174/174 173/173/173 172/172/172
f 171/171/171 169/169/169 170/170/170
f 169/169/169 167/167/167 170/170/170
f 169/169/169 168/168/168 167/167/167
f 166/166/166 164/164/164 165/165/165
f 164/164/164 162/162/162 165/165/165
f 164/164/164 163/163/163 162/162/162
f 161/161/161 159/159/159 160/160/160
f 159/159/159 157/157/157 160/160/160
f 159/159/159 158/158/158 157/157/157
f 156/156/156 154/154/154 155/155/155
f 154/154/154 152/152/152 155/155/155
f 154/154/154 153/153/153 152/152/152
f 151/151/151 149/149/149 150/150/150
f 149/149/149 147/147/147 150/150/150
f 149/149/149 148/148/148 147/147/147
f 146/146/146 144/144/144 145/145/145
f 144/144/144 142/142/142 145/145/145
f 144/144/144 143/143/143 142/142/142
f 141/141/141 139/139/139 140/140/140
f 139/139/139 137/137/137 140/140/140
f 139/139/139 138/138/138 137/137/137
f 136/136/136 134/134/134 135/135/135
f 134/134/134 132/132/132 135/135/135
f 134/134/134 133/133/133 132/132/132
f 131/131/131 129/129/129 130/130/130
f 129/129/129 127/127/127 130/130/130
f 129/129/129 128/128/128 127/127/127
f 126/126/126 124/124/124 125/125/125
f 124/124/124 122/122/122 125/125/125
f 124/124/124 123/123/123 122/122/122
f 117/117/117 121/121/121 120/120/120
f 119/119/119 117/117/117 120/120/120
f 119/119/119 118/118/118 117/117/117
f 112/112/112 116/116/116 115/115/115
f 114/114/114 112/112/112 115/115/115
f 114/114/114 113/113/113 112/112/112
f 107/107/107 111/111/111 110/110/110
f 109/109/109 107/107/107 110/110/110
f 109/109/109 108/108/108 107/107/107
f 102/102/102 106/106/106 105/105/105
f 104/104/104 102/102/102 105/105/105
f 104/104/104 103/103/103 102/102/102
f 97/97/97 101/101/101 100/100/100
f 99/99/99 97/97/97 100/100/100
f 99/99/99 98/98/98 97/97/97
f 92/92/92 96/96/96 95/95/95
f 94/94/94 92/92/92 95/95/95
f 94/94/94 93/93/93 92/92/92
f 87/87/87 91/91/91 90/90/90
f 89/89/89 87/87/87 90/90/90
f 89/89/89 88/88/88 87/87/87
f 82/82/82 86/86/86 85/85/85
f 84/84/84 82/82/82 85/85/85
f 84/84/84 83/83/83 82/82/82
f 77/77/77 81/81/81 80/80/80
f 79/79/79 77/77/77 80/80/80
f 79/79/79 78/78/78 77/77/77
f 72/72/72 76/76/76 75/75/75
f 74/74/74 72/72/72 75/75/75
f 74/74/74 73/73/73 72/72/72
f 67/67/67 71/71/71 70/70/70
f 69/69/69 67/67/67 70/70/70
f 69/69/69 68/68/68 67/67/67
f 62/62/62 66/66/66 65/65/65
f 64/64/64 62/62/62 65/65/65
f 64/64/64 63/63/63 62/62/62
f 57/57/57 61/61/61 60/60/60
f 59/59/59 57/57/57 60/60/60
f 59/59/59 58/58/58 57/57/57
f 52/52/52 56/56/56 55/55/55
f 54/54/54 52/52/52 55/55/55
f 54/54/54 53/53/53 52/52/52
f 47/47/47 51/51/51 50/50/50
f 49/49/49 47/47/47 50/50/50
f 49/49/49 48/48/48 47/47/47
f 42/42/42 46/46/46 45/45/45
f 44/44/44 42/42/42 45/45/45
f 44/44/44 43/43/43 42/42/42
f 41/41/41 40/40/40 39/39/39
f 37/37/37 38/38/38 36/36/36
f 37/37/37 36/36/36 34/34/34
f 36/36/36 35/35/35 34/34/34
f 29/29/29 33/33/33 32/32/32
f 31/31/31 29/29/29 32/32/32
f 31/31/31 30/30/30 29/29/29
f 24/24/24 28/28/28 27/27/27
f 26/26/26 24/24/24 27/27/27
f 26/26/26 25/25/25 24/24/24
f 19/19/19 23/23/23 22/22/22
f 21/21/21 19/19/19 22/22/22
f 21/21/21 20/20/20 19/19/19
f 18/18/18 16/16/16 17/17/17
f 16/16/16 14/14/14 17/17/17
f 16/16/16 15/15/15 14/14/14
f 13/13/13 11/11/11 12/12/12
f 11/11/11 9/9/9 12/12/12
f 11/11/11 10/10/10 9/9/9
f 8/8/8 6/6/6 7/7/7
f 6/6/6 4/4/4 7/7/7
f 6/6/6 5/5/5 4/4/4
f 3/3/3 2/2/2 1/1/1

o saw_body
v 0.5699861 0.3231503 0.9201661
v 0.5699861 0.3217933 0.9413446
v 0.5710996 0.3255492 0.9227947
v 0.5699861 0.3217933 0.9413446
v 0.5699861 0.2896635 0.9234596
v 0.5699861 0.3005202 0.9093982
v 0.5699861 0.2881891 0.8784431
v 0.5699861 0.2925965 0.8713113
v 0.5699861 0.2886689 0.8722807
v 0.5699861 0.2825843 0.8798599
v 0.5699861 0.2871934 0.9199840
v 0.5699861 0.2681414 0.8805644
v 0.5708982 0.3252473 0.9410391
v 0.5718105 0.3410608 0.9362316
v 0.5722132 0.3345081 0.9225029
v 0.5722132 0.3569413 0.9108477
v 0.5718105 0.3671891 0.9232093
v 0.5721122 0.4201497 0.8737478
v 0.5703323 0.4303975 0.8883410
v 0.5736977 0.4515721 0.8610919
v 0.5745711 0.4592106 0.8701313
v 0.5642945 0.4360034 0.8944441
v 0.5724906 0.4648165 0.8762344
v 0.5673926 0.4660342 0.8782125
v 0.5596174 0.4679666 0.8813983
v 0.5666653 0.3249671 0.9450612
v 0.5699861 0.3217933 0.9413446
v 0.5639141 0.3416756 0.9426781
v 0.5639141 0.3727950 0.9293125
v 0.5596174 0.4379359 0.8978541
v 0.5587198 0.3753195 0.9312828
v 0.5587198 0.3416756 0.9446484
v 0.5604872 0.3254881 0.9483245
v 0.5620282 0.3221967 0.9456378
v 0.5699861 0.3217933 0.9413446
v 0.5500730 0.3256568 0.9500000
v 0.5500730 0.3416756 0.9459488
v 0.5500730 0.3221967 0.9478909
v 0.5500730 0.2846574 0.9272528
v 0.5620282 0.2861164 0.9254684
v 0.5500730 0.2818171 0.9232563
v 0.5620282 0.2836365 0.9219791
v 0.5620282 0.2641517 0.8804067
v 0.5699861 0.2681414 0.8805644
v 0.5699861 0.2871934 0.9199840
v 0.5699861 0.2896635 0.9234596
v 0.5500730 0.2622676 0.8807040
v 0.5381178 0.2641517 0.8804067
v 0.5500730 0.3753195 0.9325831
v 0.5414262 0.3416756 0.9446484
v 0.5396589 0.3254881 0.9483245
v 0.5381178 0.3221967 0.9456378
v 0.5381178 0.2861164 0.9254684
v 0.5381178 0.2836365 0.9219791
v 0.5301599 0.2681414 0.8805644
v 0.5301599 0.2871934 0.9199840
v 0.5301599 0.2896635 0.9234596
v 0.5301599 0.3217933 0.9413446
v 0.5414262 0.3753195 0.9312828
v 0.5334807 0.3249671 0.9450612
v 0.5362320 0.3416756 0.9426781
v 0.5362320 0.3727950 0.9293125
v 0.5358516 0.4360034 0.8944441
v 0.5405286 0.4379359 0.8978541
v 0.5292478 0.3252473 0.9410391
v 0.5283355 0.3410608 0.9362316
v 0.5290464 0.3255492 0.9227947
v 0.5279328 0.3345081 0.9225029
v 0.5301599 0.3217933 0.9413446
v 0.5301599 0.3231503 0.9201661
v 0.5415901 0.4184524 0.8615408
v 0.5353746 0.4163768 0.8662231
v 0.5500730 0.4112585 0.8638554
v 0.5294120 0.4462381 0.8541521
v 0.5280338 0.4201497 0.8737478
v 0.5264482 0.4515721 0.8610919
v 0.5298138 0.4303975 0.8883410
v 0.5255749 0.4592106 0.8701313
v 0.5276554 0.4648165 0.8762344
v 0.5327534 0.4660342 0.8782125
v 0.5405286 0.4679666 0.8813983
v 0.5457097 0.4483531 0.8948932
v 0.5500730 0.4528552 0.8940883
v 0.5500730 0.4697661 0.8846124
v 0.5544363 0.4483531 0.8948932
v 0.5283355 0.3671891 0.9232093
v 0.5279328 0.3569413 0.9108477
v 0.5357550 0.3531684 0.9034897
v 0.5500730 0.3480501 0.9011220
v 0.5357550 0.3307353 0.9164961
v 0.5500730 0.3294647 0.9142727
v 0.5643910 0.3307353 0.9164961
v 0.5617151 0.3263271 0.9180295
v 0.5710996 0.3255492 0.9227947
v 0.5699861 0.3231503 0.9201661
v 0.5590393 0.3244886 0.9166425
v 0.5590393 0.3046914 0.9060981
v 0.5500730 0.3063774 0.9055434
v 0.5500730 0.3000106 0.8708262
v 0.5411067 0.3046914 0.9060981
v 0.5411067 0.2978717 0.8708262
v 0.5500730 0.3263271 0.9162613
v 0.5500730 0.3263271 0.9162613
v 0.5699861 0.3005202 0.9093982
v 0.5699861 0.2925965 0.8713113
v 0.5590393 0.2978717 0.8708262
v 0.5384309 0.3263271 0.9180295
v 0.5290464 0.3255492 0.9227947
v 0.5301599 0.2925965 0.8713113
v 0.5301599 0.3005202 0.9093982
v 0.5301599 0.3231503 0.9201661
v 0.5411067 0.3244886 0.9166425
v 0.5384309 0.3263271 0.9180295
v 0.5500730 0.3244886 0.9153294
v 0.5290464 0.3255492 0.9227947
v 0.5845752 0.4190475 0.5981541
v 0.5845752 0.4113937 0.5986406
v 0.5977733 0.4113937 0.5986406
v 0.5993240 0.4204591 0.5990561
v 0.5845752 0.4085618 0.6047454
v 0.5953563 0.4085618 0.6047454
v 0.5942386 0.4085400 0.6091770
v 0.5845752 0.4085400 0.6091770
v 0.5977733 0.4113937 0.5986406
v 0.5845752 0.4113937 0.5986406
v 0.6234657 0.5441611 0.4363026
v 0.6233361 0.5705380 0.3874709
v 0.6039430 0.5705380 0.3874710
v 0.6035672 0.5441611 0.4363026
v 0.6233696 0.5288907 0.4420893
v 0.6019407 0.5288907 0.4420893
v 0.6035327 0.4841281 0.4407198
v 0.6233165 0.4841281 0.4407198
v 0.5724636 0.3474613 0.6945717
v 0.5724636 0.3494564 0.6572468
v 0.5724636 0.3360385 0.6803833
v 0.5724636 0.3443139 0.6960626
v 0.5724636 0.3016715 0.7587672
v 0.5724636 0.3222573 0.7664649
v 0.5724636 0.3024889 0.8320634
v 0.5628803 0.2997680 0.8632061
v 0.5651783 0.3080951 0.8320634
v 0.5724636 0.3222573 0.7664649
v 0.5500730 0.3424995 0.6512182
v 0.5500730 0.3290816 0.6743547
v 0.5637800 0.3455372 0.6533332
v 0.5637800 0.3310825 0.6760681
v 0.5637800 0.2962377 0.7554871
v 0.5724636 0.2773974 0.8309616
v 0.5724636 0.2919398 0.8632061
v 0.5724636 0.2935336 0.8690040
v 0.5628803 0.3009276 0.8690040
v 0.5637800 0.2701639 0.8310364
v 0.5728076 0.2893244 0.8698900
v 0.5715438 0.2725135 0.8696970
v 0.5637800 0.2650207 0.8691593
v 0.5719825 0.2873278 0.8746123
v 0.5500730 0.2942368 0.7537736
v 0.5500730 0.2676103 0.8303897
v 0.5500730 0.2624670 0.8685126
v 0.5500730 0.2589542 0.8787305
v 0.5650060 0.2608179 0.8793773
v 0.5721988 0.2659811 0.8799149
v 0.5734928 0.2784636 0.8793923
v 0.5721311 0.2860572 0.8769709
v 0.5699861 0.2881891 0.8784431
v 0.5719825 0.2873278 0.8746123
v 0.5699861 0.2886689 0.8722807
v 0.5728076 0.2893244 0.8698900
v 0.5699861 0.2925965 0.8713113
v 0.5628803 0.3009276 0.8690040
v 0.5590393 0.2978717 0.8708262
v 0.5500730 0.3030664 0.8690040
v 0.5500730 0.3000106 0.8708262
v 0.5500730 0.3030664 0.8690040
v 0.5722132 0.3345081 0.9225029
v 0.5722132 0.3569413 0.9108477
v 0.5643910 0.3531684 0.9034897
v 0.5721122 0.4201497 0.8737478
v 0.5647714 0.4163768 0.8662231
v 0.5707340 0.4462381 0.8541521
v 0.5736977 0.4515721 0.8610919
v 0.5585559 0.4184524 0.8615408
v 0.5601051 0.4398761 0.8454458
v 0.5686176 0.4478431 0.8463853
v 0.5404987 0.4408504 0.8395495
v 0.5431020 0.4349940 0.8447317
v 0.5465879 0.4339785 0.8426048
v 0.5500730 0.4401029 0.8377192
v 0.5500730 0.4503064 0.8236245
v 0.5596472 0.4408504 0.8395495
v 0.5634016 0.4512016 0.8236245
v 0.5651568 0.4472713 0.8377192
v 0.5667655 0.4531026 0.8248854
v 0.5679290 0.4494307 0.8389801
v 0.5570440 0.4349940 0.8447317
v 0.5570440 0.4229956 0.8561402
v 0.5514464 0.4137312 0.8625842
v 0.5486990 0.4137312 0.8625842
v 0.5535581 0.4339785 0.8426048
v 0.5486990 0.4137312 0.8625842
v 0.5431020 0.4229956 0.8561402
v 0.5400409 0.4398761 0.8454458
v 0.5315284 0.4478431 0.8463853
v 0.5349892 0.4472713 0.8377192
v 0.5322170 0.4494307 0.8389801
v 0.5333805 0.4531026 0.8248854
v 0.5367444 0.4512016 0.8236245
v 0.5724636 0.3474613 0.6945717
v 0.5500730 0.3448199 0.6975926
v 0.5500730 0.3473044 0.6956030
v 0.5276824 0.3474613 0.6945717
v 0.5500730 0.3473044 0.6956030
v 0.5372086 0.3448199 0.6975926
v 0.5276824 0.3443139 0.6960626
v 0.5276824 0.3222573 0.7664649
v 0.5500730 0.3030664 0.8690040
v 0.5500730 0.3024597 0.8632061
v 0.5500730 0.3091955 0.8320634
v 0.5637834 0.3262355 0.7664649
v 0.5629375 0.3448199 0.6975926
v 0.5724636 0.3443139 0.6960626
v 0.5500730 0.3262355 0.7664649
v 0.5363626 0.3262355 0.7664649
v 0.5349677 0.3080951 0.8320634
v 0.5276824 0.3024889 0.8320634
v 0.5372657 0.2997680 0.8632061
v 0.5276824 0.2919398 0.8632061
v 0.5500730 0.3091955 0.8320634
v 0.5500730 0.3024597 0.8632061
v 0.5372657 0.3009276 0.8690040
v 0.5276824 0.2935336 0.8690040
v 0.5301599 0.2925965 0.8713113
v 0.5500730 0.3030664 0.8690040
v 0.5273384 0.2893244 0.8698900
v 0.5301599 0.2886689 0.8722807
v 0.5281636 0.2873278 0.8746123
v 0.5273384 0.2893244 0.8698900
v 0.5301599 0.2881891 0.8784431
v 0.5280149 0.2860572 0.8769709
v 0.5266533 0.2784636 0.8793923
v 0.5286022 0.2725135 0.8696970
v 0.5281636 0.2873278 0.8746123
v 0.5276824 0.2773974 0.8309616
v 0.5276824 0.3016715 0.7587672
v 0.5276824 0.3222573 0.7664649
v 0.5276824 0.3443139 0.6960626
v 0.5276824 0.3360385 0.6803833
v 0.5276824 0.3494564 0.6572468
v 0.5363660 0.3310825 0.6760681
v 0.5363660 0.3455372 0.6533332
v 0.5500730 0.3290816 0.6743547
v 0.5500730 0.3424995 0.6512182
v 0.5276824 0.3474613 0.6945717
v 0.5279472 0.2659811 0.8799149
v 0.5500730 0.2589542 0.8787305
v 0.5500730 0.2624670 0.8685126
v 0.5363660 0.2650207 0.8691593
v 0.5351400 0.2608179 0.8793773
v 0.5363660 0.2701639 0.8310364
v 0.5363660 0.2962377 0.7554871
v 0.5500730 0.2942368 0.7537736
v 0.5500730 0.2676103 0.8303897
v 0.4816187 0.5200317 0.7546431
v 0.4816187 0.5178349 0.7577966
v 0.4793002 0.5142779 0.7557430
v 0.4793002 0.5181073 0.7491102
v 0.4783917 0.5107113 0.7448402
v 0.4816187 0.5216643 0.7511639
v 0.4816187 0.5200317 0.7546431
v 0.4793002 0.4918081 0.7427701
v 0.4816187 0.4882510 0.7407164
v 0.4816187 0.4898837 0.7372372
v 0.4793002 0.4956375 0.7361373
v 0.4783917 0.4992040 0.7470400
v 0.4783917 0.5030334 0.7404073
v 0.4783917 0.5068819 0.7514729
v 0.4816187 0.4920805 0.7340837
v 0.5984662 0.2822239 0.4130692
v 0.6123116 0.2822626 0.4102412
v 0.5846993 0.2822626 0.4102412
v 0.5909651 0.2822239 0.4238010
v 0.5846993 0.2822626 0.4487318
v 0.5912060 0.2822239 0.4368922
v 0.5990947 0.2822239 0.4473417
v 0.6123116 0.2822626 0.4487318
v 0.4852794 0.5178349 0.7577966
v 0.4816187 0.5178349 0.7577966
v 0.4852794 0.5200317 0.7546431
v 0.4816187 0.5200317 0.7546431
v 0.4816187 0.5200317 0.7546431
v 0.4816187 0.5216643 0.7511639
v 0.4852794 0.5216643 0.7511639
v 0.5845491 0.4101005 0.5023907
v 0.5845752 0.4077225 0.5099313
v 0.5844357 0.4151409 0.4944390
v 0.4696221 0.5413079 0.6955278
v 0.4671243 0.5413079 0.6901251
v 0.4689639 0.5413154 0.6960061
v 0.4660953 0.5413154 0.6903765
v 0.4665728 0.5413079 0.6841361
v 0.4651069 0.5413154 0.6841361
v 0.4660953 0.5413154 0.6778957
v 0.4670840 0.5413079 0.6781012
v 0.4689639 0.5413154 0.6722661
v 0.4696221 0.5413079 0.6727444
v 0.4734315 0.5413154 0.6677985
v 0.4739096 0.5413079 0.6684568
v 0.4790617 0.5413154 0.6649301
v 0.4793132 0.5413079 0.6657039
v 0.4853027 0.5413154 0.6639417
v 0.4853027 0.5413079 0.6647553
v 0.4915420 0.5413154 0.6649301
v 0.4912905 0.5413079 0.6657039
v 0.4971726 0.5413154 0.6677985
v 0.4966941 0.5413079 0.6684568
v 0.5016410 0.5413154 0.6722662
v 0.5009825 0.5413079 0.6727444
v 0.5045075 0.5413154 0.6778958
v 0.5037338 0.5413079 0.6781471
v 0.5942386 0.4085400 0.6091770
v 0.5845752 0.4085400 0.6091770
v 0.5930309 0.4121419 0.6099600
v 0.5054969 0.5413154 0.6841361
v 0.5045075 0.5413154 0.6778958
v 0.5037338 0.5413079 0.6781471
v 0.5046832 0.5413079 0.6841361
v 0.5045075 0.5413154 0.6903765
v 0.5037338 0.5413079 0.6901251
v 0.5016410 0.5413154 0.6960061
v 0.5009825 0.5413079 0.6955278
v 0.4971726 0.5413154 0.7004737
v 0.4966941 0.5413079 0.6998155
v 0.4915420 0.5413154 0.7033421
v 0.4912905 0.5413079 0.7025683
v 0.4853027 0.5413154 0.7043304
v 0.4853027 0.5413079 0.7035168
v 0.4790617 0.5413154 0.7033421
v 0.4793132 0.5413079 0.7025683
v 0.4734315 0.5413154 0.7004737
v 0.4739096 0.5413079 0.6998155
v 0.5121015 0.4404320 0.7820498
v 0.5161684 0.4401143 0.7822357
v 0.5143266 0.4182190 0.7571743
v 0.4852794 0.4868259 0.7459401
v 0.4852794 0.5049577 0.7459401
v 0.4852794 0.4877133 0.7515432
v 0.4852794 0.4877133 0.7403371
v 0.4852794 0.4902888 0.7352825
v 0.4852794 0.4943001 0.7312712
v 0.4852794 0.4993547 0.7286958
v 0.4852794 0.5049577 0.7278084
v 0.4852794 0.5105607 0.7286958
v 0.4871636 0.5162914 0.7615398
v 0.4871636 0.5109162 0.7642786
v 0.4852794 0.5156152 0.7606090
v 0.4852794 0.5196266 0.7565978
v 0.4871636 0.5205573 0.7572739
v 0.4852794 0.5222020 0.7515432
v 0.4871636 0.5232961 0.7518986
v 0.4852794 0.5230895 0.7459401
v 0.4871636 0.5242398 0.7459401
v 0.4852794 0.5222021 0.7403371
v 0.4852794 0.5105607 0.7631845
v 0.4852794 0.5049577 0.7640719
v 0.4852794 0.4993547 0.7631845
v 0.4852794 0.4943001 0.7606090
v 0.4852794 0.4902888 0.7565978
v 0.4871636 0.4893581 0.7346064
v 0.4871636 0.4936239 0.7303405
v 0.4871636 0.4866193 0.7399817
v 0.4871636 0.4856755 0.7459401
v 0.4871636 0.4866193 0.7518986
v 0.4871636 0.4893581 0.7572739
v 0.4871636 0.4936239 0.7615398
v 0.4871636 0.4989991 0.7642786
v 0.4871636 0.5049577 0.7652223
v 0.4932511 0.4838310 0.7459401
v 0.4932511 0.4848650 0.7524686
v 0.4932511 0.4878658 0.7583581
v 0.4932511 0.4925397 0.7630320
v 0.4932511 0.4984292 0.7660328
v 0.4932511 0.5049577 0.7670668
v 0.4932511 0.5114862 0.7660328
v 0.4932511 0.5173756 0.7630320
v 0.4932511 0.5220495 0.7583581
v 0.4932511 0.5250503 0.7524686
v 0.4932511 0.5260843 0.7459401
v 0.4932511 0.5250503 0.7394116
v 0.4871636 0.5232961 0.7399817
v 0.4852794 0.5196266 0.7352825
v 0.4852794 0.5156153 0.7312712
v 0.4871636 0.5162914 0.7303405
v 0.4871636 0.5109162 0.7276017
v 0.4871636 0.5049577 0.7266580
v 0.4871636 0.4989991 0.7276017
v 0.4871636 0.5205573 0.7346064
v 0.4932511 0.5220495 0.7335222
v 0.4932511 0.5173756 0.7288483
v 0.4932511 0.5114862 0.7258475
v 0.4932511 0.5049577 0.7248135
v 0.4932511 0.4984292 0.7258475
v 0.4932511 0.4925397 0.7288483
v 0.4932511 0.4878658 0.7335222
v 0.4932511 0.4848650 0.7394116
v 0.5939564 0.2616927 0.4247127
v 0.5941584 0.2616927 0.4358713
v 0.5984844 0.2616927 0.4343782
v 0.5983315 0.2616927 0.4260461
v 0.6112290 0.2670332 0.4299766
v 0.6031054 0.2616927 0.4192154
v 0.6109824 0.2616927 0.4164952
v 0.6189537 0.2616927 0.4189245
v 0.6239740 0.2616927 0.4255753
v 0.6241286 0.2616927 0.4339077
v 0.6193530 0.2616927 0.4407381
v 0.6114766 0.2616927 0.4434583
v 0.6035055 0.2616927 0.4410291
v 0.6003476 0.2616927 0.4155633
v 0.6108997 0.2616927 0.4119208
v 0.6215742 0.2616927 0.4151739
v 0.6283004 0.2616927 0.4240822
v 0.6285061 0.2616927 0.4352418
v 0.6221113 0.2616927 0.4443901
v 0.6115603 0.2616927 0.4480329
v 0.6008856 0.2616927 0.4447799
v 0.4965215 0.2616927 0.4411113
v 0.4991034 0.2616927 0.4448899
v 0.5059205 0.2616927 0.4360535
v 0.5016134 0.2616927 0.4345143
v 0.4889170 0.2670332 0.4299773
v 0.5018557 0.2616927 0.4261845
v 0.4971555 0.2616927 0.4193030
v 0.4893081 0.2616927 0.4164988
v 0.4813117 0.2616927 0.4188430
v 0.4762184 0.2616927 0.4254392
v 0.4759773 0.2616927 0.4337698
v 0.4806772 0.2616927 0.4406509
v 0.4885246 0.2616927 0.4434550
v 0.5062476 0.2616927 0.4248980
v 0.4999496 0.2616927 0.4156806
v 0.4894420 0.2616927 0.4119255
v 0.4787298 0.2616927 0.4150642
v 0.4719084 0.2616927 0.4238991
v 0.4715854 0.2616927 0.4350561
v 0.4778818 0.2616927 0.4442731
v 0.4883904 0.2616927 0.4480282
v 0.5196750 0.3141245 0.7233027
v 0.5189484 0.3119938 0.7207552
v 0.5245434 0.3097830 0.7199513
v 0.5222794 0.3071331 0.7163888
v 0.5174041 0.3101865 0.7183254
v 0.5189700 0.3051388 0.7132414
v 0.5151464 0.3088262 0.7161787
v 0.5148430 0.3039331 0.7107241
v 0.5123315 0.3080039 0.7144617
v 0.5101739 0.3036008 0.7090071
v 0.5091470 0.3077773 0.7132907
v 0.5052860 0.3041635 0.7082082
v 0.5058138 0.3081611 0.7127458
v 0.5005125 0.3055833 0.7083824
v 0.5025577 0.3091295 0.7128645
v 0.4961770 0.3077631 0.7095176
v 0.4996004 0.3106161 0.7136388
v 0.4925763 0.3105544 0.7115360
v 0.4971448 0.3125200 0.7150155
v 0.4899516 0.3137670 0.7142993
v 0.4953541 0.3147111 0.7169002
v 0.4884867 0.3171821 0.7176209
v 0.4943556 0.3170404 0.7191658
v 0.4882811 0.3205664 0.7212736
v 0.4942151 0.3193487 0.7216572
v 0.4893453 0.3236906 0.7250079
v 0.4949409 0.3214796 0.7242041
v 0.4916088 0.3263397 0.7285708
v 0.4964852 0.3232865 0.7266341
v 0.4949192 0.3283347 0.7317181
v 0.4987427 0.3246472 0.7287809
v 0.4990477 0.3295396 0.7342361
v 0.5015588 0.3254690 0.7304982
v 0.5037147 0.3298723 0.7359529
v 0.5047418 0.3256959 0.7316692
v 0.5086036 0.3293102 0.7367513
v 0.5080763 0.3253125 0.7322138
v 0.5133759 0.3278898 0.7365775
v 0.5113316 0.3243437 0.7320952
v 0.5177121 0.3257097 0.7354423
v 0.5142884 0.3228568 0.7313210
v 0.5213126 0.3229192 0.7334242
v 0.5167444 0.3209535 0.7299445
v 0.5239367 0.3197057 0.7306606
v 0.5185342 0.3187617 0.7280595
v 0.5254038 0.3162906 0.7273389
v 0.5195351 0.3164324 0.7257940
v 0.5256090 0.3129069 0.7236863
v 0.5059074 0.4085400 0.6091770
v 0.5071151 0.4121419 0.6099600
v 0.5155708 0.4085400 0.6091770
v 0.4853001 0.5603161 0.6841362
v 0.4759033 0.5604421 0.6773086
v 0.4784733 0.5604421 0.6747388
v 0.4817114 0.5604421 0.6730889
v 0.4853013 0.5604421 0.6725203
v 0.4888901 0.5604421 0.6730889
v 0.4921291 0.5604421 0.6747388
v 0.4946998 0.5604421 0.6773086
v 0.4963485 0.5604421 0.6805466
v 0.4969167 0.5604421 0.6841361
v 0.4963485 0.5604421 0.6877255
v 0.4946998 0.5604421 0.6909637
v 0.4921291 0.5604421 0.6935334
v 0.4888901 0.5604421 0.6951833
v 0.4853013 0.5604420 0.6957518
v 0.4817114 0.5604421 0.6951833
v 0.4784733 0.5604421 0.6935334
v 0.4759033 0.5604421 0.6909637
v 0.4742529 0.5604421 0.6877255
v 0.4736851 0.5604421 0.6841361
v 0.4742529 0.5604421 0.6805466
v 0.4752814 0.5586755 0.6768570
v 0.4735229 0.5586755 0.6803093
v 0.4742529 0.5604421 0.6805466
v 0.4729168 0.5586755 0.6841361
v 0.4736851 0.5604421 0.6841361
v 0.4735229 0.5586755 0.6879629
v 0.4742529 0.5604421 0.6877255
v 0.4752814 0.5586755 0.6914152
v 0.4780217 0.5586755 0.6941549
v 0.4814739 0.5586755 0.6959139
v 0.4817114 0.5604421 0.6951833
v 0.4853013 0.5586755 0.6965200
v 0.4853013 0.5604420 0.6957518
v 0.4891275 0.5586755 0.6959139
v 0.4888901 0.5604421 0.6951833
v 0.4925812 0.5586755 0.6941549
v 0.4953209 0.5586755 0.6914152
v 0.4970789 0.5586755 0.6879629
v 0.4970789 0.5586755 0.6879629
v 0.5021548 0.5586755 0.6896122
v 0.4996394 0.5586755 0.6945522
v 0.4957185 0.5586755 0.6984726
v 0.4891275 0.5586755 0.6959139
v 0.4907771 0.5586755 0.7009897
v 0.4853013 0.5586755 0.6965200
v 0.4853024 0.5586755 0.7018570
v 0.4814739 0.5586755 0.6959139
v 0.4798246 0.5586755 0.7009897
v 0.4748846 0.5586755 0.6984726
v 0.4709641 0.5586755 0.6945522
v 0.4735229 0.5586755 0.6879629
v 0.4684464 0.5586755 0.6896122
v 0.4729168 0.5586755 0.6841361
v 0.4675798 0.5586755 0.6841361
v 0.4698529 0.5579024 0.6953596
v 0.4671402 0.5579024 0.6900367
v 0.4662062 0.5579024 0.6841361
v 0.4671402 0.5579024 0.6782356
v 0.4684464 0.5586755 0.6786600
v 0.4698529 0.5579024 0.6729126
v 0.4735229 0.5586755 0.6803093
v 0.4709641 0.5586755 0.6737200
v 0.4740773 0.5579024 0.6686883
v 0.4748846 0.5586755 0.6697996
v 0.4794006 0.5579024 0.6659762
v 0.4798246 0.5586755 0.6672825
v 0.4853027 0.5579024 0.6650416
v 0.4853024 0.5586755 0.6664151
v 0.4912021 0.5579024 0.6659762
v 0.4907771 0.5586755 0.6672825
v 0.4965263 0.5579024 0.6686883
v 0.4957185 0.5586755 0.6697996
v 0.5007510 0.5579024 0.6729126
v 0.4996394 0.5586755 0.6737200
v 0.5034613 0.5579024 0.6782356
v 0.4780217 0.5586755 0.6741173
v 0.4814739 0.5586755 0.6723583
v 0.4853013 0.5586755 0.6717522
v 0.4891275 0.5586755 0.6723583
v 0.4925812 0.5586755 0.6741173
v 0.4953209 0.5586755 0.6768570
v 0.4970789 0.5586755 0.6803093
v 0.5021548 0.5586755 0.6786600
v 0.4976852 0.5586755 0.6841361
v 0.5030223 0.5586755 0.6841361
v 0.5043957 0.5579024 0.6841361
v 0.5034613 0.5579024 0.6900367
v 0.5007510 0.5579024 0.6953596
v 0.4965263 0.5579024 0.6995839
v 0.4912021 0.5579024 0.7022960
v 0.4853027 0.5579024 0.7032306
v 0.4794006 0.5579024 0.7022960
v 0.4740773 0.5579024 0.6995839
v 0.4984075 0.5706520 0.7880483
v 0.4983686 0.5750970 0.7890964
v 0.4972099 0.5711912 0.7887198
v 0.4963485 0.5604421 0.6877255
v 0.4976852 0.5586755 0.6841361
v 0.4969167 0.5604421 0.6841361
v 0.4970789 0.5586755 0.6803093
v 0.4963485 0.5604421 0.6805466
v 0.4891275 0.5586755 0.6723583
v 0.4888901 0.5604421 0.6730889
v 0.4853013 0.5586755 0.6717522
v 0.4853013 0.5604421 0.6725203
v 0.4814739 0.5586755 0.6723583
v 0.4817114 0.5604421 0.6730889
v 0.5587198 0.3753195 0.9312828
v 0.5565235 0.4152207 0.9239179
v 0.5596174 0.4379359 0.8978541
v 0.5567932 0.3864894 0.9416405
v 0.5560794 0.3887251 0.9420103
v 0.5553128 0.4162834 0.9250071
v 0.5562536 0.4429462 0.9040015
v 0.5544978 0.4445837 0.9046406
v 0.5524381 0.4498912 0.8979899
v 0.5544363 0.4483531 0.8948932
v 0.5500730 0.4528552 0.8940883
v 0.5500730 0.4512413 0.8972985
v 0.5500730 0.4528552 0.8940883
v 0.5414262 0.3753195 0.9312828
v 0.5433528 0.3864892 0.9416407
v 0.5500730 0.3753195 0.9325831
v 0.5500730 0.3848808 0.9429367
v 0.5567932 0.3864894 0.9416405
v 0.5500730 0.3883767 0.9430577
v 0.5500730 0.4168725 0.9256111
v 0.5500730 0.4446368 0.9057888
v 0.5521970 0.4499187 0.9001926
v 0.5500730 0.4510082 0.8987279
v 0.5477079 0.4498913 0.8979898
v 0.5457097 0.4483531 0.8948932
v 0.5438924 0.4429463 0.9040015
v 0.5405286 0.4379359 0.8978541
v 0.5440666 0.3887248 0.9420105
v 0.5587198 0.3753195 0.9312828
v 0.5436225 0.4152206 0.9239180
v 0.5448327 0.4162833 0.9250072
v 0.5456482 0.4445837 0.9046407
v 0.5414262 0.3753195 0.9312828
v 0.5433528 0.3864892 0.9416407
v 0.5479490 0.4499187 0.9001926
v 0.5500730 0.4499356 0.9004074
v 0.5025753 0.5970409 0.5175598
v 0.5068328 0.5962895 0.4626284
v 0.5055951 0.5969404 0.4604767
v 0.3298520 0.5977418 0.5283283
v 0.3304940 0.5965226 0.5283012
v 0.3281947 0.5949351 0.5246744
v 0.3274246 0.5960696 0.5244856
v 0.3272315 0.5930915 0.5205955
v 0.3264103 0.5941289 0.5201662
v 0.3288673 0.5902086 0.5117942
v 0.3295466 0.5893652 0.5126881
v 0.3362869 0.5874783 0.5064103
v 0.3365543 0.5867702 0.5076023
v 0.3455713 0.5862986 0.5072739
v 0.3458323 0.5869809 0.5060709
v 0.3449466 0.5872757 0.5095450
v 0.3375139 0.5876901 0.5097786
v 0.3317145 0.5898837 0.5139279
v 0.3297763 0.5930150 0.5204358
v 0.3305631 0.5945557 0.5238050
v 0.3324559 0.5958754 0.5268046
v 0.3352649 0.5968456 0.5291402
v 0.3339028 0.5976985 0.5311210
v 0.3387108 0.5973747 0.5305855
v 0.3380865 0.5983485 0.5328581
v 0.3424588 0.5974145 0.5310022
v 0.3426350 0.5984101 0.5333432
v 0.3461440 0.5969622 0.5303515
v 0.3471043 0.5978773 0.5325296
v 0.3562868 0.5905783 0.5147485
v 0.3554629 0.5897211 0.5154533
v 0.3564270 0.5915665 0.5195316
v 0.3573009 0.5925192 0.5190678
v 0.3559609 0.5934850 0.5236626
v 0.3568045 0.5945387 0.5234410
v 0.3541098 0.5952891 0.5274408
v 0.3548437 0.5964394 0.5274398
v 0.3510580 0.5968024 0.5304959
v 0.3516122 0.5980352 0.5306729
v 0.3474253 0.5991694 0.5328237
v 0.3426939 0.5997320 0.5336818
v 0.3378797 0.5996670 0.5331632
v 0.3334539 0.5989813 0.5313185
v 0.3494115 0.5960612 0.5286947
v 0.3519425 0.5947952 0.5261905
v 0.3534852 0.5932854 0.5230822
v 0.3538819 0.5916782 0.5196756
v 0.3530945 0.5901315 0.5163083
v 0.3512008 0.5888002 0.5133140
v 0.3531626 0.5881310 0.5118276
v 0.3449466 0.5872757 0.5095450
v 0.3455713 0.5862986 0.5072739
v 0.3458323 0.5869809 0.5060709
v 0.3538589 0.5889064 0.5109056
v 0.5992715 0.4486164 0.5912272
v 0.5974387 0.4682787 0.6040111
v 0.6013439 0.4480886 0.5910088
v 0.6039430 0.4478449 0.3537296
v 0.6121364 0.4500637 0.3542102
v 0.6121364 0.4532034 0.2309102
v 0.6039430 0.4509845 0.2304296
v 0.6121364 0.4541104 0.2197217
v 0.6039430 0.4525020 0.2181194
v 0.5423566 0.4525804 0.2182638
v 0.5423566 0.4511284 0.2305088
v 0.5423566 0.4479887 0.3538089
v 0.5770778 0.4279392 0.4759241
v 0.5770778 0.4293889 0.4729740
v 0.5771090 0.3905886 0.4636673
v 0.5771090 0.3337106 0.4458465
v 0.5771090 0.3295823 0.4471360
v 0.5771090 0.3562958 0.4471360
v 0.5771090 0.3397855 0.4383397
v 0.5771090 0.3397855 0.4206333
v 0.5771090 0.3599719 0.4481714
v 0.5771090 0.3885814 0.4118521
v 0.5771090 0.3906250 0.4098170
v 0.5770778 0.4361681 0.4600731
v 0.5770989 0.4402657 0.4554800
v 0.5771090 0.3337106 0.4131266
v 0.5771090 0.3296304 0.4118521
v 0.5768989 0.4441037 0.4541396
v 0.5772319 0.4478756 0.4029019
v 0.5771090 0.3906250 0.4018563
v 0.5768989 0.4477804 0.4541396
v 0.5167546 0.3660683 0.6940305
v 0.5084739 0.3485384 0.6984538
v 0.5155714 0.3477732 0.6942758
v 0.5081829 0.3512481 0.7028297
v 0.5126287 0.3655087 0.7017014
v 0.5149965 0.3623377 0.7080407
v 0.5106328 0.3509850 0.7077363
v 0.5156406 0.3506156 0.7094268
v 0.5117537 0.3441132 0.7133003
v 0.5082423 0.3439792 0.7119323
v 0.5103723 0.3350229 0.7199383
v 0.5051970 0.3352200 0.7188463
v 0.5017233 0.3324417 0.7134825
v 0.5051812 0.3433368 0.7067952
v 0.5054596 0.3401054 0.7012489
v 0.5021479 0.3281919 0.7082578
v 0.5205250 0.3502019 0.7072799
v 0.5188468 0.3425457 0.7118413
v 0.5166471 0.3324564 0.7187276
v 0.5123509 0.3213276 0.7297097
v 0.5062253 0.3230763 0.7299042
v 0.5009637 0.3232173 0.7285123
v 0.4972973 0.3185266 0.7235082
v 0.4983611 0.3132183 0.7186648
v 0.5057836 0.3099503 0.7160416
v 0.5100999 0.3250926 0.7044684
v 0.5126839 0.3384270 0.6975845
v 0.5149965 0.3623377 0.7080407
v 0.5225479 0.3581313 0.7062748
v 0.5230889 0.3484762 0.7004164
v 0.5214959 0.3395655 0.7045865
v 0.5194503 0.3278971 0.7119553
v 0.5152529 0.3148939 0.7253954
v 0.5194503 0.3278971 0.7119553
v 0.5126384 0.3114852 0.7192529
v 0.5232211 0.3635892 0.6986842
v 0.5230889 0.3484762 0.7004164
v 0.5155714 0.3477732 0.6942758
v 0.5214959 0.3395655 0.7045865
v 0.5126839 0.3384270 0.6975845
v 0.5100999 0.3250926 0.7044684
v 0.5057836 0.3099503 0.7160416
v 0.5167546 0.3660683 0.6940305
v 0.5423566 0.5814312 0.2226309
v 0.5423566 0.5781655 0.2160956
v 0.6039430 0.5815955 0.2226309
v 0.6039430 0.5815955 0.3640362
v 0.5423566 0.5814312 0.3640361
v 0.6039430 0.4525020 0.2181194
v 0.6121364 0.4541104 0.2197217
v 0.6121364 0.4714447 0.1990635
v 0.6039430 0.4702979 0.1971040
v 0.5423566 0.4703369 0.1972637
v 0.5423566 0.4929051 0.1837358
v 0.6039430 0.4929160 0.1835719
v 0.5423566 0.5141227 0.1801514
v 0.6039430 0.5141913 0.1800021
v 0.5423566 0.5366722 0.1840550
v 0.6039430 0.5367967 0.1839478
v 0.5423566 0.5535789 0.1942069
v 0.6039430 0.5537210 0.1941243
v 0.6039430 0.5783298 0.2160956
v 0.6121364 0.5794201 0.2232807
v 0.6121364 0.5794201 0.3639988
v 0.5423566 0.4525804 0.2182638
v 0.6121364 0.4934188 0.1857857
v 0.6121364 0.5138727 0.1822499
v 0.6121364 0.5355720 0.1858594
v 0.6121364 0.5521672 0.1957795
v 0.6121364 0.5761545 0.2167455
v 0.3810509 0.7378540 0.4660781
v 0.3948812 0.7420638 0.4647743
v 0.3950295 0.7427498 0.4695809
v 0.3954589 0.7366837 0.4568628
v 0.3820058 0.7325599 0.4581406
v 0.3969716 0.7278784 0.4536288
v 0.3845066 0.7239798 0.4548386
v 0.3875971 0.7153909 0.4574334
v 0.3988410 0.7190113 0.4563076
v 0.4110529 0.7205639 0.4559093
v 0.4104047 0.7297092 0.4531465
v 0.4098803 0.7387396 0.4563124
v 0.4096799 0.7442057 0.4641980
v 0.4097314 0.7448695 0.4690112
v 0.4098803 0.7440199 0.4737909
v 0.4240730 0.7452739 0.4735467
v 0.4241891 0.7429862 0.4778273
v 0.4382534 0.7436471 0.4772948
v 0.4382534 0.7401404 0.4806588
v 0.5988201 0.7430009 0.4783591
v 0.5988201 0.7392964 0.4815040
v 0.6133109 0.7392377 0.4779552
v 0.4239732 0.7454665 0.4639517
v 0.4240730 0.7399936 0.4560682
v 0.4382534 0.7461421 0.4634148
v 0.4382534 0.7406624 0.4555334
v 0.5988201 0.7413429 0.4564566
v 0.4243349 0.7309456 0.4529076
v 0.4382534 0.7315966 0.4523781
v 0.5988201 0.7324855 0.4527569
v 0.6127581 0.7376915 0.4560618
v 0.4239983 0.7461286 0.4687655
v 0.4382534 0.7468024 0.4682291
v 0.5988201 0.7463340 0.4646562
v 0.6136666 0.7424990 0.4642464
v 0.6259018 0.7375224 0.4639068
v 0.6240849 0.7328984 0.4557373
v 0.6361937 0.7298455 0.4632356
v 0.6334132 0.7258191 0.4551150
v 0.6455002 0.7215555 0.4626023
v 0.6417570 0.7181263 0.4545304
v 0.6548456 0.7092429 0.4615859
v 0.6504003 0.7067964 0.4535943
v 0.6584140 0.6964467 0.4525979
v 0.6500872 0.6932963 0.4493643
v 0.6365678 0.7300822 0.4680706
v 0.6261462 0.7378394 0.4687483
v 0.6460046 0.7217117 0.4674306
v 0.6361937 0.7290639 0.4728029
v 0.6259018 0.7367406 0.4734740
v 0.6251917 0.7343328 0.4776214
v 0.6136666 0.7417173 0.4738137
v 0.5988201 0.7455524 0.4742234
v 0.4382534 0.7459427 0.4730118
v 0.5988201 0.7467008 0.4695017
v 0.6137893 0.7428409 0.4690899
v 0.6127581 0.7356451 0.4811092
v 0.6240849 0.7308520 0.4807847
v 0.6351062 0.7268896 0.4769694
v 0.6455002 0.7207738 0.4721695
v 0.6554435 0.7092669 0.4664034
v 0.6635612 0.6979107 0.4605092
v 0.6662158 0.6625747 0.4498304
v 0.6570868 0.6628163 0.4468741
v 0.6580581 0.4382226 0.4334145
v 0.6671873 0.4378002 0.4363495
v 0.6718585 0.6619424 0.4575706
v 0.6728299 0.4366938 0.4440371
v 0.6726184 0.6615515 0.4623541
v 0.6642540 0.6978024 0.4653158
v 0.6479577 0.6625747 0.4498304
v 0.6489290 0.4378002 0.4363496
v 0.6468049 0.4051003 0.4314654
v 0.6557801 0.4043846 0.4283831
v 0.6647341 0.4027822 0.4311646
v 0.6702451 0.4009051 0.4387506
v 0.6709741 0.4000914 0.4434834
v 0.6735897 0.4360101 0.4487877
v 0.6718585 0.6611606 0.4671378
v 0.6635612 0.6971290 0.4700764
v 0.6548456 0.7084613 0.4711531
v 0.6531067 0.7069048 0.4753701
v 0.6440368 0.7188330 0.4763551
v 0.6615485 0.6959568 0.4743249
v 0.6696524 0.6608081 0.4714531
v 0.6728299 0.4353265 0.4535384
v 0.6702096 0.3994703 0.4482415
v 0.6552361 0.3669748 0.4377844
v 0.6547060 0.3682138 0.4331216
v 0.6503744 0.3726713 0.4259594
v 0.6432267 0.3782504 0.4238297
v 0.6359923 0.3828198 0.4275436
v 0.6545671 0.3665808 0.4425792
v 0.6248853 0.3619476 0.4201610
v 0.6357005 0.7092668 0.4819973
v 0.6312804 0.7200178 0.4820690
v 0.6388853 0.7127833 0.4815219
v 0.6417570 0.7160798 0.4795778
v 0.6504003 0.7047499 0.4786416
v 0.6584140 0.6944003 0.4776452
v 0.6662158 0.6605283 0.4748778
v 0.6706241 0.4347098 0.4578233
v 0.6680270 0.3991033 0.4525580
v 0.6527665 0.3670703 0.4470359
v 0.6646394 0.3990260 0.4560117
v 0.6500094 0.3683959 0.4507192
v 0.6603799 0.3992459 0.4582649
v 0.6465676 0.3704272 0.4532690
v 0.6618865 0.6603487 0.4770766
v 0.6671873 0.4342203 0.4612241
v 0.6628578 0.4339060 0.4634085
v 0.6580581 0.4337977 0.4641612
v 0.6556637 0.3997416 0.4590958
v 0.6532586 0.4339058 0.4634098
v 0.6570868 0.6602867 0.4778343
v 0.6522874 0.6603487 0.4770766
v 0.6500872 0.6907668 0.4803245
v 0.6457093 0.6890451 0.4794211
v 0.6544656 0.6926118 0.4797125
v 0.6469898 0.7022075 0.4806473
v 0.6427758 0.3729655 0.4544346
v 0.6509535 0.4004646 0.4584242
v 0.6489290 0.4342202 0.4612254
v 0.6479577 0.6605283 0.4748778
v 0.6417605 0.6876161 0.4770910
v 0.6331764 0.7058734 0.4809573
v 0.6240545 0.3563594 0.4507052
v 0.6221884 0.3607640 0.4506888
v 0.6390060 0.3757626 0.4541027
v 0.6467102 0.4013440 0.4563136
v 0.6454926 0.4347100 0.4578220
v 0.6445208 0.6608081 0.4714531
v 0.6386257 0.6866192 0.4735619
v 0.6303049 0.7029366 0.4785039
v 0.6182065 0.7143628 0.4793630
v 0.6196000 0.7182164 0.4818912
v 0.6211449 0.7226259 0.4830143
v 0.5988201 0.7252343 0.4825685
v 0.5988201 0.7299559 0.4837170
v 0.5988201 0.7210985 0.4800172
v 0.5988201 0.7179536 0.4763127
v 0.6170995 0.7114416 0.4756767
v 0.6280243 0.7007430 0.4748772
v 0.6366136 0.6861521 0.4691796
v 0.6423150 0.6611606 0.4671378
v 0.6432868 0.4353266 0.4535371
v 0.6433484 0.4022942 0.4529710
v 0.6356275 0.3785444 0.4523044
v 0.4003535 0.7187499 0.4813543
v 0.4115775 0.7200773 0.4810240
v 0.4007830 0.7154598 0.4778252
v 0.4117261 0.7167234 0.4775143
v 0.4249954 0.7179151 0.4772888
v 0.4250213 0.7158012 0.4729136
v 0.4382534 0.7185217 0.4767728
v 0.4382534 0.7164060 0.4723981
v 0.5988201 0.7161074 0.4718176
v 0.6163892 0.7097389 0.4711935
v 0.6265604 0.6995074 0.4704320
v 0.6260569 0.6993510 0.4656036
v 0.6161447 0.7094216 0.4663520
v 0.5988201 0.7157406 0.4669721
v 0.4382534 0.7218857 0.4802795
v 0.4382534 0.7157457 0.4675838
v 0.4249954 0.7151392 0.4680999
v 0.4117775 0.7146112 0.4731385
v 0.4009310 0.7133697 0.4734428
v 0.3898121 0.7128563 0.4784843
v 0.3900568 0.7107882 0.4740953
v 0.3821086 0.7083131 0.4799681
v 0.3824827 0.7063222 0.4755557
v 0.3751597 0.7008874 0.4772458
v 0.3746558 0.7028010 0.4816815
v 0.3678160 0.6962840 0.4833934
v 0.3731920 0.7055784 0.4853654
v 0.3660780 0.6986925 0.4871888
v 0.3709118 0.7089478 0.4879370
v 0.3810213 0.7113149 0.4835843
v 0.3900979 0.7153546 0.4824120
v 0.3793278 0.7150337 0.4860502
v 0.3680398 0.7125791 0.4891446
v 0.4117261 0.7139474 0.4683253
v 0.4382534 0.7166054 0.4628011
v 0.4249212 0.7159938 0.4633186
v 0.4115775 0.7147970 0.4635456
v 0.4007830 0.7126838 0.4686362
v 0.6415551 0.6615515 0.4623541
v 0.6425266 0.4360101 0.4487877
v 0.6359205 0.6862604 0.4643729
v 0.6265604 0.7002891 0.4608647
v 0.6163892 0.7105205 0.4616262
v 0.5988201 0.7168890 0.4622504
v 0.5988201 0.7231449 0.4549698
v 0.4382534 0.7224078 0.4551541
v 0.4246590 0.7217785 0.4556770
v 0.4110529 0.7205639 0.4559093
v 0.4003535 0.7134696 0.4638758
v 0.6366136 0.6869338 0.4596123
v 0.6417605 0.6896625 0.4520435
v 0.6303049 0.7049830 0.4534565
v 0.6182065 0.7164092 0.4543156
v 0.5771147 0.3600861 0.4208500
v 0.5881873 0.3603244 0.4210690
v 0.5771147 0.3643227 0.4294636
v 0.5880435 0.3645329 0.4296935
v 0.5771147 0.3642540 0.4343225
v 0.5879995 0.3644493 0.4345517
v 0.5771147 0.3626871 0.4389224
v 0.5879810 0.3628689 0.4391465
v 0.6183649 0.3729641 0.4377974
v 0.6185348 0.3714252 0.4424005
v 0.6307668 0.3842409 0.4404796
v 0.6312954 0.3830021 0.4451416
v 0.6404702 0.4040350 0.4439952
v 0.6411982 0.4032214 0.4487272
v 0.6432868 0.4366938 0.4440371
v 0.6423150 0.6619424 0.4575706
v 0.6412347 0.4046560 0.4392373
v 0.6329708 0.3810393 0.4492156
v 0.6192869 0.3686845 0.4463217
v 0.5879883 0.3599463 0.4430286
v 0.5771147 0.3597755 0.4428129
v 0.5771147 0.3558043 0.4456133
v 0.6212173 0.3695316 0.4244670
v 0.6187917 0.3731518 0.4329624
v 0.6314350 0.3846350 0.4356849
v 0.6359923 0.3828198 0.4275436
v 0.6468049 0.4051003 0.4314654
v 0.6489290 0.4378002 0.4363496
v 0.6479577 0.6625747 0.4498304
v 0.5771147 0.3378126 0.4425023
v 0.5771147 0.3417031 0.4454139
v 0.5883209 0.3379921 0.4426579
v 0.5882359 0.3418721 0.4455799
v 0.5771147 0.3463029 0.4469807
v 0.5881522 0.3464655 0.4471592
v 0.5771147 0.3511619 0.4470494
v 0.5880784 0.3513226 0.4472414
v 0.5880218 0.3559677 0.4458181
v 0.6205453 0.3650108 0.4491784
v 0.6259618 0.3522287 0.4492269
v 0.6277213 0.3487759 0.4463981
v 0.6291645 0.3463383 0.4424965
v 0.5883998 0.3352048 0.4386793
v 0.6301475 0.3451555 0.4379036
v 0.5884646 0.3337835 0.4340336
v 0.6305754 0.3453429 0.4330685
v 0.5885088 0.3338670 0.4291754
v 0.6304045 0.3468822 0.4284649
v 0.5885279 0.3354474 0.4245804
v 0.5884863 0.3423486 0.4179090
v 0.6283945 0.3532963 0.4216874
v 0.5883566 0.3518507 0.4165680
v 0.6248853 0.3619476 0.4201610
v 0.6212173 0.3695316 0.4244670
v 0.5881873 0.3603244 0.4210690
v 0.5771147 0.3600861 0.4208500
v 0.5771147 0.3515958 0.4163716
v 0.5771147 0.3420946 0.4177389
v 0.5771147 0.3352116 0.4244298
v 0.5771147 0.3336447 0.4290297
v 0.5771147 0.3335761 0.4338886
v 0.5771147 0.3350121 0.4385310
v 0.5054343 0.3589361 0.4299768
v 0.4985671 0.3624133 0.4299768
v 0.5054343 0.3570208 0.4358591
v 0.4985671 0.3598368 0.4379025
v 0.4985671 0.3530956 0.4428008
v 0.5054343 0.3520203 0.4394942
v 0.5054343 0.3570208 0.4358591
v 0.4985671 0.3380201 0.4379025
v 0.4985671 0.3354452 0.4299768
v 0.5054343 0.3389199 0.4299768
v 0.5054343 0.3408326 0.4358591
v 0.5058782 0.3489310 0.4299768
v 0.5054343 0.3458369 0.4394942
v 0.5054343 0.3570208 0.4358591
v 0.5054343 0.3589361 0.4299768
v 0.5054343 0.3570208 0.4240950
v 0.4985671 0.3598368 0.4220513
v 0.5054343 0.3408326 0.4240950
v 0.4985671 0.3624133 0.4299768
v 0.4985671 0.3447622 0.4428008
v 0.5054343 0.3458369 0.4394942
v 0.4985671 0.3530956 0.4428008
v 0.4985671 0.3530956 0.4171529
v 0.4985671 0.3598368 0.4220513
v 0.5054343 0.3520203 0.4204597
v 0.4985671 0.3530956 0.4171529
v 0.5054343 0.3458369 0.4204597
v 0.4985671 0.3380201 0.4220513
v 0.4985671 0.3447622 0.4171529
v 0.4985671 0.3433497 0.4128014
v 0.4985671 0.3545088 0.4128014
v 0.4985671 0.3635399 0.4193619
v 0.4985671 0.3669897 0.4299768
v 0.4985671 0.3635398 0.4405919
v 0.4985671 0.3598368 0.4379025
v 0.4985671 0.3545088 0.4471523
v 0.4985671 0.3433497 0.4471523
v 0.4985671 0.3447622 0.4171529
v 0.5054343 0.3520203 0.4204597
v 0.4985671 0.3447622 0.4428008
v 0.4985671 0.3343177 0.4405919
v 0.4985671 0.3380201 0.4379025
v 0.4985671 0.3308715 0.4299768
v 0.4985671 0.3343177 0.4193619
v 0.4246590 0.7217785 0.4556770
v 0.4382534 0.7224078 0.4551541
v 0.5988201 0.7231449 0.4549698
v 0.6211449 0.7251554 0.4520541
v 0.6363602 0.7117963 0.4510371
v 0.6417605 0.6896625 0.4520435
v 0.6182065 0.7164092 0.4543156
v 0.6303049 0.7049830 0.4534565
v 0.4800843 0.2886282 0.7569728
v 0.4976830 0.2816740 0.7544445
v 0.4790200 0.2855037 0.7532383
v 0.4792262 0.2821195 0.7495856
v 0.4806908 0.2787045 0.7462642
v 0.4833162 0.2754914 0.7435004
v 0.4869162 0.2727003 0.7414823
v 0.4912509 0.2705201 0.7403476
v 0.4960261 0.2691007 0.7401729
v 0.5009128 0.2685382 0.7409715
v 0.5055802 0.2688705 0.7426885
v 0.5097088 0.2700762 0.7452062
v 0.5130187 0.2720704 0.7483537
v 0.5152829 0.2747204 0.7519162
v 0.5163491 0.2778437 0.7556510
v 0.5161420 0.2812285 0.7593035
v 0.5146759 0.2846432 0.7626252
v 0.5120528 0.2878562 0.7653892
v 0.5084512 0.2906471 0.7674071
v 0.5041150 0.2928272 0.7685422
v 0.4993429 0.2942477 0.7687161
v 0.4944538 0.2948096 0.7679177
v 0.4897867 0.2944770 0.7662007
v 0.4856592 0.2932724 0.7636830
v 0.4823481 0.2912771 0.7605355
v 0.3561658 0.6645711 0.4812257
v 0.3538589 0.5889064 0.5109056
v 0.3562868 0.5905783 0.5147485
v 0.3458323 0.5869809 0.5060709
v 0.3484516 0.6629391 0.4757890
v 0.3580605 0.6751214 0.4767151
v 0.3506612 0.6748751 0.4708776
v 0.3619312 0.6856513 0.4723118
v 0.3548475 0.6867908 0.4660735
v 0.3660780 0.6934121 0.4697104
v 0.3599597 0.6958506 0.4630797
v 0.3680398 0.7040355 0.4608639
v 0.3988410 0.7190113 0.4563076
v 0.3875971 0.7153909 0.4574334
v 0.3891019 0.7108021 0.4645543
v 0.3771954 0.7105616 0.4588442
v 0.3810213 0.7060345 0.4661058
v 0.3731920 0.7002982 0.4678870
v 0.3678160 0.6935080 0.4742045
v 0.3639432 0.6861162 0.4766944
v 0.3601614 0.6761184 0.4809337
v 0.3583563 0.6661003 0.4852803
v 0.3573009 0.5925192 0.5190678
v 0.3591119 0.6679198 0.4897220
v 0.3568045 0.5945387 0.5234410
v 0.3608859 0.6775865 0.4854927
v 0.3646365 0.6872329 0.4813709
v 0.3684144 0.6944975 0.4789193
v 0.3746558 0.7000251 0.4724925
v 0.3821086 0.7055371 0.4707792
v 0.3898121 0.7100803 0.4692953
v 0.3639432 0.6888921 0.4858834
v 0.3601614 0.6793820 0.4899461
v 0.3583563 0.6698513 0.4941162
v 0.3548437 0.5964394 0.5274398
v 0.3561658 0.6717061 0.4980325
v 0.3516122 0.5980352 0.5306729
v 0.3346164 0.6746491 0.5005160
v 0.3312029 0.6735600 0.4972454
v 0.3341174 0.6867402 0.4921095
v 0.3373916 0.6871685 0.4955746
v 0.3389171 0.6751918 0.5026823
v 0.3415158 0.6869861 0.4979471
v 0.3436841 0.6751348 0.5035323
v 0.3460886 0.6862113 0.4989947
v 0.3484516 0.6744837 0.5029829
v 0.3506612 0.6849193 0.4986149
v 0.3527520 0.6733022 0.5010878
v 0.3547859 0.6832370 0.4968448
v 0.3580605 0.6813290 0.4938577
v 0.3619312 0.6909316 0.4897903
v 0.3561797 0.7071300 0.4913280
v 0.3504696 0.6972674 0.4945644
v 0.3523980 0.7094254 0.4898404
v 0.3460914 0.6987602 0.4933193
v 0.3489875 0.7110568 0.4870430
v 0.3421430 0.6996674 0.4907406
v 0.3462807 0.7118641 0.4832097
v 0.3390083 0.6998999 0.4870809
v 0.3548475 0.6953345 0.4943542
v 0.3587963 0.6931514 0.4927091
v 0.3633706 0.7014871 0.4899340
v 0.3599597 0.7043943 0.4913604
v 0.3648565 0.7161176 0.4888697
v 0.3616717 0.7192158 0.4871396
v 0.3587998 0.7215714 0.4841234
v 0.3565200 0.7229533 0.4801165
v 0.3550563 0.7232265 0.4755109
v 0.3445423 0.7117683 0.4787156
v 0.3369958 0.6994351 0.4826983
v 0.3320150 0.6857431 0.4878909
v 0.3439443 0.7107786 0.4740008
v 0.3545523 0.7223640 0.4707577
v 0.3675522 0.7317427 0.4728900
v 0.3686394 0.7312452 0.4775633
v 0.3703326 0.7295138 0.4816758
v 0.3724656 0.7267181 0.4848250
v 0.3748308 0.7231315 0.4867026
v 0.3771954 0.7191052 0.4871249
v 0.3889912 0.7194228 0.4847724
v 0.3845066 0.7325234 0.4831193
v 0.3969716 0.7364221 0.4819095
v 0.3979066 0.7322084 0.4839766
v 0.3831123 0.7357595 0.4798371
v 0.3988410 0.7275550 0.4845883
v 0.4110529 0.7291076 0.4841900
v 0.3860526 0.7284490 0.4851444
v 0.3875971 0.7239346 0.4857141
v 0.3996840 0.7229177 0.4836847
v 0.4113452 0.7243447 0.4833243
v 0.4248050 0.7255493 0.4830950
v 0.4249212 0.7212741 0.4807971
v 0.4382534 0.7261687 0.4825751
v 0.4246590 0.7303222 0.4839577
v 0.4107287 0.7339000 0.4835363
v 0.4382534 0.7309514 0.4834348
v 0.4244971 0.7351255 0.4833007
v 0.4104047 0.7382529 0.4814272
v 0.3961281 0.7397836 0.4785894
v 0.3820058 0.7378403 0.4756190
v 0.3812955 0.7385621 0.4708780
v 0.3954589 0.7419639 0.4743413
v 0.4101123 0.7417399 0.4780692
v 0.4243349 0.7394893 0.4811883
v 0.4382534 0.7357657 0.4827745
v 0.5988201 0.7348014 0.4833502
v 0.6120612 0.7312909 0.4829669
v 0.6226909 0.7266387 0.4826539
v 0.6334132 0.7237725 0.4801624
v 0.3671779 0.7309573 0.4681134
v 0.3686394 0.7259648 0.4600848
v 0.3724656 0.7181743 0.4565443
v 0.3771954 0.7105616 0.4588442
v 0.3680398 0.7040355 0.4608639
v 0.3616717 0.7106722 0.4588589
v 0.3599597 0.6958506 0.4630797
v 0.3523980 0.7008818 0.4615598
v 0.3548475 0.6867908 0.4660735
v 0.3460914 0.6902165 0.4650386
v 0.3506612 0.6748751 0.4708776
v 0.3565200 0.7176731 0.4626380
v 0.3462807 0.7065837 0.4657313
v 0.3264103 0.5941289 0.5201662
v 0.3282570 0.6702113 0.4887492
v 0.3274246 0.5960696 0.5244856
v 0.3312029 0.6664250 0.4804387
v 0.3288673 0.5902086 0.5117942
v 0.3389171 0.6636472 0.4754883
v 0.3362869 0.5874783 0.5064103
v 0.3484516 0.6629391 0.4757890
v 0.3415158 0.6769421 0.4702098
v 0.3390083 0.6946197 0.4696025
v 0.3458323 0.5869809 0.5060709
v 0.3363029 0.6983184 0.4780219
v 0.3341174 0.6805325 0.4749669
v 0.3312915 0.6842750 0.4833319
v 0.3290117 0.6720307 0.4931909
v 0.3298520 0.5977418 0.5283283
v 0.3474253 0.5991694 0.5328237
v 0.3426939 0.5997320 0.5336818
v 0.3378797 0.5996670 0.5331632
v 0.3334539 0.5989813 0.5313185
v 0.5407204 0.4478756 0.4030325
v 0.5407204 0.4536934 0.4488786
v 0.5407204 0.3906250 0.4123492
v 0.5407204 0.3906250 0.4098170
v 0.5407204 0.3885814 0.4118521
v 0.5407204 0.3906250 0.4018563
v 0.4895850 0.2742283 0.7813812
v 0.4927081 0.2867190 0.7705753
v 0.4975224 0.2862510 0.7714570
v 0.4942664 0.2737734 0.7822385
v 0.5022045 0.2847702 0.7711889
v 0.4988167 0.2723343 0.7819782
v 0.5062931 0.2824211 0.7697971
v 0.5027911 0.2700514 0.7806250
v 0.5093924 0.2794335 0.7674176
v 0.5058031 0.2671471 0.7783123
v 0.5111941 0.2761007 0.7642832
v 0.5075545 0.2639071 0.7752655
v 0.5115258 0.2727473 0.7607011
v 0.5078741 0.2606486 0.7717838
v 0.5103498 0.2697036 0.7570217
v 0.5067359 0.2576897 0.7682078
v 0.5077881 0.2672654 0.7536054
v 0.5042438 0.2553200 0.7648871
v 0.5040848 0.2656731 0.7507866
v 0.5006445 0.2537723 0.7621469
v 0.4996102 0.2650817 0.7488407
v 0.4962938 0.2531976 0.7602558
v 0.5039457 0.2743058 0.7470707
v 0.5004898 0.2738488 0.7455682
v 0.4967697 0.2742100 0.7448869
v 0.4947936 0.2655499 0.7479587
v 0.4916133 0.2536522 0.7593986
v 0.4951586 0.2905599 0.7623539
v 0.4988767 0.2901986 0.7630349
v 0.5024932 0.2890545 0.7628279
v 0.5056522 0.2872404 0.7617530
v 0.5080446 0.2849336 0.7599152
v 0.5094362 0.2823592 0.7574942
v 0.5096920 0.2797692 0.7547280
v 0.5087847 0.2774187 0.7518862
v 0.5068050 0.2755355 0.7492478
v 0.5067359 0.2576897 0.7682078
v 0.4929385 0.2637134 0.7708185
v 0.5078741 0.2606486 0.7717838
v 0.5075545 0.2639071 0.7752655
v 0.5058031 0.2671471 0.7783123
v 0.5027911 0.2700514 0.7806250
v 0.4988167 0.2723343 0.7819782
v 0.4942664 0.2737734 0.7822385
v 0.4895850 0.2742283 0.7813812
v 0.4852342 0.2736539 0.7794905
v 0.4816352 0.2721063 0.7767498
v 0.4791445 0.2697367 0.7734294
v 0.4780047 0.2667775 0.7698532
v 0.4783250 0.2635194 0.7663713
v 0.4800762 0.2602799 0.7633250
v 0.4830878 0.2573756 0.7610123
v 0.4870622 0.2550918 0.7596591
v 0.4916133 0.2536522 0.7593986
v 0.4962938 0.2531976 0.7602558
v 0.5006445 0.2537723 0.7621469
v 0.5042438 0.2553200 0.7648871
v 0.6358822 0.5338163 0.7285515
v 0.6358822 0.5457585 0.7213342
v 0.6411073 0.5334127 0.7271757
v 0.6358822 0.5182956 0.7307072
v 0.6411073 0.5183646 0.7292657
v 0.6540419 0.5187927 0.7203225
v 0.6540419 0.5309085 0.7186397
v 0.6411073 0.5449913 0.7201781
v 0.6411073 0.5582978 0.7066658
v 0.6358822 0.5594831 0.7073974
v 0.6358822 0.5635449 0.6970133
v 0.6411073 0.5506325 0.6513458
v 0.6540419 0.5447726 0.6575866
v 0.6540419 0.5522525 0.6662253
v 0.6411073 0.5599227 0.6620753
v 0.6358822 0.5515770 0.6503398
v 0.6358822 0.5611590 0.6614064
v 0.6358822 0.5655675 0.6748441
v 0.6411073 0.5641969 0.6751038
v 0.6358822 0.5659937 0.6856818
v 0.6411073 0.5646101 0.6856115
v 0.6411073 0.5622359 0.6965979
v 0.6540419 0.5509443 0.7021266
v 0.6540419 0.5402308 0.7130058
v 0.6540419 0.5218019 0.6837832
v 0.6540419 0.5071819 0.7183032
v 0.6540419 0.5189560 0.6464212
v 0.6411073 0.5185673 0.6374779
v 0.6540419 0.5091961 0.6479356
v 0.6411073 0.5344514 0.6406130
v 0.6358822 0.5348877 0.6392699
v 0.6540419 0.5317448 0.6489453
v 0.6540419 0.5556939 0.6767150
v 0.6540419 0.5560265 0.6851751
v 0.6540419 0.5541150 0.6940206
v 0.6358822 0.5185047 0.6360365
v 0.6411073 0.5064452 0.6393590
v 0.6411073 0.4926512 0.6468830
v 0.6540419 0.4980900 0.6539935
v 0.6411073 0.4824102 0.6594231
v 0.6358822 0.4812118 0.6586708
v 0.6358822 0.4756023 0.6754356
v 0.6358822 0.5060019 0.6379765
v 0.6358822 0.4917746 0.6457369
v 0.6411073 0.5039436 0.7267577
v 0.6358822 0.5034216 0.7281204
v 0.6358822 0.4896308 0.7197679
v 0.6411073 0.4905728 0.7186595
v 0.6358822 0.4794966 0.7059862
v 0.6411073 0.4807472 0.7052975
v 0.6358822 0.4751297 0.6898010
v 0.6411073 0.4765133 0.6896052
v 0.6411073 0.4769714 0.6756773
v 0.6540419 0.4898446 0.6640899
v 0.6540419 0.4964167 0.7117831
v 0.6540419 0.4885057 0.7010249
v 0.6540419 0.4850969 0.6883905
v 0.6540419 0.4854658 0.6771767
v 0.6236231 0.3064084 0.4139168
v 0.6306148 0.3064084 0.4235394
v 0.6123116 0.3064084 0.4102412
v 0.6306148 0.3064084 0.4354337
v 0.6236231 0.3064084 0.4450563
v 0.6123116 0.3064084 0.4487318
v 0.5818499 0.3064084 0.4487318
v 0.5818499 0.3064084 0.4102412
v 0.4916133 0.2536522 0.7593986
v 0.4947936 0.2655499 0.7479587
v 0.4901109 0.2670311 0.7482266
v 0.4870622 0.2550918 0.7596591
v 0.4860216 0.2693801 0.7496188
v 0.4830878 0.2573756 0.7610123
v 0.4829223 0.2723681 0.7519984
v 0.4800762 0.2602799 0.7633250
v 0.4811225 0.2757009 0.7551325
v 0.4783250 0.2635194 0.7663713
v 0.4807932 0.2790532 0.7587149
v 0.4780047 0.2667775 0.7698532
v 0.4819653 0.2820984 0.7623941
v 0.4791445 0.2697367 0.7734294
v 0.4845285 0.2845355 0.7658105
v 0.4816352 0.2721063 0.7767498
v 0.4882294 0.2861280 0.7686297
v 0.4852342 0.2736539 0.7794905
v 0.4967697 0.2742100 0.7448869
v 0.4931499 0.2753547 0.7450935
v 0.4899948 0.2771688 0.7461688
v 0.4876026 0.2794762 0.7480068
v 0.4862130 0.2820502 0.7504274
v 0.4859575 0.2846394 0.7531940
v 0.4868633 0.2869906 0.7560354
v 0.4888414 0.2888739 0.7586739
v 0.4917003 0.2901034 0.7608513
v 0.5848485 0.6538716 0.4773590
v 0.5848485 0.6550608 0.4858455
v 0.5703404 0.6548021 0.4773590
v 0.5703404 0.6559913 0.4858455
v 0.5769776 0.6581113 0.4970887
v 0.5692105 0.6598123 0.4970887
v 0.5768073 0.6598386 0.5052509
v 0.5681725 0.6628394 0.5052509
v 0.5761625 0.6629736 0.5194671
v 0.5738003 0.6460558 0.4377924
v 0.5840285 0.6447655 0.4389929
v 0.5616484 0.6467164 0.4377924
v 0.5616484 0.6553277 0.4773590
v 0.5616484 0.6565168 0.4858455
v 0.5572081 0.6618141 0.4970887
v 0.5561702 0.6648411 0.5052509
v 0.5681725 0.6659745 0.5194671
v 0.5749014 0.6681088 0.5465481
v 0.5681725 0.6711096 0.5465481
v 0.5744007 0.6741629 0.5901157
v 0.5561702 0.6679763 0.5194671
v 0.5500730 0.6648411 0.5052509
v 0.5500730 0.6618141 0.4970887
v 0.5500730 0.6565168 0.4858455
v 0.5500730 0.6553277 0.4773590
v 0.5500730 0.6467164 0.4377924
v 0.5384976 0.6467164 0.4377924
v 0.5384976 0.6553277 0.4773590
v 0.5384976 0.6565168 0.4858455
v 0.5429379 0.6618141 0.4970887
v 0.5439758 0.6648411 0.5052509
v 0.5439758 0.6679763 0.5194671
v 0.5500730 0.6679763 0.5194671
v 0.5561702 0.6731114 0.5465481
v 0.5681725 0.6771637 0.5901157
v 0.5741388 0.6820008 0.6581153
v 0.5741388 0.6820008 0.6615399
v 0.5681725 0.6847911 0.6581153
v 0.5561702 0.6791655 0.5901157
v 0.5500730 0.6731114 0.5465481
v 0.5439758 0.6731114 0.5465481
v 0.5319735 0.6711096 0.5465481
v 0.5319735 0.6659745 0.5194671
v 0.5319735 0.6628394 0.5052509
v 0.5309355 0.6598123 0.4970887
v 0.5298057 0.6559913 0.4858455
v 0.5298057 0.6548021 0.4773590
v 0.5263457 0.6460558 0.4377924
v 0.5152975 0.6538716 0.4773590
v 0.5152109 0.6453694 0.4386491
v 0.5152975 0.6550608 0.4858455
v 0.5231684 0.6581113 0.4970887
v 0.5233387 0.6598386 0.5052509
v 0.5239835 0.6629736 0.5194671
v 0.5252446 0.6681088 0.5465481
v 0.5257453 0.6741629 0.5901157
v 0.5319735 0.6771637 0.5901157
v 0.5439758 0.6791655 0.5901157
v 0.5500730 0.6791655 0.5901157
v 0.5561702 0.6722749 0.6810000
v 0.5681725 0.6702732 0.6810000
v 0.5592309 0.6520284 0.7055992
v 0.5681725 0.6824946 0.6657300
v 0.5561702 0.6847068 0.6657300
v 0.5681725 0.6841062 0.6633931
v 0.5561702 0.6863184 0.6633931
v 0.5681725 0.6847911 0.6615399
v 0.5561702 0.6870033 0.6615399
v 0.5561702 0.6870033 0.6581153
v 0.5500730 0.6870033 0.6581153
v 0.5439758 0.6870033 0.6581153
v 0.5319735 0.6847911 0.6581153
v 0.5260072 0.6820008 0.6581153
v 0.5260072 0.6820008 0.6615399
v 0.5260072 0.6813158 0.6633931
v 0.5319735 0.6841062 0.6633931
v 0.5319735 0.6847911 0.6615399
v 0.5439758 0.6870033 0.6615399
v 0.5500730 0.6870033 0.6615399
v 0.5500730 0.6863184 0.6633931
v 0.5500730 0.6847068 0.6659865
v 0.5439758 0.6863184 0.6633931
v 0.5439758 0.6847068 0.6657300
v 0.5384976 0.6369819 0.7501307
v 0.5500730 0.6380920 0.7501307
v 0.5500730 0.6372173 0.7526451
v 0.5616484 0.6369819 0.7501307
v 0.5616484 0.6374803 0.7471787
v 0.5500730 0.6385293 0.7471787
v 0.5608742 0.6410514 0.7230669
v 0.5500730 0.6417940 0.7223615
v 0.5608742 0.6411607 0.7188032
v 0.5500730 0.6419034 0.7180977
v 0.5500730 0.6521719 0.7056072
v 0.5500730 0.6722749 0.6811539
v 0.5439758 0.6722749 0.6810000
v 0.5319735 0.6824946 0.6657300
v 0.5409151 0.6520284 0.7055992
v 0.5392718 0.6411607 0.7188032
v 0.5392718 0.6410514 0.7230669
v 0.5384976 0.6374803 0.7471787
v 0.5298057 0.6353967 0.7471787
v 0.5298057 0.6346176 0.7501307
v 0.5198287 0.6302570 0.7469211
v 0.5198287 0.6294326 0.7486380
v 0.5095500 0.6233072 0.7452941
v 0.5095673 0.6226447 0.7461511
v 0.5319735 0.6702732 0.6810000
v 0.5305492 0.6515791 0.7042498
v 0.5295947 0.6390460 0.7198374
v 0.5295947 0.6389366 0.7241012
v 0.5249893 0.6372195 0.7249167
v 0.5094244 0.6236191 0.7441158
v 0.5099289 0.6242388 0.7162175
v 0.5249893 0.6373288 0.7206529
v 0.5252627 0.6504657 0.7035211
v 0.5256475 0.6689441 0.6794236
v 0.5260072 0.6797042 0.6660030
v 0.5616484 0.6141723 0.8006625
v 0.5616484 0.6114448 0.8029176
v 0.5500730 0.6121545 0.8036851
v 0.5500730 0.6148819 0.8013333
v 0.5500730 0.6173890 0.7971224
v 0.5384976 0.6141723 0.8006625
v 0.5384976 0.6164179 0.7963549
v 0.5298057 0.6141312 0.7953666
v 0.5298057 0.6260034 0.7706841
v 0.5198287 0.6181529 0.7706841
v 0.5198287 0.6240856 0.7582208
v 0.5093318 0.6112847 0.7592021
v 0.5198287 0.6282299 0.7507172
v 0.5298057 0.6338412 0.7526451
v 0.5384976 0.6361073 0.7526451
v 0.5298057 0.6315089 0.7582208
v 0.5384976 0.6283743 0.7706841
v 0.5500730 0.6298450 0.7706841
v 0.5384976 0.6337399 0.7582208
v 0.5500730 0.6350309 0.7582208
v 0.5616484 0.6164179 0.7963549
v 0.5616484 0.6283743 0.7706841
v 0.5616484 0.6337399 0.7582208
v 0.5616484 0.6361073 0.7526451
v 0.5703404 0.6141312 0.7953666
v 0.5703404 0.6260034 0.7706841
v 0.5703404 0.6315089 0.7582208
v 0.5703404 0.6338412 0.7526451
v 0.5703404 0.6346176 0.7501307
v 0.5703404 0.6353967 0.7471787
v 0.5705513 0.6389366 0.7241012
v 0.5705513 0.6390460 0.7198374
v 0.5695968 0.6515791 0.7042498
v 0.5803173 0.6302570 0.7469211
v 0.5751567 0.6372195 0.7249167
v 0.5803173 0.6294326 0.7486380
v 0.5803173 0.6282299 0.7507172
v 0.5803173 0.6240856 0.7582208
v 0.5803173 0.6181529 0.7706841
v 0.5803173 0.6111357 0.7917678
v 0.5803173 0.6086285 0.7959787
v 0.5909383 0.6039845 0.7908410
v 0.5803173 0.6059011 0.7982337
v 0.5908059 0.6014631 0.7928193
v 0.5803173 0.6005402 0.8016086
v 0.5703404 0.6035357 0.8052075
v 0.5803173 0.5599583 0.8276509
v 0.5703404 0.6116240 0.7995776
v 0.5703404 0.6088966 0.8018326
v 0.5902171 0.6242388 0.7162175
v 0.5751567 0.6373288 0.7206529
v 0.5907215 0.6236191 0.7441158
v 0.5905960 0.6233072 0.7452941
v 0.5905788 0.6226447 0.7461511
v 0.5908142 0.6112847 0.7592021
v 0.5906228 0.6048800 0.7884682
v 0.5500730 0.5017736 0.8764271
v 0.5500730 0.4855854 0.8831197
v 0.5384976 0.4855854 0.8819638
v 0.5616484 0.4855854 0.8819638
v 0.5616484 0.5017736 0.8752711
v 0.5703404 0.4852310 0.8790824
v 0.5703404 0.5017736 0.8728935
v 0.5616484 0.5195062 0.8647096
v 0.5703404 0.5191519 0.8620497
v 0.5616484 0.5441405 0.8482593
v 0.5703404 0.5433249 0.8455995
v 0.5616484 0.5624082 0.8352668
v 0.5703404 0.5615928 0.8326069
v 0.5616484 0.6060840 0.8061956
v 0.5803173 0.5416905 0.8403085
v 0.5803173 0.5175603 0.8569188
v 0.5803173 0.5017736 0.8671833
v 0.5785280 0.4819781 0.8759270
v 0.5683094 0.4691252 0.8790441
v 0.5596174 0.4700472 0.8818105
v 0.5500730 0.4710224 0.8828532
v 0.5405286 0.4700472 0.8818105
v 0.5907590 0.5968783 0.7954366
v 0.5912717 0.5617788 0.8161335
v 0.5912504 0.5446590 0.8270313
v 0.5903091 0.5375059 0.8346839
v 0.5913213 0.5040987 0.8558929
v 0.5908087 0.4970276 0.8606144
v 0.5909184 0.4731338 0.8694487
v 0.5756768 0.4659943 0.8757426
v 0.5909184 0.4635665 0.8645396
v 0.5500730 0.4697661 0.8846124
v 0.5596174 0.4700472 0.8818105
v 0.5405286 0.4700472 0.8818105
v 0.5500730 0.4697661 0.8846124
v 0.5405286 0.4679666 0.8813983
v 0.5596174 0.4679666 0.8813983
v 0.5673926 0.4660342 0.8782125
v 0.5724906 0.4648165 0.8762344
v 0.5745711 0.4592106 0.8701313
v 0.5917765 0.4575302 0.8595325
v 0.5736977 0.4515721 0.8610919
v 0.5913763 0.4555606 0.8545959
v 0.5707340 0.4462381 0.8541521
v 0.5892456 0.4536059 0.8463853
v 0.5686176 0.4478431 0.8463853
v 0.5839435 0.4532985 0.8389801
v 0.5679290 0.4494307 0.8389801
v 0.5667655 0.4531026 0.8248854
v 0.5703959 0.4545869 0.8252069
v 0.5333805 0.4531026 0.8248854
v 0.5297500 0.4545869 0.8252069
v 0.5162024 0.4532985 0.8389801
v 0.5322170 0.4494307 0.8389801
v 0.5315284 0.4478431 0.8463853
v 0.5109005 0.4536059 0.8463853
v 0.5294120 0.4462381 0.8541521
v 0.5087697 0.4555606 0.8545959
v 0.5264482 0.4515721 0.8610919
v 0.5083694 0.4575302 0.8595325
v 0.5255749 0.4592106 0.8701313
v 0.5092276 0.4635665 0.8645396
v 0.5244692 0.4659943 0.8757426
v 0.5276554 0.4648165 0.8762344
v 0.5318366 0.4691252 0.8790441
v 0.5327534 0.4660342 0.8782125
v 0.5092276 0.4731338 0.8694487
v 0.5216179 0.4819781 0.8759270
v 0.5298057 0.4852310 0.8790824
v 0.5384976 0.5017736 0.8752711
v 0.5500730 0.5195062 0.8660870
v 0.5500730 0.5441405 0.8496368
v 0.5500730 0.5624082 0.8366441
v 0.5500730 0.6067935 0.8072456
v 0.5298057 0.6088966 0.8018326
v 0.5298057 0.6116240 0.7995776
v 0.5384976 0.6114448 0.8029176
v 0.5384976 0.6060840 0.8061956
v 0.5384976 0.5624082 0.8352668
v 0.5384976 0.5441405 0.8482593
v 0.5384976 0.5195062 0.8647096
v 0.5298057 0.5017736 0.8728935
v 0.5198287 0.5017736 0.8671833
v 0.5093373 0.4970276 0.8606144
v 0.5088246 0.5040987 0.8558929
v 0.5198287 0.5175603 0.8569188
v 0.5298057 0.6035357 0.8052075
v 0.5298057 0.5191519 0.8620497
v 0.5298057 0.5433249 0.8455995
v 0.5298057 0.5615928 0.8326069
v 0.5198287 0.5599583 0.8276509
v 0.5198287 0.6005402 0.8016086
v 0.5198287 0.6059011 0.7982337
v 0.5198287 0.6086285 0.7959787
v 0.5198287 0.5416905 0.8403085
v 0.5098369 0.5375059 0.8346839
v 0.5088956 0.5446590 0.8270313
v 0.5088744 0.5617788 0.8161335
v 0.5093870 0.5968783 0.7954366
v 0.5093402 0.6014631 0.7928193
v 0.5092077 0.6039845 0.7908410
v 0.5198287 0.6111357 0.7917678
v 0.5095232 0.6048800 0.7884682
v 0.5424276 0.4479377 0.3790286
v 0.5424276 0.4478756 0.4029019
v 0.5772319 0.4478756 0.4029019
v 0.6230889 0.4479377 0.3790286
v 0.5842670 0.4478770 0.4554443
v 0.5847092 0.4479328 0.4651174
v 0.5950102 0.4474888 0.4659939
v 0.6230889 0.4478310 0.5219440
v 0.5995216 0.4476336 0.4975015
v 0.6016132 0.4478310 0.5219440
v 0.6017454 0.4476336 0.5415958
v 0.6001672 0.4476162 0.5716085
v 0.5768989 0.4477804 0.4541396
v 0.4765230 0.3064084 0.4139168
v 0.4878344 0.3064084 0.4102412
v 0.4695313 0.3064084 0.4235394
v 0.4695313 0.3064084 0.4354337
v 0.4765230 0.3064084 0.4450563
v 0.4878344 0.3064084 0.4487318
v 0.5182961 0.3064084 0.4487318
v 0.5182961 0.3064084 0.4102412
v 0.5407204 0.4536934 0.4488786
v 0.5230370 0.4536934 0.4488786
v 0.5407204 0.3906250 0.4123492
v 0.5230370 0.3906250 0.4123492
v 0.5230370 0.3885814 0.4118521
v 0.5407204 0.3885814 0.4118521
v 0.6121364 0.5794201 0.3639988
v 0.6123092 0.5705380 0.3647351
v 0.6039430 0.5705380 0.3647351
v 0.6039430 0.5815955 0.3640362
v 0.5423566 0.5814312 0.3640361
v 0.5423566 0.5705381 0.3647350
v 0.5919384 0.6008928 0.7915025
v 0.5916144 0.6027051 0.7899969
v 0.5953134 0.5936023 0.7709728
v 0.5917182 0.6038446 0.7876297
v 0.5993318 0.5611495 0.7956227
v 0.5998610 0.5802169 0.7548028
v 0.6117901 0.5653241 0.7537845
v 0.5917765 0.6101004 0.7581116
v 0.5908142 0.6112847 0.7592021
v 0.5906228 0.6048800 0.7884682
v 0.5909383 0.6039845 0.7908410
v 0.5908059 0.6014631 0.7928193
v 0.5919173 0.5963818 0.7940149
v 0.5912717 0.5617788 0.8161335
v 0.6026636 0.5453780 0.7956820
v 0.5912504 0.5446590 0.8270313
v 0.5907590 0.5968783 0.7954366
v 0.5915446 0.6222340 0.7449682
v 0.5905788 0.6226447 0.7461511
v 0.5905960 0.6233072 0.7452941
v 0.5915564 0.6216538 0.7456111
v 0.6004608 0.5864666 0.7371145
v 0.6146679 0.5711920 0.7371145
v 0.6191534 0.5537270 0.7282044
v 0.6185536 0.5382499 0.7367278
v 0.6028341 0.5382826 0.7956961
v 0.6019060 0.5372999 0.8053190
v 0.5915306 0.6222838 0.7436766
v 0.5912319 0.6233605 0.7157753
v 0.6033082 0.5188082 0.7957353
v 0.5989795 0.5034519 0.8329183
v 0.6185536 0.5199203 0.7392735
v 0.6339905 0.5350605 0.7327924
v 0.6339905 0.5481237 0.7248976
v 0.6339905 0.5631364 0.7096525
v 0.6166585 0.5685615 0.7117453
v 0.6155071 0.5756897 0.7132728
v 0.6012999 0.5910913 0.7132728
v 0.6007236 0.5933706 0.6858870
v 0.5912607 0.6274953 0.6858870
v 0.5992399 0.5952680 0.6542696
v 0.5914787 0.6316678 0.6542696
v 0.6196661 0.5023545 0.7362187
v 0.6165918 0.5733584 0.6994821
v 0.6339905 0.5180829 0.7351503
v 0.5930283 0.6340907 0.5170999
v 0.5842090 0.6443973 0.5295421
v 0.5836974 0.6456954 0.5229713
v 0.5853450 0.6436678 0.5385116
v 0.5920617 0.6340907 0.5557764
v 0.5856911 0.6447952 0.5607738
v 0.5912504 0.6333367 0.6158835
v 0.5865650 0.6476433 0.6170120
v 0.5862384 0.6498800 0.6611799
v 0.5857099 0.6491383 0.6677630
v 0.5840192 0.6471756 0.6758548
v 0.5865352 0.6377628 0.6926332
v 0.5902171 0.6242388 0.7162175
v 0.5907215 0.6236191 0.7441158
v 0.5831951 0.6484503 0.6774045
v 0.5967269 0.5969369 0.6158835
v 0.5969096 0.5967810 0.5557764
v 0.5975707 0.5970409 0.5175598
v 0.5930283 0.6353888 0.5113513
v 0.5816082 0.6495896 0.5145338
v 0.5816082 0.6516294 0.5123085
v 0.5925936 0.6439120 0.4942028
v 0.5803173 0.6563834 0.4999006
v 0.5816082 0.6532844 0.5136523
v 0.5803173 0.6563834 0.4999006
v 0.5900544 0.6518436 0.4861281
v 0.5956429 0.6197674 0.4920315
v 0.5900544 0.6506544 0.4776416
v 0.5848485 0.6538716 0.4773590
v 0.5848485 0.6550608 0.4858455
v 0.5769776 0.6581113 0.4970887
v 0.5768073 0.6598386 0.5052509
v 0.5761625 0.6629736 0.5194671
v 0.5797388 0.6565515 0.5217959
v 0.5749014 0.6681088 0.5465481
v 0.5777586 0.6629408 0.5476228
v 0.5744007 0.6741629 0.5901157
v 0.5770946 0.6697209 0.5971311
v 0.5741388 0.6820008 0.6581153
v 0.5769150 0.6766040 0.6581762
v 0.5741388 0.6820008 0.6615399
v 0.5741388 0.6813158 0.6633931
v 0.5769150 0.6764464 0.6622561
v 0.5741388 0.6797042 0.6660030
v 0.5772291 0.6662191 0.6765409
v 0.5744985 0.6689441 0.6794236
v 0.5777749 0.6636043 0.6773659
v 0.5748834 0.6504657 0.7035211
v 0.5798209 0.6430889 0.6974176
v 0.5751567 0.6373288 0.7206529
v 0.5827322 0.3665965 0.6933689
v 0.5724688 0.3633196 0.6965593
v 0.5721084 0.3867109 0.7200495
v 0.5722371 0.4598957 0.8246888
v 0.5715451 0.4326158 0.8084479
v 0.5703959 0.4545869 0.8252069
v 0.5727485 0.4761860 0.7964912
v 0.5723426 0.4392056 0.7827681
v 0.5718709 0.4208763 0.7929072
v 0.5720983 0.4152792 0.7768239
v 0.5722213 0.4179269 0.7568727
v 0.5728698 0.4063726 0.7625225
v 0.5724697 0.3672982 0.7155360
v 0.5724636 0.3542531 0.7021917
v 0.5721459 0.3589172 0.6891499
v 0.5802660 0.3597566 0.6554899
v 0.5931776 0.3656601 0.6511847
v 0.6077930 0.4206487 0.6707872
v 0.6077930 0.4326627 0.6925178
v 0.6189501 0.4491614 0.6728238
v 0.5724636 0.3572061 0.6659400
v 0.5721459 0.3589172 0.6891499
v 0.5931776 0.3656601 0.6511847
v 0.5847043 0.3631922 0.6485596
v 0.5847043 0.3631922 0.6485596
v 0.5844965 0.3720431 0.6441736
v 0.5724636 0.3474613 0.6945717
v 0.5724636 0.3494564 0.6572468
v 0.5779445 0.3505576 0.6501049
v 0.5834851 0.3589090 0.6458849
v 0.5844965 0.3695523 0.6433043
v 0.5844965 0.3710488 0.6433043
v 0.5844965 0.3720431 0.6441736
v 0.5847043 0.3875721 0.6282253
v 0.5847043 0.3885663 0.6288556
v 0.5845752 0.4002259 0.6102202
v 0.5845752 0.4046047 0.6121112
v 0.5845752 0.4046265 0.5903832
v 0.6278377 0.4637211 0.6925178
v 0.6278377 0.4641814 0.6728238
v 0.6193416 0.4500882 0.6925178
v 0.6138618 0.4567930 0.6508720
v 0.6036555 0.4132603 0.6495991
v 0.5931776 0.3727826 0.6467987
v 0.5931776 0.3885663 0.6297420
v 0.5847043 0.3885663 0.6288556
v 0.5930480 0.4046047 0.6129400
v 0.6006620 0.4137694 0.6287237
v 0.6172792 0.4483549 0.6925178
v 0.6144316 0.4552546 0.7146450
v 0.6241983 0.4702746 0.7146450
v 0.6260154 0.4740997 0.7100788
v 0.6058654 0.4654486 0.6327970
v 0.6227975 0.4718130 0.6508720
v 0.6170547 0.4814869 0.6327970
v 0.6202407 0.4885996 0.6389260
v 0.6248975 0.4761254 0.6542007
v 0.6339905 0.4775183 0.6563523
v 0.6339905 0.4890724 0.6422043
v 0.6284182 0.4686086 0.6739994
v 0.6284182 0.4680505 0.6909645
v 0.6260154 0.4740997 0.7100788
v 0.6216462 0.4860680 0.7263546
v 0.5845752 0.4114503 0.5906480
v 0.5845752 0.4113937 0.5986406
v 0.5845752 0.4190475 0.5981541
v 0.5845752 0.4085618 0.6047454
v 0.5845752 0.4085400 0.6091770
v 0.5930309 0.4121419 0.6099600
v 0.5974387 0.4682787 0.6040111
v 0.5972596 0.4771591 0.6052085
v 0.6067830 0.4921791 0.6091214
v 0.6167218 0.5054017 0.6297612
v 0.6339905 0.5046352 0.6337155
v 0.6339905 0.4756420 0.7081089
v 0.6339905 0.4708653 0.6904045
v 0.6339905 0.4713822 0.6746907
v 0.6358822 0.4812118 0.6586708
v 0.6358822 0.4917746 0.6457369
v 0.6358822 0.5060019 0.6379765
v 0.6339905 0.5183116 0.6315933
v 0.6162787 0.5201672 0.6274701
v 0.6067830 0.5364756 0.6093760
v 0.6162787 0.5395151 0.6312887
v 0.6061925 0.5799443 0.6095748
v 0.6149647 0.5597407 0.6432785
v 0.6112993 0.5792296 0.6542696
v 0.6111534 0.5814441 0.5453973
v 0.6090482 0.5634190 0.5831538
v 0.6066911 0.5509564 0.5978417
v 0.6339905 0.5362324 0.6351303
v 0.6339905 0.5544882 0.6472393
v 0.6339905 0.5649697 0.6593446
v 0.6135228 0.5705408 0.6574313
v 0.6136402 0.5757471 0.6733009
v 0.6339905 0.5697920 0.6740437
v 0.6358822 0.5611590 0.6614064
v 0.6358822 0.5515770 0.6503398
v 0.6358822 0.5348877 0.6392699
v 0.6358822 0.5185047 0.6360365
v 0.6339905 0.5702581 0.6858987
v 0.6144501 0.5762504 0.6860999
v 0.6136402 0.5757471 0.6733009
v 0.6358822 0.5655675 0.6748441
v 0.6358822 0.5659937 0.6856818
v 0.6339905 0.5675795 0.6982938
v 0.6358822 0.5635449 0.6970133
v 0.6358822 0.5594831 0.7073974
v 0.6165918 0.5733584 0.6994821
v 0.6358822 0.5457585 0.7213342
v 0.6358822 0.5338163 0.7285515
v 0.6358822 0.5182956 0.7307072
v 0.6358822 0.5034216 0.7281204
v 0.6339905 0.5018128 0.7323208
v 0.6339905 0.4867276 0.7231843
v 0.6358822 0.4756023 0.6754356
v 0.6358822 0.4751297 0.6898010
v 0.6358822 0.4794966 0.7059862
v 0.6358822 0.4896308 0.7197679
v 0.5723426 0.4392056 0.7827681
v 0.5850937 0.4193560 0.7571743
v 0.5722213 0.4179269 0.7568727
v 0.5854640 0.3929170 0.7234727
v 0.5721084 0.3867109 0.7200495
v 0.6053641 0.4392162 0.7146450
v 0.6116291 0.4533179 0.7146450
v 0.6044090 0.4667073 0.7426655
v 0.6158711 0.4827456 0.7426655
v 0.6185536 0.5199203 0.7392735
v 0.5913213 0.5040987 0.8558929
v 0.5903091 0.5375059 0.8346839
v 0.5936271 0.5357917 0.8323797
v 0.5954178 0.4947761 0.8560488
v 0.6008583 0.4844856 0.8356040
v 0.6026859 0.4946835 0.7964463
v 0.6092785 0.4887146 0.7695559
v 0.6002530 0.4751543 0.7693518
v 0.6007106 0.4666750 0.7452569
v 0.5933641 0.4407405 0.7622679
v 0.5873259 0.4424455 0.7818277
v 0.5958179 0.4747431 0.7700068
v 0.5958179 0.4747431 0.7700068
v 0.5958179 0.4747431 0.7700068
v 0.5909253 0.4770915 0.7947567
v 0.5727485 0.4761860 0.7964912
v 0.5909253 0.4770915 0.7947567
v 0.5727485 0.4761860 0.7964912
v 0.5722371 0.4598957 0.8246888
v 0.5934176 0.4595969 0.8263005
v 0.5960969 0.4778815 0.7960381
v 0.5958179 0.4747431 0.7700068
v 0.5934176 0.4595969 0.8263005
v 0.5933521 0.4569435 0.8323212
v 0.5932868 0.4555629 0.8383417
v 0.5921112 0.4619344 0.8537643
v 0.5932868 0.4566585 0.8440688
v 0.5913763 0.4613090 0.8559932
v 0.5917765 0.4630781 0.8595686
v 0.5922279 0.4757576 0.8595265
v 0.5921112 0.4619344 0.8537643
v 0.5892164 0.4578248 0.8464214
v 0.5783561 0.4566971 0.8320583
v 0.5722371 0.4598957 0.8246888
v 0.5703959 0.4545869 0.8252069
v 0.5839435 0.4532985 0.8389801
v 0.5844744 0.4553859 0.8394279
v 0.5892456 0.4536059 0.8463853
v 0.5913763 0.4555606 0.8545959
v 0.5917765 0.4575302 0.8595325
v 0.5909184 0.4635665 0.8645396
v 0.5909184 0.4731338 0.8694487
v 0.5908087 0.4970276 0.8606144
v 0.5783561 0.4566971 0.8320583
v 0.5933521 0.4569435 0.8323212
v 0.5844744 0.4553859 0.8394279
v 0.5932868 0.4555629 0.8383417
v 0.5892164 0.4578248 0.8464214
v 0.5932868 0.4566585 0.8440688
v 0.5840285 0.6447655 0.4389929
v 0.5892984 0.6411525 0.4413052
v 0.5906552 0.6339837 0.4459785
v 0.5945392 0.5973722 0.4599036
v 0.6054748 0.5823686 0.4678779
v 0.6140192 0.5778414 0.6858870
v 0.6039430 0.5705380 0.3647351
v 0.6043558 0.5320081 0.4192346
v 0.6039430 0.5705380 0.3874710
v 0.6035672 0.5441611 0.4363026
v 0.6019407 0.5288907 0.4420893
v 0.6035327 0.4841281 0.4179839
v 0.6035327 0.4841281 0.4407198
v 0.6033623 0.4509549 0.3784965
v 0.6033623 0.4509549 0.3557606
v 0.5182961 0.3278666 0.4299768
v 0.5182961 0.3337106 0.4458465
v 0.5182961 0.3244731 0.4487318
v 0.5182961 0.3064084 0.4487318
v 0.5182961 0.3064084 0.4102412
v 0.5182961 0.3244731 0.4102412
v 0.5182961 0.3337106 0.4131266
v 0.5845752 0.4066158 0.5690988
v 0.5845752 0.4144467 0.5613605
v 0.5845752 0.4129516 0.5583296
v 0.5845752 0.4075788 0.5460852
v 0.5852904 0.4171471 0.5140194
v 0.5845752 0.4077225 0.5099313
v 0.5852413 0.4221313 0.4988312
v 0.5844357 0.4151409 0.4944390
v 0.5843722 0.4247113 0.4828868
v 0.5847092 0.4350274 0.4765540
v 0.5843722 0.4309697 0.4735142
v 0.5847092 0.4420400 0.4636531
v 0.5843722 0.4377489 0.4606132
v 0.5843511 0.4411862 0.4570798
v 0.5842670 0.4442001 0.4554443
v 0.5842670 0.4478770 0.4554443
v 0.5847092 0.4479328 0.4651174
v 0.5845752 0.4094675 0.5792614
v 0.5845752 0.4130364 0.5680873
v 0.5845752 0.4206467 0.5620587
v 0.5154368 0.4420400 0.4636531
v 0.5158790 0.4442001 0.4554443
v 0.5158790 0.4478770 0.4554443
v 0.5154368 0.4479328 0.4651174
v 0.5154986 0.4560402 0.4652112
v 0.5157306 0.4584724 0.4526284
v 0.5157306 0.4733011 0.4569740
v 0.5154986 0.4714310 0.4697207
v 0.5157306 0.4956920 0.4611360
v 0.5154986 0.4952233 0.4741381
v 0.5157306 0.5191799 0.4619849
v 0.5154986 0.5201381 0.4750703
v 0.5157306 0.5583726 0.4595183
v 0.5154986 0.5609218 0.4724434
v 0.5154986 0.5823686 0.4671929
v 0.5163416 0.5815870 0.4518740
v 0.5154986 0.5947672 0.4620246
v 0.5154986 0.5969404 0.4599352
v 0.5165480 0.6206261 0.4401926
v 0.5166741 0.6331461 0.4394855
v 0.5161901 0.6387248 0.4421255
v 0.5741388 0.6813158 0.6633931
v 0.5741388 0.6797042 0.6660030
v 0.5744985 0.6689441 0.6794236
v 0.5748834 0.6504657 0.7035211
v 0.5845752 0.4002259 0.6102202
v 0.5845752 0.4046265 0.5903832
v 0.5500730 0.4008357 0.6054304
v 0.5500730 0.3881668 0.6217868
v 0.5847043 0.3875721 0.6282253
v 0.5501055 0.3675714 0.6401527
v 0.5844965 0.3710488 0.6433043
v 0.5844965 0.3695523 0.6433043
v 0.5501055 0.3638563 0.6395036
v 0.5834851 0.3589090 0.6458849
v 0.5500730 0.3512099 0.6430904
v 0.5779445 0.3505576 0.6501049
v 0.5500870 0.3472327 0.6457204
v 0.5159354 0.3620345 0.6459471
v 0.5180751 0.3556159 0.6469749
v 0.5212507 0.3526588 0.6489406
v 0.5363660 0.3455372 0.6533332
v 0.5500730 0.3424995 0.6512182
v 0.5637800 0.3455372 0.6533332
v 0.5724636 0.3494564 0.6572468
v 0.5276824 0.3494564 0.6572468
v 0.5845491 0.4101005 0.5023907
v 0.5500730 0.4081952 0.5022534
v 0.5845752 0.4077225 0.5099313
v 0.5500730 0.4075024 0.5099314
v 0.5845752 0.4075788 0.5460852
v 0.5500730 0.4073586 0.5460852
v 0.5845752 0.4066158 0.5690988
v 0.5500730 0.4063957 0.5690989
v 0.5500730 0.4044063 0.5903832
v 0.5155708 0.4046265 0.5903832
v 0.5155708 0.4002259 0.6102202
v 0.5154417 0.3875721 0.6282253
v 0.5156495 0.3710488 0.6433043
v 0.5156495 0.3695523 0.6433043
v 0.5155708 0.4066158 0.5690988
v 0.5155708 0.4075788 0.5460852
v 0.5155708 0.4077225 0.5099313
v 0.5155970 0.4101005 0.5023907
v 0.5157104 0.4151409 0.4944390
v 0.5230370 0.4536934 0.4488786
v 0.5157306 0.4584724 0.4526284
v 0.5158790 0.4478770 0.4554443
v 0.5232471 0.4477804 0.4541396
v 0.5158790 0.4442001 0.4554443
v 0.5232471 0.4441037 0.4541396
v 0.5230471 0.4402657 0.4554800
v 0.5157949 0.4411862 0.4570798
v 0.5157738 0.4377489 0.4606132
v 0.5230682 0.4361681 0.4600731
v 0.5157738 0.4309697 0.4735142
v 0.5230682 0.4293889 0.4729740
v 0.5230682 0.4279392 0.4759241
v 0.5157738 0.4247113 0.4828868
v 0.5500730 0.4200840 0.4803422
v 0.5500730 0.4114088 0.4921400
v 0.5844357 0.4151409 0.4944390
v 0.5843722 0.4247113 0.4828868
v 0.5842670 0.4442001 0.4554443
v 0.5842670 0.4478770 0.4554443
v 0.5768989 0.4477804 0.4541396
v 0.5768989 0.4441037 0.4541396
v 0.5770989 0.4402657 0.4554800
v 0.5843511 0.4411862 0.4570798
v 0.5843722 0.4377489 0.4606132
v 0.5770778 0.4361681 0.4600731
v 0.5843722 0.4309697 0.4735142
v 0.5770778 0.4293889 0.4729740
v 0.5770778 0.4279392 0.4759241
v 0.5500730 0.4240362 0.4750045
v 0.6067830 0.5364756 0.6093760
v 0.6230889 0.5386894 0.6057524
v 0.6200463 0.5204179 0.6064876
v 0.6067830 0.4921791 0.6091214
v 0.6202202 0.4855069 0.6054553
v 0.5972596 0.4771591 0.6052085
v 0.6230889 0.4689970 0.6040044
v 0.5974387 0.4682787 0.6040111
v 0.6013439 0.4480886 0.5910088
v 0.6230889 0.4483525 0.5911179
v 0.5500730 0.4240362 0.4750045
v 0.5230370 0.3905886 0.4636673
v 0.5230682 0.4279392 0.4759241
v 0.5230370 0.3295823 0.4471360
v 0.5230370 0.3562958 0.4471360
v 0.5771090 0.3295823 0.4471360
v 0.5771090 0.3562958 0.4471360
v 0.5230370 0.3599719 0.4481714
v 0.5771090 0.3599719 0.4481714
v 0.5771090 0.3905886 0.4636673
v 0.5770778 0.4279392 0.4759241
v 0.5771090 0.3337106 0.4458465
v 0.5771090 0.3397855 0.4383397
v 0.5818499 0.3337106 0.4458465
v 0.5818499 0.3397855 0.4383397
v 0.5818499 0.3397855 0.4206333
v 0.5771090 0.3397855 0.4206333
v 0.4852794 0.4920805 0.7340837
v 0.4816187 0.4920805 0.7340837
v 0.4852794 0.4898837 0.7372372
v 0.4816187 0.4898837 0.7372372
v 0.4816187 0.4882510 0.7407164
v 0.4852794 0.4882510 0.7407164
v 0.6235620 0.5386894 0.4545034
v 0.6233377 0.5279970 0.4464894
v 0.6204778 0.5219120 0.4545034
v 0.6207355 0.4868731 0.4545034
v 0.6233377 0.4793655 0.4464894
v 0.6235620 0.4689970 0.4545034
v 0.6230889 0.5813085 0.3874496
v 0.6233361 0.5705380 0.3874709
v 0.6230889 0.5811666 0.5453973
v 0.6234657 0.5441611 0.4363026
v 0.6230889 0.5625017 0.5831538
v 0.6230889 0.5509564 0.5978417
v 0.6230889 0.5386894 0.6057524
v 0.6200463 0.5204179 0.6064876
v 0.6202202 0.4855069 0.6054553
v 0.6230889 0.4689970 0.6040044
v 0.6230889 0.4478310 0.5219440
v 0.6230889 0.4479377 0.3790286
v 0.6231461 0.4509549 0.3784965
v 0.6233165 0.4841281 0.4407198
v 0.6233696 0.5288907 0.4420893
v 0.6230889 0.4483525 0.5911179
v 0.6039430 0.5705380 0.3874710
v 0.6233361 0.5705380 0.3874709
v 0.6230889 0.5813085 0.3874496
v 0.5423566 0.5813085 0.3874496
v 0.5423566 0.5705381 0.3874709
v 0.6230889 0.4479377 0.3790286
v 0.6231461 0.4509549 0.3784965
v 0.6033623 0.4509549 0.3784965
v 0.5424276 0.4479377 0.3790286
v 0.5424276 0.4509549 0.3784965
v 0.5770989 0.4402657 0.4554800
v 0.5768989 0.4441037 0.4541396
v 0.5771090 0.3906250 0.4098170
v 0.5845752 0.4114503 0.5906480
v 0.5845752 0.4190475 0.5981541
v 0.5993240 0.4204591 0.5990561
v 0.6013439 0.4142908 0.5893693
v 0.5845752 0.4094675 0.5792614
v 0.6013439 0.4124122 0.5793017
v 0.5845752 0.4130364 0.5680873
v 0.6013439 0.4162538 0.5694009
v 0.5845752 0.4206467 0.5620587
v 0.6011649 0.4221907 0.5612698
v 0.4916088 0.3263397 0.7285708
v 0.4823481 0.2912771 0.7605355
v 0.4893453 0.3236906 0.7250079
v 0.4800843 0.2886282 0.7569728
v 0.4882811 0.3205664 0.7212736
v 0.4790200 0.2855037 0.7532383
v 0.4884867 0.3171821 0.7176209
v 0.4792262 0.2821195 0.7495856
v 0.4899516 0.3137670 0.7142993
v 0.4806908 0.2787045 0.7462642
v 0.4925763 0.3105544 0.7115360
v 0.4833162 0.2754914 0.7435004
v 0.4961770 0.3077631 0.7095176
v 0.4869162 0.2727003 0.7414823
v 0.5254038 0.3162906 0.7273389
v 0.5161420 0.2812285 0.7593035
v 0.5239367 0.3197057 0.7306606
v 0.5146759 0.2846432 0.7626252
v 0.5213126 0.3229192 0.7334242
v 0.5120528 0.2878562 0.7653892
v 0.5177121 0.3257097 0.7354423
v 0.5084512 0.2906471 0.7674071
v 0.5133759 0.3278898 0.7365775
v 0.5041150 0.2928272 0.7685422
v 0.5086036 0.3293102 0.7367513
v 0.4993429 0.2942477 0.7687161
v 0.5037147 0.3298723 0.7359529
v 0.4944538 0.2948096 0.7679177
v 0.4990477 0.3295396 0.7342361
v 0.4897867 0.2944770 0.7662007
v 0.4949192 0.3283347 0.7317181
v 0.4856592 0.2932724 0.7636830
v 0.4961770 0.3077631 0.7095176
v 0.4869162 0.2727003 0.7414823
v 0.5005125 0.3055833 0.7083824
v 0.4912509 0.2705201 0.7403476
v 0.5052860 0.3041635 0.7082082
v 0.4960261 0.2691007 0.7401729
v 0.5101739 0.3036008 0.7090071
v 0.5009128 0.2685382 0.7409715
v 0.5148430 0.3039331 0.7107241
v 0.5055802 0.2688705 0.7426885
v 0.5189700 0.3051388 0.7132414
v 0.5097088 0.2700762 0.7452062
v 0.5222794 0.3071331 0.7163888
v 0.5130187 0.2720704 0.7483537
v 0.5245434 0.3097830 0.7199513
v 0.5152829 0.2747204 0.7519162
v 0.5256090 0.3129069 0.7236863
v 0.5163491 0.2778437 0.7556510
v 0.5500730 0.4315538 0.8088359
v 0.5500730 0.4503064 0.8236245
v 0.5634016 0.4512016 0.8236245
v 0.5724636 0.3542531 0.7021917
v 0.5724636 0.3474613 0.6945717
v 0.5500730 0.3473044 0.6956030
v 0.5500730 0.3542531 0.7032253
v 0.5724697 0.3672982 0.7155360
v 0.5500730 0.3672982 0.7178528
v 0.5728698 0.4063726 0.7625225
v 0.5500730 0.4054513 0.7627397
v 0.5720983 0.4152792 0.7768239
v 0.5500730 0.4143578 0.7770410
v 0.5718709 0.4208763 0.7929072
v 0.5500730 0.4198143 0.7932953
v 0.5715451 0.4326158 0.8084479
v 0.5667655 0.4531026 0.8248854
v 0.5703959 0.4545869 0.8252069
v 0.5500730 0.3030664 0.8690040
v 0.5500730 0.3000106 0.8708262
v 0.5411067 0.2978717 0.8708262
v 0.5372657 0.3009276 0.8690040
v 0.5367444 0.4512016 0.8236245
v 0.5500730 0.4503064 0.8236245
v 0.5500730 0.4315538 0.8088359
v 0.5500730 0.3473044 0.6956030
v 0.5276824 0.3474613 0.6945717
v 0.5276824 0.3542531 0.7021917
v 0.5500730 0.3542531 0.7032253
v 0.5276763 0.3672982 0.7155360
v 0.5500730 0.3672982 0.7178528
v 0.5272762 0.4063726 0.7625225
v 0.5500730 0.4054513 0.7627397
v 0.5280478 0.4152792 0.7768239
v 0.5500730 0.4143578 0.7770410
v 0.5282751 0.4208763 0.7929072
v 0.5500730 0.4198143 0.7932953
v 0.5286009 0.4326158 0.8084479
v 0.5333805 0.4531026 0.8248854
v 0.5297500 0.4545869 0.8252069
v 0.5279089 0.4555230 0.8246888
v 0.5096159 0.4559491 0.8256606
v 0.5217899 0.4566971 0.8320583
v 0.5279089 0.4555230 0.8246888
v 0.5079473 0.4577520 0.8457347
v 0.5085345 0.4585316 0.8537643
v 0.5111262 0.4573555 0.8463017
v 0.5078287 0.4587809 0.8383417
v 0.5156716 0.4553859 0.8394279
v 0.5085164 0.4578573 0.8323212
v 0.5079473 0.4577520 0.8457347
v 0.5040603 0.4815941 0.8391001
v 0.5096159 0.4559491 0.8256606
v 0.5089476 0.4614639 0.8595631
v 0.5092694 0.4579063 0.8537859
v 0.5111262 0.4573555 0.8463017
v 0.5089887 0.4653673 0.8634361
v 0.5092276 0.4731338 0.8694487
v 0.5092276 0.4635665 0.8645396
v 0.5083694 0.4575302 0.8595325
v 0.5087697 0.4555606 0.8545959
v 0.5109005 0.4536059 0.8463853
v 0.5156716 0.4553859 0.8394279
v 0.5083624 0.4725384 0.8631065
v 0.5082516 0.4691270 0.8636173
v 0.5021310 0.4827610 0.8088101
v 0.5023993 0.4795418 0.8240030
v 0.5096159 0.4559491 0.8256606
v 0.4972174 0.5123865 0.8052400
v 0.4976250 0.5382664 0.8060401
v 0.4991274 0.5386869 0.8076534
v 0.4991732 0.5104558 0.8075088
v 0.4973378 0.4909166 0.8052571
v 0.4989067 0.4903966 0.8079125
v 0.4992523 0.4876310 0.8239634
v 0.5012808 0.4870507 0.8361993
v 0.5047282 0.4947761 0.8560488
v 0.5090482 0.4724532 0.8639157
v 0.5089930 0.4687563 0.8643197
v 0.5083090 0.4655311 0.8627589
v 0.5083090 0.4621422 0.8592918
v 0.5065189 0.5357917 0.8323797
v 0.5011665 0.5034519 0.8329183
v 0.5079473 0.4577520 0.8457347
v 0.5093373 0.4970276 0.8606144
v 0.5088246 0.5040987 0.8558929
v 0.5098369 0.5375059 0.8346839
v 0.5088956 0.5446590 0.8270313
v 0.5018060 0.5457599 0.8083873
v 0.4988832 0.5458645 0.8068310
v 0.4998865 0.5553428 0.8062999
v 0.5029702 0.5557073 0.8081971
v 0.5008623 0.5621490 0.8047169
v 0.4985466 0.5601243 0.8022738
v 0.5088744 0.5617788 0.8161335
v 0.5026674 0.5643077 0.8053402
v 0.4987926 0.5675740 0.7943395
v 0.4981427 0.5667644 0.7921236
v 0.4988704 0.5595208 0.7991375
v 0.4997744 0.5619962 0.7941552
v 0.5002401 0.5590328 0.7966017
v 0.4984075 0.5706520 0.7880483
v 0.4995447 0.5722269 0.7958437
v 0.4987926 0.5675740 0.7943395
v 0.5007218 0.5715427 0.7997108
v 0.5082287 0.5963818 0.7940149
v 0.5093870 0.5968783 0.7954366
v 0.5093402 0.6014631 0.7928193
v 0.4978110 0.5547482 0.8038378
v 0.4976830 0.5539220 0.8010063
v 0.4989341 0.5529644 0.7980241
v 0.5026013 0.5597140 0.7945350
v 0.5007131 0.5700534 0.7746657
v 0.4993013 0.5716408 0.7751195
v 0.5002850 0.5793746 0.7551588
v 0.4988283 0.5812855 0.7560840
v 0.4987907 0.5886555 0.7382376
v 0.4987666 0.5838075 0.7567331
v 0.4987794 0.5911663 0.7395258
v 0.5011906 0.5942665 0.7411007
v 0.4988558 0.5968748 0.7148191
v 0.4989406 0.6020274 0.7146770
v 0.4968956 0.5464134 0.7951940
v 0.5089141 0.6233605 0.7157753
v 0.5086020 0.6220572 0.7447519
v 0.5083694 0.6101004 0.7581116
v 0.4989412 0.5937903 0.7141821
v 0.4992271 0.5961179 0.7032778
v 0.4988883 0.5993446 0.7041303
v 0.4989088 0.6010518 0.6866666
v 0.5001150 0.5970343 0.6863292
v 0.4996852 0.5864666 0.7371145
v 0.4991095 0.5926688 0.7123902
v 0.4996102 0.5940139 0.7039535
v 0.5045151 0.5944442 0.6858870
v 0.5028805 0.5972698 0.6689460
v 0.5008609 0.5995020 0.6688136
v 0.5000119 0.6032795 0.6685897
v 0.5013214 0.6053514 0.6862768
v 0.5021544 0.6067451 0.6684334
v 0.5054560 0.6080126 0.6694965
v 0.5009657 0.6073135 0.6614882
v 0.5094681 0.6311290 0.6606261
v 0.5011176 0.6074391 0.6528749
v 0.5088956 0.6333367 0.6158835
v 0.5046177 0.6079787 0.6158835
v 0.5026495 0.5979414 0.6387740
v 0.5052408 0.5972931 0.6158835
v 0.5005460 0.6036161 0.6615661
v 0.5021544 0.6067451 0.6684334
v 0.5018796 0.5989459 0.6616644
v 0.5091583 0.6274953 0.6858870
v 0.5080844 0.6340907 0.5557764
v 0.5054560 0.6080126 0.6694965
v 0.5069603 0.6060796 0.6858870
v 0.5136108 0.6377628 0.6926332
v 0.5081363 0.6236611 0.7058369
v 0.5045983 0.6048410 0.6983754
v 0.5069603 0.6060796 0.6858870
v 0.4992450 0.6033671 0.7064175
v 0.5008094 0.6031890 0.6997302
v 0.4992450 0.6033671 0.7064175
v 0.5045983 0.6048410 0.6983754
v 0.5069603 0.6060796 0.6858870
v 0.5100009 0.6291487 0.7084215
v 0.5203251 0.6430889 0.6974176
v 0.5169509 0.6484503 0.6774045
v 0.5252627 0.6504657 0.7035211
v 0.5223711 0.6636043 0.6773659
v 0.5256475 0.6689441 0.6794236
v 0.5229170 0.6662191 0.6765409
v 0.5260072 0.6797042 0.6660030
v 0.5232310 0.6764464 0.6622561
v 0.5260072 0.6813158 0.6633931
v 0.5232310 0.6766040 0.6581762
v 0.5260072 0.6820008 0.6615399
v 0.5260072 0.6820008 0.6581153
v 0.5230514 0.6697209 0.5971311
v 0.5249893 0.6373288 0.7206529
v 0.5099289 0.6242388 0.7162175
v 0.5094244 0.6236191 0.7441158
v 0.5095500 0.6233072 0.7452941
v 0.5095673 0.6226447 0.7461511
v 0.5093318 0.6112847 0.7592021
v 0.5084278 0.6038446 0.7876297
v 0.5095232 0.6048800 0.7884682
v 0.5083538 0.6027051 0.7899969
v 0.5092077 0.6039845 0.7908410
v 0.5080294 0.6008928 0.7915025
v 0.4983686 0.5750970 0.7890964
v 0.4978750 0.5685267 0.7936679
v 0.4972099 0.5711912 0.7887198
v 0.4987611 0.5752860 0.7744284
v 0.4984075 0.5706520 0.7880483
v 0.4996053 0.5812686 0.7746200
v 0.5036330 0.5936023 0.7709728
v 0.5006931 0.5872490 0.7590757
v 0.4978750 0.5685267 0.7936679
v 0.4972099 0.5711912 0.7887198
v 0.5155708 0.4129516 0.5583296
v 0.4995457 0.4129516 0.5583296
v 0.4995986 0.4144467 0.5608912
v 0.5155708 0.4144467 0.5613605
v 0.5155708 0.4206467 0.5620587
v 0.4989811 0.4221907 0.5612698
v 0.5154368 0.4350274 0.4765540
v 0.5154368 0.4420400 0.4636531
v 0.5051358 0.4416711 0.4645885
v 0.5030626 0.4347651 0.4785596
v 0.5149047 0.4221313 0.4988312
v 0.4993163 0.4221313 0.4988312
v 0.5148556 0.4171471 0.5140194
v 0.4982505 0.4171471 0.5140194
v 0.4995457 0.4129516 0.5583296
v 0.5162024 0.4532985 0.8389801
v 0.5217899 0.4566971 0.8320583
v 0.5297500 0.4545869 0.8252069
v 0.5149965 0.3623377 0.7080407
v 0.5149475 0.3662512 0.7110539
v 0.5219349 0.3634260 0.7083587
v 0.5218269 0.3818312 0.7282284
v 0.5153226 0.3828709 0.7294022
v 0.5221399 0.3976975 0.7459686
v 0.5164500 0.3995199 0.7469566
v 0.5218980 0.4127073 0.7634997
v 0.5278044 0.4040845 0.7467349
v 0.5277146 0.4141688 0.7587103
v 0.5279640 0.4170964 0.7631307
v 0.5279257 0.4272423 0.7797960
v 0.5142002 0.4020183 0.7444838
v 0.5152476 0.4164268 0.7593082
v 0.5164500 0.4140869 0.7620941
v 0.5250159 0.4299605 0.7825377
v 0.5279644 0.4329501 0.7862284
v 0.5276785 0.3598715 0.6981788
v 0.5225479 0.3581313 0.7062748
v 0.5277284 0.3641571 0.7024670
v 0.5279170 0.3802208 0.7185405
v 0.5278981 0.3944042 0.7352288
v 0.5149965 0.3623377 0.7080407
v 0.5132383 0.3864456 0.7259389
v 0.5146821 0.3909942 0.7234727
v 0.5096159 0.4559491 0.8256606
v 0.5279089 0.4555230 0.8246888
v 0.5171216 0.4454147 0.7972975
v 0.5276132 0.4454147 0.7972975
v 0.5276586 0.4439415 0.7938503
v 0.5224619 0.4366278 0.7908205
v 0.5280512 0.4371591 0.7907434
v 0.5188661 0.4367361 0.7879896
v 0.5178902 0.4379579 0.7859086
v 0.5161684 0.4401143 0.7822357
v 0.5143266 0.4182190 0.7571743
v 0.5140711 0.4051974 0.7413374
v 0.4947819 0.4392162 0.7146450
v 0.5096759 0.3882520 0.6950830
v 0.4871289 0.4678213 0.7146450
v 0.4923531 0.4326627 0.6925178
v 0.5045562 0.3946589 0.6732420
v 0.4923531 0.4206487 0.6707872
v 0.4964905 0.4132603 0.6495991
v 0.4864928 0.4726911 0.6508002
v 0.4945694 0.4730860 0.6325769
v 0.4916630 0.4754732 0.6327970
v 0.5028864 0.4771591 0.6091214
v 0.4933631 0.4921791 0.6091214
v 0.5071151 0.4121419 0.6099600
v 0.4994840 0.4137694 0.6287237
v 0.5053148 0.3898513 0.6488612
v 0.5069684 0.3727826 0.6467987
v 0.5079353 0.3664870 0.6503358
v 0.5100148 0.3650029 0.6560299
v 0.5167546 0.3660683 0.6940305
v 0.5158790 0.3715435 0.7012659
v 0.5127180 0.3691782 0.7056404
v 0.5149475 0.3662512 0.7110539
v 0.5126287 0.3655087 0.7017014
v 0.5149965 0.3623377 0.7080407
v 0.5069684 0.3885663 0.6297420
v 0.5069684 0.3727826 0.6467987
v 0.5276785 0.3598715 0.6981788
v 0.5232211 0.3635892 0.6986842
v 0.5225479 0.3581313 0.7062748
v 0.5270860 0.3589172 0.6904683
v 0.5167546 0.3660683 0.6940305
v 0.5199898 0.3592217 0.6554899
v 0.5079353 0.3664870 0.6503358
v 0.5154417 0.3631922 0.6485596
v 0.5156495 0.3720431 0.6441736
v 0.5069684 0.3885663 0.6297420
v 0.5154417 0.3885663 0.6288556
v 0.5070980 0.4046047 0.6129400
v 0.5155708 0.4085400 0.6091770
v 0.5276824 0.3547067 0.6610662
v 0.5155708 0.4046047 0.6121112
v 0.5276824 0.3474613 0.6945717
v 0.5276824 0.3494564 0.6572468
v 0.5276824 0.3542531 0.7021917
v 0.5276785 0.3598715 0.6981788
v 0.5192522 0.3553228 0.6519766
v 0.5154417 0.3631922 0.6485596
v 0.5159354 0.3620345 0.6459471
v 0.5180751 0.3556159 0.6469749
v 0.5212507 0.3526588 0.6489406
v 0.5156495 0.3695523 0.6433043
v 0.5008745 0.4422879 0.5963658
v 0.5006490 0.4466887 0.5912272
v 0.5008745 0.4313562 0.5999698
v 0.5008219 0.4204591 0.5990561
v 0.4988021 0.4142908 0.5893693
v 0.4988021 0.4209049 0.5972944
v 0.5059074 0.4085400 0.6091770
v 0.5047897 0.4085618 0.6047454
v 0.5071151 0.4121419 0.6099600
v 0.5008219 0.4204591 0.5990561
v 0.5023728 0.4113937 0.5986406
v 0.5002578 0.4493478 0.5814179
v 0.4999788 0.4470103 0.5716085
v 0.4998119 0.4705999 0.5735614
v 0.4909000 0.4859907 0.5735614
v 0.4909395 0.5366878 0.5720291
v 0.4933631 0.5364756 0.6093760
v 0.4939536 0.5799443 0.6095748
v 0.4867591 0.5375582 0.6612324
v 0.4867591 0.5814913 0.6612324
v 0.5027982 0.5947693 0.6140712
v 0.4952560 0.5961913 0.6614618
v 0.5026495 0.5979414 0.6387740
v 0.4981668 0.5979701 0.6615686
v 0.4987893 0.5968851 0.6635054
v 0.5018796 0.5989459 0.6616644
v 0.5018796 0.5989459 0.6616644
v 0.4987893 0.5968851 0.6635054
v 0.4999060 0.5945596 0.5642124
v 0.4888296 0.5801165 0.5484013
v 0.4900700 0.5388149 0.5446825
v 0.4890040 0.4840246 0.5562911
v 0.4979160 0.4686338 0.5562911
v 0.4984006 0.4476336 0.5415958
v 0.4985328 0.4478310 0.5219440
v 0.4985328 0.4385333 0.5219440
v 0.4984006 0.4385333 0.5415958
v 0.4988562 0.4286922 0.5414839
v 0.4989282 0.4269575 0.5219011
v 0.4879254 0.4794469 0.5200127
v 0.4968222 0.4634145 0.5231458
v 0.5006244 0.4476336 0.4975015
v 0.5030626 0.4347651 0.4785596
v 0.4993163 0.4221313 0.4988312
v 0.4982505 0.4171471 0.5140194
v 0.4987932 0.4208928 0.5491115
v 0.4996063 0.4303388 0.5608429
v 0.4997633 0.4401360 0.5633133
v 0.4995457 0.4129516 0.5583296
v 0.4989811 0.4221907 0.5612698
v 0.4995986 0.4144467 0.5608912
v 0.5051358 0.4416711 0.4645885
v 0.5051358 0.4479328 0.4659939
v 0.5039372 0.4560402 0.4679338
v 0.4944343 0.4714310 0.4724432
v 0.4944343 0.4952233 0.4768606
v 0.4944343 0.5201381 0.4777928
v 0.4928466 0.5547628 0.4948886
v 0.4946712 0.5609218 0.4751659
v 0.4946712 0.5823686 0.4699154
v 0.4996755 0.5948780 0.5272160
v 0.5032364 0.5967810 0.5557764
v 0.5037782 0.6028103 0.5658202
v 0.5031352 0.5936562 0.4635282
v 0.5025753 0.5970409 0.5175598
v 0.5038553 0.5971812 0.5328270
v 0.5033899 0.5985098 0.5523496
v 0.5051559 0.5956862 0.4631661
v 0.5068328 0.5962895 0.4626284
v 0.5041375 0.6071107 0.5522242
v 0.5038788 0.6074818 0.5373973
v 0.5076317 0.6331687 0.5170999
v 0.5038062 0.6060224 0.5284527
v 0.5038261 0.6072431 0.5174331
v 0.5034003 0.6028103 0.5252567
v 0.5028576 0.5988185 0.5253241
v 0.5038553 0.5971812 0.5328270
v 0.5085505 0.6442100 0.4946139
v 0.5122453 0.6518436 0.4861281
v 0.5198287 0.6563834 0.4999006
v 0.5094811 0.6408560 0.4787377
v 0.5045031 0.6197674 0.4920315
v 0.5071177 0.6355261 0.5085579
v 0.5185378 0.6495896 0.5145338
v 0.5164486 0.6456954 0.5229713
v 0.5159370 0.6443973 0.5295421
v 0.5148010 0.6436678 0.5385116
v 0.5144550 0.6447952 0.5607738
v 0.5135810 0.6476433 0.6170120
v 0.5139077 0.6498800 0.6611799
v 0.5144361 0.6491383 0.6677630
v 0.5161268 0.6471756 0.6758548
v 0.5198287 0.6563834 0.4999006
v 0.5185378 0.6532844 0.5136523
v 0.5185378 0.6516294 0.5123085
v 0.5257453 0.6741629 0.5901157
v 0.5223875 0.6629408 0.5476228
v 0.5252446 0.6681088 0.5465481
v 0.5204072 0.6565515 0.5217959
v 0.5239835 0.6629736 0.5194671
v 0.5233387 0.6598386 0.5052509
v 0.5231684 0.6581113 0.4970887
v 0.5152975 0.6550608 0.4858455
v 0.5152975 0.6538716 0.4773590
v 0.5119373 0.6506544 0.4776416
v 0.5100269 0.6346419 0.4457079
v 0.5055951 0.5969404 0.4604767
v 0.5152109 0.6453694 0.4386491
v 0.5120577 0.6430532 0.4398769
v 0.5121015 0.4404320 0.7820498
v 0.5123671 0.4391211 0.7846491
v 0.5161684 0.4401143 0.7822357
v 0.5158725 0.4390738 0.7846673
v 0.5123671 0.4391211 0.7846491
v 0.5156028 0.4438100 0.7881349
v 0.5158725 0.4390738 0.7846673
v 0.5133843 0.4466868 0.7914182
v 0.5140806 0.4462086 0.7944646
v 0.5089230 0.4566290 0.8002942
v 0.5050547 0.4700559 0.8060977
v 0.5001044 0.4763950 0.8051790
v 0.4989911 0.4767474 0.8014685
v 0.4961628 0.4913061 0.8021561
v 0.5009418 0.4771010 0.7977272
v 0.4961482 0.4928625 0.7995249
v 0.4982096 0.4941047 0.7974969
v 0.4967032 0.5161154 0.7999367
v 0.4974654 0.5175463 0.7979464
v 0.5096159 0.4559491 0.8256606
v 0.4963566 0.5376180 0.8009243
v 0.4961222 0.5378458 0.8037190
v 0.4962354 0.5140244 0.8027278
v 0.4973405 0.5373901 0.7982999
v 0.4978322 0.5455911 0.7982271
v 0.4964836 0.5458062 0.8018078
v 0.4969680 0.5459691 0.8044687
v 0.5092207 0.4770915 0.7947567
v 0.5040491 0.4778815 0.7960381
v 0.4920489 0.4808225 0.7695559
v 0.4893637 0.4878658 0.7583581
v 0.4902699 0.4925397 0.7630320
v 0.4909547 0.4984292 0.7660328
v 0.4948013 0.4914415 0.7853378
v 0.4912102 0.5049577 0.7670668
v 0.4909604 0.5114862 0.7660328
v 0.4968378 0.5188082 0.7957353
v 0.4966020 0.5362797 0.7953436
v 0.4974601 0.4946835 0.7964463
v 0.4982096 0.4941047 0.7974969
v 0.5040491 0.4778815 0.7960381
v 0.4838300 0.5779665 0.7098105
v 0.4854781 0.5711920 0.7371145
v 0.4838300 0.5375582 0.7098105
v 0.4854781 0.5375582 0.7371145
v 0.4883559 0.5653241 0.7537845
v 0.4883559 0.5375582 0.7537845
v 0.4927707 0.5558688 0.7744892
v 0.4984355 0.5669686 0.7740265
v 0.5026013 0.5597140 0.7945350
v 0.5007131 0.5700534 0.7746657
v 0.4967470 0.5773091 0.7545735
v 0.5002850 0.5793746 0.7551588
v 0.4958331 0.5844468 0.7371145
v 0.4996852 0.5864666 0.7371145
v 0.4926947 0.5917132 0.7085233
v 0.4991095 0.5926688 0.7123902
v 0.4926947 0.5917132 0.7085233
v 0.4996102 0.5940139 0.7039535
v 0.4838300 0.5779665 0.7098105
v 0.4915348 0.5778998 0.7063593
v 0.4838300 0.5375582 0.7098105
v 0.4915348 0.5375582 0.7063593
v 0.4992409 0.5375582 0.7009425
v 0.4992409 0.5778794 0.7009425
v 0.5045151 0.5944442 0.6858870
v 0.5043297 0.5778414 0.6858870
v 0.5043297 0.5375582 0.6858870
v 0.5006108 0.5792991 0.6668893
v 0.5045151 0.5944442 0.6858870
v 0.5028805 0.5972698 0.6689460
v 0.5043297 0.5375582 0.6858870
v 0.5006108 0.5375582 0.6668893
v 0.4955547 0.5375582 0.6632842
v 0.4955547 0.5799585 0.6632842
v 0.4867591 0.5375582 0.6612324
v 0.4867591 0.5814913 0.6612324
v 0.4952560 0.5961913 0.6614618
v 0.6013439 0.4480886 0.5910088
v 0.6230889 0.4483525 0.5911179
v 0.6013439 0.4476162 0.5729809
v 0.6230889 0.4478310 0.5219440
v 0.6001672 0.4476162 0.5716085
v 0.5423566 0.4479887 0.3538089
v 0.5424276 0.4509549 0.3557606
v 0.6033623 0.4509549 0.3557606
v 0.6039430 0.4478449 0.3537296
v 0.6121364 0.4500637 0.3542102
v 0.5230370 0.3295823 0.4471360
v 0.5230370 0.3337106 0.4458465
v 0.5230370 0.3562958 0.4471360
v 0.5230368 0.3397855 0.4383397
v 0.5230368 0.3441288 0.4447531
v 0.5230368 0.3537298 0.4447531
v 0.5230370 0.3599719 0.4481714
v 0.5230370 0.3613450 0.4392210
v 0.5230370 0.3905886 0.4636673
v 0.5230370 0.3885814 0.4118521
v 0.5230682 0.4279392 0.4759241
v 0.5230682 0.4293889 0.4729740
v 0.5230370 0.3906250 0.4123492
v 0.5230682 0.4361681 0.4600731
v 0.5230471 0.4402657 0.4554800
v 0.5232471 0.4441037 0.4541396
v 0.5230370 0.4536934 0.4488786
v 0.5232471 0.4477804 0.4541396
v 0.5230368 0.3397855 0.4206333
v 0.5230370 0.3337106 0.4131266
v 0.5230368 0.3489294 0.4134182
v 0.5230368 0.3629834 0.4254107
v 0.5230370 0.3296304 0.4118521
v 0.5909651 0.2822239 0.4238010
v 0.5912060 0.2822239 0.4368922
v 0.5941584 0.2616927 0.4358713
v 0.5939564 0.2616927 0.4247127
v 0.5984662 0.2822239 0.4130692
v 0.6003476 0.2616927 0.4155633
v 0.6108997 0.2616927 0.4119208
v 0.6123116 0.2822626 0.4102412
v 0.6215742 0.2616927 0.4151739
v 0.6236231 0.2822626 0.4139168
v 0.6283004 0.2616927 0.4240822
v 0.6306148 0.2822626 0.4235394
v 0.6306148 0.2822626 0.4354337
v 0.6285061 0.2616927 0.4352418
v 0.6236231 0.2822626 0.4450563
v 0.6221113 0.2616927 0.4443901
v 0.6123116 0.2822626 0.4487318
v 0.6115603 0.2616927 0.4480329
v 0.6008856 0.2616927 0.4447799
v 0.5990947 0.2822239 0.4473417
v 0.5912060 0.2822239 0.4368922
v 0.5941584 0.2616927 0.4358713
v 0.5230370 0.3296304 0.4118521
v 0.5407204 0.3885814 0.4118521
v 0.5230370 0.3885814 0.4118521
v 0.5818499 0.3064084 0.4102412
v 0.5818499 0.3244731 0.4102412
v 0.5182961 0.3064084 0.4102412
v 0.5182961 0.3244731 0.4102412
v 0.5771090 0.3296304 0.4118521
v 0.5771090 0.3885814 0.4118521
v 0.5407204 0.3906250 0.4098170
v 0.5771090 0.3906250 0.4098170
v 0.5771090 0.3906250 0.4018563
v 0.5407204 0.3906250 0.4018563
v 0.4878344 0.3064084 0.4102412
v 0.5154467 0.2900987 0.4102412
v 0.5846993 0.2900987 0.4102412
v 0.6123116 0.3064084 0.4102412
v 0.6123116 0.2822626 0.4102412
v 0.5846993 0.2822626 0.4102412
v 0.4765230 0.3064084 0.4450563
v 0.4765230 0.2822626 0.4450563
v 0.4695313 0.3064084 0.4354337
v 0.4695313 0.2822626 0.4354337
v 0.4695313 0.3064084 0.4235394
v 0.4695313 0.2822626 0.4235394
v 0.4765230 0.3064084 0.4139168
v 0.4765230 0.2822626 0.4139168
v 0.4878344 0.2822626 0.4102412
v 0.5154467 0.2822626 0.4102412
v 0.6123116 0.3064084 0.4102412
v 0.6123116 0.2822626 0.4102412
v 0.6236231 0.2822626 0.4139168
v 0.6236231 0.3064084 0.4139168
v 0.6306148 0.2822626 0.4235394
v 0.6306148 0.3064084 0.4235394
v 0.6306148 0.2822626 0.4354337
v 0.6306148 0.3064084 0.4354337
v 0.6236231 0.2822626 0.4450563
v 0.6236231 0.3064084 0.4450563
v 0.6123116 0.2822626 0.4487318
v 0.6123116 0.3064084 0.4487318
v 0.5846993 0.2900987 0.4487318
v 0.5818499 0.3064084 0.4487318
v 0.5154467 0.2900987 0.4487318
v 0.5182961 0.3064084 0.4487318
v 0.4878344 0.3064084 0.4487318
v 0.4878344 0.2822626 0.4487318
v 0.5846993 0.2822626 0.4487318
v 0.5154467 0.2822626 0.4487318
v 0.5182961 0.3244731 0.4487318
v 0.5818499 0.3244731 0.4487318
v 0.5142884 0.3228568 0.7313210
v 0.5147524 0.3246132 0.7297198
v 0.5167444 0.3209535 0.7299445
v 0.5172085 0.3227097 0.7283434
v 0.5185342 0.3187617 0.7280595
v 0.5189981 0.3205180 0.7264584
v 0.5195351 0.3164324 0.7257940
v 0.5199990 0.3181888 0.7241929
v 0.5196750 0.3141245 0.7233027
v 0.5201389 0.3158808 0.7217016
v 0.5189484 0.3119938 0.7207552
v 0.5194124 0.3137500 0.7191540
v 0.5174041 0.3101865 0.7183254
v 0.5178680 0.3119428 0.7167243
v 0.5151464 0.3088262 0.7161787
v 0.5156103 0.3105826 0.7145777
v 0.5123315 0.3080039 0.7144617
v 0.5127954 0.3097602 0.7128606
v 0.5091470 0.3077773 0.7132907
v 0.5096110 0.3095334 0.7116893
v 0.5047418 0.3256959 0.7316692
v 0.5052055 0.3274522 0.7300680
v 0.5080763 0.3253125 0.7322138
v 0.5085398 0.3270686 0.7306125
v 0.5113316 0.3243437 0.7320952
v 0.5117955 0.3260999 0.7304940
v 0.5147524 0.3246132 0.7297198
v 0.5085398 0.3270686 0.7306125
v 0.5074081 0.3184930 0.7208785
v 0.5117955 0.3260999 0.7304940
v 0.5172085 0.3227097 0.7283434
v 0.5189981 0.3205180 0.7264584
v 0.5199990 0.3181888 0.7241929
v 0.5201389 0.3158808 0.7217016
v 0.5194124 0.3137500 0.7191540
v 0.5178680 0.3119428 0.7167243
v 0.5156103 0.3105826 0.7145777
v 0.5127954 0.3097602 0.7128606
v 0.5096110 0.3095334 0.7116893
v 0.5062778 0.3099172 0.7111444
v 0.5030217 0.3108858 0.7112634
v 0.5000644 0.3123724 0.7120376
v 0.4976088 0.3142763 0.7134143
v 0.4958180 0.3164674 0.7152991
v 0.4948196 0.3187967 0.7175646
v 0.4946791 0.3211049 0.7200558
v 0.4954048 0.3232359 0.7226030
v 0.4969491 0.3250430 0.7250332
v 0.4992066 0.3264036 0.7271798
v 0.5020228 0.3272253 0.7288971
v 0.5052055 0.3274522 0.7300680
v 0.5025577 0.3091295 0.7128645
v 0.5030217 0.3108858 0.7112634
v 0.4996004 0.3106161 0.7136388
v 0.5062778 0.3099172 0.7111444
v 0.5025577 0.3091295 0.7128645
v 0.5058138 0.3081611 0.7127458
v 0.5091470 0.3077773 0.7132907
v 0.5096110 0.3095334 0.7116893
v 0.5062778 0.3099172 0.7111444
v 0.5000644 0.3123724 0.7120376
v 0.4971448 0.3125200 0.7150155
v 0.4976088 0.3142763 0.7134143
v 0.4953541 0.3147111 0.7169002
v 0.4958180 0.3164674 0.7152991
v 0.4943556 0.3170404 0.7191658
v 0.4948196 0.3187967 0.7175646
v 0.4942151 0.3193487 0.7216572
v 0.4946791 0.3211049 0.7200558
v 0.4949409 0.3214796 0.7242041
v 0.4954048 0.3232359 0.7226030
v 0.4964852 0.3232865 0.7266341
v 0.4969491 0.3250430 0.7250332
v 0.4987427 0.3246472 0.7287809
v 0.4992066 0.3264036 0.7271798
v 0.5015588 0.3254690 0.7304982
v 0.5020228 0.3272253 0.7288971
v 0.5423566 0.5814312 0.2226309
v 0.5423566 0.4479887 0.3538089
v 0.5423566 0.4511284 0.2305088
v 0.5423566 0.5781655 0.2160956
v 0.5423566 0.4525804 0.2182638
v 0.5423566 0.5535789 0.1942069
v 0.5423566 0.4703369 0.1972637
v 0.5423566 0.4929051 0.1837358
v 0.5423566 0.5366722 0.1840550
v 0.5423566 0.5141227 0.1801514
v 0.5734928 0.2784636 0.8793923
v 0.5699861 0.2881891 0.8784431
v 0.5721311 0.2860572 0.8769709
v 0.5699861 0.2825843 0.8798599
v 0.5699861 0.2681414 0.8805644
v 0.5721988 0.2659811 0.8799149
v 0.5650060 0.2608179 0.8793773
v 0.5620282 0.2641517 0.8804067
v 0.5500730 0.2589542 0.8787305
v 0.5500730 0.2622676 0.8807040
v 0.5381178 0.2641517 0.8804067
v 0.5351400 0.2608179 0.8793773
v 0.5301599 0.2681414 0.8805644
v 0.5279472 0.2659811 0.8799149
v 0.5266533 0.2784636 0.8793923
v 0.5301599 0.2825843 0.8798599
v 0.5301599 0.2881891 0.8784431
v 0.6012897 0.4286922 0.5414839
v 0.6017454 0.4385333 0.5415958
v 0.6016132 0.4385333 0.5219440
v 0.6005397 0.4303388 0.5608429
v 0.6011649 0.4221907 0.5612698
v 0.6013439 0.4162538 0.5694009
v 0.6013439 0.4224280 0.5629183
v 0.6013528 0.4208928 0.5491115
v 0.6012177 0.4269575 0.5219011
v 0.6008297 0.4221313 0.4988312
v 0.5970834 0.4347651 0.4785596
v 0.6018955 0.4171471 0.5140194
v 0.6006004 0.4129516 0.5583296
v 0.6005474 0.4144467 0.5608912
v 0.6013439 0.4142908 0.5893693
v 0.5993240 0.4204591 0.5990561
v 0.6013439 0.4209049 0.5972944
v 0.6016659 0.4233884 0.5928072
v 0.6016659 0.4185010 0.5869510
v 0.5946407 0.4307113 0.5808010
v 0.6016659 0.4171129 0.5795118
v 0.6016659 0.4199515 0.5721958
v 0.6016659 0.4245138 0.5674057
v 0.6013439 0.4305407 0.5625695
v 0.6003827 0.4401360 0.5633133
v 0.6017454 0.4476336 0.5415958
v 0.6016132 0.4478310 0.5219440
v 0.5995216 0.4476336 0.4975015
v 0.5950102 0.4474888 0.4659939
v 0.5950102 0.4416711 0.4645885
v 0.6013439 0.4124122 0.5793017
v 0.6013439 0.4315188 0.5991995
v 0.6016659 0.4311446 0.5948575
v 0.6016659 0.4393907 0.5918663
v 0.6016659 0.4439098 0.5849330
v 0.6013439 0.4480886 0.5910088
v 0.6013439 0.4476162 0.5729809
v 0.6016659 0.4439098 0.5753282
v 0.6016659 0.4376279 0.5685562
v 0.6016659 0.4307449 0.5667378
v 0.6013439 0.4395277 0.5644691
v 0.6001672 0.4476162 0.5716085
v 0.6013439 0.4420005 0.5957645
v 0.5993240 0.4204591 0.5990561
v 0.5992715 0.4313562 0.5999698
v 0.6013439 0.4209049 0.5972944
v 0.6013439 0.4315188 0.5991995
v 0.5992715 0.4422879 0.5963658
v 0.6013439 0.4480886 0.5910088
v 0.5992715 0.4486164 0.5912272
v 0.5992715 0.4313562 0.5999698
v 0.5930309 0.4121419 0.6099600
v 0.5942386 0.4085400 0.6091770
v 0.5953563 0.4085618 0.6047454
v 0.5977733 0.4113937 0.5986406
v 0.5839754 0.6387060 0.4420199
v 0.5844592 0.6330847 0.4393975
v 0.5845264 0.6339837 0.4450991
v 0.5844951 0.5973722 0.4596300
v 0.5843329 0.6205191 0.4401847
v 0.5841262 0.5815870 0.4518661
v 0.5846620 0.5823686 0.4668711
v 0.5831951 0.6484503 0.6774045
v 0.5670351 0.6503571 0.6760442
v 0.5677992 0.6491753 0.6743528
v 0.5840192 0.6471756 0.6758548
v 0.5693665 0.6492553 0.6692011
v 0.5857099 0.6491383 0.6677630
v 0.5703949 0.6500745 0.6631954
v 0.5862384 0.6498800 0.6611799
v 0.5865650 0.6476433 0.6170120
v 0.5692681 0.6477942 0.6152824
v 0.5693486 0.6450940 0.5631477
v 0.5856911 0.6447952 0.5607738
v 0.5690278 0.6441563 0.5425099
v 0.5853450 0.6436678 0.5385116
v 0.5679750 0.6442549 0.5341949
v 0.5842090 0.6443973 0.5295421
v 0.5675007 0.6450484 0.5281035
v 0.5836974 0.6456954 0.5229713
v 0.5655638 0.6489092 0.5167742
v 0.5816082 0.6495896 0.5145338
v 0.5655638 0.6508002 0.5139719
v 0.5816082 0.6516294 0.5123085
v 0.5677992 0.6491753 0.6743528
v 0.5620104 0.6637113 0.6760085
v 0.5615041 0.6661353 0.6748450
v 0.5693665 0.6492553 0.6692011
v 0.5612131 0.6756164 0.6616024
v 0.5703949 0.6500745 0.6631954
v 0.5612131 0.6757625 0.6534430
v 0.5692681 0.6477942 0.6152824
v 0.5613801 0.6689280 0.5968521
v 0.5693486 0.6450940 0.5631477
v 0.5619951 0.6623664 0.5509562
v 0.5690278 0.6441563 0.5425099
v 0.5655638 0.6508002 0.5139719
v 0.5655638 0.6489092 0.5167742
v 0.5655638 0.6541445 0.5164549
v 0.5638309 0.6571732 0.5270138
v 0.5675007 0.6450484 0.5281035
v 0.5679750 0.6442549 0.5341949
v 0.5846620 0.5823686 0.4668711
v 0.5841262 0.5815870 0.4518661
v 0.6054748 0.5823686 0.4678779
v 0.5423566 0.5815870 0.4493906
v 0.5423566 0.5813085 0.3874496
v 0.5617999 0.5815870 0.4493906
v 0.6230889 0.5813085 0.3874496
v 0.6230889 0.5811666 0.5453973
v 0.6111534 0.5814441 0.5453973
v 0.6121364 0.4532034 0.2309102
v 0.6121364 0.4500637 0.3542102
v 0.6123092 0.5705380 0.3647351
v 0.6126105 0.4841281 0.4179839
v 0.6150253 0.5320081 0.4192346
v 0.6121364 0.5138727 0.1822499
v 0.6121364 0.4934188 0.1857857
v 0.6121364 0.5355720 0.1858594
v 0.6121364 0.5521672 0.1957795
v 0.6121364 0.4714447 0.1990635
v 0.6121364 0.4541104 0.2197217
v 0.6121364 0.5761545 0.2167455
v 0.6121364 0.5794201 0.2232807
v 0.6121364 0.5794201 0.3639988
v 0.6006004 0.4129516 0.5583296
v 0.5845752 0.4129516 0.5583296
v 0.6005474 0.4144467 0.5608912
v 0.5845752 0.4144467 0.5613605
v 0.5845752 0.4206467 0.5620587
v 0.6011649 0.4221907 0.5612698
v 0.5847092 0.4420400 0.4636531
v 0.5847092 0.4350274 0.4765540
v 0.5950102 0.4416711 0.4645885
v 0.5970834 0.4347651 0.4785596
v 0.5852413 0.4221313 0.4988312
v 0.6008297 0.4221313 0.4988312
v 0.5852904 0.4171471 0.5140194
v 0.6018955 0.4171471 0.5140194
v 0.6006004 0.4129516 0.5583296
v 0.5223875 0.6629408 0.5476228
v 0.5381508 0.6623664 0.5509562
v 0.5363151 0.6571732 0.5270138
v 0.5204072 0.6565515 0.5217959
v 0.5345822 0.6541445 0.5164549
v 0.5185378 0.6532844 0.5136523
v 0.5345822 0.6508002 0.5139719
v 0.5185378 0.6516294 0.5123085
v 0.5389329 0.6757625 0.6534430
v 0.5387658 0.6689280 0.5968521
v 0.5230514 0.6697209 0.5971311
v 0.5381508 0.6623664 0.5509562
v 0.5232310 0.6766040 0.6581762
v 0.5389329 0.6757625 0.6534430
v 0.5389329 0.6756164 0.6616024
v 0.5232310 0.6764464 0.6622561
v 0.5386420 0.6661353 0.6748450
v 0.5223711 0.6636043 0.6773659
v 0.5169509 0.6484503 0.6774045
v 0.5331109 0.6503571 0.6760442
v 0.5381356 0.6637113 0.6760085
v 0.5229170 0.6662191 0.6765409
v 0.5386420 0.6661353 0.6748450
v 0.5144361 0.6491383 0.6677630
v 0.5139077 0.6498800 0.6611799
v 0.5297511 0.6500745 0.6631954
v 0.5307795 0.6492553 0.6692011
v 0.5161268 0.6471756 0.6758548
v 0.5323468 0.6491753 0.6743528
v 0.5331109 0.6503571 0.6760442
v 0.5297511 0.6500745 0.6631954
v 0.5308779 0.6477942 0.6152824
v 0.5135810 0.6476433 0.6170120
v 0.5307974 0.6450940 0.5631477
v 0.5144550 0.6447952 0.5607738
v 0.5311182 0.6441563 0.5425099
v 0.5148010 0.6436678 0.5385116
v 0.5321710 0.6442549 0.5341949
v 0.5159370 0.6443973 0.5295421
v 0.5326453 0.6450484 0.5281035
v 0.5185378 0.6516294 0.5123085
v 0.5345822 0.6508002 0.5139719
v 0.5185378 0.6495896 0.5145338
v 0.5345822 0.6489092 0.5167742
v 0.5164486 0.6456954 0.5229713
v 0.5326453 0.6450484 0.5281035
v 0.5363151 0.6571732 0.5270138
v 0.5381508 0.6623664 0.5509562
v 0.5321710 0.6442549 0.5341949
v 0.5345822 0.6489092 0.5167742
v 0.5345822 0.6541445 0.5164549
v 0.5345822 0.6508002 0.5139719
v 0.5307974 0.6450940 0.5631477
v 0.5311182 0.6441563 0.5425099
v 0.5381508 0.6623664 0.5509562
v 0.5323468 0.6491753 0.6743528
v 0.5381356 0.6637113 0.6760085
v 0.5386420 0.6661353 0.6748450
v 0.5307795 0.6492553 0.6692011
v 0.5389329 0.6756164 0.6616024
v 0.5297511 0.6500745 0.6631954
v 0.5389329 0.6757625 0.6534430
v 0.5308779 0.6477942 0.6152824
v 0.5387658 0.6689280 0.5968521
v 0.4854781 0.5375582 0.7371145
v 0.4883559 0.5375582 0.7537845
v 0.4815338 0.5375582 0.7371145
v 0.4838300 0.5375582 0.7098105
v 0.4651771 0.5370976 0.7053778
v 0.4675717 0.5370976 0.6656651
v 0.4867591 0.5375582 0.6612324
v 0.4915348 0.5375582 0.7063593
v 0.4955547 0.5375582 0.6632842
v 0.4992409 0.5375582 0.7009425
v 0.5006108 0.5375582 0.6668893
v 0.5043297 0.5375582 0.6858870
v 0.4933631 0.5364756 0.6093760
v 0.4867591 0.5375582 0.6612324
v 0.4861787 0.5364756 0.6262989
v 0.4768912 0.5366724 0.6430210
v 0.5423566 0.5815870 0.4493906
v 0.5617999 0.5815870 0.4493906
v 0.5620064 0.6196397 0.4377092
v 0.5388551 0.6196397 0.4377092
v 0.5157306 0.4584724 0.4526284
v 0.5420512 0.4584724 0.4526284
v 0.5157306 0.4733011 0.4569740
v 0.5420512 0.4733011 0.4569740
v 0.5157306 0.4956920 0.4611360
v 0.5420512 0.4956920 0.4611360
v 0.5157306 0.5191799 0.4619849
v 0.5420512 0.5191799 0.4619849
v 0.5157306 0.5583726 0.4595183
v 0.5420512 0.5583726 0.4595183
v 0.5163416 0.5815870 0.4518740
v 0.5165480 0.6206261 0.4401926
v 0.5166741 0.6331461 0.4394855
v 0.5389814 0.6344488 0.4371524
v 0.5621325 0.6344488 0.4371524
v 0.5384976 0.6408868 0.4405551
v 0.5161901 0.6387248 0.4421255
v 0.5616484 0.6408868 0.4405551
v 0.5839754 0.6387060 0.4420199
v 0.5844592 0.6330847 0.4393975
v 0.5843329 0.6205191 0.4401847
v 0.5841262 0.5815870 0.4518661
v 0.5892984 0.6411525 0.4413052
v 0.5840285 0.6447655 0.4389929
v 0.5738003 0.6460558 0.4377924
v 0.5616484 0.6467164 0.4377924
v 0.5500730 0.6467164 0.4377924
v 0.5384976 0.6467164 0.4377924
v 0.5263457 0.6460558 0.4377924
v 0.5152109 0.6453694 0.4386491
v 0.5120577 0.6430532 0.4398769
v 0.5100269 0.6346419 0.4457079
v 0.5161901 0.6387248 0.4421255
v 0.5154986 0.5969404 0.4599352
v 0.5055951 0.5969404 0.4604767
v 0.5068328 0.5962895 0.4626284
v 0.5154986 0.5947672 0.4620246
v 0.5051559 0.5956862 0.4631661
v 0.5031352 0.5936562 0.4635282
v 0.5154986 0.5823686 0.4671929
v 0.4946712 0.5823686 0.4699154
v 0.5154986 0.5609218 0.4724434
v 0.4946712 0.5609218 0.4751659
v 0.5154986 0.5201381 0.4750703
v 0.4944343 0.5201381 0.4777928
v 0.4944343 0.4952233 0.4768606
v 0.5154986 0.4952233 0.4741381
v 0.4944343 0.4714310 0.4724432
v 0.5154986 0.4714310 0.4697207
v 0.5039372 0.4560402 0.4679338
v 0.5154986 0.4560402 0.4652112
v 0.5051358 0.4479328 0.4659939
v 0.5154368 0.4479328 0.4651174
v 0.5051358 0.4416711 0.4645885
v 0.5154368 0.4420400 0.4636531
v 0.5816082 0.6532844 0.5136523
v 0.5816082 0.6516294 0.5123085
v 0.5655638 0.6508002 0.5139719
v 0.5655638 0.6541445 0.5164549
v 0.5797388 0.6565515 0.5217959
v 0.5638309 0.6571732 0.5270138
v 0.5777586 0.6629408 0.5476228
v 0.5619951 0.6623664 0.5509562
v 0.5770946 0.6697209 0.5971311
v 0.5613801 0.6689280 0.5968521
v 0.5612131 0.6757625 0.6534430
v 0.5769150 0.6766040 0.6581762
v 0.5612131 0.6756164 0.6616024
v 0.5769150 0.6764464 0.6622561
v 0.5615041 0.6661353 0.6748450
v 0.5777749 0.6636043 0.6773659
v 0.5670351 0.6503571 0.6760442
v 0.5620104 0.6637113 0.6760085
v 0.5772291 0.6662191 0.6765409
v 0.5615041 0.6661353 0.6748450
v 0.5737048 0.6747692 0.6095558
v 0.5737048 0.6747692 0.6081343
v 0.5839565 0.6444279 0.6095558
v 0.5839565 0.6444279 0.6067129
v 0.5737048 0.6747692 0.6067129
v 0.3480304 0.5362973 0.5550621
v 0.3450474 0.5317568 0.5594325
v 0.3448910 0.5366091 0.5565671
v 0.3414767 0.5365017 0.5571327
v 0.3419082 0.5309016 0.5602266
v 0.3444135 0.5256961 0.5612476
v 0.3564498 0.5139544 0.5642776
v 0.3568645 0.5175484 0.5639600
v 0.3623891 0.5136988 0.5642443
v 0.3508851 0.5156106 0.5637966
v 0.3517633 0.5190306 0.5634583
v 0.3454193 0.5187979 0.5632736
v 0.3472718 0.5214720 0.5631125
v 0.3415870 0.5237678 0.5612314
v 0.3388116 0.5296855 0.5600187
v 0.3381102 0.5359978 0.5567331
v 0.3382422 0.5473169 0.5518805
v 0.3415613 0.5474364 0.5522833
v 0.3449060 0.5471392 0.5517763
v 0.3479617 0.5464377 0.5503693
v 0.4580735 0.5132952 0.5644231
v 0.4580238 0.5170897 0.5642051
v 0.3623394 0.5174670 0.5639474
v 0.3572812 0.5208590 0.5625204
v 0.3526452 0.5221622 0.5620226
v 0.3491448 0.5238394 0.5618834
v 0.3472777 0.5272992 0.5602250
v 0.3499079 0.5284165 0.5582429
v 0.3520561 0.5289378 0.5554871
v 0.3506002 0.5355911 0.5527552
v 0.3504454 0.5453913 0.5481884
v 0.3534471 0.5247009 0.5596193
v 0.3540942 0.5264019 0.5564773
v 0.4674845 0.5090951 0.5650109
v 0.4651161 0.5162579 0.5636475
v 0.4579747 0.5205903 0.5628414
v 0.3622901 0.5209564 0.5625038
v 0.3622470 0.5238297 0.5600555
v 0.3622135 0.5258086 0.5568392
v 0.3545300 0.5271021 0.5528881
v 0.3535339 0.5288082 0.5522034
v 0.3523840 0.5345444 0.5498426
v 0.3521628 0.5440794 0.5454100
v 0.3534852 0.5932854 0.5230822
v 0.4700275 0.5117595 0.5650899
v 0.4766911 0.5171611 0.5589151
v 0.4778781 0.5175591 0.5554439
v 0.4831529 0.5088290 0.5604219
v 0.4683854 0.5231705 0.5571533
v 0.4674900 0.5215672 0.5601777
v 0.4578995 0.5255131 0.5573914
v 0.4579319 0.5234817 0.5604923
v 0.4663641 0.5191940 0.5624189
v 0.4725729 0.5141309 0.5639964
v 0.4747499 0.5069184 0.5656112
v 0.4714271 0.5012277 0.5670272
v 0.4681139 0.5006117 0.5651178
v 0.4712632 0.4518156 0.5832537
v 0.4680226 0.4511765 0.5813844
v 0.4748677 0.5159860 0.5618631
v 0.4656114 0.4996812 0.5623223
v 0.4808362 0.5086733 0.5630962
v 0.4779406 0.5080200 0.5648915
v 0.4790358 0.5012949 0.5675017
v 0.4825320 0.5007463 0.5660442
v 0.4822419 0.4515275 0.5824116
v 0.4853427 0.4998825 0.5636437
v 0.4749559 0.4520997 0.5840837
v 0.4752003 0.5014632 0.5678475
v 0.4787389 0.4520002 0.5837936
v 0.4783587 0.4470993 0.5866488
v 0.4834350 0.4440955 0.5874093
v 0.4804412 0.4429341 0.5891219
v 0.4749217 0.4462750 0.5871433
v 0.4773503 0.4411861 0.5898208
v 0.4744618 0.4390212 0.5894377
v 0.4822802 0.4344142 0.5936920
v 0.4808484 0.4314389 0.5935579
v 0.4838136 0.4370701 0.5927037
v 0.4788275 0.4256968 0.5900769
v 0.4796593 0.4284349 0.5923128
v 0.4909961 0.4247579 0.5942550
v 0.4909746 0.4283964 0.5953159
v 0.4909496 0.4321823 0.5952010
v 0.4909255 0.4357460 0.5939233
v 0.4909036 0.4387407 0.5916084
v 0.4908870 0.4408749 0.5884814
v 0.4860382 0.4445566 0.5848501
v 0.4851221 0.4507279 0.5800728
v 0.4872094 0.4987960 0.5605603
v 0.4846800 0.5084847 0.5571446
v 0.4779992 0.5159840 0.5482792
v 0.4783256 0.5171520 0.5517833
v 0.4691880 0.5235981 0.5499510
v 0.4852861 0.5076827 0.5535894
v 0.4879741 0.4975991 0.5571105
v 0.4870971 0.4496793 0.5770062
v 0.4879956 0.4442729 0.5816939
v 0.4908762 0.4419395 0.5848467
v 0.5012091 0.4419589 0.5848604
v 0.5012091 0.4408896 0.5885020
v 0.5012091 0.4387472 0.5916350
v 0.5012091 0.4357416 0.5939525
v 0.5012091 0.4418506 0.5810665
v 0.4908714 0.4418288 0.5810591
v 0.4891161 0.4432710 0.5782496
v 0.4879747 0.4484843 0.5735123
v 0.4875906 0.4964075 0.5536248
v 0.4849306 0.5065029 0.5500944
v 0.4769405 0.5141686 0.5452595
v 0.4690256 0.5223894 0.5464505
v 0.4685028 0.5203553 0.5434637
v 0.4578845 0.5228754 0.5436679
v 0.4579411 0.5162811 0.5404290
v 0.3622555 0.5156224 0.5401422
v 0.5012091 0.4405753 0.5774919
v 0.4908724 0.4405525 0.5774904
v 0.4892881 0.4416497 0.5748536
v 0.4876681 0.4472602 0.5699329
v 0.4861171 0.4953308 0.5504264
v 0.4836649 0.5050569 0.5469854
v 0.4730953 0.5093198 0.5417082
v 0.4805734 0.4938874 0.5459805
v 0.4862075 0.4461266 0.5666183
v 0.4884962 0.4395674 0.5718394
v 0.4908793 0.4382356 0.5744913
v 0.4908793 0.4382356 0.5744913
v 0.5012091 0.4382577 0.5744862
v 0.4909076 0.4314718 0.5712917
v 0.4844164 0.4348614 0.5680715
v 0.4804952 0.4445554 0.5620242
v 0.5012091 0.4314831 0.5712745
v 0.3538819 0.5916782 0.5196756
v 0.3529408 0.5425839 0.5422115
v 0.3530945 0.5901315 0.5163083
v 0.3526223 0.5410008 0.5387951
v 0.3510619 0.5394821 0.5354741
v 0.3514258 0.5301838 0.5397971
v 0.3451246 0.5277573 0.5354249
v 0.3526861 0.5247129 0.5420429
v 0.3475827 0.5202334 0.5384240
v 0.3541834 0.5228603 0.5427666
v 0.3525338 0.5161504 0.5398780
v 0.3621981 0.5225164 0.5430125
v 0.4578713 0.5251279 0.5466218
v 0.3546015 0.5252704 0.5456870
v 0.3444358 0.5374920 0.5309439
v 0.3512008 0.5888002 0.5133140
v 0.3449466 0.5872757 0.5095450
v 0.4578693 0.5263775 0.5501188
v 0.3621831 0.5264103 0.5493941
v 0.3621925 0.5266988 0.5531659
v 0.3621851 0.5249690 0.5458945
v 0.3547102 0.5267213 0.5491776
v 0.3546015 0.5252704 0.5456870
v 0.4689690 0.5238672 0.5536346
v 0.4578788 0.5265087 0.5538252
v 0.3547102 0.5267213 0.5491776
v 0.3541954 0.5280197 0.5486637
v 0.3532052 0.5332255 0.5465375
v 0.3529203 0.5317254 0.5430804
v 0.3539320 0.5266166 0.5451625
v 0.3546015 0.5252704 0.5456870
v 0.3410967 0.5165863 0.5397564
v 0.3328202 0.5218303 0.5441341
v 0.3363230 0.5152455 0.5452740
v 0.3418748 0.5093532 0.5473017
v 0.3349524 0.5164788 0.5523173
v 0.3410203 0.5099730 0.5545012
v 0.3355881 0.5178956 0.5555607
v 0.3414572 0.5114557 0.5577899
v 0.3489593 0.5067985 0.5584998
v 0.3487211 0.5052499 0.5551660
v 0.3555333 0.5048625 0.5587544
v 0.3313911 0.5288098 0.5409213
v 0.3299798 0.5314075 0.5475618
v 0.3314294 0.5237458 0.5509760
v 0.3557585 0.5072933 0.5615451
v 0.3624644 0.5067876 0.5613810
v 0.3494271 0.5091996 0.5611948
v 0.3423951 0.5135522 0.5604851
v 0.3369962 0.5196875 0.5582563
v 0.3321809 0.5251392 0.5541617
v 0.3308474 0.5327773 0.5506898
v 0.3296790 0.5434524 0.5431805
v 0.3305777 0.5403841 0.5366222
v 0.3361149 0.5379117 0.5315201
v 0.3371016 0.5272729 0.5359651
v 0.3325994 0.5340558 0.5533726
v 0.3337605 0.5266743 0.5568509
v 0.3326758 0.5459610 0.5487043
v 0.3307747 0.5448229 0.5461727
v 0.3352150 0.5468093 0.5506473
v 0.3350767 0.5351565 0.5554375
v 0.3360251 0.5282320 0.5588551
v 0.3390473 0.5217022 0.5601997
v 0.3437500 0.5160743 0.5623673
v 0.3500857 0.5122290 0.5630156
v 0.3560718 0.5104234 0.5634457
v 0.3624323 0.5100183 0.5633615
v 0.4581172 0.5095817 0.5634361
v 0.3305631 0.5945557 0.5238050
v 0.3324559 0.5958754 0.5268046
v 0.3352649 0.5968456 0.5291402
v 0.3387108 0.5973747 0.5305855
v 0.4652081 0.5064071 0.5637443
v 0.3424588 0.5974145 0.5310022
v 0.3461440 0.5969622 0.5303515
v 0.3494115 0.5960612 0.5286947
v 0.3519425 0.5947952 0.5261905
v 0.6067830 0.5364756 0.6093760
v 0.6066911 0.5509564 0.5978417
v 0.6230889 0.5386894 0.6057524
v 0.6230889 0.5509564 0.5978417
v 0.6090482 0.5634190 0.5831538
v 0.6230889 0.5625017 0.5831538
v 0.6111534 0.5814441 0.5453973
v 0.6230889 0.5811666 0.5453973
v 0.4685067 0.4371145 0.5691203
v 0.4666363 0.4456434 0.5652048
v 0.4637836 0.4478868 0.5717652
v 0.4655413 0.4388770 0.5757031
v 0.4640902 0.4491109 0.5753447
v 0.4656086 0.4403002 0.5791919
v 0.4655510 0.4502445 0.5786592
v 0.4667352 0.4419093 0.5823566
v 0.4716310 0.4450506 0.5865367
v 0.4688108 0.4435463 0.5848874
v 0.4720617 0.4366519 0.5880083
v 0.4641746 0.4985387 0.5589398
v 0.4639347 0.4973045 0.5553255
v 0.4669410 0.4950553 0.5488483
v 0.4733132 0.4937728 0.5453406
v 0.4730194 0.4443707 0.5614840
v 0.4784360 0.4309497 0.5683821
v 0.4909076 0.4314718 0.5712917
v 0.4844164 0.4348614 0.5680715
v 0.4804952 0.4445554 0.5620242
v 0.4805734 0.4938874 0.5459805
v 0.4730953 0.5093198 0.5417082
v 0.4681664 0.5043408 0.5424255
v 0.4639416 0.5010726 0.5472870
v 0.4620933 0.5008900 0.5545713
v 0.4623660 0.5020728 0.5582384
v 0.4634405 0.5039792 0.5614071
v 0.4580297 0.5089763 0.5416331
v 0.4730953 0.5093198 0.5417082
v 0.3624346 0.5034931 0.5475267
v 0.3623449 0.5083638 0.5418646
v 0.3555602 0.5036681 0.5479257
v 0.4580297 0.5089763 0.5416331
v 0.4581201 0.5036792 0.5469989
v 0.4581682 0.5026130 0.5545861
v 0.4581678 0.5039304 0.5582567
v 0.4581503 0.5063425 0.5613129
v 0.3624812 0.5043272 0.5584947
v 0.3554147 0.5033658 0.5553339
v 0.3624820 0.5028823 0.5549873
v 0.3490599 0.5052437 0.5478104
v 0.3504947 0.5093542 0.5418726
v 0.3525338 0.5161504 0.5398780
v 0.3622555 0.5156224 0.5401422
v 0.4579411 0.5162811 0.5404290
v 0.3475827 0.5202334 0.5384240
v 0.3451246 0.5277573 0.5354249
v 0.3444358 0.5374920 0.5309439
v 0.3449466 0.5872757 0.5095450
v 0.3375139 0.5876901 0.5097786
v 0.3317145 0.5898837 0.5139279
v 0.3297763 0.5930150 0.5204358
v 0.5230370 0.4536934 0.4488786
v 0.5407204 0.4536934 0.4488786
v 0.5420512 0.4584724 0.4526284
v 0.5157306 0.4584724 0.4526284
v 0.5950102 0.4416711 0.4645885
v 0.5950102 0.4474888 0.4659939
v 0.5847092 0.4479328 0.4651174
v 0.5847092 0.4420400 0.4636531
v 0.6231461 0.4509549 0.3784965
v 0.6233165 0.4841281 0.4407198
v 0.6035327 0.4841281 0.4407198
v 0.6033623 0.4509549 0.3784965
v 0.5423566 0.5705381 0.3647350
v 0.6039430 0.5705380 0.3647351
v 0.6039430 0.5705380 0.3874710
v 0.5423566 0.5705381 0.3874709
v 0.6043558 0.5320081 0.4192346
v 0.6150253 0.5320081 0.4192346
v 0.6126105 0.4841281 0.4179839
v 0.6035327 0.4841281 0.4179839
v 0.6039430 0.5705380 0.3647351
v 0.6123092 0.5705380 0.3647351
v 0.6043558 0.5320081 0.4192346
v 0.6033623 0.4509549 0.3784965
v 0.6033623 0.4509549 0.3557606
v 0.5424276 0.4509549 0.3557606
v 0.5424276 0.4509549 0.3784965
v 0.5023728 0.4113937 0.5986406
v 0.5155708 0.4113937 0.5986406
v 0.5155708 0.4190475 0.5981541
v 0.5008219 0.4204591 0.5990561
v 0.5135838 0.4481502 0.7893674
v 0.5157298 0.4458182 0.7857761
v 0.5150081 0.4496136 0.7873167
v 0.5080926 0.4610134 0.7928194
v 0.5106194 0.4626112 0.7917874
v 0.5092207 0.4770915 0.7947567
v 0.5071386 0.4578220 0.7961709
v 0.5123671 0.4391211 0.7846491
v 0.5118663 0.4436725 0.7881337
v 0.5121015 0.4404320 0.7820498
v 0.5116777 0.4459618 0.7854470
v 0.5072830 0.4746140 0.7862902
v 0.5035570 0.4648669 0.7700068
v 0.5106194 0.4626112 0.7917874
v 0.5092207 0.4770915 0.7947567
v 0.5000778 0.4535340 0.7494639
v 0.4956864 0.4561984 0.7503878
v 0.5067819 0.4407405 0.7622679
v 0.4991223 0.4655060 0.7693518
v 0.4873846 0.4689906 0.7499952
v 0.5023174 0.4760318 0.7866572
v 0.5040491 0.4778815 0.7960381
v 0.5092207 0.4770915 0.7947567
v 0.5072830 0.4746140 0.7862902
v 0.4929887 0.4560894 0.7410975
v 0.4976039 0.4541276 0.7389703
v 0.5005330 0.4399783 0.7384564
v 0.4861787 0.5364756 0.6262989
v 0.4822037 0.4915116 0.6327970
v 0.4832038 0.4748202 0.6508720
v 0.4812316 0.4734684 0.6726575
v 0.4826829 0.4739336 0.6939808
v 0.4808443 0.4713641 0.7146450
v 0.4842749 0.4697248 0.7426655
v 0.4865174 0.4838310 0.7459401
v 0.4880962 0.4848650 0.7524686
v 0.4768912 0.5366724 0.6430210
v 0.4735927 0.4898402 0.6508720
v 0.4770431 0.4756944 0.6728238
v 0.4743531 0.4781097 0.6939808
v 0.4714650 0.4874991 0.7146450
v 0.4807991 0.4878658 0.7335222
v 0.4839008 0.4848650 0.7394116
v 0.4675717 0.5370976 0.6656651
v 0.4670714 0.4920686 0.6728238
v 0.4661180 0.4938256 0.6939808
v 0.4766608 0.5049577 0.7248135
v 0.4772015 0.4984292 0.7258475
v 0.4791406 0.4925397 0.7288483
v 0.4775131 0.5114862 0.7258475
v 0.4651771 0.5259503 0.7053778
v 0.4788460 0.5173756 0.7288483
v 0.4651771 0.5370976 0.7053778
v 0.4815338 0.5375582 0.7371145
v 0.4812726 0.5220495 0.7335222
v 0.4838900 0.5250503 0.7394116
v 0.4865969 0.5260843 0.7459401
v 0.4883559 0.5250503 0.7524686
v 0.4893633 0.5220495 0.7583581
v 0.4903705 0.5173756 0.7630320
v 0.6054748 0.5823686 0.4678779
v 0.5945392 0.5973722 0.4599036
v 0.5846620 0.5823686 0.4668711
v 0.5844951 0.5973722 0.4596300
v 0.5906552 0.6339837 0.4459785
v 0.5845264 0.6339837 0.4450991
v 0.5839754 0.6387060 0.4420199
v 0.5062476 0.2616927 0.4248980
v 0.5059205 0.2616927 0.4360535
v 0.5092455 0.2822239 0.4240180
v 0.5088654 0.2822239 0.4371059
v 0.4991034 0.2616927 0.4448899
v 0.5008647 0.2822239 0.4474702
v 0.4878344 0.2822626 0.4487318
v 0.4883904 0.2616927 0.4480282
v 0.4778818 0.2616927 0.4442731
v 0.4765230 0.2822626 0.4450563
v 0.4715854 0.2616927 0.4350561
v 0.4695313 0.2822626 0.4354337
v 0.4695313 0.2822626 0.4235394
v 0.4719084 0.2616927 0.4238991
v 0.4765230 0.2822626 0.4139168
v 0.4787298 0.2616927 0.4150642
v 0.4878344 0.2822626 0.4102412
v 0.4894420 0.2616927 0.4119255
v 0.5018601 0.2822239 0.4132063
v 0.4999496 0.2616927 0.4156806
v 0.5062476 0.2616927 0.4248980
v 0.5092455 0.2822239 0.4240180
v 0.5116777 0.4459618 0.7854470
v 0.5150081 0.4496136 0.7873167
v 0.5157298 0.4458182 0.7857761
v 0.5155708 0.4129516 0.5583296
v 0.5155708 0.4144467 0.5613605
v 0.5155708 0.4066158 0.5690988
v 0.5155708 0.4075788 0.5460852
v 0.5148556 0.4171471 0.5140194
v 0.5155708 0.4077225 0.5099313
v 0.5149047 0.4221313 0.4988312
v 0.5157104 0.4151409 0.4944390
v 0.5157738 0.4247113 0.4828868
v 0.5154368 0.4350274 0.4765540
v 0.5157738 0.4309697 0.4735142
v 0.5154368 0.4420400 0.4636531
v 0.5157738 0.4377489 0.4606132
v 0.5157949 0.4411862 0.4570798
v 0.5158790 0.4442001 0.4554443
v 0.5155970 0.4101005 0.5023907
v 0.5155708 0.4206467 0.5620587
v 0.5155708 0.4130364 0.5680873
v 0.5155708 0.4094675 0.5792614
v 0.5155708 0.4046265 0.5903832
v 0.5155708 0.4114503 0.5906480
v 0.5155708 0.4190475 0.5981541
v 0.5155708 0.4113937 0.5986406
v 0.5155708 0.4085618 0.6047454
v 0.5155708 0.4046047 0.6121112
v 0.5155708 0.4002259 0.6102202
v 0.5154417 0.3885663 0.6288556
v 0.5154417 0.3875721 0.6282253
v 0.5156495 0.3720431 0.6441736
v 0.5156495 0.3710488 0.6433043
v 0.5155708 0.4085400 0.6091770
v 0.5155708 0.4094675 0.5792614
v 0.5155708 0.4130364 0.5680873
v 0.4988021 0.4124122 0.5793017
v 0.4988021 0.4142908 0.5893693
v 0.5155708 0.4114503 0.5906480
v 0.5008219 0.4204591 0.5990561
v 0.5155708 0.4190475 0.5981541
v 0.4989811 0.4221907 0.5612698
v 0.4988021 0.4162538 0.5694009
v 0.5155708 0.4206467 0.5620587
v 0.4984801 0.4199515 0.5721958
v 0.4984801 0.4171129 0.5795118
v 0.4988021 0.4124122 0.5793017
v 0.4988021 0.4224280 0.5629183
v 0.4984801 0.4245138 0.5674057
v 0.5055053 0.4307113 0.5808010
v 0.4984801 0.4185010 0.5869510
v 0.4984801 0.4307449 0.5667378
v 0.4988021 0.4305407 0.5625695
v 0.4984801 0.4393907 0.5918663
v 0.4984801 0.4311446 0.5948575
v 0.4984801 0.4439098 0.5849330
v 0.4989278 0.4461609 0.5910088
v 0.4988021 0.4420005 0.5957645
v 0.4988021 0.4315188 0.5991995
v 0.4984801 0.4233884 0.5928072
v 0.4988021 0.4142908 0.5893693
v 0.5008745 0.4313562 0.5999698
v 0.4988021 0.4315188 0.5991995
v 0.5008745 0.4422879 0.5963658
v 0.5006490 0.4466887 0.5912272
v 0.4988021 0.4486885 0.5819948
v 0.4984801 0.4439098 0.5753282
v 0.4984801 0.4376279 0.5685562
v 0.4988021 0.4395277 0.5644691
v 0.5002578 0.4493478 0.5814179
v 0.4988021 0.4470103 0.5729809
v 0.4999788 0.4470103 0.5716085
v 0.5002578 0.4493478 0.5814179
v 0.5157298 0.4458182 0.7857761
v 0.5156028 0.4438100 0.7881349
v 0.5118663 0.4436725 0.7881337
v 0.5116777 0.4459618 0.7854470
v 0.6126105 0.4841281 0.4179839
v 0.6121364 0.4500637 0.3542102
v 0.6033623 0.4509549 0.3557606
v 0.6035327 0.4841281 0.4179839
v 0.5407204 0.4478756 0.4030325
v 0.5407204 0.3906250 0.4018563
v 0.5771090 0.3906250 0.4018563
v 0.5772319 0.4478756 0.4029019
v 0.5154467 0.2822626 0.4102412
v 0.4878344 0.2822626 0.4102412
v 0.5018601 0.2822239 0.4132063
v 0.5092455 0.2822239 0.4240180
v 0.5154467 0.2822626 0.4487318
v 0.5088654 0.2822239 0.4371059
v 0.5008647 0.2822239 0.4474702
v 0.4878344 0.2822626 0.4487318
v 0.5846993 0.2900987 0.4487318
v 0.5846993 0.2822626 0.4487318
v 0.5846993 0.2822626 0.4102412
v 0.5846993 0.2900987 0.4102412
v 0.5771090 0.3295823 0.4471360
v 0.5771090 0.3337106 0.4458465
v 0.5818499 0.3337106 0.4458465
v 0.5818499 0.3244731 0.4487318
v 0.5230370 0.3295823 0.4471360
v 0.5182961 0.3244731 0.4487318
v 0.5182961 0.3337106 0.4458465
v 0.5230370 0.3337106 0.4458465
v 0.5230368 0.3397855 0.4383397
v 0.5818499 0.3064084 0.4487318
v 0.5818499 0.3244731 0.4487318
v 0.5818499 0.3064084 0.4102412
v 0.5818499 0.3244731 0.4102412
v 0.5818499 0.3337106 0.4458465
v 0.5818499 0.3337106 0.4131266
v 0.5818499 0.3397855 0.4206333
v 0.5818499 0.3397855 0.4383397
v 0.5771090 0.3397855 0.4206333
v 0.5771090 0.3337106 0.4131266
v 0.5818499 0.3397855 0.4206333
v 0.5818499 0.3337106 0.4131266
v 0.5771090 0.3296304 0.4118521
v 0.5818499 0.3244731 0.4102412
v 0.5154467 0.2822626 0.4102412
v 0.5154467 0.2822626 0.4487318
v 0.5154467 0.2900987 0.4487318
v 0.5154467 0.2900987 0.4102412
v 0.5154467 0.2900987 0.4102412
v 0.5154467 0.2900987 0.4487318
v 0.5846993 0.2900987 0.4487318
v 0.5846993 0.2900987 0.4102412
v 0.4881899 0.5616015 0.6714327
v 0.4881899 0.5586755 0.6714327
v 0.4824142 0.5586755 0.6714327
v 0.4824142 0.5616015 0.6714327
v 0.4881899 0.5616015 0.6968395
v 0.4824142 0.5616015 0.6968395
v 0.4824142 0.5586755 0.6968395
v 0.4881899 0.5586755 0.6968395
v 0.5182010 0.6444279 0.5198988
v 0.5182010 0.6444279 0.5170559
v 0.5226211 0.6579318 0.5170559
v 0.5226211 0.6579318 0.5198988
v 0.5358360 0.6369591 0.5301015
v 0.5420914 0.6560725 0.5301015
v 0.5226211 0.6579318 0.5170559
v 0.5182010 0.6444279 0.5170559
v 0.5358360 0.6369591 0.5329443
v 0.5182010 0.6444279 0.5198988
v 0.5226211 0.6579318 0.5198988
v 0.5420914 0.6560725 0.5329443
v 0.5175803 0.6444279 0.5327070
v 0.5175803 0.6444279 0.5298641
v 0.5231055 0.6613078 0.5298641
v 0.5231055 0.6613078 0.5327070
v 0.5352148 0.6369591 0.5429096
v 0.5424839 0.6591668 0.5429096
v 0.5231055 0.6613078 0.5298641
v 0.5175803 0.6444279 0.5298641
v 0.5352148 0.6369591 0.5457525
v 0.5175803 0.6444279 0.5327070
v 0.5231055 0.6613078 0.5327070
v 0.5424839 0.6591668 0.5457525
v 0.5174544 0.6444279 0.5455151
v 0.5174544 0.6444279 0.5426722
v 0.5240843 0.6646838 0.5426722
v 0.5240843 0.6646838 0.5455151
v 0.5350891 0.6369591 0.5557178
v 0.5430288 0.6612169 0.5557178
v 0.5240843 0.6646838 0.5426722
v 0.5174544 0.6444279 0.5426722
v 0.5350891 0.6369591 0.5585606
v 0.5174544 0.6444279 0.5455151
v 0.5240843 0.6646838 0.5455151
v 0.5430288 0.6612169 0.5585606
v 0.5174315 0.6444279 0.5583232
v 0.5174315 0.6444279 0.5554804
v 0.5240614 0.6646838 0.5554804
v 0.5240614 0.6646838 0.5583232
v 0.5350660 0.6369591 0.5685259
v 0.5440410 0.6643797 0.5685259
v 0.5240614 0.6646838 0.5554804
v 0.5174315 0.6444279 0.5554804
v 0.5350660 0.6369591 0.5713687
v 0.5174315 0.6444279 0.5583232
v 0.5240614 0.6646838 0.5583232
v 0.5440410 0.6643797 0.5713687
v 0.5244621 0.6680597 0.5682885
v 0.5244621 0.6680597 0.5711313
v 0.5167270 0.6444279 0.5711313
v 0.5167270 0.6444279 0.5682885
v 0.5244621 0.6680597 0.5682885
v 0.5167270 0.6444279 0.5682885
v 0.5343620 0.6369591 0.5813340
v 0.5437874 0.6657562 0.5813340
v 0.5244621 0.6680597 0.5711313
v 0.5437874 0.6657562 0.5841768
v 0.5343620 0.6369591 0.5841768
v 0.5167270 0.6444279 0.5711313
v 0.5161895 0.6444279 0.5839395
v 0.5161895 0.6444279 0.5810966
v 0.5250295 0.6714357 0.5810966
v 0.5250295 0.6714357 0.5839395
v 0.5338240 0.6369591 0.5941421
v 0.5437059 0.6671495 0.5941421
v 0.5250295 0.6714357 0.5810966
v 0.5161895 0.6444279 0.5810966
v 0.5338240 0.6369591 0.5969850
v 0.5161895 0.6444279 0.5839395
v 0.5250295 0.6714357 0.5839395
v 0.5437059 0.6671495 0.5969850
v 0.5161895 0.6444279 0.5967476
v 0.5161895 0.6444279 0.5939048
v 0.5250295 0.6714357 0.5939048
v 0.5250295 0.6714357 0.5967476
v 0.5338240 0.6369591 0.6069503
v 0.5444628 0.6694620 0.6069503
v 0.5250295 0.6714357 0.5939048
v 0.5161895 0.6444279 0.5939048
v 0.5338240 0.6369591 0.6097931
v 0.5161895 0.6444279 0.5967476
v 0.5250295 0.6714357 0.5967476
v 0.5444628 0.6694620 0.6097931
v 0.5338240 0.6369591 0.6197584
v 0.5452571 0.6709096 0.6197584
v 0.5264412 0.6747692 0.6067129
v 0.5161895 0.6444279 0.6067129
v 0.5338240 0.6369591 0.6226013
v 0.5161895 0.6444279 0.6095558
v 0.5264412 0.6747692 0.6095558
v 0.5452571 0.6709096 0.6226013
v 0.5161895 0.6444279 0.6223639
v 0.5161895 0.6444279 0.6195211
v 0.5266338 0.6763374 0.6195211
v 0.5266338 0.6763374 0.6223639
v 0.5338240 0.6369591 0.6325666
v 0.5462418 0.6748968 0.6325666
v 0.5266338 0.6763374 0.6195211
v 0.5161895 0.6444279 0.6195211
v 0.5338240 0.6369591 0.6354094
v 0.5161895 0.6444279 0.6223639
v 0.5266338 0.6763374 0.6223639
v 0.5462418 0.6748968 0.6354094
v 0.5161895 0.6444279 0.6351721
v 0.5161895 0.6444279 0.6323292
v 0.5262278 0.6750963 0.6323292
v 0.5262278 0.6750963 0.6351721
v 0.5338240 0.6369591 0.6453747
v 0.5456245 0.6730120 0.6453747
v 0.5262278 0.6750963 0.6323292
v 0.5161895 0.6444279 0.6323292
v 0.5338240 0.6369591 0.6482176
v 0.5161895 0.6444279 0.6351721
v 0.5262278 0.6750963 0.6351721
v 0.5467650 0.6764953 0.6482176
v 0.5161895 0.6444279 0.6479802
v 0.5161895 0.6444279 0.6451373
v 0.5267642 0.6767357 0.6451373
v 0.5267642 0.6767357 0.6479802
v 0.5338240 0.6369591 0.6581829
v 0.5466222 0.6760597 0.6581829
v 0.5267642 0.6767357 0.6451373
v 0.5161895 0.6444279 0.6451373
v 0.5338240 0.6369591 0.6610257
v 0.5161895 0.6444279 0.6479802
v 0.5267642 0.6767357 0.6479802
v 0.5466222 0.6760597 0.6610257
v 0.5161895 0.6444279 0.6607883
v 0.5161895 0.6444279 0.6579455
v 0.5268863 0.6771083 0.6579455
v 0.5268863 0.6771083 0.6607883
v 0.5338240 0.6369591 0.6709909
v 0.5467248 0.6763730 0.6709909
v 0.5268863 0.6771083 0.6579455
v 0.5161895 0.6444279 0.6579455
v 0.5338240 0.6369591 0.6738338
v 0.5161895 0.6444279 0.6607883
v 0.5268863 0.6771083 0.6607883
v 0.5467248 0.6763730 0.6738338
v 0.5161895 0.6444279 0.6735964
v 0.5161895 0.6444279 0.6707536
v 0.5250295 0.6714357 0.6707536
v 0.5250295 0.6714357 0.6735964
v 0.5426644 0.6639670 0.6837991
v 0.5250295 0.6714357 0.6707536
v 0.5161895 0.6444279 0.6707536
v 0.5338240 0.6369591 0.6837991
v 0.5426644 0.6639670 0.6866419
v 0.5338240 0.6369591 0.6866419
v 0.5161895 0.6444279 0.6735964
v 0.5250295 0.6714357 0.6735964
v 0.5775249 0.6579318 0.5170559
v 0.5819450 0.6444279 0.5170559
v 0.5819450 0.6444279 0.5198988
v 0.5775249 0.6579318 0.5198988
v 0.5643101 0.6369591 0.5301015
v 0.5819450 0.6444279 0.5170559
v 0.5775249 0.6579318 0.5170559
v 0.5580546 0.6560725 0.5301015
v 0.5775249 0.6579318 0.5198988
v 0.5819450 0.6444279 0.5198988
v 0.5643101 0.6369591 0.5329443
v 0.5580546 0.6560725 0.5329443
v 0.5770405 0.6613078 0.5298641
v 0.5825657 0.6444279 0.5298641
v 0.5825657 0.6444279 0.5327070
v 0.5770405 0.6613078 0.5327070
v 0.5649312 0.6369591 0.5429096
v 0.5825657 0.6444279 0.5298641
v 0.5770405 0.6613078 0.5298641
v 0.5576621 0.6591668 0.5429096
v 0.5770405 0.6613078 0.5327070
v 0.5825657 0.6444279 0.5327070
v 0.5649312 0.6369591 0.5457525
v 0.5576621 0.6591668 0.5457525
v 0.5760617 0.6646838 0.5426722
v 0.5826916 0.6444279 0.5426722
v 0.5826916 0.6444279 0.5455151
v 0.5760617 0.6646838 0.5455151
v 0.5650569 0.6369591 0.5557178
v 0.5826916 0.6444279 0.5426722
v 0.5760617 0.6646838 0.5426722
v 0.5571172 0.6612169 0.5557178
v 0.5760617 0.6646838 0.5455151
v 0.5826916 0.6444279 0.5455151
v 0.5650569 0.6369591 0.5585606
v 0.5571172 0.6612169 0.5585606
v 0.5760846 0.6646838 0.5554804
v 0.5827146 0.6444279 0.5554804
v 0.5827146 0.6444279 0.5583232
v 0.5760846 0.6646838 0.5583232
v 0.5650800 0.6369591 0.5685259
v 0.5827146 0.6444279 0.5554804
v 0.5760846 0.6646838 0.5554804
v 0.5561050 0.6643797 0.5685259
v 0.5760846 0.6646838 0.5583232
v 0.5827146 0.6444279 0.5583232
v 0.5650800 0.6369591 0.5713687
v 0.5561050 0.6643797 0.5713687
v 0.5834190 0.6444279 0.5711313
v 0.5756839 0.6680597 0.5711313
v 0.5756839 0.6680597 0.5682885
v 0.5834190 0.6444279 0.5682885
v 0.5657840 0.6369591 0.5813340
v 0.5834190 0.6444279 0.5682885
v 0.5756839 0.6680597 0.5682885
v 0.5563586 0.6657562 0.5813340
v 0.5657840 0.6369591 0.5841768
v 0.5563586 0.6657562 0.5841768
v 0.5756839 0.6680597 0.5711313
v 0.5834190 0.6444279 0.5711313
v 0.5751166 0.6714357 0.5810966
v 0.5839565 0.6444279 0.5810966
v 0.5839565 0.6444279 0.5839395
v 0.5751166 0.6714357 0.5839395
v 0.5663220 0.6369591 0.5941421
v 0.5839565 0.6444279 0.5810966
v 0.5751166 0.6714357 0.5810966
v 0.5564401 0.6671495 0.5941421
v 0.5751166 0.6714357 0.5839395
v 0.5839565 0.6444279 0.5839395
v 0.5663220 0.6369591 0.5969850
v 0.5564401 0.6671495 0.5969850
v 0.5751166 0.6714357 0.5939048
v 0.5839565 0.6444279 0.5939048
v 0.5839565 0.6444279 0.5967476
v 0.5751166 0.6714357 0.5967476
v 0.5663220 0.6369591 0.6069503
v 0.5839565 0.6444279 0.5939048
v 0.5751166 0.6714357 0.5939048
v 0.5556832 0.6694620 0.6069503
v 0.5751166 0.6714357 0.5967476
v 0.5839565 0.6444279 0.5967476
v 0.5663220 0.6369591 0.6097931
v 0.5556832 0.6694620 0.6097931
v 0.5663220 0.6369591 0.6197584
v 0.5839565 0.6444279 0.6067129
v 0.5737048 0.6747692 0.6067129
v 0.5548889 0.6709096 0.6197584
v 0.5737048 0.6747692 0.6095558
v 0.5839565 0.6444279 0.6095558
v 0.5663220 0.6369591 0.6226013
v 0.5548889 0.6709096 0.6226013
v 0.5735122 0.6763374 0.6195211
v 0.5839565 0.6444279 0.6195211
v 0.5839565 0.6444279 0.6223639
v 0.5735122 0.6763374 0.6223639
v 0.5663220 0.6369591 0.6325666
v 0.5839565 0.6444279 0.6195211
v 0.5735122 0.6763374 0.6195211
v 0.5539042 0.6748968 0.6325666
v 0.5735122 0.6763374 0.6223639
v 0.5839565 0.6444279 0.6223639
v 0.5663220 0.6369591 0.6354094
v 0.5539042 0.6748968 0.6354094
v 0.5739182 0.6750963 0.6323292
v 0.5839565 0.6444279 0.6323292
v 0.5839565 0.6444279 0.6351721
v 0.5739182 0.6750963 0.6351721
v 0.5663220 0.6369591 0.6453747
v 0.5839565 0.6444279 0.6323292
v 0.5739182 0.6750963 0.6323292
v 0.5545215 0.6730120 0.6453747
v 0.5739182 0.6750963 0.6351721
v 0.5839565 0.6444279 0.6351721
v 0.5663220 0.6369591 0.6482176
v 0.5533811 0.6764953 0.6482176
v 0.5733818 0.6767357 0.6451373
v 0.5839565 0.6444279 0.6451373
v 0.5839565 0.6444279 0.6479802
v 0.5733818 0.6767357 0.6479802
v 0.5663220 0.6369591 0.6581829
v 0.5839565 0.6444279 0.6451373
v 0.5733818 0.6767357 0.6451373
v 0.5535238 0.6760597 0.6581829
v 0.5733818 0.6767357 0.6479802
v 0.5839565 0.6444279 0.6479802
v 0.5663220 0.6369591 0.6610257
v 0.5535238 0.6760597 0.6610257
v 0.5732597 0.6771083 0.6579455
v 0.5839565 0.6444279 0.6579455
v 0.5839565 0.6444279 0.6607883
v 0.5732597 0.6771083 0.6607883
v 0.5663220 0.6369591 0.6709909
v 0.5839565 0.6444279 0.6579455
v 0.5732597 0.6771083 0.6579455
v 0.5534213 0.6763730 0.6709909
v 0.5732597 0.6771083 0.6607883
v 0.5839565 0.6444279 0.6607883
v 0.5663220 0.6369591 0.6738338
v 0.5534213 0.6763730 0.6738338
v 0.5751166 0.6714357 0.6707536
v 0.5839565 0.6444279 0.6707536
v 0.5839565 0.6444279 0.6735964
v 0.5751166 0.6714357 0.6735964
v 0.5839565 0.6444279 0.6707536
v 0.5751166 0.6714357 0.6707536
v 0.5574816 0.6639670 0.6837991
v 0.5663220 0.6369591 0.6837991
v 0.5574816 0.6639670 0.6866419
v 0.5751166 0.6714357 0.6735964
v 0.5839565 0.6444279 0.6735964
v 0.5663220 0.6369591 0.6866419
v 0.4918133 0.6072770 0.5231100
v 0.4946647 0.6076333 0.5197076
v 0.4972918 0.6074513 0.5239028
v 0.4953989 0.6063438 0.5277649
v 0.5041375 0.6071107 0.5522242
v 0.5006180 0.6063700 0.5390412
v 0.5038788 0.6074818 0.5373973
v 0.5038062 0.6060224 0.5284527
v 0.4992306 0.6057450 0.5200641
v 0.4969414 0.6051017 0.5158657
v 0.4920381 0.6088547 0.5155124
v 0.4935608 0.6061021 0.5127873
v 0.4879836 0.6111779 0.5081989
v 0.4857154 0.6138054 0.5110406
v 0.4851002 0.6151757 0.5025632
v 0.4882270 0.6092495 0.5184550
v 0.4918133 0.6072770 0.5231100
v 0.4955125 0.5981894 0.5278217
v 0.4898893 0.6000805 0.5230404
v 0.4943358 0.6026329 0.5293882
v 0.5007889 0.5980142 0.5394658
v 0.4990235 0.6022056 0.5402697
v 0.5033899 0.5985098 0.5523496
v 0.5022592 0.6028785 0.5530450
v 0.5037782 0.6028103 0.5658202
v 0.4901479 0.6038674 0.5238906
v 0.4855739 0.6065812 0.5192684
v 0.4822027 0.6135488 0.5129169
v 0.4823676 0.6183861 0.5053028
v 0.4796332 0.6237927 0.4993679
v 0.4753755 0.6240073 0.4983826
v 0.4795202 0.6269975 0.4955260
v 0.4764743 0.6214675 0.5024727
v 0.4807212 0.6210894 0.5023354
v 0.4781304 0.6189278 0.5065628
v 0.4795020 0.6105670 0.5127313
v 0.4842672 0.6034508 0.5182591
v 0.4791978 0.6066132 0.5105928
v 0.4839076 0.6180170 0.5003402
v 0.4832730 0.6208584 0.4981172
v 0.4832697 0.6237060 0.4948352
v 0.4838450 0.6265535 0.4915533
v 0.4799862 0.6302022 0.4916841
v 0.4852113 0.6294165 0.4864203
v 0.4814561 0.6329087 0.4863111
v 0.4871873 0.6322794 0.4812874
v 0.4835364 0.6356153 0.4809382
v 0.4923011 0.6388173 0.4710215
v 0.4888588 0.6418405 0.4701923
v 0.5024942 0.6488973 0.4546669
v 0.4994901 0.6523529 0.4539858
v 0.5156726 0.6540874 0.4392253
v 0.4851951 0.6419508 0.4673235
v 0.4866092 0.6249372 0.4764346
v 0.4827204 0.6252958 0.4740918
v 0.4806123 0.6224019 0.4795237
v 0.4917630 0.6317853 0.4660969
v 0.4880984 0.6318955 0.4632280
v 0.4790692 0.6285646 0.4737256
v 0.4846571 0.6349187 0.4623989
v 0.4834540 0.6390838 0.4640952
v 0.4777952 0.6328832 0.4755642
v 0.4796463 0.6358211 0.4785564
v 0.4774531 0.6331623 0.4841728
v 0.4758692 0.6305034 0.4897892
v 0.4753329 0.6272554 0.4940859
v 0.4791136 0.6195080 0.4849555
v 0.4752538 0.6230227 0.4850523
v 0.4743006 0.6203948 0.4890531
v 0.4768565 0.6257936 0.4793890
v 0.4755470 0.6301889 0.4812987
v 0.4739080 0.6274946 0.4870332
v 0.4731687 0.6244929 0.4913980
v 0.4730087 0.6214913 0.4957627
v 0.4736618 0.6189960 0.5006855
v 0.4748722 0.6165007 0.5056083
v 0.4739265 0.6177670 0.4930539
v 0.4739382 0.6151530 0.4980260
v 0.4745080 0.6125389 0.5029981
v 0.4771238 0.6088618 0.5002140
v 0.4770687 0.6117751 0.4959566
v 0.4775709 0.6146883 0.4916992
v 0.4780531 0.6170982 0.4883274
v 0.4858776 0.6000941 0.5154651
v 0.4814453 0.6037494 0.5077061
v 0.4813235 0.6081679 0.4989389
v 0.4812855 0.6112096 0.4957786
v 0.4818053 0.6142513 0.4926183
v 0.4822266 0.6165763 0.4896953
v 0.4832273 0.6189013 0.4867724
v 0.4846133 0.6219193 0.4816035
v 0.4846257 0.6107750 0.4999111
v 0.4841155 0.6137784 0.4975908
v 0.4849524 0.6039289 0.5058148
v 0.4894627 0.5996993 0.5125225
v 0.4916646 0.5973755 0.5197240
v 0.4974520 0.5964081 0.5239828
v 0.5038553 0.5971812 0.5328270
v 0.4965501 0.6013190 0.5151693
v 0.4930181 0.6018802 0.5118409
v 0.4944035 0.5979881 0.5163217
v 0.4993441 0.5980281 0.5201209
v 0.5028576 0.5988185 0.5253241
v 0.4974520 0.5964081 0.5239828
v 0.5000810 0.6017971 0.5184975
v 0.4969414 0.6051017 0.5158657
v 0.4935608 0.6061021 0.5127873
v 0.4876600 0.6070018 0.5060179
v 0.4879836 0.6111779 0.5081989
v 0.4851002 0.6151757 0.5025632
v 0.4839076 0.6180170 0.5003402
v 0.4841640 0.6167817 0.4952706
v 0.4832730 0.6208584 0.4981172
v 0.4992306 0.6057450 0.5200641
v 0.5034003 0.6028103 0.5252567
v 0.5038062 0.6060224 0.5284527
v 0.5156726 0.6540874 0.4392253
v 0.5336235 0.6523909 0.4223781
v 0.5159419 0.6495497 0.4382225
v 0.5031621 0.6446680 0.4530148
v 0.5024942 0.6488973 0.4546669
v 0.4923011 0.6388173 0.4710215
v 0.4935036 0.6346524 0.4693251
v 0.4871873 0.6322794 0.4812874
v 0.4884596 0.6278083 0.4794096
v 0.4852113 0.6294165 0.4864203
v 0.4865184 0.6247923 0.4844518
v 0.4838450 0.6265535 0.4915533
v 0.4851870 0.6217763 0.4894941
v 0.4832697 0.6237060 0.4948352
v 0.4843862 0.6192789 0.4923823
v 0.5011036 0.6421425 0.4499973
v 0.5138957 0.6467339 0.4351315
v 0.5333777 0.6481454 0.4221709
v 0.5312161 0.6459146 0.4198722
v 0.5447506 0.6392810 0.4053105
v 0.5407453 0.6399340 0.4030301
v 0.5474911 0.6316555 0.3907478
v 0.4975244 0.6428000 0.4473822
v 0.5486118 0.6417969 0.4059702
v 0.5517465 0.6321555 0.3918108
v 0.5519187 0.6417242 0.3859527
v 0.5511512 0.6326237 0.3710462
v 0.5542295 0.6296102 0.3728124
v 0.5476620 0.6412244 0.3848895
v 0.5465117 0.6330031 0.3711026
v 0.5446023 0.6380684 0.3858535
v 0.5430284 0.6305266 0.3729484
v 0.5427419 0.6266450 0.3755024
v 0.5445312 0.6341050 0.3882800
v 0.5458202 0.6236318 0.3772684
v 0.5504591 0.6232526 0.3772118
v 0.5539424 0.6257288 0.3753663
v 0.5548070 0.6353114 0.3908471
v 0.5500665 0.6460083 0.4046223
v 0.5548786 0.6392746 0.3884207
v 0.5542295 0.6296102 0.3728124
v 0.5389414 0.6433744 0.4004645
v 0.5403966 0.6475861 0.3991163
v 0.5442568 0.6501024 0.3997757
v 0.5482622 0.6494490 0.4020562
v 0.5318090 0.6561649 0.4203719
v 0.5289986 0.6572554 0.4173286
v 0.5132431 0.6576896 0.4375523
v 0.5100787 0.6582453 0.4341838
v 0.4959105 0.6530106 0.4513706
v 0.4938519 0.6504852 0.4483531
v 0.5080324 0.6554296 0.4310928
v 0.4945203 0.6462556 0.4467011
v 0.5083023 0.6508915 0.4300902
v 0.5336235 0.6523909 0.4223781
v 0.5500665 0.6460083 0.4046223
v 0.5548786 0.6392746 0.3884207
v 0.5107310 0.6472896 0.4317631
v 0.5284057 0.6470050 0.4168289
v 0.5265917 0.6507785 0.4148231
v 0.5268376 0.6550243 0.4150300
v 0.4816187 0.5178349 0.7577966
v 0.4852794 0.5178349 0.7577966
v 0.4793002 0.5142779 0.7557430
v 0.4783917 0.5068819 0.7514729
v 0.4852794 0.4882510 0.7407164
v 0.4783917 0.4992040 0.7470400
v 0.4793002 0.4918081 0.7427701
v 0.4816187 0.4882510 0.7407164
v 0.4824142 0.5616015 0.6714327
v 0.4824142 0.5586755 0.6714327
v 0.4824142 0.5616015 0.6680504
v 0.4824142 0.5590148 0.6658446
v 0.4824142 0.5580411 0.6658446
v 0.4881899 0.5580411 0.6658446
v 0.4881899 0.5590148 0.6658446
v 0.4824142 0.5580411 0.6658446
v 0.4824142 0.5590148 0.6658446
v 0.4881899 0.5616015 0.6680504
v 0.4824142 0.5616015 0.6680504
v 0.4824142 0.5616015 0.6714327
v 0.4881899 0.5616015 0.6714327
v 0.4881899 0.5616015 0.6968395
v 0.4881899 0.5586755 0.6968395
v 0.4881899 0.5616015 0.7002218
v 0.4881899 0.5590148 0.7024276
v 0.4881899 0.5580411 0.7024276
v 0.4824142 0.5580411 0.7024276
v 0.4824142 0.5590148 0.7024276
v 0.4881899 0.5580411 0.7024276
v 0.4881899 0.5590148 0.7024276
v 0.4824142 0.5616015 0.7002218
v 0.4881899 0.5616015 0.7002218
v 0.4824142 0.5616015 0.6968395
v 0.4881899 0.5616015 0.6968395
v 0.5301599 0.3217933 0.9413446
v 0.5301599 0.2896635 0.9234596
v 0.5301599 0.3005202 0.9093982
v 0.5301599 0.2871934 0.9199840
v 0.5301599 0.2825843 0.8798599
v 0.5301599 0.2681414 0.8805644
v 0.5301599 0.2881891 0.8784431
v 0.5301599 0.2886689 0.8722807
v 0.5301599 0.2925965 0.8713113
v 0.5054343 0.3389199 0.4299768
v 0.4985671 0.3354452 0.4299768
v 0.4985671 0.3380201 0.4220513
v 0.5054343 0.3408326 0.4240950
v 0.4793002 0.4956375 0.7361373
v 0.4816187 0.4920805 0.7340837
v 0.4852794 0.4920805 0.7340837
v 0.4783917 0.5030334 0.7404073
v 0.4852794 0.5216643 0.7511639
v 0.4783917 0.5107113 0.7448402
v 0.4793002 0.5181073 0.7491102
v 0.4816187 0.5216643 0.7511639
v 0.5276763 0.3672982 0.7155360
v 0.5277284 0.3641571 0.7024670
v 0.5279170 0.3802208 0.7185405
v 0.5278981 0.3944042 0.7352288
v 0.5272762 0.4063726 0.7625225
v 0.5278044 0.4040845 0.7467349
v 0.5277146 0.4141688 0.7587103
v 0.5279640 0.4170964 0.7631307
v 0.5280478 0.4152792 0.7768239
v 0.5279257 0.4272423 0.7797960
v 0.5282751 0.4208763 0.7929072
v 0.5279644 0.4329501 0.7862284
v 0.5280512 0.4371591 0.7907434
v 0.5286009 0.4326158 0.8084479
v 0.5276586 0.4439415 0.7938503
v 0.5276132 0.4454147 0.7972975
v 0.5279089 0.4555230 0.8246888
v 0.5008664 0.5566112 0.6728286
v 0.5035975 0.5566112 0.6781914
v 0.5034613 0.5579024 0.6782356
v 0.5007510 0.5579024 0.6729126
v 0.4966105 0.5566112 0.6685725
v 0.4965263 0.5579024 0.6686883
v 0.4912461 0.5566112 0.6658400
v 0.4912021 0.5579024 0.6659762
v 0.4853027 0.5566112 0.6648985
v 0.4853027 0.5579024 0.6650416
v 0.4793569 0.5566112 0.6658400
v 0.4794006 0.5579024 0.6659762
v 0.4739938 0.5566112 0.6685725
v 0.4740773 0.5579024 0.6686883
v 0.4697373 0.5566112 0.6728286
v 0.4698529 0.5579024 0.6729126
v 0.4670045 0.5566112 0.6781914
v 0.4671402 0.5579024 0.6782356
v 0.4660636 0.5566112 0.6841361
v 0.4662062 0.5579024 0.6841361
v 0.4670045 0.5566112 0.6900809
v 0.4671402 0.5579024 0.6900367
v 0.4697373 0.5566112 0.6954437
v 0.4698529 0.5579024 0.6953596
v 0.4739938 0.5566112 0.6996996
v 0.4740773 0.5579024 0.6995839
v 0.4793569 0.5566113 0.7024322
v 0.4794006 0.5579024 0.7022960
v 0.4853027 0.5566113 0.7033737
v 0.4853027 0.5579024 0.7032306
v 0.4912461 0.5566113 0.7024322
v 0.4912021 0.5579024 0.7022960
v 0.4966105 0.5566112 0.6996996
v 0.4965263 0.5579024 0.6995839
v 0.5008664 0.5566112 0.6954437
v 0.5007510 0.5579024 0.6953596
v 0.5035975 0.5566112 0.6900809
v 0.5034613 0.5579024 0.6900367
v 0.5045390 0.5566112 0.6841361
v 0.5043957 0.5579024 0.6841361
v 0.5035975 0.5566112 0.6781914
v 0.5034613 0.5579024 0.6782356
v 0.5155708 0.4085618 0.6047454
v 0.5059074 0.4085400 0.6091770
v 0.5047897 0.4085618 0.6047454
v 0.5155708 0.4113937 0.5986406
v 0.5023728 0.4113937 0.5986406
v 0.5016410 0.5413154 0.6722662
v 0.5045075 0.5413154 0.6778958
v 0.5043711 0.5566189 0.6779400
v 0.5015247 0.5566189 0.6723503
v 0.4971726 0.5413154 0.6677985
v 0.4970882 0.5566189 0.6679142
v 0.4915420 0.5413154 0.6649301
v 0.4914975 0.5566189 0.6650662
v 0.4853027 0.5413154 0.6639417
v 0.4853027 0.5566189 0.6640848
v 0.4790617 0.5413154 0.6649301
v 0.4791055 0.5566189 0.6650662
v 0.4734315 0.5413154 0.6677985
v 0.4735152 0.5566188 0.6679142
v 0.4689639 0.5413154 0.6722661
v 0.4690791 0.5566188 0.6723502
v 0.4660953 0.5413154 0.6778957
v 0.4662307 0.5566188 0.6779400
v 0.4651069 0.5413154 0.6841361
v 0.4652501 0.5566188 0.6841361
v 0.4660953 0.5413154 0.6903765
v 0.4662307 0.5566188 0.6903323
v 0.4689639 0.5413154 0.6960061
v 0.4690791 0.5566188 0.6959220
v 0.4734315 0.5413154 0.7004737
v 0.4735152 0.5566188 0.7003580
v 0.4790617 0.5413154 0.7033421
v 0.4791055 0.5566189 0.7032061
v 0.4853027 0.5413154 0.7043304
v 0.4853027 0.5566189 0.7041874
v 0.4915420 0.5413154 0.7033421
v 0.4914975 0.5566189 0.7032061
v 0.4971726 0.5413154 0.7004737
v 0.4970882 0.5566188 0.7003580
v 0.5016410 0.5413154 0.6960061
v 0.5015247 0.5566189 0.6959219
v 0.5045075 0.5413154 0.6903765
v 0.5043711 0.5566189 0.6903322
v 0.5054969 0.5413154 0.6841361
v 0.5053527 0.5566189 0.6841361
v 0.5045075 0.5413154 0.6778958
v 0.5043711 0.5566189 0.6779400
v 0.5230368 0.3441288 0.4447531
v 0.5230368 0.3397855 0.4383397
v 0.5190983 0.3423831 0.4501251
v 0.5230368 0.3537298 0.4447531
v 0.5190983 0.3554762 0.4501251
v 0.5190983 0.3423831 0.4501251
v 0.5182961 0.3337106 0.4458465
v 0.5190983 0.3554762 0.4501251
v 0.5230370 0.3613450 0.4392210
v 0.5190983 0.3660699 0.4424292
v 0.5190983 0.3701140 0.4299768
v 0.4985671 0.3343177 0.4193619
v 0.5182961 0.3337106 0.4131266
v 0.4985671 0.3433497 0.4128014
v 0.5190983 0.3423831 0.4098285
v 0.5190983 0.3554762 0.4098285
v 0.4985671 0.3545088 0.4128014
v 0.5190983 0.3660699 0.4175245
v 0.4985671 0.3635399 0.4193619
v 0.4985671 0.3669897 0.4299768
v 0.5190983 0.3660699 0.4424292
v 0.4985671 0.3635398 0.4405919
v 0.5190983 0.3554762 0.4501251
v 0.4985671 0.3545088 0.4471523
v 0.5190983 0.3423831 0.4501251
v 0.4985671 0.3433497 0.4471523
v 0.5230368 0.3489294 0.4134182
v 0.5190983 0.3423831 0.4098285
v 0.5182961 0.3337106 0.4131266
v 0.5230368 0.3397855 0.4206333
v 0.5190983 0.3423831 0.4098285
v 0.5190983 0.3423831 0.4501251
v 0.5182961 0.3337106 0.4458465
v 0.4985671 0.3343177 0.4405919
v 0.5182961 0.3278666 0.4299768
v 0.4985671 0.3308715 0.4299768
v 0.4985671 0.3343177 0.4193619
v 0.5182961 0.3337106 0.4131266
v 0.5230368 0.3629834 0.4254107
v 0.5190983 0.3554762 0.4098285
v 0.5190983 0.3660699 0.4175245
v 0.5190983 0.3701140 0.4299768
v 0.4696221 0.5413079 0.6955278
v 0.4693916 0.5366251 0.6956961
v 0.4668534 0.5366251 0.6902136
v 0.4671243 0.5413079 0.6901251
v 0.4665935 0.5368512 0.6841361
v 0.4665728 0.5413079 0.6841361
v 0.4670840 0.5413079 0.6781012
v 0.4670856 0.5366251 0.6781047
v 0.4696221 0.5413079 0.6727444
v 0.4693916 0.5366251 0.6725762
v 0.4739096 0.5413079 0.6684568
v 0.4737415 0.5366251 0.6682252
v 0.4793132 0.5413079 0.6657039
v 0.4792262 0.5366251 0.6654317
v 0.4853027 0.5413079 0.6647553
v 0.4853027 0.5366251 0.6644692
v 0.4912905 0.5413079 0.6657039
v 0.4913791 0.5366251 0.6654317
v 0.4966941 0.5413079 0.6684568
v 0.4968621 0.5366251 0.6682252
v 0.5009825 0.5413079 0.6727444
v 0.5012139 0.5366251 0.6725762
v 0.5037338 0.5413079 0.6781471
v 0.5040057 0.5366251 0.6780587
v 0.4966105 0.5566112 0.6685725
v 0.4970882 0.5566189 0.6679142
v 0.5008664 0.5566112 0.6728286
v 0.5015247 0.5566189 0.6723503
v 0.5035975 0.5566112 0.6781914
v 0.5043711 0.5566189 0.6779400
v 0.4697373 0.5566112 0.6954437
v 0.4690791 0.5566188 0.6959220
v 0.4670045 0.5566112 0.6900809
v 0.4662307 0.5566188 0.6903323
v 0.4660636 0.5566112 0.6841361
v 0.4652501 0.5566188 0.6841361
v 0.4670045 0.5566112 0.6781914
v 0.4662307 0.5566188 0.6779400
v 0.4697373 0.5566112 0.6728286
v 0.4690791 0.5566188 0.6723502
v 0.4739938 0.5566112 0.6685725
v 0.4735152 0.5566188 0.6679142
v 0.4793569 0.5566112 0.6658400
v 0.4791055 0.5566189 0.6650662
v 0.4853027 0.5566112 0.6648985
v 0.4853027 0.5566189 0.6640848
v 0.4912461 0.5566112 0.6658400
v 0.4914975 0.5566189 0.6650662
v 0.5035975 0.5566112 0.6781914
v 0.5043711 0.5566189 0.6779400
v 0.5045390 0.5566112 0.6841361
v 0.5053527 0.5566189 0.6841361
v 0.5035975 0.5566112 0.6900809
v 0.5043711 0.5566189 0.6903322
v 0.5008664 0.5566112 0.6954437
v 0.5015247 0.5566189 0.6959219
v 0.4966105 0.5566112 0.6996996
v 0.4970882 0.5566188 0.7003580
v 0.4912461 0.5566113 0.7024322
v 0.4914975 0.5566189 0.7032061
v 0.4853027 0.5566113 0.7033737
v 0.4853027 0.5566189 0.7041874
v 0.4793569 0.5566113 0.7024322
v 0.4791055 0.5566189 0.7032061
v 0.4739938 0.5566112 0.6996996
v 0.4735152 0.5566188 0.7003580
v 0.5007889 0.5980142 0.5394658
v 0.5033899 0.5985098 0.5523496
v 0.4824142 0.5586755 0.6968395
v 0.4824142 0.5616015 0.6968395
v 0.4824142 0.5616015 0.7002218
v 0.4824142 0.5590148 0.7024276
v 0.4824142 0.5580411 0.7024276
v 0.4800490 0.4218827 0.5765657
v 0.4728406 0.4293213 0.5726537
v 0.4697621 0.4306031 0.5792590
v 0.4785219 0.4220442 0.5835833
v 0.4695897 0.4322251 0.5826569
v 0.4784353 0.4234941 0.5870686
v 0.4703819 0.4343098 0.5856719
v 0.4909525 0.4241222 0.5726753
v 0.4909973 0.4189839 0.5781155
v 0.4910210 0.4180252 0.5855454
v 0.4910210 0.4193031 0.5891181
v 0.4910123 0.4216238 0.5921196
v 0.5012091 0.4321669 0.5952278
v 0.5012091 0.4283731 0.5953362
v 0.5012091 0.4247315 0.5942668
v 0.5012091 0.4215986 0.5921245
v 0.5012091 0.4192810 0.5891189
v 0.5012091 0.4180056 0.5855442
v 0.5012091 0.4189667 0.5781087
v 0.5012091 0.4241146 0.5726582
v 0.5012091 0.4314831 0.5712745
v 0.4775131 0.5114862 0.7258475
v 0.4932511 0.5114862 0.7258475
v 0.4932511 0.5049577 0.7248135
v 0.4766608 0.5049577 0.7248135
v 0.4772015 0.4984292 0.7258475
v 0.4932511 0.4984292 0.7258475
v 0.4791406 0.4925397 0.7288483
v 0.4932511 0.4925397 0.7288483
v 0.4807991 0.4878658 0.7335222
v 0.4932511 0.4878658 0.7335222
v 0.4839008 0.4848650 0.7394116
v 0.4932511 0.4848650 0.7394116
v 0.4865174 0.4838310 0.7459401
v 0.4932511 0.4838310 0.7459401
v 0.4880962 0.4848650 0.7524686
v 0.4932511 0.4848650 0.7524686
v 0.4893637 0.4878658 0.7583581
v 0.4932511 0.4878658 0.7583581
v 0.4902699 0.4925397 0.7630320
v 0.4932511 0.4925397 0.7630320
v 0.4909547 0.4984292 0.7660328
v 0.4932511 0.4984292 0.7660328
v 0.4912102 0.5049577 0.7670668
v 0.4932511 0.5049577 0.7670668
v 0.5182961 0.3244731 0.4102412
v 0.5230370 0.3296304 0.4118521
v 0.5182961 0.3337106 0.4131266
v 0.5230370 0.3337106 0.4131266
v 0.5230368 0.3397855 0.4206333
v 0.4912102 0.5049577 0.7670668
v 0.4932511 0.5049577 0.7670668
v 0.4932511 0.5114862 0.7660328
v 0.4909604 0.5114862 0.7660328
v 0.4932511 0.5173756 0.7630320
v 0.4903705 0.5173756 0.7630320
v 0.4932511 0.5220495 0.7583581
v 0.4893633 0.5220495 0.7583581
v 0.4932511 0.5250503 0.7524686
v 0.4883559 0.5250503 0.7524686
v 0.4932511 0.5260843 0.7459401
v 0.4865969 0.5260843 0.7459401
v 0.4932511 0.5250503 0.7394116
v 0.4838900 0.5250503 0.7394116
v 0.4932511 0.5220495 0.7335222
v 0.4812726 0.5220495 0.7335222
v 0.4932511 0.5173756 0.7288483
v 0.4788460 0.5173756 0.7288483
v 0.5264412 0.6747692 0.6095558
v 0.5161895 0.6444279 0.6095558
v 0.5264412 0.6747692 0.6081343
v 0.5161895 0.6444279 0.6067129
v 0.5264412 0.6747692 0.6067129
v 0.5037338 0.5413079 0.6781471
v 0.5040057 0.5366251 0.6780587
v 0.5046832 0.5413079 0.6841361
v 0.5049703 0.5366251 0.6841361
v 0.5037338 0.5413079 0.6901251
v 0.5040057 0.5366251 0.6902136
v 0.5009825 0.5413079 0.6955278
v 0.5012139 0.5366251 0.6956961
v 0.4966941 0.5413079 0.6998155
v 0.4968621 0.5366251 0.7000470
v 0.4912905 0.5413079 0.7025683
v 0.4913791 0.5366251 0.7028404
v 0.4853027 0.5413079 0.7035168
v 0.4853027 0.5366251 0.7038031
v 0.4793132 0.5413079 0.7025683
v 0.4792262 0.5366251 0.7028404
v 0.4739096 0.5413079 0.6998155
v 0.4737415 0.5366251 0.7000470
v 0.4881899 0.5586755 0.6714327
v 0.4881899 0.5616015 0.6714327
v 0.4881899 0.5616015 0.6680504
v 0.4881899 0.5590148 0.6658446
v 0.4881899 0.5580411 0.6658446
vt 0.6216300 0.0093590
vt 0.6253410 0.0343550
vt 0.6268560 0.0111990
vt 0.6253410 0.0343550
vt 0.5875390 0.0344040
vt 0.5851300 0.0121350
vt 0.5427160 0.0110700
vt 0.5364830 0.0024130
vt 0.5356310 0.0078560
vt 0.5409140 0.0183480
vt 0.5824940 0.0335990
vt 0.5313720 0.0330940
vt 0.6298580 0.0332130
vt 0.6484360 0.0295940
vt 0.6415630 0.0102150
vt 0.6803000 0.0069750
vt 0.6839600 0.0291190
vt 0.7682070 0.0143160
vt 0.7677340 0.0392490
vt 0.8089880 0.0258840
vt 0.8111810 0.0410880
vt 0.7682750 0.0533070
vt 0.8131450 0.0519640
vt 0.8117360 0.0588510
vt 0.8095400 0.0685190
vt 0.6298210 0.0397210
vt 0.6253410 0.0343550
vt 0.6483120 0.0418740
vt 0.6861750 0.0445870
vt 0.7670800 0.0611380
vt 0.6872860 0.0523440
vt 0.6479030 0.0483920
vt 0.6305660 0.0469720
vt 0.6256770 0.0444310
vt 0.6253410 0.0343550
vt 0.6308140 0.0567860
vt 0.6471690 0.0577360
vt 0.6257920 0.0567360
vt 0.5863520 0.0576090
vt 0.5861440 0.0446550
vt 0.5804910 0.0576540
vt 0.5808420 0.0442590
vt 0.5282720 0.0438740
vt 0.5313720 0.0330940
vt 0.5824940 0.0335990
vt 0.5875390 0.0344040
vt 0.5273420 0.0586850
vt 0.5289100 0.0735320
vt 0.6860110 0.0625460
vt 0.6465500 0.0669380
vt 0.6299250 0.0667710
vt 0.6249650 0.0691520
vt 0.5864670 0.0702090
vt 0.5811500 0.0706880
vt 0.5324410 0.0841100
vt 0.5830040 0.0806670
vt 0.5880320 0.0798200
vt 0.6239200 0.0791830
vt 0.6852430 0.0716420
vt 0.6286650 0.0741290
vt 0.6461070 0.0732250
vt 0.6822840 0.0780680
vt 0.7619000 0.0948780
vt 0.7629300 0.0874270
vt 0.6282330 0.0805540
vt 0.6448550 0.0844800
vt 0.6245260 0.1006940
vt 0.6370770 0.1009050
vt 0.6239200 0.0791830
vt 0.6197920 0.1027110
vt 0.7525130 0.1483900
vt 0.7486240 0.1402380
vt 0.7403220 0.1589250
vt 0.7878990 0.1366500
vt 0.7510280 0.1270890
vt 0.7915950 0.1281570
vt 0.7575630 0.1065660
vt 0.7977330 0.1179420
vt 0.8026140 0.1093580
vt 0.8034670 0.1024040
vt 0.8046650 0.0918620
vt 0.7756730 0.0809530
vt 0.7822780 0.0761820
vt 0.8077850 0.0803050
vt 0.7780740 0.0700700
vt 0.6766270 0.0901960
vt 0.6679160 0.1076310
vt 0.6645770 0.1211730
vt 0.6563880 0.1379010
vt 0.6314720 0.1130240
vt 0.6271980 0.1307420
vt 0.6256020 0.1497850
vt 0.6199450 0.1451520
vt 0.6156710 0.1595120
vt 0.6141520 0.1546450
vt 0.6175700 0.1409560
vt 0.5905090 0.1412250
vt 0.5901970 0.1288930
vt 0.5468920 0.1360400
vt 0.5883130 0.1164570
vt 0.5437240 0.1268090
vt 0.6217870 0.1296800
vt 0.6217870 0.1296800
vt 0.5921280 0.1555940
vt 0.5504760 0.1597100
vt 0.5483230 0.1460360
vt 0.6237030 0.1144000
vt 0.6245260 0.1006940
vt 0.5387910 0.1142330
vt 0.5861040 0.1003380
vt 0.6197920 0.1027110
vt 0.6201950 0.1176680
vt 0.6237030 0.1144000
vt 0.6188900 0.1293290
vt 0.6245260 0.1006940
vt 0.2477840 0.0588010
vt 0.2457000 0.0550790
vt 0.2425710 0.0639070
vt 0.2453910 0.0698390
vt 0.2400230 0.0536280
vt 0.2384770 0.0616400
vt 0.2351280 0.0612220
vt 0.2360780 0.0540190
vt 0.2425710 0.0639070
vt 0.2457000 0.0550790
vt 0.8112640 0.8350420
vt 0.8111040 0.7834000
vt 0.7905950 0.7834110
vt 0.7902200 0.8350490
vt 0.8111660 0.8511920
vt 0.7885050 0.8511970
vt 0.7901990 0.8985320
vt 0.8111210 0.8985300
vt 0.4033340 0.7696960
vt 0.3700730 0.7789130
vt 0.3945370 0.7833560
vt 0.4062260 0.7711360
vt 0.4738900 0.7924670
vt 0.4753770 0.7719830
vt 0.5392590 0.7732190
vt 0.5678450 0.7634170
vt 0.5379100 0.7648090
vt 0.4753770 0.7719830
vt 0.3644440 0.8011030
vt 0.3891570 0.8058420
vt 0.3671030 0.7881100
vt 0.3915870 0.7930470
vt 0.4720710 0.8023510
vt 0.5445840 0.7956810
vt 0.5700480 0.7751910
vt 0.5748770 0.7727730
vt 0.5732530 0.7623810
vt 0.5465500 0.8058900
vt 0.5770120 0.7760710
vt 0.5809260 0.7915990
vt 0.5822910 0.8019000
vt 0.5818650 0.7768900
vt 0.4702050 0.8152760
vt 0.5466680 0.8188300
vt 0.5826770 0.8151280
vt 0.5925980 0.8153930
vt 0.5928210 0.8017370
vt 0.5921420 0.7938270
vt 0.5884020 0.7835640
vt 0.5842440 0.7776580
vt 0.5855390 0.7748370
vt 0.5818650 0.7768900
vt 0.5800930 0.7744080
vt 0.5770120 0.7760710
vt 0.5778570 0.7715930
vt 0.5732530 0.7623810
vt 0.5773260 0.7597630
vt 0.5730610 0.7510320
vt 0.5763330 0.7510560
vt 0.5730610 0.7510320
vt 0.6252120 0.1636260
vt 0.6525910 0.1694740
vt 0.6562510 0.1564080
vt 0.7321980 0.1934710
vt 0.7374420 0.1802180
vt 0.7687280 0.2049360
vt 0.7652580 0.2156760
vt 0.7452560 0.1739590
vt 0.7768430 0.1871620
vt 0.7785850 0.2027670
vt 0.7913600 0.1599670
vt 0.7798510 0.1595470
vt 0.7793260 0.1653430
vt 0.7886020 0.1726700
vt 0.8113020 0.1781600
vt 0.7848980 0.1851500
vt 0.8088880 0.1943240
vt 0.7894440 0.1958690
vt 0.8073140 0.1996180
vt 0.7886450 0.2009870
vt 0.7746490 0.1797260
vt 0.7541370 0.1749270
vt 0.7432370 0.1617380
vt 0.7444180 0.1576840
vt 0.7770270 0.1744740
vt 0.7444180 0.1576840
vt 0.7604600 0.1521810
vt 0.7854050 0.1543710
vt 0.7943610 0.1418610
vt 0.8006050 0.1525100
vt 0.8023290 0.1476010
vt 0.8182780 0.1574250
vt 0.8171160 0.1628460
vt 0.4033340 0.7696960
vt 0.4081130 0.7497940
vt 0.4050880 0.7498110
vt 0.4036270 0.7301050
vt 0.4050880 0.7498110
vt 0.4077240 0.7377940
vt 0.4063540 0.7282600
vt 0.4756630 0.7285550
vt 0.5730610 0.7510320
vt 0.5674680 0.7509870
vt 0.5377900 0.7507700
vt 0.4744490 0.7630990
vt 0.4075680 0.7617720
vt 0.4062260 0.7711360
vt 0.4745270 0.7502610
vt 0.4746140 0.7374230
vt 0.5381100 0.7367320
vt 0.5395710 0.7283400
vt 0.5680200 0.7385490
vt 0.5703620 0.7267750
vt 0.5377900 0.7507700
vt 0.5674680 0.7509870
vt 0.5734070 0.7396690
vt 0.5751410 0.7292630
vt 0.5780970 0.7304950
vt 0.5730610 0.7510320
vt 0.5773460 0.7260000
vt 0.5803910 0.7277230
vt 0.5822430 0.7252830
vt 0.5773460 0.7260000
vt 0.5858180 0.7274890
vt 0.5846330 0.7245970
vt 0.5888670 0.7186010
vt 0.5814690 0.7105450
vt 0.5822430 0.7252830
vt 0.5451890 0.7059380
vt 0.4744800 0.7080660
vt 0.4756630 0.7285550
vt 0.4063540 0.7282600
vt 0.3949920 0.7160110
vt 0.3702280 0.7195460
vt 0.3922380 0.7062480
vt 0.3675630 0.7103050
vt 0.3900670 0.6934100
vt 0.3652800 0.6972640
vt 0.4036270 0.7301050
vt 0.5927070 0.7084630
vt 0.5935180 0.6869350
vt 0.5836050 0.6870100
vt 0.5829760 0.7002500
vt 0.5934890 0.7005810
vt 0.5473090 0.6957580
vt 0.4728100 0.6981680
vt 0.4711340 0.6852320
vt 0.5476230 0.6828190
vt 0.8519420 0.5281160
vt 0.8458030 0.5288520
vt 0.8477530 0.5345910
vt 0.8561330 0.5345910
vt 0.8561330 0.5451900
vt 0.8580820 0.5288520
vt 0.8519420 0.5281160
vt 0.8477530 0.5667780
vt 0.8457980 0.5725100
vt 0.8519440 0.5732490
vt 0.8561330 0.5667780
vt 0.8477530 0.5561290
vt 0.8561330 0.5561290
vt 0.8477530 0.5451900
vt 0.8580880 0.5725090
vt 0.9950850 0.8921360
vt 0.9974900 0.9039130
vt 0.9974910 0.8804260
vt 0.9859570 0.8857550
vt 0.9647510 0.8804250
vt 0.9748210 0.8859600
vt 0.9659330 0.8926690
vt 0.9647500 0.9039110
vt 0.8454370 0.5226550
vt 0.8458030 0.5288520
vt 0.8519420 0.5222680
vt 0.8519420 0.5281160
vt 0.8519420 0.5281160
vt 0.8580820 0.5288520
vt 0.8584500 0.5226540
vt 0.3313610 0.0545640
vt 0.3249000 0.0522920
vt 0.3381700 0.0590660
vt 0.3039440 0.0281690
vt 0.3132970 0.0281680
vt 0.3039440 0.0268300
vt 0.3132970 0.0268300
vt 0.3226750 0.0281680
vt 0.3226750 0.0268300
vt 0.3326670 0.0268300
vt 0.3326670 0.0281680
vt 0.3420550 0.0268300
vt 0.3420550 0.0281690
vt 0.3514800 0.0268300
vt 0.3514800 0.0281690
vt 0.3607980 0.0268300
vt 0.3607980 0.0281690
vt 0.3700570 0.0268300
vt 0.3700570 0.0281690
vt 0.3792690 0.0268300
vt 0.3792690 0.0281690
vt 0.3884490 0.0268300
vt 0.3884490 0.0281690
vt 0.3975880 0.0268300
vt 0.3975880 0.0281680
vt 0.4066240 0.0268300
vt 0.4066240 0.0281690
vt 0.2351280 0.0612220
vt 0.2360780 0.0540190
vt 0.2327820 0.0625800
vt 0.2308400 0.0268300
vt 0.2219460 0.0268300
vt 0.2219460 0.0281690
vt 0.2308400 0.0281680
vt 0.2398330 0.0268300
vt 0.2398330 0.0281680
vt 0.2488620 0.0268300
vt 0.2488620 0.0281690
vt 0.2579290 0.0268300
vt 0.2579290 0.0281690
vt 0.2670460 0.0268300
vt 0.2670460 0.0281680
vt 0.2761750 0.0268300
vt 0.2761750 0.0281680
vt 0.2853620 0.0268300
vt 0.2853620 0.0281690
vt 0.2946100 0.0268300
vt 0.2946100 0.0281680
vt 0.6909610 0.2570680
vt 0.6931140 0.2520410
vt 0.6480900 0.2338510
vt 0.2819400 0.4146260
vt 0.3038330 0.4075480
vt 0.2808160 0.4075070
vt 0.2852080 0.4210350
vt 0.2903190 0.4261380
vt 0.2967280 0.4293970
vt 0.3038460 0.4305380
vt 0.3109530 0.4294370
vt 0.3173920 0.4261880
vt 0.3120300 0.3828170
vt 0.3039910 0.3815220
vt 0.3110330 0.3856840
vt 0.3174690 0.3889640
vt 0.3192850 0.3865250
vt 0.3225520 0.3940430
vt 0.3250400 0.3923010
vt 0.3258370 0.4004710
vt 0.3287500 0.3995970
vt 0.3269660 0.4075900
vt 0.3039320 0.3845560
vt 0.2968140 0.3856670
vt 0.2903870 0.3889120
vt 0.2852610 0.3939870
vt 0.2819650 0.4003890
vt 0.2884910 0.4285580
vt 0.2957390 0.4322750
vt 0.2827240 0.4227810
vt 0.2790340 0.4155130
vt 0.2777820 0.4074440
vt 0.2790990 0.3993900
vt 0.2828470 0.3921510
vt 0.2886570 0.3864210
vt 0.2959300 0.3827640
vt 0.2727110 0.4177810
vt 0.2710620 0.4076490
vt 0.2726480 0.3975060
vt 0.2772990 0.3883600
vt 0.2845450 0.3810980
vt 0.2936760 0.3764270
vt 0.3037920 0.3747900
vt 0.3139210 0.3763550
vt 0.3230790 0.3809810
vt 0.3303560 0.3881800
vt 0.3350680 0.3973130
vt 0.3367020 0.4074590
vt 0.3300080 0.4076410
vt 0.3258050 0.4147080
vt 0.3225060 0.4211140
vt 0.3249180 0.4229610
vt 0.3191230 0.4286830
vt 0.3118420 0.4323440
vt 0.3037790 0.4335770
vt 0.3286810 0.4157040
vt 0.3351360 0.4175810
vt 0.3304680 0.4267580
vt 0.3232360 0.4340020
vt 0.3141120 0.4386790
vt 0.3039880 0.4403050
vt 0.2938650 0.4387300
vt 0.2847060 0.4341150
vt 0.2774140 0.4268990
vt 0.7581680 0.5817970
vt 0.7465020 0.5820070
vt 0.7480630 0.5865300
vt 0.7567740 0.5863710
vt 0.7526650 0.5998540
vt 0.7639150 0.5913610
vt 0.7667580 0.5995960
vt 0.7642190 0.6079300
vt 0.7572660 0.6131780
vt 0.7485550 0.6133400
vt 0.7414140 0.6083470
vt 0.7385700 0.6001130
vt 0.7411090 0.5917790
vt 0.7677330 0.5884780
vt 0.7715410 0.5995100
vt 0.7681400 0.6106700
vt 0.7588270 0.6177010
vt 0.7471600 0.6179160
vt 0.7375960 0.6112310
vt 0.7337870 0.6002010
vt 0.7371880 0.5890410
vt 0.7816670 0.6093610
vt 0.7777170 0.6120590
vt 0.7869550 0.6191870
vt 0.7885640 0.6146840
vt 0.7933080 0.6014100
vt 0.7972720 0.6149370
vt 0.8044670 0.6100230
vt 0.8073990 0.6018190
vt 0.8049480 0.5934600
vt 0.7980520 0.5881340
vt 0.7893420 0.5878830
vt 0.7821490 0.5927960
vt 0.7792170 0.6010000
vt 0.7986180 0.6195280
vt 0.8082540 0.6129450
vt 0.8121800 0.6019590
vt 0.8088990 0.5907590
vt 0.7996620 0.5836280
vt 0.7879980 0.5832910
vt 0.7783620 0.5898740
vt 0.7744360 0.6008600
vt 0.6800100 0.7877620
vt 0.6783550 0.7909200
vt 0.6828730 0.7942670
vt 0.6793820 0.7979390
vt 0.6758970 0.7935300
vt 0.6751600 0.8005310
vt 0.6728570 0.7954030
vt 0.6703310 0.8019630
vt 0.6694490 0.7964240
vt 0.6653560 0.8021310
vt 0.6658980 0.7965420
vt 0.6604430 0.8009930
vt 0.6624230 0.7957440
vt 0.6560510 0.7986900
vt 0.6592600 0.7940890
vt 0.6523300 0.7952570
vt 0.6566690 0.7916310
vt 0.6496130 0.7909900
vt 0.6547790 0.7886120
vt 0.6481210 0.7861930
vt 0.6537190 0.7851820
vt 0.6479430 0.7811250
vt 0.6535890 0.7816120
vt 0.6490890 0.7761570
vt 0.6544100 0.7781140
vt 0.6514750 0.7716600
vt 0.6561010 0.7749540
vt 0.6549390 0.7679480
vt 0.6585390 0.7723420
vt 0.6592400 0.7652690
vt 0.6615680 0.7704530
vt 0.6640790 0.7638000
vt 0.6649850 0.7694130
vt 0.6691310 0.7636370
vt 0.6685590 0.7692930
vt 0.6740560 0.7647920
vt 0.6720400 0.7701040
vt 0.6785160 0.7671880
vt 0.6751890 0.7717900
vt 0.6822100 0.7706700
vt 0.6777990 0.7742380
vt 0.6848830 0.7750020
vt 0.6796930 0.7772830
vt 0.6863500 0.7798870
vt 0.6807380 0.7807130
vt 0.6865050 0.7849560
vt 0.6808480 0.7842810
vt 0.6853260 0.7898380
vt 0.4640440 0.2800060
vt 0.4669530 0.2806700
vt 0.4598000 0.2724480
vt 0.2795740 0.1357430
vt 0.2624050 0.1468490
vt 0.2667000 0.1516330
vt 0.2722530 0.1548140
vt 0.2785030 0.1561100
vt 0.2848280 0.1554110
vt 0.2906200 0.1528040
vt 0.2953190 0.1485480
vt 0.2984760 0.1430660
vt 0.2997960 0.1368870
vt 0.2991580 0.1306050
vt 0.2966250 0.1248250
vt 0.2924370 0.1200990
vt 0.2869950 0.1168830
vt 0.2808250 0.1154910
vt 0.2745120 0.1160620
vt 0.2686710 0.1185530
vt 0.2638700 0.1227330
vt 0.2605870 0.1282060
vt 0.2591660 0.1344440
vt 0.2597720 0.1408450
vt 0.2594470 0.1488980
vt 0.2562620 0.1416320
vt 0.2597720 0.1408450
vt 0.2556040 0.1341860
vt 0.2591660 0.1344440
vt 0.2573000 0.1268740
vt 0.2605870 0.1282060
vt 0.2611680 0.1204610
vt 0.2668080 0.1155710
vt 0.2736590 0.1126630
vt 0.2745120 0.1160620
vt 0.2810580 0.1120020
vt 0.2808250 0.1154910
vt 0.2882860 0.1136390
vt 0.2869950 0.1168830
vt 0.2946570 0.1174090
vt 0.2995610 0.1229470
vt 0.3025280 0.1297180
vt 0.3025280 0.1297180
vt 0.3123640 0.1271260
vt 0.3081320 0.1174690
vt 0.3011430 0.1095660
vt 0.2882860 0.1136390
vt 0.2920610 0.1041750
vt 0.2810580 0.1120020
vt 0.2817550 0.1018170
vt 0.2736590 0.1126630
vt 0.2711900 0.1027300
vt 0.2613880 0.1068490
vt 0.2532920 0.1138040
vt 0.2573000 0.1268740
vt 0.2476980 0.1229610
vt 0.2556040 0.1341860
vt 0.2451940 0.1334740
vt 0.2509630 0.1118220
vt 0.2448520 0.1217840
vt 0.2420950 0.1332410
vt 0.2430760 0.1451270
vt 0.2461240 0.1443490
vt 0.2479390 0.1562230
vt 0.2562620 0.1416320
vt 0.2505780 0.1545090
vt 0.2560160 0.1650040
vt 0.2579440 0.1625660
vt 0.2663120 0.1707380
vt 0.2673740 0.1678480
vt 0.2777840 0.1729960
vt 0.2779020 0.1699390
vt 0.2893220 0.1716290
vt 0.2885010 0.1686980
vt 0.2998510 0.1668120
vt 0.2981760 0.1642820
vt 0.3083700 0.1590240
vt 0.3060070 0.1571340
vt 0.3140790 0.1490260
vt 0.2644760 0.1544280
vt 0.2710040 0.1581350
vt 0.2783420 0.1596360
vt 0.2857590 0.1588020
vt 0.2925450 0.1557340
vt 0.2980430 0.1507430
vt 0.3017360 0.1443160
vt 0.3112560 0.1479520
vt 0.3032790 0.1370760
vt 0.3134420 0.1376210
vt 0.3164530 0.1377800
vt 0.3152780 0.1263590
vt 0.3106720 0.1158470
vt 0.3030660 0.1072430
vt 0.2931840 0.1013730
vt 0.2819660 0.0988000
vt 0.2704660 0.0997850
vt 0.2597900 0.1042600
vt 0.7305730 0.4558260
vt 0.7328250 0.4621890
vt 0.7322700 0.4566710
vt 0.2991580 0.1306050
vt 0.3032790 0.1370760
vt 0.2997960 0.1368870
vt 0.3017360 0.1443160
vt 0.2984760 0.1430660
vt 0.2857590 0.1588020
vt 0.2848280 0.1554110
vt 0.2783420 0.1596360
vt 0.2785030 0.1561100
vt 0.2710040 0.1581350
vt 0.2722530 0.1548140
vt 0.4179970 0.8360580
vt 0.3941230 0.8929300
vt 0.4070080 0.9440890
vt 0.3941700 0.8419420
vt 0.3918990 0.8449590
vt 0.3912400 0.8933340
vt 0.3941760 0.9430100
vt 0.3906270 0.9439480
vt 0.3880620 0.9570710
vt 0.3933320 0.9596050
vt 0.3839100 0.9640750
vt 0.3838690 0.9589190
vt 0.3839100 0.9640750
vt 0.3697480 0.8184790
vt 0.3716270 0.8420750
vt 0.3830300 0.8198380
vt 0.3828920 0.8396780
vt 0.3941700 0.8419420
vt 0.3829120 0.8443830
vt 0.3834060 0.8936040
vt 0.3837360 0.9427140
vt 0.3868100 0.9539500
vt 0.3838530 0.9568240
vt 0.3796490 0.9571350
vt 0.3744180 0.9597440
vt 0.3733060 0.9431640
vt 0.3605170 0.9444140
vt 0.3739440 0.8450660
vt 0.3963730 0.8186860
vt 0.3726730 0.8931180
vt 0.3755630 0.8934700
vt 0.3768650 0.9440520
vt 0.3478570 0.8367560
vt 0.3716270 0.8420750
vt 0.3808500 0.9539950
vt 0.3838280 0.9537550
vt 0.3835410 0.4928310
vt 0.3248580 0.4910830
vt 0.3226180 0.4927150
vt 0.6567090 0.7565620
vt 0.6575110 0.7554040
vt 0.6540740 0.7522690
vt 0.6529510 0.7531290
vt 0.6517790 0.7482210
vt 0.6504440 0.7486930
vt 0.6501610 0.7386060
vt 0.6515620 0.7389860
vt 0.6558830 0.7303070
vt 0.6568000 0.7314550
vt 0.6653890 0.7281150
vt 0.6651190 0.7267050
vt 0.6655900 0.7307200
vt 0.6584680 0.7334630
vt 0.6540910 0.7396830
vt 0.6542210 0.7472570
vt 0.6561060 0.7506030
vt 0.6589330 0.7531970
vt 0.6624200 0.7547860
vt 0.6617510 0.7573240
vt 0.6662240 0.7552190
vt 0.6663750 0.7578390
vt 0.6699780 0.7544610
vt 0.6709310 0.7569050
vt 0.6733200 0.7525910
vt 0.6749810 0.7546220
vt 0.6787750 0.7329070
vt 0.6776310 0.7337360
vt 0.6798660 0.7378140
vt 0.6812030 0.7373840
vt 0.6807190 0.7423880
vt 0.6821170 0.7423910
vt 0.6801190 0.7470030
vt 0.6814460 0.7474320
vt 0.6781430 0.7512130
vt 0.6792740 0.7520260
vt 0.6758100 0.7557420
vt 0.6713800 0.7582270
vt 0.6663970 0.7592380
vt 0.6613410 0.7586660
vt 0.6759390 0.7497890
vt 0.6775850 0.7463200
vt 0.6780960 0.7425130
vt 0.6774070 0.7387370
vt 0.6755740 0.7353700
vt 0.6727610 0.7327530
vt 0.6742370 0.7305800
vt 0.6654340 0.7306930
vt 0.6653510 0.7280840
vt 0.6655050 0.7266490
vt 0.6750700 0.7294070
vt 0.3359050 0.7640050
vt 0.3365370 0.7554880
vt 0.3346380 0.7688020
vt 0.2475080 0.5890880
vt 0.2394460 0.5887300
vt 0.2401440 0.7047790
vt 0.2481680 0.7050810
vt 0.2403400 0.7160350
vt 0.2483390 0.7166000
vt 0.3059960 0.7163170
vt 0.3059810 0.7047300
vt 0.3054280 0.5887390
vt 0.2184230 0.3088200
vt 0.2170700 0.3118990
vt 0.2571370 0.3197090
vt 0.3151180 0.3349420
vt 0.3190910 0.3333890
vt 0.2928120 0.3352280
vt 0.3101950 0.3432260
vt 0.3106680 0.3613200
vt 0.2890310 0.3343200
vt 0.2614630 0.3725860
vt 0.2594630 0.3747560
vt 0.2107060 0.3253840
vt 0.2067190 0.3302590
vt 0.3172060 0.3686640
vt 0.3214170 0.3697640
vt 0.2028510 0.3318010
vt 0.2012470 0.3843390
vt 0.2598120 0.3828930
vt 0.1990930 0.3319630
vt 0.8911260 0.0855350
vt 0.8901210 0.0599260
vt 0.8803900 0.0651250
vt 0.8969830 0.0599840
vt 0.9007140 0.0794310
vt 0.9080360 0.0732870
vt 0.9041400 0.0577630
vt 0.9113680 0.0576880
vt 0.9087150 0.0466060
vt 0.9038100 0.0462570
vt 0.9101850 0.0313380
vt 0.9033360 0.0307290
vt 0.8942700 0.0307350
vt 0.8961640 0.0479640
vt 0.8876450 0.0482430
vt 0.8853470 0.0303060
vt 0.9184180 0.0596880
vt 0.9184020 0.0477500
vt 0.9191400 0.0311840
vt 0.9176460 0.0098370
vt 0.9095120 0.0099000
vt 0.9025520 0.0095170
vt 0.8927310 0.0074560
vt 0.8833320 0.0061130
vt 0.8722280 0.0072700
vt 0.8733110 0.0328810
vt 0.8776010 0.0522670
vt 0.9080360 0.0732870
vt 0.9180760 0.0704880
vt 0.9284660 0.0620210
vt 0.9292920 0.0496940
vt 0.9303410 0.0320230
vt 0.9280940 0.0074230
vt 0.9303410 0.0320230
vt 0.9378870 0.0078440
vt 0.9247710 0.0811110
vt 0.9284660 0.0620210
vt 0.9411280 0.0646080
vt 0.9292920 0.0496940
vt 0.9442700 0.0518360
vt 0.9464920 0.0326000
vt 0.9480100 0.0070880
vt 0.9339930 0.0871830
vt 0.3057270 0.8643280
vt 0.3057630 0.8575030
vt 0.2484350 0.8640470
vt 0.2475460 0.9956200
vt 0.3048890 0.9959860
vt 0.2483390 0.7166000
vt 0.2403400 0.7160350
vt 0.2403870 0.7419190
vt 0.2484200 0.7422820
vt 0.3060210 0.7421150
vt 0.3060110 0.7667680
vt 0.2484800 0.7668510
vt 0.3059770 0.7869100
vt 0.2484840 0.7869260
vt 0.3059300 0.8083150
vt 0.2484690 0.8082840
vt 0.3058740 0.8267510
vt 0.2484000 0.8266630
vt 0.2484270 0.8573860
vt 0.2405230 0.8644910
vt 0.2396510 0.9955340
vt 0.3059960 0.7163170
vt 0.2404470 0.7665550
vt 0.2404380 0.7866310
vt 0.2404590 0.8077960
vt 0.2403660 0.8264180
vt 0.2404180 0.8566520
vt 0.0319470 0.4252740
vt 0.0319020 0.4365440
vt 0.0360380 0.4364930
vt 0.0238440 0.4364890
vt 0.0239150 0.4252220
vt 0.0155820 0.4361860
vt 0.0156340 0.4248780
vt 0.0068950 0.4242890
vt 0.0068970 0.4357370
vt 0.0063450 0.4473940
vt 0.0150720 0.4481170
vt 0.0235480 0.4486620
vt 0.0318670 0.4488330
vt 0.0361190 0.4487780
vt 0.0403620 0.4486570
vt 0.0403990 0.4611530
vt 0.0446660 0.4610790
vt 0.0441950 0.4739190
vt 0.0486340 0.4739160
vt 0.0433120 0.5993720
vt 0.0478290 0.5999870
vt 0.0428160 0.6116140
vt 0.0317770 0.4612010
vt 0.0232240 0.4610270
vt 0.0309040 0.4737590
vt 0.0220860 0.4734720
vt 0.0213580 0.5994540
vt 0.0145720 0.4605660
vt 0.0131510 0.4730340
vt 0.0124240 0.6003000
vt 0.0209870 0.6117960
vt 0.0361080 0.4611960
vt 0.0353420 0.4738470
vt 0.0299560 0.5988650
vt 0.0294570 0.6111570
vt 0.0294490 0.6217110
vt 0.0209540 0.6224810
vt 0.0293260 0.6320520
vt 0.0206330 0.6326170
vt 0.0295180 0.6423960
vt 0.0206560 0.6427210
vt 0.0297790 0.6549500
vt 0.0209250 0.6552480
vt 0.0220510 0.6669170
vt 0.0136420 0.6666600
vt 0.0338780 0.6319750
vt 0.0338630 0.6216280
vt 0.0340710 0.6423320
vt 0.0384170 0.6320210
vt 0.0382860 0.6217500
vt 0.0426630 0.6220680
vt 0.0383880 0.6112700
vt 0.0388870 0.5989770
vt 0.0397750 0.4738990
vt 0.0344460 0.5988090
vt 0.0339160 0.6111280
vt 0.0472590 0.6121580
vt 0.0471370 0.6225800
vt 0.0428870 0.6321970
vt 0.0386370 0.6423230
vt 0.0344170 0.6548040
vt 0.0304130 0.6671190
vt 0.0223110 0.6974930
vt 0.0130740 0.6970000
vt 0.0138540 0.8720960
vt 0.0226840 0.8720960
vt 0.0313570 0.6977530
vt 0.0317150 0.8720960
vt 0.0359500 0.6977320
vt 0.0347280 0.6671330
vt 0.0037830 0.6965480
vt 0.0047920 0.8720960
vt 0.0047920 0.9040540
vt 0.0138540 0.9040540
vt 0.0226840 0.9040540
vt 0.0317150 0.9040540
vt 0.0365790 0.9040540
vt 0.0365790 0.8720960
vt 0.0405760 0.6975790
vt 0.0390520 0.6670230
vt 0.0390760 0.6547280
vt 0.0436770 0.6546960
vt 0.0431810 0.6423640
vt 0.0434970 0.6667990
vt 0.0452080 0.6972870
vt 0.0414060 0.8720960
vt 0.0414060 0.9040540
vt 0.0365790 0.9306730
vt 0.0317150 0.9306740
vt 0.0226840 0.9306730
vt 0.0138540 0.9306740
vt 0.0047920 0.9306730
vt 0.0414060 0.9306730
vt 0.0138540 0.9506030
vt 0.0576150 0.6425970
vt 0.0519570 0.6329620
vt 0.0526040 0.6425280
vt 0.0477900 0.6424350
vt 0.0482460 0.6546920
vt 0.0479910 0.6664530
vt 0.0498670 0.6968570
vt 0.0461990 0.8720960
vt 0.0461990 0.9040540
vt 0.0461990 0.9306740
vt 0.0508990 0.9040540
vt 0.0508990 0.9306730
vt 0.0553290 0.9040540
vt 0.0553290 0.9306730
vt 0.0545650 0.6963110
vt 0.0508990 0.8720960
vt 0.0553290 0.8720960
vt 0.0597040 0.8720960
vt 0.0597040 0.9040540
vt 0.0641460 0.8720960
vt 0.0592800 0.6956840
vt 0.0639740 0.6950340
vt 0.0575080 0.6654830
vt 0.0624700 0.6648020
vt 0.0526260 0.6660060
vt 0.0528590 0.6546770
vt 0.0597040 0.9306730
vt 0.0641460 0.9040540
vt 0.0686160 0.8720960
vt 0.0686740 0.6944330
vt 0.0676290 0.6640920
vt 0.0622230 0.6432510
vt 0.0597040 0.9506030
vt 0.0641460 0.9506030
vt 0.0641460 0.9306740
vt 0.0686160 0.9040540
vt 0.0731360 0.8720960
vt 0.0734760 0.6939310
vt 0.0725910 0.6634300
vt 0.0672590 0.6433850
vt 0.0662890 0.6258560
vt 0.0612660 0.6248730
vt 0.0563160 0.6239150
vt 0.0614710 0.6028790
vt 0.0569340 0.6018110
vt 0.0660240 0.6038970
vt 0.0706600 0.6047280
vt 0.0712550 0.6267230
vt 0.0722600 0.6434530
vt 0.0772600 0.6629010
vt 0.0782890 0.6935250
vt 0.0776180 0.8720960
vt 0.0731360 0.9040540
vt 0.0686160 0.9306740
vt 0.0658150 0.4355510
vt 0.0660470 0.4471870
vt 0.0702620 0.4354820
vt 0.0703800 0.4470420
vt 0.0704480 0.4605430
vt 0.0748680 0.4605470
vt 0.0711620 0.4738740
vt 0.0757980 0.4739140
vt 0.0754110 0.6053230
vt 0.0758360 0.6273310
vt 0.0768030 0.6434640
vt 0.0810220 0.6434320
vt 0.0802060 0.6275510
vt 0.0800620 0.6056420
vt 0.0665880 0.4738590
vt 0.0804810 0.4739800
vt 0.0793450 0.4605840
vt 0.0747470 0.4469980
vt 0.0747340 0.4354770
vt 0.0703050 0.4231830
vt 0.0748500 0.4231380
vt 0.0702350 0.4131920
vt 0.0746810 0.4131460
vt 0.0746310 0.4026890
vt 0.0701800 0.4026850
vt 0.0702980 0.3918670
vt 0.0657730 0.4026860
vt 0.0657550 0.3917560
vt 0.0613930 0.4026850
vt 0.0657950 0.4133260
vt 0.0660440 0.4240370
vt 0.0613900 0.4134030
vt 0.0570480 0.4026800
vt 0.0791500 0.4470600
vt 0.0852300 0.4740750
vt 0.0838890 0.4606190
vt 0.0835960 0.4472070
vt 0.0792280 0.4355360
vt 0.0829890 0.6932600
vt 0.0821250 0.8720960
vt 0.0818670 0.6626350
vt 0.0852950 0.6433000
vt 0.0847070 0.6271490
vt 0.0846280 0.6056170
vt 0.0940150 0.6053200
vt 0.0947990 0.4743030
vt 0.0929650 0.4605700
vt 0.0924710 0.4476230
vt 0.0837430 0.4356500
vt 0.0864240 0.6627010
vt 0.0959020 0.6630100
vt 0.0942600 0.6424270
vt 0.0940540 0.6251910
vt 0.0957700 0.9954530
vt 0.0957700 0.9849300
vt 0.0866990 0.9954530
vt 0.0866990 0.9849300
vt 0.0821250 0.9954530
vt 0.0821250 0.9849300
vt 0.0776180 0.9954530
vt 0.0776180 0.9849300
vt 0.0821250 0.9506030
vt 0.0776180 0.9506030
vt 0.0821250 0.9306740
vt 0.0776180 0.9306740
vt 0.0821250 0.9040540
vt 0.0776180 0.9040540
vt 0.0866990 0.8720960
vt 0.0877330 0.6931440
vt 0.0866990 0.9040540
vt 0.0731360 0.9306740
vt 0.0731360 0.9506030
vt 0.0731360 0.9849300
vt 0.0731360 0.9954530
vt 0.0686160 0.9954530
vt 0.0957700 0.9506030
vt 0.0866990 0.9506030
vt 0.0866990 0.9306730
vt 0.0957700 0.9306730
vt 0.0957700 0.9040540
vt 0.0957700 0.8720960
vt 0.0974280 0.6932770
vt 0.0508990 0.9954530
vt 0.0553290 0.9954530
vt 0.0508990 0.9849300
vt 0.0553290 0.9849300
vt 0.0597040 0.9954530
vt 0.0597040 0.9849300
vt 0.0641460 0.9954530
vt 0.0641460 0.9849300
vt 0.0686160 0.9849300
vt 0.0686160 0.9506030
vt 0.0553290 0.9506030
vt 0.0508990 0.9506030
vt 0.0461990 0.9506030
vt 0.0461990 0.9849300
vt 0.0414060 0.9506030
vt 0.0414060 0.9849300
vt 0.0365790 0.9506030
vt 0.0365790 0.9849300
vt 0.0317150 0.9506030
vt 0.0317150 0.9849300
vt 0.0226840 0.9849300
vt 0.0226840 0.9506030
vt 0.0138540 0.9849300
vt 0.0138540 0.9506030
vt 0.0047920 0.9506030
vt 0.0047920 0.9849300
vt 0.0047920 0.9954530
vt 0.0138540 0.9954530
vt 0.0226840 0.9954530
vt 0.0317150 0.9954530
vt 0.0365790 0.9954530
vt 0.0414060 0.9954530
vt 0.0461990 0.9954530
vt 0.2563080 0.5612410
vt 0.2539720 0.5710450
vt 0.2649010 0.5613860
vt 0.2686960 0.5706820
vt 0.2804370 0.5617360
vt 0.2719440 0.5564340
vt 0.2649010 0.5613860
vt 0.2797790 0.5336220
vt 0.2675100 0.5252350
vt 0.2652140 0.5342900
vt 0.2719960 0.5398690
vt 0.2609120 0.5480830
vt 0.2747070 0.5482000
vt 0.2649010 0.5613860
vt 0.2563080 0.5612410
vt 0.2494780 0.5561280
vt 0.2418670 0.5627390
vt 0.2566880 0.5353950
vt 0.2539720 0.5710450
vt 0.2846390 0.5475720
vt 0.2747070 0.5482000
vt 0.2804370 0.5617360
vt 0.2368680 0.5488910
vt 0.2418670 0.5627390
vt 0.2468850 0.5479770
vt 0.2368680 0.5488910
vt 0.2495470 0.5398460
vt 0.2526560 0.5255440
vt 0.2409840 0.5346990
vt 0.2357750 0.5314580
vt 0.2307350 0.5493050
vt 0.2370970 0.5666760
vt 0.2524070 0.5770170
vt 0.2708920 0.5764480
vt 0.2686960 0.5706820
vt 0.2855530 0.5651080
vt 0.2907780 0.5472890
vt 0.2409840 0.5346990
vt 0.2468850 0.5479770
vt 0.2846390 0.5475720
vt 0.2845000 0.5297340
vt 0.2797790 0.5336220
vt 0.2690250 0.5193130
vt 0.2503740 0.5198940
vt 0.0058770 0.4597970
vt 0.0040230 0.4724660
vt 0.0033780 0.6010910
vt 0.0127290 0.6236690
vt 0.0123610 0.6436230
vt 0.0047130 0.6661880
vt 0.0042970 0.6254830
vt 0.0040400 0.6445380
vt 0.6735750 0.8403460
vt 0.6694880 0.8229640
vt 0.6689370 0.8408110
vt 0.6643360 0.8400610
vt 0.6600870 0.8381460
vt 0.6564780 0.8351920
vt 0.6537550 0.8314100
vt 0.6521050 0.8270510
vt 0.6516400 0.8224130
vt 0.6523900 0.8178130
vt 0.6543070 0.8135630
vt 0.6572580 0.8099550
vt 0.6610410 0.8072320
vt 0.6654010 0.8055820
vt 0.6700390 0.8051150
vt 0.6746400 0.8058670
vt 0.6788890 0.8077830
vt 0.6824980 0.8107340
vt 0.6852200 0.8145180
vt 0.6868700 0.8188780
vt 0.6873370 0.8235140
vt 0.6865850 0.8281160
vt 0.6846690 0.8323650
vt 0.6817190 0.8359730
vt 0.6779340 0.8386970
vt 0.0833330 0.3590480
vt 0.0832120 0.3295120
vt 0.0789710 0.3296570
vt 0.0915590 0.3291070
vt 0.0918530 0.3585280
vt 0.0836190 0.3703380
vt 0.0921970 0.3700380
vt 0.0838670 0.3825490
vt 0.0925440 0.3823050
vt 0.0840130 0.3920450
vt 0.0927020 0.3919260
vt 0.0923520 0.4026880
vt 0.0926880 0.4359160
vt 0.0921800 0.4245450
vt 0.0840740 0.4234250
vt 0.0924280 0.4135720
vt 0.0836260 0.4132880
vt 0.0835660 0.4027240
vt 0.0794480 0.3920340
vt 0.0794040 0.3825480
vt 0.0791690 0.3703860
vt 0.0789420 0.3592510
vt 0.0747340 0.3297500
vt 0.0745410 0.3593690
vt 0.0704900 0.3297860
vt 0.0747050 0.3703560
vt 0.0749480 0.3824240
vt 0.0748650 0.3919710
vt 0.0790900 0.4027080
vt 0.0791490 0.4131900
vt 0.0794460 0.4232260
vt 0.0704970 0.3821740
vt 0.0702440 0.3702370
vt 0.0701360 0.3593630
vt 0.0662320 0.3297700
vt 0.0657400 0.3592240
vt 0.0619620 0.3297100
vt 0.0441730 0.3576340
vt 0.0399740 0.3573920
vt 0.0401710 0.3691460
vt 0.0443300 0.3691890
vt 0.0484100 0.3579390
vt 0.0485220 0.3692750
vt 0.0526890 0.3582870
vt 0.0527580 0.3694100
vt 0.0570080 0.3586430
vt 0.0570490 0.3695940
vt 0.0613610 0.3589700
vt 0.0613990 0.3698150
vt 0.0658030 0.3700440
vt 0.0660500 0.3818430
vt 0.0525680 0.3915740
vt 0.0528060 0.3809740
vt 0.0483420 0.3915740
vt 0.0484800 0.3808420
vt 0.0441740 0.3915880
vt 0.0442200 0.3807880
vt 0.0400420 0.3916070
vt 0.0400150 0.3807920
vt 0.0571880 0.3811930
vt 0.0616090 0.3814950
vt 0.0612730 0.3916600
vt 0.0568750 0.3916000
vt 0.0527300 0.4026750
vt 0.0484790 0.4026710
vt 0.0442960 0.4026710
vt 0.0401670 0.4026730
vt 0.0360790 0.4026800
vt 0.0359290 0.3916250
vt 0.0358730 0.3808370
vt 0.0360200 0.3691360
vt 0.0318390 0.3916380
vt 0.0320160 0.4026960
vt 0.0360930 0.4136420
vt 0.0402490 0.4136110
vt 0.0444110 0.4135840
vt 0.0485870 0.4135560
vt 0.0527930 0.4135220
vt 0.0570460 0.4134700
vt 0.0615990 0.4242500
vt 0.0486100 0.4248650
vt 0.0485210 0.4362010
vt 0.0527540 0.4360550
vt 0.0443920 0.4250080
vt 0.0570420 0.4358850
vt 0.0574410 0.4476940
vt 0.0528810 0.4246880
vt 0.0572110 0.4244770
vt 0.0614020 0.4357030
vt 0.0617360 0.4474160
vt 0.0617530 0.4606590
vt 0.0660780 0.4605800
vt 0.0620440 0.4738620
vt 0.0574590 0.4607620
vt 0.0531470 0.4479820
vt 0.0575510 0.4738780
vt 0.0531860 0.4608740
vt 0.0488700 0.4482490
vt 0.0443320 0.4363220
vt 0.0402190 0.4251220
vt 0.0360760 0.4252110
vt 0.0401760 0.4364180
vt 0.0446100 0.4484780
vt 0.0489250 0.4609830
vt 0.0530740 0.4738990
vt 0.0523790 0.6008300
vt 0.0516800 0.6129040
vt 0.0518520 0.6232860
vt 0.0473880 0.6325070
vt 0.0319390 0.4136780
vt 0.0239130 0.4136960
vt 0.0157830 0.4135840
vt 0.0073270 0.4133330
vt 0.0074840 0.4027160
vt 0.0160460 0.4027290
vt 0.0077770 0.3919530
vt 0.0160840 0.3918200
vt 0.0074430 0.3819300
vt 0.0159170 0.3816090
vt 0.0073210 0.3696910
vt 0.0241460 0.4027260
vt 0.0239980 0.3916980
vt 0.0320550 0.3289850
vt 0.0316730 0.3571480
vt 0.0363060 0.3290550
vt 0.0236480 0.3572220
vt 0.0237560 0.3289850
vt 0.0155680 0.3575400
vt 0.0154620 0.3292250
vt 0.0073040 0.3579050
vt 0.0157160 0.3695130
vt 0.0239210 0.3812070
vt 0.0072100 0.3296470
vt 0.0317770 0.3809170
vt 0.0238360 0.3692810
vt 0.0318710 0.3691490
vt 0.0358100 0.3572260
vt 0.0405660 0.3291510
vt 0.0576820 0.3296170
vt 0.0533970 0.3295050
vt 0.0491120 0.3293840
vt 0.0448340 0.3292640
vt 0.2022460 0.4216790
vt 0.1965880 0.4686200
vt 0.2608780 0.4308410
vt 0.2608620 0.4282500
vt 0.2629660 0.4303200
vt 0.2608110 0.4201060
vt 0.4321990 0.9969270
vt 0.4321990 0.9803440
vt 0.4279620 0.9803450
vt 0.4279620 0.9969270
vt 0.4237070 0.9803440
vt 0.4237070 0.9969270
vt 0.4194310 0.9803450
vt 0.4194310 0.9969270
vt 0.4150880 0.9803450
vt 0.4150880 0.9969270
vt 0.4107590 0.9803450
vt 0.4107590 0.9969270
vt 0.4063840 0.9803450
vt 0.4063840 0.9969270
vt 0.4021050 0.9803440
vt 0.4021050 0.9969270
vt 0.3977970 0.9803450
vt 0.3977970 0.9969270
vt 0.3936020 0.9803440
vt 0.3936020 0.9969270
vt 0.3894770 0.9803450
vt 0.3894770 0.9969270
vt 0.3936020 0.9717150
vt 0.3894770 0.9717150
vt 0.3854990 0.9717150
vt 0.3854990 0.9803450
vt 0.3854990 0.9969270
vt 0.4321990 0.9717150
vt 0.4279620 0.9717150
vt 0.4237070 0.9717150
vt 0.4194300 0.9717150
vt 0.4150880 0.9717150
vt 0.4107590 0.9717150
vt 0.4063840 0.9717150
vt 0.4021050 0.9717150
vt 0.3977970 0.9717150
vt 0.6528270 0.8082210
vt 0.6387860 0.8055640
vt 0.6513170 0.8124280
vt 0.6485840 0.8159650
vt 0.6448910 0.8184850
vt 0.6405990 0.8197380
vt 0.6361310 0.8196050
vt 0.6319230 0.8180970
vt 0.6283850 0.8153610
vt 0.6258670 0.8116690
vt 0.6246130 0.8073770
vt 0.6247460 0.8029090
vt 0.6262550 0.7987000
vt 0.6289890 0.7951640
vt 0.6326820 0.7926450
vt 0.6369740 0.7913920
vt 0.6414420 0.7915240
vt 0.6456510 0.7930330
vt 0.6491880 0.7957670
vt 0.6517050 0.7994600
vt 0.6529610 0.8037520
vt 0.6386020 0.5849180
vt 0.6220760 0.5939580
vt 0.6404670 0.5906650
vt 0.6595550 0.5816590
vt 0.6593270 0.5877290
vt 0.6590040 0.6055030
vt 0.6459850 0.6075590
vt 0.6256700 0.5989200
vt 0.6094670 0.6168770
vt 0.6043070 0.6139540
vt 0.5985010 0.6276380
vt 0.6193680 0.6861860
vt 0.6319190 0.6731870
vt 0.6237600 0.6641410
vt 0.6083990 0.6723480
vt 0.6151330 0.6906490
vt 0.6031590 0.6751520
vt 0.5968550 0.6572960
vt 0.6027570 0.6561480
vt 0.5959440 0.6429400
vt 0.6019380 0.6430940
vt 0.6043340 0.6293240
vt 0.6247420 0.6251150
vt 0.6360570 0.6137010
vt 0.6565870 0.6448320
vt 0.6715950 0.6074530
vt 0.6592310 0.6847600
vt 0.6599580 0.7025040
vt 0.6698580 0.6831720
vt 0.6400050 0.6991080
vt 0.6380860 0.7048700
vt 0.6455350 0.6822390
vt 0.6201790 0.6528950
vt 0.6197170 0.6436740
vt 0.6216970 0.6340710
vt 0.6602290 0.7085350
vt 0.6750290 0.6999230
vt 0.6924840 0.6905870
vt 0.6817780 0.6765000
vt 0.7057180 0.6750130
vt 0.7108340 0.6782410
vt 0.7190140 0.6556420
vt 0.6768120 0.7056040
vt 0.6961440 0.6953930
vt 0.6775130 0.5910270
vt 0.6795960 0.5853030
vt 0.6984540 0.5962440
vt 0.6945900 0.6009890
vt 0.7127350 0.6145650
vt 0.7073340 0.6174990
vt 0.7193100 0.6363200
vt 0.7132600 0.6371780
vt 0.7129470 0.6546740
vt 0.6906560 0.6657030
vt 0.6832620 0.6145690
vt 0.6918910 0.6260400
vt 0.6956750 0.6396210
vt 0.6951860 0.6516950
vt 0.8051520 0.6982250
vt 0.8122970 0.6883900
vt 0.7935920 0.7019820
vt 0.8122970 0.6762340
vt 0.8051510 0.6664000
vt 0.7935900 0.6626440
vt 0.7624570 0.6626460
vt 0.7624590 0.7019830
vt 0.4704290 0.9969270
vt 0.4704290 0.9803440
vt 0.4664100 0.9803450
vt 0.4664100 0.9969270
vt 0.4622640 0.9803440
vt 0.4622640 0.9969270
vt 0.4580310 0.9803440
vt 0.4580310 0.9969270
vt 0.4537370 0.9803450
vt 0.4537370 0.9969270
vt 0.4494440 0.9803440
vt 0.4494440 0.9969270
vt 0.4451570 0.9803440
vt 0.4451570 0.9969270
vt 0.4407940 0.9803450
vt 0.4407940 0.9969270
vt 0.4365160 0.9803450
vt 0.4365160 0.9969270
vt 0.4704290 0.9717150
vt 0.4664100 0.9717150
vt 0.4622640 0.9717150
vt 0.4580310 0.9717150
vt 0.4537370 0.9717150
vt 0.4494440 0.9717150
vt 0.4451570 0.9717150
vt 0.4407950 0.9717150
vt 0.4365160 0.9717150
vt 0.9674740 0.9293720
vt 0.9678290 0.9154020
vt 0.9436870 0.9286450
vt 0.9440090 0.9146430
vt 0.9553850 0.8961660
vt 0.9424350 0.8952210
vt 0.9555970 0.8824900
vt 0.9407770 0.8810110
vt 0.9551320 0.8584980
vt 0.9483800 0.9950240
vt 0.9653200 0.9938070
vt 0.9284550 0.9945340
vt 0.9294210 0.9282720
vt 0.9296930 0.9142900
vt 0.9225420 0.8940460
vt 0.9209760 0.8799030
vt 0.9412160 0.8572900
vt 0.9536520 0.8133710
vt 0.9416610 0.8124880
vt 0.9535800 0.7421520
vt 0.9213090 0.8563150
vt 0.9110340 0.8797800
vt 0.9108520 0.8939390
vt 0.9105850 0.9141380
vt 0.9104000 0.9280540
vt 0.9094910 0.9942820
vt 0.8905290 0.9940270
vt 0.8913800 0.9277810
vt 0.8914810 0.9138000
vt 0.8991640 0.8937500
vt 0.9010900 0.8796550
vt 0.9013350 0.8560760
vt 0.9113220 0.8561810
vt 0.9217970 0.8117540
vt 0.9423430 0.7414750
vt 0.9539490 0.6309850
vt 0.9537910 0.6249770
vt 0.9432500 0.6311680
vt 0.9225050 0.7409380
vt 0.9118290 0.8116400
vt 0.9018610 0.8115340
vt 0.8819870 0.8118310
vt 0.8814130 0.8565710
vt 0.8812670 0.8802690
vt 0.8792470 0.8944210
vt 0.8771600 0.9137810
vt 0.8771080 0.9277780
vt 0.8705980 0.9939820
vt 0.8533110 0.9278620
vt 0.8523410 0.9926090
vt 0.8533280 0.9138970
vt 0.8662760 0.8950280
vt 0.8664110 0.8813700
vt 0.8674730 0.8574400
vt 0.8699860 0.8124520
vt 0.8715090 0.7413700
vt 0.8827490 0.7409060
vt 0.9025880 0.7407480
vt 0.9125460 0.7408510
vt 0.9239450 0.5873330
vt 0.9440440 0.5861980
vt 0.9291570 0.5357010
vt 0.9436750 0.6180300
vt 0.9236090 0.6186490
vt 0.9432660 0.6225460
vt 0.9234770 0.6231760
vt 0.9430970 0.6257190
vt 0.9234130 0.6263540
vt 0.9234310 0.6317510
vt 0.9135110 0.6318220
vt 0.9035920 0.6316030
vt 0.8837840 0.6307250
vt 0.8730920 0.6303720
vt 0.8733400 0.6243750
vt 0.8732890 0.6210460
vt 0.8839000 0.6221070
vt 0.8840210 0.6252830
vt 0.9036940 0.6262080
vt 0.9135540 0.6263080
vt 0.9135780 0.6230990
vt 0.9136140 0.6181750
vt 0.9036780 0.6230290
vt 0.9036130 0.6185010
vt 0.8959560 0.4555100
vt 0.9146240 0.4561640
vt 0.9146560 0.4519100
vt 0.9333010 0.4556850
vt 0.9333520 0.4604870
vt 0.9145870 0.4609270
vt 0.9323550 0.5003560
vt 0.9143090 0.5017260
vt 0.9322930 0.5075370
vt 0.9142540 0.5089370
vt 0.9141040 0.5356790
vt 0.9138250 0.5869280
vt 0.9036990 0.5871800
vt 0.8835570 0.6175870
vt 0.8990520 0.5355110
vt 0.8962340 0.5073390
vt 0.8962800 0.5001420
vt 0.8958390 0.4603060
vt 0.8814050 0.4591320
vt 0.8814560 0.4542170
vt 0.8631670 0.4568930
vt 0.8629190 0.4537960
vt 0.8423840 0.4561210
vt 0.8420240 0.4543550
vt 0.8836020 0.5857530
vt 0.8819170 0.5367440
vt 0.8799260 0.5042220
vt 0.8799280 0.4973720
vt 0.8720150 0.4952250
vt 0.8421930 0.4581510
vt 0.8368150 0.5049500
vt 0.8719690 0.5018540
vt 0.8730210 0.5364990
vt 0.8726970 0.5866190
vt 0.8730130 0.6158000
vt 0.9327540 0.3683650
vt 0.9328890 0.3629000
vt 0.9149680 0.3628650
vt 0.9149840 0.3683960
vt 0.9149960 0.3758550
vt 0.8972520 0.3685190
vt 0.8969730 0.3759230
vt 0.8828030 0.3748550
vt 0.8814860 0.4182670
vt 0.8613900 0.4123870
vt 0.8614410 0.4355920
vt 0.8353320 0.4249750
vt 0.8625100 0.4498950
vt 0.8814920 0.4499760
vt 0.8959610 0.4512430
vt 0.8813970 0.4402280
vt 0.8960460 0.4200190
vt 0.9148470 0.4210810
vt 0.8959330 0.4415690
vt 0.9147170 0.4423910
vt 0.9330450 0.3757960
vt 0.9336740 0.4201040
vt 0.9335200 0.4417200
vt 0.9333570 0.4514130
vt 0.9472810 0.3746240
vt 0.9482900 0.4184120
vt 0.9480980 0.4405050
vt 0.9478460 0.4502850
vt 0.9478240 0.4545370
vt 0.9478120 0.4594640
vt 0.9487340 0.4977880
vt 0.9486300 0.5046130
vt 0.9462770 0.5371350
vt 0.9661030 0.4574420
vt 0.9566810 0.4957350
vt 0.9663890 0.4543430
vt 0.9668540 0.4504380
vt 0.9681890 0.4360590
vt 0.9685530 0.4125990
vt 0.9648720 0.3757710
vt 0.9643320 0.3677920
vt 0.9854110 0.3690320
vt 0.9646710 0.3620150
vt 0.9855900 0.3632180
vt 0.9655080 0.3516190
vt 0.9476590 0.3513530
vt 0.9662600 0.2725210
vt 0.9468400 0.3669040
vt 0.9470650 0.3613090
vt 0.9917570 0.5060320
vt 0.9566090 0.5023520
vt 0.9871070 0.4590480
vt 0.9869350 0.4570160
vt 0.9873240 0.4552570
vt 0.9947370 0.4256930
vt 0.9857330 0.3735920
vt 0.9111400 0.1502450
vt 0.9105120 0.1221520
vt 0.8924240 0.1233280
vt 0.9286280 0.1224930
vt 0.9297310 0.1505400
vt 0.9430640 0.1228940
vt 0.9441720 0.1515360
vt 0.9309320 0.1835650
vt 0.9457510 0.1846490
vt 0.9321440 0.2321370
vt 0.9471280 0.2330830
vt 0.9328440 0.2692290
vt 0.9478010 0.2703740
vt 0.9332940 0.3532790
vt 0.9658510 0.2352860
vt 0.9642430 0.1858290
vt 0.9625630 0.1547160
vt 0.9575010 0.1187780
vt 0.9410700 0.0967510
vt 0.9259950 0.0970830
vt 0.9099740 0.0982160
vt 0.8939300 0.0978580
vt 0.9864100 0.3535480
vt 0.9894240 0.2854440
vt 0.9895570 0.2515160
vt 0.9862400 0.2343090
vt 0.9863420 0.1658790
vt 0.9841230 0.1509820
vt 0.9819650 0.1059240
vt 0.9546360 0.0928120
vt 0.9855590 0.0872090
vt 0.9098880 0.0946580
vt 0.9259950 0.0970830
vt 0.8939300 0.0978580
vt 0.9098880 0.0946580
vt 0.8932490 0.0944450
vt 0.9265180 0.0936400
vt 0.9405020 0.0913230
vt 0.9495970 0.0902130
vt 0.9570970 0.0788120
vt 0.9902150 0.0743720
vt 0.9615700 0.0604880
vt 0.9930070 0.0658210
vt 0.9612910 0.0454390
vt 0.9960350 0.0514930
vt 0.9659000 0.0329000
vt 0.9949830 0.0363110
vt 0.9720100 0.0221300
vt 0.9845040 0.0017460
vt 0.9898920 0.0052580
vt 0.8358300 0.0043590
vt 0.8303970 0.0078030
vt 0.8248400 0.0388880
vt 0.8479900 0.0249270
vt 0.8539180 0.0357270
vt 0.8236530 0.0541540
vt 0.8583550 0.0482290
vt 0.8266050 0.0685630
vt 0.8579470 0.0631580
vt 0.8294170 0.0771710
vt 0.8624350 0.0811490
vt 0.8342230 0.0900780
vt 0.8651940 0.0949630
vt 0.8701310 0.0921640
vt 0.8788930 0.0982680
vt 0.8792120 0.0928190
vt 0.8383550 0.1088920
vt 0.8633930 0.1208640
vt 0.8780130 0.1243700
vt 0.8925790 0.1513750
vt 0.9118980 0.1829840
vt 0.9130120 0.2313070
vt 0.9137710 0.2682810
vt 0.9149100 0.3530780
vt 0.8829560 0.3616200
vt 0.8832180 0.3671810
vt 0.8970840 0.3630720
vt 0.8965690 0.3534940
vt 0.8947790 0.2698940
vt 0.8939520 0.2328820
vt 0.8929140 0.1843880
vt 0.8781950 0.1530070
vt 0.8599630 0.1570100
vt 0.8382290 0.1542540
vt 0.8367850 0.1692660
vt 0.8597810 0.1881130
vt 0.8822380 0.3517500
vt 0.8781730 0.1861160
vt 0.8790580 0.2344170
vt 0.8799550 0.2715540
vt 0.8617620 0.2743170
vt 0.8645480 0.3522350
vt 0.8654940 0.3624810
vt 0.8658620 0.3681970
vt 0.8605290 0.2373720
vt 0.8401900 0.2373060
vt 0.8377320 0.2544950
vt 0.8393670 0.2877550
vt 0.8439450 0.3544100
vt 0.8448100 0.3638230
vt 0.8450100 0.3695180
vt 0.8653280 0.3760870
vt 0.8447080 0.3739990
vt 0.3833160 0.9965140
vt 0.3835230 0.9741860
vt 0.3509720 0.9738850
vt 0.3078770 0.9958160
vt 0.3448470 0.9246840
vt 0.3445160 0.9156330
vt 0.3348810 0.9147200
vt 0.3090950 0.8621530
vt 0.3309300 0.8852140
vt 0.3291810 0.8623350
vt 0.3292250 0.8439540
vt 0.3309550 0.8158980
vt 0.3517270 0.9259680
vt 0.7372980 0.6564050
vt 0.7488580 0.6601610
vt 0.7301520 0.6465710
vt 0.7301510 0.6344150
vt 0.7372960 0.6245800
vt 0.7488550 0.6208230
vt 0.7799880 0.6208200
vt 0.7799910 0.6601580
vt 0.1965880 0.4686200
vt 0.2057550 0.4842180
vt 0.2608780 0.4308410
vt 0.2700470 0.4464390
vt 0.2719020 0.4453480
vt 0.2627330 0.4297510
vt 0.7079370 0.7917680
vt 0.7077590 0.8008770
vt 0.7163080 0.8008770
vt 0.7163140 0.7895560
vt 0.7792470 0.7897530
vt 0.7792420 0.8009060
vt 0.0748690 0.2341390
vt 0.0760520 0.2357430
vt 0.0926700 0.2282560
vt 0.0779780 0.2367810
vt 0.0721070 0.1984850
vt 0.1068900 0.2165180
vt 0.1093860 0.2001910
vt 0.1034320 0.2438380
vt 0.1024240 0.2450500
vt 0.0770750 0.2379070
vt 0.0752270 0.2368710
vt 0.0735010 0.2348350
vt 0.0727150 0.2303920
vt 0.0532420 0.2003100
vt 0.0720970 0.1841060
vt 0.0433760 0.1856620
vt 0.0712630 0.2310330
vt 0.1153030 0.2537080
vt 0.1141750 0.2543680
vt 0.1149380 0.2548720
vt 0.1147490 0.2532420
vt 0.1223020 0.2221970
vt 0.1238090 0.2045320
vt 0.1317920 0.1895530
vt 0.1243280 0.1765690
vt 0.0718800 0.1777820
vt 0.0635270 0.1771780
vt 0.1163830 0.2537820
vt 0.1407110 0.2559450
vt 0.0712870 0.1603450
vt 0.0380600 0.1495550
vt 0.1219700 0.1610590
vt 0.1354330 0.1715060
vt 0.1401160 0.1805550
vt 0.1509840 0.1901130
vt 0.1449630 0.2026090
vt 0.1438330 0.2086010
vt 0.1432560 0.2264110
vt 0.1675050 0.2288920
vt 0.1674020 0.2597540
vt 0.1955540 0.2307070
vt 0.1955990 0.2631530
vt 0.1248280 0.1461030
vt 0.1557580 0.2068260
vt 0.1341070 0.1596640
vt 0.3161520 0.2621270
vt 0.3054890 0.2739700
vt 0.3111180 0.2749830
vt 0.2977130 0.2730170
vt 0.2825450 0.2631830
vt 0.2784250 0.2740600
vt 0.2298360 0.2641350
vt 0.2290400 0.2773550
vt 0.1893690 0.2797390
vt 0.1835370 0.2791940
vt 0.1760720 0.2780460
vt 0.1612930 0.2695010
vt 0.1402660 0.2570430
vt 0.1159470 0.2550600
vt 0.1746890 0.2792370
vt 0.2295070 0.2318740
vt 0.2817620 0.2305980
vt 0.3150220 0.2296300
vt 0.3211700 0.2631020
vt 0.3182450 0.2786660
vt 0.3203540 0.2800850
vt 0.3360490 0.2696630
vt 0.3307730 0.2842250
vt 0.3192510 0.2814410
vt 0.3307730 0.2842250
vt 0.3429970 0.2763250
vt 0.3374210 0.2489890
vt 0.3499720 0.2753700
vt 0.3507520 0.2805050
vt 0.3430780 0.2814290
vt 0.3329270 0.2875660
vt 0.3261370 0.2881880
vt 0.3144180 0.2904610
vt 0.3126360 0.2844130
vt 0.2921630 0.2942080
vt 0.2913570 0.2891980
vt 0.2547940 0.2989600
vt 0.2485040 0.2946190
vt 0.1940440 0.3078880
vt 0.1937310 0.3026260
vt 0.1911790 0.3079150
vt 0.1895730 0.3074790
vt 0.1902340 0.3027220
vt 0.1871800 0.3064380
vt 0.1764530 0.2954460
vt 0.1739430 0.2986760
vt 0.1755320 0.2932530
vt 0.1511840 0.2842840
vt 0.1564540 0.2765410
vt 0.1350620 0.2741550
vt 0.1568130 0.0260120
vt 0.1512870 0.0181590
vt 0.1289410 0.0359480
vt 0.0444930 0.0965060
vt 0.0558570 0.0760010
vt 0.0435070 0.0923750
vt 0.0641860 0.1051430
vt 0.0756420 0.0809500
vt 0.0669690 0.0664210
vt 0.0795100 0.0604230
vt 0.0965280 0.0614780
vt 0.0916990 0.0514460
vt 0.1341920 0.0197570
vt 0.1470370 0.0100880
vt 0.1582880 0.0145110
vt 0.1885690 0.0170090
vt 0.1929250 0.0278100
vt 0.1782860 0.0750530
vt 0.1596110 0.0851920
vt 0.1771850 0.1009260
vt 0.1784390 0.0118950
vt 0.1582880 0.0145110
vt 0.1929250 0.0278100
vt 0.1957610 0.0213340
vt 0.1957610 0.0213340
vt 0.2023040 0.0273780
vt 0.1535240 0.0046000
vt 0.1859400 0.0055050
vt 0.1931240 0.0088740
vt 0.1975020 0.0172860
vt 0.2021690 0.0252090
vt 0.2027040 0.0263720
vt 0.2023040 0.0273780
vt 0.2178870 0.0383310
vt 0.2174820 0.0392300
vt 0.2344000 0.0473440
vt 0.2331790 0.0512220
vt 0.2528410 0.0490560
vt 0.1614820 0.1155330
vt 0.1771550 0.1151070
vt 0.1607430 0.1026790
vt 0.1974830 0.1054720
vt 0.1964760 0.0675340
vt 0.1971240 0.0329720
vt 0.2126760 0.0445740
vt 0.2174820 0.0392300
vt 0.2284630 0.0566670
vt 0.2149420 0.0664490
vt 0.1604790 0.1004880
vt 0.1418540 0.1059230
vt 0.1436120 0.1203570
vt 0.1473540 0.1235880
vt 0.2153350 0.1110330
vt 0.1964130 0.1199350
vt 0.2129890 0.1272930
vt 0.2077760 0.1336320
vt 0.1936020 0.1237350
vt 0.1886030 0.1291230
vt 0.1979190 0.1384220
vt 0.1763780 0.1187640
vt 0.1627170 0.1189540
vt 0.1473540 0.1235880
vt 0.1332090 0.1326850
vt 0.2532120 0.0547790
vt 0.2457000 0.0550790
vt 0.2477840 0.0588010
vt 0.2400230 0.0536280
vt 0.2360780 0.0540190
vt 0.2327820 0.0625800
vt 0.2409900 0.1116700
vt 0.2410050 0.1193690
vt 0.2363640 0.1348860
vt 0.2169630 0.1479230
vt 0.2032270 0.1499470
vt 0.1513930 0.1283620
vt 0.1637020 0.1235780
vt 0.1751950 0.1236700
vt 0.1863180 0.1321770
vt 0.1946570 0.1405010
vt 0.1994390 0.1510170
vt 0.2049190 0.1597660
vt 0.2190290 0.1612740
vt 0.2367550 0.1762510
vt 0.2158520 0.1785650
vt 0.2349480 0.2146730
vt 0.2053010 0.1963230
vt 0.1953640 0.2135030
vt 0.2904720 0.2126090
vt 0.2574660 0.1995560
vt 0.2456910 0.1894110
vt 0.2033290 0.1724290
vt 0.1954080 0.1849080
vt 0.1866150 0.1912350
vt 0.1927940 0.2059610
vt 0.1787280 0.2100590
vt 0.1762470 0.1940540
vt 0.1850440 0.1878450
vt 0.1928170 0.1823040
vt 0.1997590 0.1714290
vt 0.2010360 0.1600860
vt 0.1677470 0.1942680
vt 0.1674410 0.2101780
vt 0.1787280 0.2100590
vt 0.1756870 0.1902380
vt 0.1678960 0.1903960
vt 0.1587770 0.1927600
vt 0.1595210 0.1895720
vt 0.1524870 0.1873530
vt 0.1557580 0.2068260
vt 0.1427140 0.1787810
vt 0.1385880 0.1707190
vt 0.1374930 0.1598610
vt 0.1392350 0.1493340
vt 0.1359900 0.1482210
vt 0.1416870 0.1373500
vt 0.1744510 0.1274330
vt 0.1643280 0.1269030
vt 0.1533330 0.1311510
vt 0.1444730 0.1393330
vt 0.0756420 0.0809500
vt 0.1027720 0.0703210
vt 0.0965280 0.0614780
vt 0.1314180 0.0483130
vt 0.1289410 0.0359480
vt 0.1404820 0.0903170
vt 0.1410920 0.1032140
vt 0.1162530 0.1129610
vt 0.1188100 0.1292160
vt 0.1219700 0.1610590
vt 0.0173580 0.1519790
vt 0.0365310 0.1798430
vt 0.0393690 0.1775530
vt 0.0178290 0.1433780
vt 0.0345480 0.1334260
vt 0.0697020 0.1384340
vt 0.0944010 0.1336760
vt 0.0929680 0.1196850
vt 0.1129300 0.1112370
vt 0.0997570 0.0892180
vt 0.0838120 0.0895950
vt 0.0913090 0.1162820
vt 0.0913090 0.1162820
vt 0.0913090 0.1162820
vt 0.0690370 0.1158360
vt 0.0641860 0.1051430
vt 0.0690370 0.1158360
vt 0.0641860 0.1051430
vt 0.0444930 0.0965060
vt 0.0392230 0.1114410
vt 0.0680680 0.1211290
vt 0.0913090 0.1162820
vt 0.0392230 0.1114410
vt 0.0341430 0.1101920
vt 0.0294980 0.1096480
vt 0.0168450 0.1148890
vt 0.0249540 0.1105220
vt 0.0145560 0.1144020
vt 0.0115930 0.1163800
vt 0.0124120 0.1272090
vt 0.0168450 0.1148890
vt 0.0219910 0.1081760
vt 0.0367480 0.0988930
vt 0.0444930 0.0965060
vt 0.0435070 0.0923750
vt 0.0283250 0.1005540
vt 0.0287560 0.1026130
vt 0.0204710 0.1044530
vt 0.0140830 0.1090540
vt 0.0107910 0.1118280
vt 0.0072930 0.1172060
vt 0.0036390 0.1258210
vt 0.0128540 0.1461290
vt 0.0367480 0.0988930
vt 0.0341430 0.1101920
vt 0.0287560 0.1026130
vt 0.0294980 0.1096480
vt 0.0219910 0.1081760
vt 0.0249540 0.1105220
vt 0.3832790 0.2728480
vt 0.3807920 0.2676440
vt 0.3769080 0.2613340
vt 0.3649790 0.2295770
vt 0.3575500 0.2138390
vt 0.1676070 0.2115180
vt 0.5984220 0.8298530
vt 0.6490830 0.8663400
vt 0.6196870 0.8300390
vt 0.6651530 0.8550980
vt 0.6705490 0.8694660
vt 0.6475630 0.9111210
vt 0.6688270 0.9113430
vt 0.6103110 0.9417630
vt 0.5890500 0.9415430
vt 0.8019200 0.6399860
vt 0.8078910 0.6237660
vt 0.7984500 0.6208180
vt 0.7799880 0.6208200
vt 0.7799910 0.6601580
vt 0.7984540 0.6601560
vt 0.8078940 0.6572060
vt 0.2731000 0.0501670
vt 0.2806760 0.0563800
vt 0.2835330 0.0554630
vt 0.2940880 0.0510610
vt 0.3209740 0.0601390
vt 0.3249000 0.0522920
vt 0.3344160 0.0650350
vt 0.3381700 0.0590660
vt 0.3480120 0.0674850
vt 0.3535330 0.0761500
vt 0.3560630 0.0728780
vt 0.3647700 0.0829680
vt 0.3662650 0.0787420
vt 0.3698950 0.0803220
vt 0.3721560 0.0820150
vt 0.3734340 0.0847660
vt 0.3665650 0.0880580
vt 0.2635850 0.0529620
vt 0.2739950 0.0553820
vt 0.2781980 0.0593400
vt 0.2064090 0.5391000
vt 0.1985650 0.5404380
vt 0.1983460 0.5438710
vt 0.2070970 0.5446870
vt 0.2069980 0.5523250
vt 0.1950550 0.5532150
vt 0.1967800 0.5676830
vt 0.2088860 0.5673210
vt 0.1985750 0.5896020
vt 0.2108410 0.5896790
vt 0.1995960 0.6124190
vt 0.2119660 0.6126890
vt 0.2005990 0.6502830
vt 0.2131010 0.6508450
vt 0.2128530 0.6710380
vt 0.1991140 0.6738010
vt 0.2115960 0.6833190
vt 0.2105960 0.6859310
vt 0.1970100 0.7112620
vt 0.1978350 0.7227360
vt 0.2004160 0.7278760
vt 0.9538910 0.6216470
vt 0.9542450 0.6164020
vt 0.9549350 0.5872140
vt 0.9551750 0.5369870
vt 0.0976430 0.4024440
vt 0.0980000 0.4196610
vt 0.1273210 0.4058090
vt 0.1271830 0.3878210
vt 0.0971560 0.3837830
vt 0.1269510 0.3637890
vt 0.0971070 0.3647660
vt 0.0971940 0.3635040
vt 0.1269260 0.3605330
vt 0.0983430 0.3542600
vt 0.1268560 0.3494040
vt 0.1028910 0.3462610
vt 0.1268030 0.3454230
vt 0.1563670 0.3562580
vt 0.1542490 0.3508520
vt 0.1516280 0.3477780
vt 0.1390610 0.3401980
vt 0.1267670 0.3393150
vt 0.1145150 0.3404000
vt 0.1058770 0.3391840
vt 0.1477630 0.3392870
vt 0.0988590 0.4946570
vt 0.1279650 0.4939980
vt 0.0987800 0.4879390
vt 0.1279170 0.4875380
vt 0.0984520 0.4573050
vt 0.1276960 0.4569930
vt 0.0982420 0.4377830
vt 0.1275530 0.4374230
vt 0.1274190 0.4191530
vt 0.1568490 0.4192330
vt 0.1569600 0.4020070
vt 0.1571790 0.3833270
vt 0.1569530 0.3642790
vt 0.1568490 0.3630140
vt 0.1568680 0.4373570
vt 0.1569410 0.4568800
vt 0.1570590 0.4875170
vt 0.1570780 0.4942360
vt 0.1571080 0.5022340
vt 0.1552590 0.5495570
vt 0.1572670 0.5497930
vt 0.1577670 0.5473030
vt 0.1538790 0.5481390
vt 0.1582330 0.5440030
vt 0.1520160 0.5453480
vt 0.1516040 0.5419140
vt 0.1579140 0.5411040
vt 0.1576780 0.5369170
vt 0.1513200 0.5366920
vt 0.1576830 0.5245260
vt 0.1513280 0.5243050
vt 0.1513480 0.5215120
vt 0.1574940 0.5149590
vt 0.1281170 0.5151030
vt 0.1280290 0.5028410
vt 0.0989460 0.5026540
vt 0.0987450 0.5153820
vt 0.0984420 0.5444330
vt 0.0977820 0.5474900
vt 0.1040220 0.5487560
vt 0.1046830 0.5456980
vt 0.1050490 0.5422530
vt 0.0987240 0.5415290
vt 0.0989000 0.5373400
vt 0.1052560 0.5370180
vt 0.0987000 0.5249510
vt 0.1050500 0.5246310
vt 0.1049850 0.5218430
vt 0.1281570 0.5207230
vt 0.3252530 0.6865360
vt 0.3094750 0.6855330
vt 0.3135750 0.7024350
vt 0.3280380 0.7280020
vt 0.3154360 0.7351510
vt 0.3371640 0.7424420
vt 0.3131270 0.7507590
vt 0.3365370 0.7554880
vt 0.3346380 0.7688020
vt 0.3135820 0.7735820
vt 0.6878680 0.7363720
vt 0.7240060 0.7086470
vt 0.6837220 0.7087600
vt 0.7906710 0.7088510
vt 0.7631260 0.7086420
vt 0.7907090 0.7636020
vt 0.7632040 0.7638660
vt 0.7592190 0.7086340
vt 0.7592990 0.7638840
vt 0.7240870 0.7639780
vt 0.6838020 0.7639940
vt 0.3151180 0.3349420
vt 0.3101950 0.3432260
vt 0.3186330 0.3368400
vt 0.3147650 0.3439980
vt 0.3152710 0.3611850
vt 0.3106680 0.3613200
vt 0.8584610 0.5787130
vt 0.8580880 0.5725090
vt 0.8519460 0.5791030
vt 0.8519440 0.5732490
vt 0.8457980 0.5725100
vt 0.8454280 0.5787160
vt 0.3884660 0.0773810
vt 0.3805890 0.0873950
vt 0.3883340 0.0933030
vt 0.3878510 0.1260060
vt 0.3800250 0.1330230
vt 0.3874900 0.1428930
vt 0.3262990 0.0366090
vt 0.3261750 0.0466870
vt 0.4740460 0.0388480
vt 0.3715020 0.0720120
vt 0.5091160 0.0568110
vt 0.5227020 0.0678070
vt 0.5299350 0.0793850
vt 0.5303820 0.0967180
vt 0.5289460 0.1293540
vt 0.5273500 0.1450050
vt 0.4503030 0.1636460
vt 0.3165090 0.1616020
vt 0.3160480 0.1587720
vt 0.3746760 0.1284910
vt 0.3764820 0.0864810
vt 0.5150070 0.1641320
vt 0.7905950 0.7834110
vt 0.8111040 0.7834000
vt 0.8108370 0.7720100
vt 0.7254620 0.7720530
vt 0.7254680 0.7834430
vt 0.8108720 0.9675240
vt 0.8109320 0.9643340
vt 0.7900110 0.9643330
vt 0.7255720 0.9675230
vt 0.7255720 0.9643330
vt 0.2067190 0.3302590
vt 0.2028510 0.3318010
vt 0.2594630 0.3747560
vt 0.2532120 0.0547790
vt 0.2477840 0.0588010
vt 0.2453910 0.0698390
vt 0.2551020 0.0674040
vt 0.2635850 0.0529620
vt 0.2629670 0.0664890
vt 0.2739950 0.0553820
vt 0.2708460 0.0690880
vt 0.2781980 0.0593400
vt 0.2784780 0.0729570
vt 0.5015840 0.9969900
vt 0.5016410 0.9517760
vt 0.4969230 0.9969850
vt 0.4969800 0.9517710
vt 0.4922620 0.9969790
vt 0.4923180 0.9517650
vt 0.4876000 0.9969730
vt 0.4876570 0.9517590
vt 0.4829380 0.9969660
vt 0.4829950 0.9517530
vt 0.4782770 0.9969610
vt 0.4783320 0.9517470
vt 0.4736160 0.9969550
vt 0.4736730 0.9517410
vt 0.5435380 0.9970420
vt 0.5435940 0.9518290
vt 0.5388760 0.9970360
vt 0.5389320 0.9518220
vt 0.5342130 0.9970300
vt 0.5342700 0.9518170
vt 0.5295530 0.9970250
vt 0.5296100 0.9518110
vt 0.5248910 0.9970190
vt 0.5249480 0.9518050
vt 0.5202320 0.9970140
vt 0.5202880 0.9518000
vt 0.5155690 0.9970070
vt 0.5156250 0.9517940
vt 0.5109080 0.9970020
vt 0.5109630 0.9517880
vt 0.5062460 0.9969960
vt 0.5063030 0.9517820
vt 0.5854910 0.9970940
vt 0.5855470 0.9518800
vt 0.5808290 0.9970880
vt 0.5808860 0.9518740
vt 0.5761680 0.9970820
vt 0.5762240 0.9518690
vt 0.5715060 0.9970770
vt 0.5715630 0.9518630
vt 0.5668430 0.9970710
vt 0.5669010 0.9518580
vt 0.5621840 0.9970660
vt 0.5622400 0.9518520
vt 0.5575220 0.9970590
vt 0.5575780 0.9518450
vt 0.5528610 0.9970540
vt 0.5529170 0.9518400
vt 0.5481990 0.9970470
vt 0.5482560 0.9518340
vt 0.1279030 0.6464250
vt 0.1279080 0.6666150
vt 0.1392390 0.6671740
vt 0.1470600 0.5336730
vt 0.1470630 0.5249990
vt 0.1280250 0.5255580
vt 0.1280140 0.5343270
vt 0.1470930 0.5495320
vt 0.1279940 0.5510080
vt 0.1473530 0.6015130
vt 0.1279350 0.6011590
vt 0.1466630 0.6158050
vt 0.1279210 0.6155290
vt 0.1463470 0.6302530
vt 0.1279100 0.6300390
vt 0.1460700 0.6467790
vt 0.1421070 0.6690910
vt 0.1452430 0.6702400
vt 0.5730610 0.7510320
vt 0.5763330 0.7510560
vt 0.5774380 0.7423520
vt 0.5734070 0.7396690
vt 0.1161070 0.6668610
vt 0.1279080 0.6666150
vt 0.1279030 0.6464250
vt 0.1280250 0.5255580
vt 0.1091560 0.5249920
vt 0.1091680 0.5335570
vt 0.1280140 0.5343270
vt 0.1088280 0.5493960
vt 0.1279940 0.5510080
vt 0.1083230 0.6014510
vt 0.1279350 0.6011590
vt 0.1087020 0.6162740
vt 0.1279210 0.6155290
vt 0.1101770 0.6306090
vt 0.1279100 0.6300390
vt 0.1105140 0.6462660
vt 0.1129780 0.6686020
vt 0.1096390 0.6695180
vt 0.1077810 0.6697340
vt 0.7642960 0.2678900
vt 0.7732390 0.2504680
vt 0.7630980 0.2416620
vt 0.7955040 0.2678850
vt 0.8075960 0.2675100
vt 0.7960500 0.2634590
vt 0.7845210 0.2701350
vt 0.7850290 0.2575430
vt 0.7750120 0.2695300
vt 0.7955040 0.2678850
vt 0.7895200 0.3047860
vt 0.7642960 0.2678900
vt 0.8168190 0.2711010
vt 0.8075990 0.2663050
vt 0.7960500 0.2634590
vt 0.8232460 0.2762400
vt 0.8333800 0.2857240
vt 0.8244380 0.2735500
vt 0.8161930 0.2654550
vt 0.8090760 0.2629640
vt 0.7973120 0.2584180
vt 0.7850290 0.2575430
vt 0.8238720 0.2865380
vt 0.8239970 0.2815710
vt 0.7443560 0.3124720
vt 0.7663570 0.3052120
vt 0.7642960 0.2678900
vt 0.7436490 0.3601780
vt 0.7511570 0.4008110
vt 0.7545130 0.4009790
vt 0.7476220 0.3565750
vt 0.7394510 0.3268880
vt 0.7438370 0.3253140
vt 0.7675250 0.3180480
vt 0.7857590 0.3143610
vt 0.8172290 0.3207380
vt 0.8253180 0.2861320
vt 0.8251530 0.2808350
vt 0.8220930 0.2766530
vt 0.8164220 0.2722460
vt 0.7936160 0.3899460
vt 0.7842940 0.3400060
vt 0.7955040 0.2678850
vt 0.8268620 0.3231410
vt 0.8216210 0.3355800
vt 0.7996010 0.3926740
vt 0.7897130 0.4061750
vt 0.7584830 0.4123980
vt 0.7536950 0.4126300
vt 0.7548710 0.4277020
vt 0.7602420 0.4283640
vt 0.7542360 0.4385900
vt 0.7492400 0.4355580
vt 0.7766660 0.4374200
vt 0.7566710 0.4422860
vt 0.7394450 0.4499050
vt 0.7361370 0.4492960
vt 0.7446280 0.4356500
vt 0.7379170 0.4413810
vt 0.7405990 0.4356380
vt 0.7305730 0.4558260
vt 0.7424300 0.4565120
vt 0.7394450 0.4499050
vt 0.7481560 0.4546300
vt 0.7461000 0.4977350
vt 0.7487470 0.4985950
vt 0.7445550 0.5056740
vt 0.7501620 0.4269770
vt 0.7459260 0.4262700
vt 0.7409480 0.4256000
vt 0.7369000 0.4368600
vt 0.7094940 0.4570370
vt 0.7108740 0.4599510
vt 0.6823870 0.4752100
vt 0.6843240 0.4783730
vt 0.6590080 0.4911520
vt 0.6856330 0.4818990
vt 0.6610710 0.4945890
vt 0.6639770 0.4999450
vt 0.6253180 0.5038390
vt 0.6246910 0.5112580
vt 0.7349440 0.4156200
vt 0.6261030 0.5470460
vt 0.6712700 0.5429240
vt 0.6916750 0.5240570
vt 0.6247180 0.4994460
vt 0.6079020 0.5015430
vt 0.6091160 0.5066430
vt 0.5844730 0.5088710
vt 0.5841320 0.5037520
vt 0.6571200 0.4879820
vt 0.6223670 0.4978920
vt 0.6086790 0.4983370
vt 0.5829550 0.4977720
vt 0.5610730 0.5013290
vt 0.5606160 0.5054380
vt 0.5600370 0.5106630
vt 0.5835760 0.5147600
vt 0.5596210 0.5161130
vt 0.5613440 0.5206880
vt 0.5498950 0.5161640
vt 0.5448150 0.5494660
vt 0.5385040 0.5153940
vt 0.4891210 0.5430570
vt 0.4923370 0.5129530
vt 0.5208700 0.5018770
vt 0.4933330 0.5005220
vt 0.5501920 0.5110420
vt 0.5596210 0.5161130
vt 0.5502250 0.5045210
vt 0.5807550 0.5503970
vt 0.4223300 0.5363990
vt 0.5613440 0.5206880
vt 0.5830490 0.5215230
vt 0.5888430 0.5674350
vt 0.6105720 0.5461060
vt 0.5999200 0.5185890
vt 0.5830490 0.5215230
vt 0.6125140 0.5129710
vt 0.6025570 0.5129880
vt 0.6125140 0.5129710
vt 0.5999200 0.5185890
vt 0.5830490 0.5215230
vt 0.6137450 0.5547520
vt 0.5956310 0.5803990
vt 0.5634290 0.5807570
vt 0.6033260 0.5948650
vt 0.5589000 0.6064530
vt 0.5611050 0.6162470
vt 0.5570060 0.6103950
vt 0.5386790 0.6303120
vt 0.5336520 0.6240220
vt 0.5343990 0.6315070
vt 0.5290150 0.6240740
vt 0.5317590 0.6318620
vt 0.5273740 0.6307080
vt 0.4660930 0.6007930
vt 0.6328620 0.5800270
vt 0.6267930 0.5489330
vt 0.6705170 0.5454330
vt 0.6721480 0.5447960
vt 0.6734710 0.5440390
vt 0.6935550 0.5259960
vt 0.7370380 0.5095280
vt 0.7386550 0.5113670
vt 0.7403140 0.5075650
vt 0.7417370 0.5093380
vt 0.7422540 0.5046370
vt 0.7328250 0.4621890
vt 0.7386060 0.4518320
vt 0.7322700 0.4566710
vt 0.7105930 0.4656250
vt 0.7305730 0.4558260
vt 0.7120440 0.4747340
vt 0.7090480 0.4953730
vt 0.6898700 0.4871440
vt 0.7386060 0.4518320
vt 0.7322700 0.4566710
vt 0.4127110 0.2905110
vt 0.4138790 0.3021840
vt 0.4155700 0.3022310
vt 0.4155870 0.2910730
vt 0.4179260 0.2928800
vt 0.4199160 0.3054390
vt 0.3468160 0.3076450
vt 0.3340460 0.3130660
vt 0.3383530 0.3219930
vt 0.3528970 0.3178210
vt 0.3676530 0.2984180
vt 0.3718410 0.3104580
vt 0.3809790 0.2954290
vt 0.3833750 0.3081100
vt 0.4138790 0.3021840
vt 0.7855630 0.2545880
vt 0.7732390 0.2504680
vt 0.7639840 0.2389510
vt 0.5646500 0.1869810
vt 0.5689370 0.1894580
vt 0.5667300 0.1810570
vt 0.5980460 0.1925490
vt 0.5967500 0.2008050
vt 0.6275780 0.2051760
vt 0.6266190 0.2132870
vt 0.6567160 0.2184540
vt 0.6378460 0.1988970
vt 0.6573770 0.2078380
vt 0.6638830 0.2109610
vt 0.6897250 0.2240260
vt 0.6240410 0.2183310
vt 0.6502590 0.2303270
vt 0.6531130 0.2257200
vt 0.6931200 0.2305030
vt 0.7013820 0.2296440
vt 0.5536700 0.1727220
vt 0.5614930 0.1812890
vt 0.5629350 0.1723220
vt 0.5915050 0.1792890
vt 0.6188030 0.1908810
vt 0.5646500 0.1869810
vt 0.5939510 0.2069180
vt 0.5928510 0.2135460
vt 0.7642960 0.2678900
vt 0.7630980 0.2416620
vt 0.7192080 0.2545040
vt 0.7219190 0.2398010
vt 0.7174390 0.2390860
vt 0.7057190 0.2406800
vt 0.7096960 0.2332310
vt 0.7004490 0.2449450
vt 0.6978490 0.2478520
vt 0.6931140 0.2520410
vt 0.6480900 0.2338510
vt 0.6213290 0.2237730
vt 0.5975600 0.2810320
vt 0.5572300 0.2220430
vt 0.6040940 0.3171760
vt 0.5683500 0.2806190
vt 0.5330700 0.2388160
vt 0.5391730 0.2736850
vt 0.5126390 0.2709330
vt 0.5291390 0.3389210
vt 0.5065970 0.3426630
vt 0.5085510 0.3464920
vt 0.4804970 0.3516500
vt 0.4842340 0.3709880
vt 0.4669530 0.2806700
vt 0.4894500 0.2774500
vt 0.5025090 0.2423860
vt 0.4927340 0.2227610
vt 0.4943220 0.2139020
vt 0.5002440 0.2089590
vt 0.5486840 0.1928210
vt 0.5589320 0.1989160
vt 0.5637990 0.1943700
vt 0.5689370 0.1894580
vt 0.5587770 0.1908910
vt 0.5646500 0.1869810
vt 0.4807530 0.2484820
vt 0.4927340 0.2227610
vt 0.5536700 0.1727220
vt 0.5533850 0.1808880
vt 0.5614930 0.1812890
vt 0.5412810 0.1759070
vt 0.5486840 0.1928210
vt 0.4955310 0.1942550
vt 0.4943220 0.2139020
vt 0.4876040 0.2053290
vt 0.4818250 0.2188130
vt 0.4807530 0.2484820
vt 0.4714840 0.2450130
vt 0.4693590 0.2714060
vt 0.4598000 0.2724480
vt 0.5009160 0.1811940
vt 0.4613630 0.2676870
vt 0.5416560 0.1591630
vt 0.4937730 0.1762040
vt 0.5541590 0.1630820
vt 0.5536700 0.1727220
vt 0.4884770 0.1916250
vt 0.4876040 0.2053290
vt 0.4836150 0.2042320
vt 0.4820350 0.1944170
vt 0.4834400 0.1878270
vt 0.4804740 0.2156670
vt 0.4593160 0.3183410
vt 0.4551140 0.3247400
vt 0.4600770 0.3053560
vt 0.4551680 0.2932200
vt 0.4437300 0.2948540
vt 0.4530870 0.2958200
vt 0.4640440 0.2800060
vt 0.4604500 0.2818970
vt 0.4669530 0.2806700
vt 0.4551680 0.2932200
vt 0.4569110 0.2858460
vt 0.4455790 0.3299510
vt 0.4351450 0.3297070
vt 0.4416110 0.3519130
vt 0.4435020 0.3699220
vt 0.4456850 0.4245840
vt 0.4899500 0.4231750
vt 0.4876330 0.4751960
vt 0.5534230 0.4301330
vt 0.5471020 0.4780850
vt 0.4915550 0.4961850
vt 0.5486090 0.4962310
vt 0.5208700 0.5018770
vt 0.5494750 0.4998810
vt 0.5525650 0.4989230
vt 0.5502250 0.5045210
vt 0.5502250 0.5045210
vt 0.5525650 0.4989230
vt 0.4353360 0.4913190
vt 0.4181950 0.4713260
vt 0.4152600 0.4271120
vt 0.4251920 0.3695960
vt 0.4240730 0.3520730
vt 0.4073070 0.3333420
vt 0.3896720 0.3341920
vt 0.3895420 0.3259640
vt 0.4060130 0.3250070
vt 0.4043730 0.3162250
vt 0.3894020 0.3158960
vt 0.3889960 0.3662090
vt 0.3916410 0.3487540
vt 0.3680930 0.3318430
vt 0.3528970 0.3178210
vt 0.3718410 0.3104580
vt 0.3833750 0.3081100
vt 0.4088860 0.3088400
vt 0.4211870 0.3148670
vt 0.4256960 0.3242320
vt 0.4138790 0.3021840
vt 0.4199160 0.3054390
vt 0.4155700 0.3022310
vt 0.3383530 0.3219930
vt 0.3385050 0.3286180
vt 0.3391480 0.3371420
vt 0.3424770 0.3553950
vt 0.3449910 0.3802160
vt 0.3450210 0.4062510
vt 0.3621100 0.4428510
vt 0.3408460 0.4487140
vt 0.3342820 0.4715030
vt 0.3942260 0.4896640
vt 0.4257080 0.4953330
vt 0.4365640 0.5027410
vt 0.3262740 0.4861060
vt 0.3835410 0.4928310
vt 0.4002350 0.4951380
vt 0.4217960 0.4972110
vt 0.3256340 0.4891880
vt 0.3248580 0.4910830
vt 0.4209050 0.5063130
vt 0.4047450 0.5060180
vt 0.3815150 0.5329490
vt 0.3951460 0.5039260
vt 0.3829860 0.5044620
vt 0.3916770 0.5001380
vt 0.3918490 0.4958190
vt 0.4002350 0.4951380
vt 0.3569300 0.5432280
vt 0.3475050 0.5513390
vt 0.3617350 0.5613340
vt 0.3406280 0.5390370
vt 0.3554380 0.5170170
vt 0.3721500 0.5349420
vt 0.3787990 0.5548500
vt 0.3875780 0.5497430
vt 0.3942400 0.5483340
vt 0.4034410 0.5474320
vt 0.4263110 0.5504830
vt 0.4878520 0.5607080
vt 0.5407290 0.5744400
vt 0.5495170 0.5766990
vt 0.5616370 0.5780580
vt 0.3617350 0.5613340
vt 0.3776020 0.5590310
vt 0.3760090 0.5568460
vt 0.4571580 0.6043840
vt 0.4148270 0.5800170
vt 0.4119600 0.5862810
vt 0.3869560 0.5651290
vt 0.3824450 0.5731380
vt 0.3671250 0.5674300
vt 0.3583360 0.5654460
vt 0.3467890 0.5561570
vt 0.3380420 0.5542620
vt 0.3388490 0.5494290
vt 0.3069740 0.5318170
vt 0.3226180 0.4927150
vt 0.2991940 0.5443850
vt 0.3008730 0.5404770
vt 0.6909610 0.2570680
vt 0.6945050 0.2556390
vt 0.6931140 0.2520410
vt 0.6963960 0.2516030
vt 0.6945050 0.2556390
vt 0.7032890 0.2570620
vt 0.6963960 0.2516030
vt 0.7098910 0.2610910
vt 0.7142860 0.2590300
vt 0.7248940 0.2749320
vt 0.7376390 0.2933890
vt 0.7363170 0.3049940
vt 0.7310490 0.3065160
vt 0.7346250 0.3282710
vt 0.7249820 0.3067920
vt 0.7310200 0.3311290
vt 0.7268260 0.3333420
vt 0.7362200 0.3670820
vt 0.7334270 0.3697480
vt 0.7642960 0.2678900
vt 0.7425670 0.4008750
vt 0.7468730 0.4007160
vt 0.7400160 0.3632640
vt 0.7383180 0.4010380
vt 0.7396260 0.4139200
vt 0.7453580 0.4133380
vt 0.7492940 0.4131420
vt 0.7154540 0.3034510
vt 0.7199480 0.3071910
vt 0.6808650 0.3239640
vt 0.6675450 0.3368380
vt 0.6750800 0.3417370
vt 0.6807060 0.3489760
vt 0.7070990 0.3336290
vt 0.6833660 0.3580580
vt 0.6830460 0.3679430
vt 0.7303950 0.3722390
vt 0.7334790 0.3997910
vt 0.7252440 0.3347040
vt 0.7268260 0.3333420
vt 0.7199480 0.3071910
vt 0.6197680 0.4716200
vt 0.6516110 0.4597280
vt 0.6077470 0.4250860
vt 0.6432440 0.4151420
vt 0.6736480 0.4496220
vt 0.6680430 0.4097480
vt 0.7035870 0.4332040
vt 0.7070030 0.4517060
vt 0.7369000 0.4368600
vt 0.7094940 0.4570370
vt 0.6795830 0.4699140
vt 0.6823870 0.4752100
vt 0.6556510 0.4821060
vt 0.6571200 0.4879820
vt 0.6169930 0.4904880
vt 0.6223670 0.4978920
vt 0.6169930 0.4904880
vt 0.6086790 0.4983370
vt 0.6197680 0.4716200
vt 0.6111770 0.4742160
vt 0.6077470 0.4250860
vt 0.6011640 0.4311570
vt 0.5941950 0.4362300
vt 0.6010800 0.4767630
vt 0.5829550 0.4977720
vt 0.5831710 0.4782210
vt 0.5809490 0.4398790
vt 0.5621680 0.4787570
vt 0.5829550 0.4977720
vt 0.5610730 0.5013290
vt 0.5809490 0.4398790
vt 0.5644030 0.4381460
vt 0.5597430 0.4355290
vt 0.5557820 0.4783410
vt 0.5534230 0.4301330
vt 0.5471020 0.4780850
vt 0.5486090 0.4962310
vt 0.3346380 0.7688020
vt 0.3135820 0.7735820
vt 0.3341850 0.7903530
vt 0.3143570 0.8384530
vt 0.3353030 0.7916270
vt 0.7793260 0.9923440
vt 0.7791720 0.9887190
vt 0.7169090 0.9901160
vt 0.7164010 0.9939250
vt 0.7079420 0.9919430
vt 0.3330440 0.4672250
vt 0.3286600 0.4678300
vt 0.3083110 0.4788650
vt 0.3197660 0.4635280
vt 0.3185370 0.4713580
vt 0.3096480 0.4755420
vt 0.3053590 0.4814260
vt 0.3001850 0.4737410
vt 0.2704210 0.4989440
vt 0.2721350 0.4459160
vt 0.2322860 0.5117280
vt 0.2307830 0.5087200
vt 0.2700470 0.4464390
vt 0.2237630 0.4955640
vt 0.2195410 0.4908910
vt 0.2156010 0.4895400
vt 0.2057550 0.4842180
vt 0.2118390 0.4895660
vt 0.3221190 0.4545820
vt 0.3282870 0.4468630
vt 0.3127170 0.4472600
vt 0.2984160 0.4596210
vt 0.3324530 0.4455320
vt 0.8392130 0.8823450
vt 0.8392130 0.8948110
vt 0.8607130 0.8928470
vt 0.8607130 0.8812810
vt 0.8392130 0.8695950
vt 0.8607130 0.8693410
vt 0.8607130 0.8571560
vt 0.8392130 0.8555690
vt 0.8607130 0.8449490
vt 0.8392130 0.8439560
vt 0.8607130 0.8329040
vt 0.8392130 0.8325840
vt 0.8392130 0.8212490
vt 0.8607130 0.8210130
vt 0.8392130 0.8098000
vt 0.8607130 0.8091840
vt 0.8392130 0.7980990
vt 0.8607130 0.7973700
vt 0.8607130 0.7856010
vt 0.8392130 0.7848080
vt 0.8392130 0.7719130
vt 0.8607130 0.7740030
vt 0.7905880 0.5779650
vt 0.7305170 0.5594900
vt 0.7303920 0.5775460
vt 0.8149610 0.5181010
vt 0.7965240 0.5179520
vt 0.8145660 0.5829900
vt 0.7960750 0.5828540
vt 0.7909710 0.5227520
vt 0.7307750 0.5223340
vt 0.7275720 0.5594700
vt 0.7278300 0.5223140
vt 0.7197020 0.5222570
vt 0.7194440 0.5594140
vt 0.8145960 0.6141300
vt 0.8312340 0.5859610
vt 0.8316220 0.5152800
vt 0.8150380 0.4870200
vt 0.8397020 0.4871030
vt 0.8396290 0.5153120
vt 0.8145320 0.6622330
vt 0.8392130 0.6622670
vt 0.8144810 0.6502580
vt 0.8392130 0.6504040
vt 0.8144720 0.6382630
vt 0.8392130 0.6386040
vt 0.8145140 0.6262220
vt 0.8392130 0.6267100
vt 0.8392130 0.6145060
vt 0.8392130 0.5858040
vt 0.8148250 0.8572520
vt 0.8392130 0.8555690
vt 0.8392130 0.8439560
vt 0.8144400 0.8452140
vt 0.8392130 0.8325840
vt 0.8143410 0.8333000
vt 0.8392130 0.8212490
vt 0.8143610 0.8214730
vt 0.8392130 0.8098000
vt 0.8144330 0.8096840
vt 0.8392130 0.7980990
vt 0.8145280 0.7978980
vt 0.8311560 0.7706750
vt 0.8145360 0.7680000
vt 0.8311490 0.7018570
vt 0.8145210 0.7044320
vt 0.8145600 0.6741920
vt 0.8392130 0.6743360
vt 0.8392130 0.7707390
vt 0.8392130 0.7021150
vt 0.7961490 0.7041390
vt 0.7961860 0.7683070
vt 0.6777990 0.7742380
vt 0.6760850 0.7756920
vt 0.6796930 0.7772830
vt 0.6776620 0.7782360
vt 0.6807380 0.7807130
vt 0.6785250 0.7810940
vt 0.6808480 0.7842810
vt 0.6785960 0.7840790
vt 0.6800100 0.7877620
vt 0.6779130 0.7869890
vt 0.6783550 0.7909200
vt 0.6765170 0.7896330
vt 0.6758970 0.7935300
vt 0.6744690 0.7918090
vt 0.6728570 0.7954030
vt 0.6719300 0.7933750
vt 0.6694490 0.7964240
vt 0.6690640 0.7942280
vt 0.6658980 0.7965420
vt 0.6660760 0.7943150
vt 0.6685590 0.7692930
vt 0.6683680 0.7715350
vt 0.6720400 0.7701040
vt 0.6712730 0.7722210
vt 0.6751890 0.7717900
vt 0.6739040 0.7736360
vt 0.6760850 0.7756920
vt 0.6712730 0.7722210
vt 0.6672250 0.7830000
vt 0.6739040 0.7736360
vt 0.6776620 0.7782360
vt 0.6785250 0.7810940
vt 0.6785960 0.7840790
vt 0.6779130 0.7869890
vt 0.6765170 0.7896330
vt 0.6744690 0.7918090
vt 0.6719300 0.7933750
vt 0.6690640 0.7942280
vt 0.6660760 0.7943150
vt 0.6631610 0.7936380
vt 0.6605290 0.7922470
vt 0.6583800 0.7901830
vt 0.6568140 0.7876320
vt 0.6559180 0.7847810
vt 0.6558290 0.7817930
vt 0.6565230 0.7788800
vt 0.6579430 0.7762430
vt 0.6599900 0.7740650
vt 0.6625250 0.7724910
vt 0.6653820 0.7716270
vt 0.6683680 0.7715350
vt 0.6592600 0.7940890
vt 0.6605290 0.7922470
vt 0.6566690 0.7916310
vt 0.6631610 0.7936380
vt 0.6592600 0.7940890
vt 0.6624230 0.7957440
vt 0.6658980 0.7965420
vt 0.6660760 0.7943150
vt 0.6631610 0.7936380
vt 0.6583800 0.7901830
vt 0.6547790 0.7886120
vt 0.6568140 0.7876320
vt 0.6537190 0.7851820
vt 0.6559180 0.7847810
vt 0.6535890 0.7816120
vt 0.6558290 0.7817930
vt 0.6544100 0.7781140
vt 0.6565230 0.7788800
vt 0.6561010 0.7749540
vt 0.6579430 0.7762430
vt 0.6585390 0.7723420
vt 0.6599900 0.7740650
vt 0.6615680 0.7704530
vt 0.6625250 0.7724910
vt 0.6649850 0.7694130
vt 0.6653820 0.7716270
vt 0.1238210 0.2888650
vt 0.0012940 0.1638960
vt 0.0021060 0.2792540
vt 0.1206550 0.2949200
vt 0.0032530 0.2907290
vt 0.0972860 0.3149660
vt 0.0194960 0.3106730
vt 0.0403680 0.3237120
vt 0.0813020 0.3241680
vt 0.0601470 0.3274300
vt 0.4270960 0.2282960
vt 0.4228400 0.2401020
vt 0.4254440 0.2375140
vt 0.4228400 0.2332980
vt 0.4228400 0.2157670
vt 0.4255260 0.2131440
vt 0.4167950 0.2068760
vt 0.4131800 0.2109230
vt 0.3986670 0.2046140
vt 0.3986670 0.2086360
vt 0.3841550 0.2109230
vt 0.3805410 0.2068760
vt 0.3744960 0.2157670
vt 0.3718100 0.2131440
vt 0.3702390 0.2282960
vt 0.3744960 0.2332980
vt 0.3744960 0.2401020
vt 0.2955550 0.0814980
vt 0.2948480 0.0896660
vt 0.3113550 0.0906500
vt 0.2787880 0.0805570
vt 0.2784780 0.0729570
vt 0.2708460 0.0690880
vt 0.2771740 0.0733900
vt 0.2900840 0.0746280
vt 0.3114110 0.0810410
vt 0.3293330 0.0764800
vt 0.3469000 0.0844920
vt 0.3178570 0.0732920
vt 0.2842900 0.0680480
vt 0.2821130 0.0682510
vt 0.2551020 0.0674040
vt 0.2453910 0.0698390
vt 0.2474160 0.0710780
vt 0.2511080 0.0737630
vt 0.2566110 0.0708380
vt 0.2614730 0.0807510
vt 0.2628100 0.0701360
vt 0.2689470 0.0722060
vt 0.2733710 0.0755930
vt 0.2772320 0.0806680
vt 0.2762670 0.0892290
vt 0.2943880 0.0973370
vt 0.3113960 0.0983900
vt 0.3320700 0.0967930
vt 0.3591510 0.0936530
vt 0.3584700 0.0886550
vt 0.2629670 0.0664890
vt 0.2456640 0.0798900
vt 0.2493090 0.0799490
vt 0.2517780 0.0869210
vt 0.2574960 0.0911970
vt 0.2522450 0.0940890
vt 0.2674080 0.0950160
vt 0.2656820 0.0918100
vt 0.2718460 0.0867510
vt 0.2737620 0.0808850
vt 0.2751460 0.0884960
vt 0.2688850 0.0953670
vt 0.2484840 0.0887640
vt 0.2453910 0.0698390
vt 0.2438210 0.0796560
vt 0.2474160 0.0710780
vt 0.2456640 0.0798900
vt 0.2468260 0.0894620
vt 0.2522450 0.0940890
vt 0.2508960 0.0951760
vt 0.2438210 0.0796560
vt 0.2327820 0.0625800
vt 0.2351280 0.0612220
vt 0.2384770 0.0616400
vt 0.2425710 0.0639070
vt 0.1340730 0.7279100
vt 0.1355260 0.7225410
vt 0.1307170 0.7229170
vt 0.1235250 0.6867910
vt 0.1365110 0.7112140
vt 0.1344010 0.6740930
vt 0.1203680 0.6713610
vt 0.7380770 0.9591070
vt 0.7469160 0.9495160
vt 0.7454280 0.9481300
vt 0.7362400 0.9581180
vt 0.7426610 0.9441020
vt 0.7306260 0.9512200
vt 0.7405500 0.9392240
vt 0.7277840 0.9452830
vt 0.7243970 0.9035190
vt 0.7406220 0.9008920
vt 0.7413870 0.8549650
vt 0.7262750 0.8501180
vt 0.7422570 0.8381660
vt 0.7312090 0.8265610
vt 0.7447460 0.8319410
vt 0.7361880 0.8185600
vt 0.7470600 0.8274180
vt 0.7403010 0.8129620
vt 0.7512000 0.8212260
vt 0.7491520 0.8072810
vt 0.7532530 0.8190910
vt 0.7521480 0.8065860
vt 0.7454280 0.9481300
vt 0.7585110 0.9474470
vt 0.7606050 0.9460010
vt 0.7426610 0.9441020
vt 0.7650350 0.9365510
vt 0.7405500 0.9392240
vt 0.7658830 0.9302750
vt 0.7406220 0.9008920
vt 0.7631950 0.8866400
vt 0.7413870 0.8549650
vt 0.7609160 0.8472040
vt 0.7422570 0.8381660
vt 0.7532530 0.8190910
vt 0.7512000 0.8212260
vt 0.7562740 0.8210540
vt 0.7592870 0.8291690
vt 0.7470600 0.8274180
vt 0.7447460 0.8319410
vt 0.6648650 0.9225820
vt 0.6642380 0.9366310
vt 0.6843410 0.9218170
vt 0.6251520 0.9386130
vt 0.6246580 0.9965440
vt 0.6433370 0.9387680
vt 0.7001650 0.9971890
vt 0.7015090 0.8494650
vt 0.6903430 0.8493620
vt 0.4673020 0.9392140
vt 0.5826270 0.9420430
vt 0.5923660 0.8293540
vt 0.6422450 0.9101270
vt 0.6434740 0.8652900
vt 0.4217370 0.8825120
vt 0.4250620 0.9016390
vt 0.4250940 0.8622130
vt 0.4343580 0.8466830
vt 0.4375000 0.9221800
vt 0.4568360 0.9383750
vt 0.4539470 0.8242300
vt 0.4600560 0.8211700
vt 0.5916700 0.8210460
vt 0.2842900 0.0680480
vt 0.2835330 0.0554630
vt 0.2821130 0.0682510
vt 0.2806760 0.0563800
vt 0.2781980 0.0593400
vt 0.2784780 0.0729570
vt 0.3647700 0.0829680
vt 0.3535330 0.0761500
vt 0.3584700 0.0886550
vt 0.3469000 0.0844920
vt 0.3344160 0.0650350
vt 0.3293330 0.0764800
vt 0.3209740 0.0601390
vt 0.3178570 0.0732920
vt 0.2842900 0.0680480
vt 0.3541040 0.6819320
vt 0.3626230 0.6639900
vt 0.3400940 0.6624600
vt 0.3190360 0.6674540
vt 0.3298610 0.6589520
vt 0.3119800 0.6568710
vt 0.3273160 0.6552460
vt 0.3116840 0.6542200
vt 0.4664990 0.6678560
vt 0.4119480 0.6656530
vt 0.4124250 0.6844610
vt 0.3626230 0.6639900
vt 0.4811010 0.6821210
vt 0.4664990 0.6678560
vt 0.4743090 0.6666600
vt 0.4855730 0.6799180
vt 0.4859620 0.6608870
vt 0.5038930 0.6567800
vt 0.5016700 0.6322710
vt 0.4901010 0.6437460
vt 0.4877280 0.6582430
vt 0.5031150 0.6601900
vt 0.4859620 0.6608870
vt 0.4914910 0.6232210
vt 0.4840410 0.6197270
vt 0.4770450 0.6362720
vt 0.4832350 0.6385960
vt 0.5003620 0.6300120
vt 0.4883320 0.6419190
vt 0.4901010 0.6437460
vt 0.4770450 0.6362720
vt 0.4290710 0.6369920
vt 0.4321310 0.6171520
vt 0.3717580 0.6393950
vt 0.3653430 0.6206690
vt 0.3508030 0.6409550
vt 0.3360280 0.6274780
vt 0.3430990 0.6442330
vt 0.3261680 0.6339260
vt 0.3375210 0.6472530
vt 0.3116840 0.6542200
vt 0.3273160 0.6552460
vt 0.3124750 0.6504610
vt 0.3299120 0.6526140
vt 0.3193060 0.6392350
vt 0.3375210 0.6472530
vt 0.3400940 0.6624600
vt 0.3626230 0.6639900
vt 0.3430990 0.6442330
vt 0.3299120 0.6526140
vt 0.3298610 0.6589520
vt 0.3273160 0.6552460
vt 0.3717580 0.6393950
vt 0.3508030 0.6409550
vt 0.3626230 0.6639900
vt 0.4883320 0.6419190
vt 0.4877280 0.6582430
vt 0.4859620 0.6608870
vt 0.4832350 0.6385960
vt 0.4743090 0.6666600
vt 0.4770450 0.6362720
vt 0.4664990 0.6678560
vt 0.4290710 0.6369920
vt 0.4119480 0.6656530
vt 0.6432440 0.4151420
vt 0.6680430 0.4097480
vt 0.6411900 0.4100280
vt 0.6077470 0.4250860
vt 0.5996800 0.4057030
vt 0.5593950 0.4098770
vt 0.5534230 0.4301330
vt 0.6011640 0.4311570
vt 0.5597430 0.4355290
vt 0.5941950 0.4362300
vt 0.5644030 0.4381460
vt 0.5809490 0.4398790
vt 0.4899500 0.4231750
vt 0.5534230 0.4301330
vt 0.5121730 0.4195600
vt 0.5341880 0.4146580
vt 0.1743970 0.6739330
vt 0.1558430 0.6739660
vt 0.1563550 0.7108600
vt 0.1771690 0.7108610
vt 0.1950550 0.5532150
vt 0.1707550 0.5554060
vt 0.1967800 0.5676830
vt 0.1720410 0.5696720
vt 0.1985750 0.5896020
vt 0.1735540 0.5910620
vt 0.1995960 0.6124190
vt 0.1745850 0.6132240
vt 0.2005990 0.6502830
vt 0.1754480 0.6502820
vt 0.1991140 0.6738010
vt 0.1970100 0.7112620
vt 0.1978350 0.7227360
vt 0.1774060 0.7246240
vt 0.1559250 0.7245740
vt 0.1782860 0.7314350
vt 0.2004160 0.7278760
vt 0.1560020 0.7314040
vt 0.1340730 0.7279100
vt 0.1355260 0.7225410
vt 0.1365110 0.7112140
vt 0.1344010 0.6740930
vt 0.1294030 0.7311770
vt 0.1344400 0.7344440
vt 0.1440180 0.7363530
vt 0.1558220 0.7374340
vt 0.1671370 0.7375600
vt 0.1784620 0.7374650
vt 0.1903660 0.7363790
vt 0.2008200 0.7351830
vt 0.2037650 0.7329500
vt 0.2073480 0.7243430
vt 0.2004160 0.7278760
vt 0.2105960 0.6859310
vt 0.2198800 0.6877320
vt 0.2194120 0.6854010
vt 0.2115960 0.6833190
vt 0.2211010 0.6848770
vt 0.2231940 0.6830980
vt 0.2128530 0.6710380
vt 0.2323040 0.6712390
vt 0.2131010 0.6508450
vt 0.2326980 0.6503310
vt 0.2119660 0.6126890
vt 0.2317870 0.6119330
vt 0.2305940 0.5886410
vt 0.2108410 0.5896790
vt 0.2286960 0.5660140
vt 0.2088860 0.5673210
vt 0.2182630 0.5518670
vt 0.2069980 0.5523250
vt 0.2165810 0.5441690
vt 0.2070970 0.5446870
vt 0.2160670 0.5381360
vt 0.2064090 0.5391000
vt 0.7542760 0.8067810
vt 0.7521480 0.8065860
vt 0.7532530 0.8190910
vt 0.7562740 0.8210540
vt 0.7628710 0.8122360
vt 0.7592870 0.8291690
vt 0.7751180 0.8400400
vt 0.7609160 0.8472040
vt 0.7782510 0.8866800
vt 0.7631950 0.8866400
vt 0.7658830 0.9302750
vt 0.7775600 0.9416980
vt 0.7650350 0.9365510
vt 0.7758680 0.9453100
vt 0.7606050 0.9460010
vt 0.7576570 0.9603750
vt 0.7469160 0.9495160
vt 0.7585110 0.9474470
vt 0.7603740 0.9596990
vt 0.7606050 0.9460010
vt -0.7800430 0.8836050
vt -0.7791080 0.8836050
vt -0.7800400 0.9046710
vt -0.7781700 0.9046710
vt -0.7781730 0.8836050
vt 0.1563080 0.8070680
vt 0.1606490 0.8113270
vt 0.1597760 0.8061030
vt 0.1632190 0.8053180
vt 0.1638440 0.8109760
vt 0.1633450 0.8162900
vt 0.1634050 0.8318160
vt 0.1603410 0.8298370
vt 0.1611130 0.8363260
vt 0.1649960 0.8270940
vt 0.1618460 0.8253040
vt 0.1664360 0.8219540
vt 0.1633390 0.8210540
vt 0.1668720 0.8164450
vt 0.1670490 0.8107550
vt 0.1667150 0.8045870
vt 0.1665290 0.7937280
vt 0.1631700 0.7943210
vt 0.1597970 0.7950470
vt 0.1564360 0.7958140
vt 0.1371950 0.8931200
vt 0.1341270 0.8908750
vt 0.1580370 0.8340600
vt 0.1574030 0.8277320
vt 0.1587250 0.8233660
vt 0.1602980 0.8201000
vt 0.1598770 0.8160750
vt 0.1562770 0.8160350
vt 0.1527230 0.8157640
vt 0.1529340 0.8079390
vt 0.1530960 0.7965130
vt 0.1555810 0.8212880
vt 0.1523860 0.8191430
vt 0.1350150 0.9029480
vt 0.1307070 0.8964320
vt 0.1311030 0.8887400
vt 0.1550720 0.8317100
vt 0.1521360 0.8293430
vt 0.1491970 0.8270730
vt 0.1489980 0.8173180
vt 0.1491640 0.8152380
vt 0.1495680 0.8084150
vt 0.1497390 0.7970310
vt 0.1472790 0.7427360
vt 0.1311540 0.9026980
vt 0.1201660 0.9017650
vt 0.1165530 0.9014080
vt 0.1194150 0.9105830
vt 0.1210410 0.8931490
vt 0.1243200 0.8941640
vt 0.1248920 0.8850180
vt 0.1280330 0.8867620
vt 0.1275390 0.8952650
vt 0.1274420 0.9024200
vt 0.1297110 0.9088040
vt 0.1357570 0.9115010
vt 0.1394760 0.9096250
vt 0.1474620 0.9568520
vt 0.1510620 0.9552050
vt 0.1237870 0.9021090
vt 0.1432210 0.9082030
vt 0.1228560 0.9101040
vt 0.1262890 0.9095060
vt 0.1286640 0.9154020
vt 0.1251740 0.9171250
vt 0.1369850 0.9627580
vt 0.1216790 0.9185580
vt 0.1439370 0.9587620
vt 0.1321680 0.9134870
vt 0.1404650 0.9607600
vt 0.1431510 0.9651350
vt 0.1402560 0.9707940
vt 0.1438960 0.9699200
vt 0.1464610 0.9638600
vt 0.1475010 0.9692210
vt 0.1510890 0.9686180
vt 0.1498550 0.9768690
vt 0.1529840 0.9771660
vt 0.1468330 0.9764470
vt 0.1595770 0.9774180
vt 0.1562310 0.9773480
vt 0.1551550 0.9873020
vt 0.1515600 0.9862040
vt 0.1480790 0.9846890
vt 0.1447090 0.9828500
vt 0.1413900 0.9808100
vt 0.1381540 0.9786760
vt 0.1366020 0.9716810
vt 0.1334800 0.9644770
vt 0.1181760 0.9196670
vt 0.1159470 0.9109540
vt 0.1093650 0.9007590
vt 0.1129490 0.9010740
vt 0.1143390 0.8914750
vt 0.1124890 0.9111990
vt 0.1146480 0.9204720
vt 0.1298920 0.9656740
vt 0.1329010 0.9724010
vt 0.1347310 0.9769110
vt 0.1322840 0.9871040
vt 0.1353640 0.9885930
vt 0.1385750 0.9903450
vt 0.1420020 0.9921310
vt 0.1291930 0.9861600
vt 0.1311080 0.9758220
vt 0.1291910 0.9729490
vt 0.1262280 0.9662940
vt 0.1111100 0.9209830
vt 0.1090870 0.9113510
vt 0.1058550 0.9004040
vt 0.1110020 0.8908610
vt 0.1078140 0.8903440
vt 0.1114190 0.8804900
vt 0.1045580 0.8788380
vt 0.1295740 0.8201270
vt 0.1260320 0.9858700
vt 0.1273240 0.9757280
vt 0.1255040 0.9733320
vt 0.1225290 0.9665210
vt 0.1075750 0.9212710
vt 0.1058320 0.9113750
vt 0.0988670 0.8996890
vt 0.1005600 0.9217380
vt 0.1188340 0.9666840
vt 0.1218510 0.9735680
vt 0.1235860 0.9764770
vt 0.1235860 0.9764770
vt 0.1227670 0.9863000
vt 0.1165440 0.9786720
vt 0.1148340 0.9743680
vt 0.1117610 0.9675540
vt 0.1159840 0.9868780
vt 0.1435600 0.7430380
vt 0.1463010 0.7972940
vt 0.1398600 0.7432960
vt 0.1427110 0.7972970
vt 0.1389310 0.7971300
vt 0.1391460 0.8070440
vt 0.1317570 0.8052430
vt 0.1382960 0.8126390
vt 0.1307670 0.8106290
vt 0.1377490 0.8147550
vt 0.1300030 0.8145320
vt 0.1362340 0.8218330
vt 0.1148810 0.8813100
vt 0.1416290 0.8151710
vt 0.1308930 0.7968680
vt 0.1361910 0.7434970
vt 0.1288910 0.7437380
vt 0.1183020 0.8823040
vt 0.1429560 0.8237020
vt 0.1461470 0.8251850
vt 0.1396330 0.8226470
vt 0.1453900 0.8159790
vt 0.1416290 0.8151710
vt 0.1177050 0.8922410
vt 0.1216520 0.8835310
vt 0.1453900 0.8159790
vt 0.1455940 0.8145550
vt 0.1461790 0.8084190
vt 0.1427050 0.8079070
vt 0.1419860 0.8136350
vt 0.1416290 0.8151710
vt 0.1940980 0.8209100
vt 0.1870870 0.8124430
vt 0.1873530 0.8190450
vt 0.1860060 0.8259210
vt 0.1807850 0.8178310
vt 0.1795270 0.8249030
vt 0.1773450 0.8173770
vt 0.1761550 0.8242780
vt 0.1748520 0.8310350
vt 0.1782530 0.8318620
vt 0.1732230 0.8363120
vt 0.1879880 0.8058220
vt 0.1808480 0.8042930
vt 0.1803350 0.8111960
vt 0.1698390 0.8350910
vt 0.1677010 0.8401540
vt 0.1714980 0.8299710
vt 0.1728330 0.8235870
vt 0.1738730 0.8169850
vt 0.1769360 0.8108390
vt 0.1772950 0.8039030
vt 0.1802170 0.7935210
vt 0.1877020 0.7948290
vt 0.1956720 0.7966850
vt 0.1952910 0.8085350
vt 0.1737460 0.8038260
vt 0.1735910 0.8106740
vt 0.1732650 0.7931290
vt 0.1766980 0.7931890
vt 0.1698880 0.7933180
vt 0.1702250 0.8040770
vt 0.1703010 0.8106340
vt 0.1703840 0.8166790
vt 0.1695950 0.8228020
vt 0.1682130 0.8286550
vt 0.1665620 0.8335840
vt 0.1643400 0.8383900
vt 0.1403590 0.8953170
vt 0.1775920 0.7408480
vt 0.1737650 0.7408690
vt 0.1699340 0.7409770
vt 0.1661170 0.7411640
vt 0.1388870 0.9030980
vt 0.1623140 0.7414180
vt 0.1585320 0.7417230
vt 0.1547660 0.7420570
vt 0.1510140 0.7424010
vt 0.6880610 0.7748230
vt 0.6874960 0.7921270
vt 0.7032610 0.7789760
vt 0.7028220 0.7926190
vt 0.6891200 0.8102030
vt 0.7022780 0.8100830
vt 0.6903430 0.8493620
vt 0.7015090 0.8494650
vt 0.1711620 0.9601870
vt 0.1697350 0.9526400
vt 0.1622870 0.9526050
vt 0.1641360 0.9601140
vt 0.1585070 0.9530460
vt 0.1604840 0.9603670
vt 0.1547590 0.9539240
vt 0.1568670 0.9608770
vt 0.1498650 0.9626650
vt 0.1533400 0.9616680
vt 0.1547050 0.9681480
vt 0.1470540 0.9074880
vt 0.1509070 0.9076110
vt 0.1587460 0.9092360
vt 0.1661840 0.9101340
vt 0.1770830 0.9532990
vt 0.1796680 0.9682880
vt 0.1867260 0.9786840
vt 0.1857440 0.9690940
vt 0.1841460 0.9537360
vt 0.1727370 0.9095120
vt 0.1684720 0.9027090
vt 0.1641680 0.9035990
vt 0.1579620 0.9037580
vt 0.1504990 0.9034940
vt 0.1467460 0.9033340
vt 0.1428470 0.9032040
vt 0.1649140 0.8984920
vt 0.1684720 0.9027090
vt 0.1818680 0.8438020
vt 0.1889930 0.8445000
vt 0.1835000 0.8382730
vt 0.1649140 0.8984920
vt 0.1580030 0.8985160
vt 0.1507480 0.8990130
vt 0.1471470 0.8984890
vt 0.1436570 0.8971770
vt 0.1711780 0.8415600
vt 0.1766870 0.8372480
vt 0.1747460 0.8425870
vt 0.1848670 0.8327840
vt 0.1916230 0.8328710
vt 0.1984210 0.8323560
vt 0.1954760 0.8454740
vt 0.1708270 0.9000380
vt 0.1997810 0.8233350
vt 0.2022210 0.8119220
vt 0.2038950 0.7982220
vt 0.2041660 0.7419570
vt 0.1966790 0.7416720
vt 0.1890890 0.7412390
vt 0.1814060 0.7409080
vt 0.1878040 0.5482150
vt 0.1714780 0.5496870
vt 0.1707550 0.5554060
vt 0.1950550 0.5532150
vt 0.3584700 0.0886550
vt 0.3591510 0.0936530
vt 0.3665650 0.0880580
vt 0.3647700 0.0829680
vt 0.8109320 0.9643340
vt 0.8111210 0.8985300
vt 0.7901990 0.8985320
vt 0.7900110 0.9643330
vt 0.5989290 0.7722480
vt 0.5984220 0.8298530
vt 0.6196870 0.8300390
vt 0.6201940 0.7724350
vt 0.7158820 0.8690900
vt 0.7049770 0.8690900
vt 0.7074460 0.9180480
vt 0.7167250 0.9180470
vt 0.7163080 0.8008770
vt 0.7077590 0.8008770
vt 0.7158820 0.8690900
vt 0.6103110 0.9417630
vt 0.5890500 0.9415430
vt 0.5884670 0.9985250
vt 0.6097250 0.9987410
vt 0.4569110 0.2858460
vt 0.4503690 0.2783600
vt 0.4495050 0.2825480
vt 0.4551680 0.2932200
vt 0.7074780 0.2634810
vt 0.7023290 0.2612060
vt 0.7042020 0.2655910
vt 0.7148500 0.2827860
vt 0.7109810 0.2847800
vt 0.7154540 0.3034510
vt 0.7195540 0.2783230
vt 0.6945050 0.2556390
vt 0.6989280 0.2595160
vt 0.6909610 0.2570680
vt 0.6973090 0.2635150
vt 0.7061940 0.3024110
vt 0.6805760 0.2955500
vt 0.7109810 0.2847800
vt 0.7154540 0.3034510
vt 0.6480470 0.2878630
vt 0.6489730 0.2950110
vt 0.6623670 0.2650810
vt 0.6778110 0.3010730
vt 0.6502800 0.3151670
vt 0.7054760 0.3089900
vt 0.7199480 0.3071910
vt 0.7154540 0.3034510
vt 0.7061940 0.3024110
vt 0.6368250 0.2982670
vt 0.6333540 0.2921430
vt 0.6288680 0.2731570
vt 0.5121730 0.4195600
vt 0.5145160 0.3666820
vt 0.5309510 0.3431580
vt 0.5554400 0.3352220
vt 0.5803350 0.3297630
vt 0.6054030 0.3261170
vt 0.6405370 0.3187660
vt 0.6496710 0.3353240
vt 0.6587040 0.3347350
vt 0.5341880 0.4146580
vt 0.5364420 0.3622520
vt 0.5570110 0.3406180
vt 0.5818760 0.3403910
vt 0.6074580 0.3489440
vt 0.6333160 0.3440420
vt 0.6409500 0.3385510
vt 0.5593950 0.4098770
vt 0.5612720 0.3614550
vt 0.5843100 0.3602680
vt 0.6239230 0.3679700
vt 0.6245800 0.3596710
vt 0.6281900 0.3513290
vt 0.6264950 0.3759460
vt 0.5995840 0.3939630
vt 0.6310470 0.3834360
vt 0.5996800 0.4057030
vt 0.6411900 0.4100280
vt 0.6375080 0.3895170
vt 0.6456310 0.3930140
vt 0.6554040 0.3936840
vt 0.6647570 0.3913070
vt 0.6729820 0.3855220
vt 0.6794310 0.3774460
vt 0.1009180 0.6746620
vt 0.1142100 0.6885200
vt 0.1203680 0.6713610
vt 0.1235250 0.6867910
vt 0.1252480 0.7240440
vt 0.1307170 0.7229170
vt 0.1340730 0.7279100
vt 0.8607130 0.7120020
vt 0.8607130 0.7001620
vt 0.8392130 0.7138940
vt 0.8392130 0.7012870
vt 0.8607130 0.6878520
vt 0.8392130 0.6879270
vt 0.8392130 0.6743360
vt 0.8607130 0.6753290
vt 0.8607130 0.6628640
vt 0.8392130 0.6622670
vt 0.8607130 0.6504760
vt 0.8392130 0.6504040
vt 0.8392130 0.6386040
vt 0.8607130 0.6380870
vt 0.8392130 0.6267100
vt 0.8607130 0.6255930
vt 0.8392130 0.6145060
vt 0.8607130 0.6130160
vt 0.8392130 0.5995760
vt 0.8607130 0.6005650
vt 0.8607130 0.5883770
vt 0.8392130 0.5862030
vt 0.6973090 0.2635150
vt 0.7042020 0.2655910
vt 0.7023290 0.2612060
vt 0.4127110 0.2905110
vt 0.4155870 0.2910730
vt 0.4204850 0.2828130
vt 0.4033230 0.2873590
vt 0.3809790 0.2954290
vt 0.3783060 0.2878070
vt 0.3676530 0.2984180
vt 0.3645050 0.2916180
vt 0.3534610 0.2988440
vt 0.3468160 0.3076450
vt 0.3443770 0.3031970
vt 0.3340460 0.3130660
vt 0.3310920 0.3083110
vt 0.3270070 0.3125040
vt 0.3256930 0.3163250
vt 0.3717470 0.2884590
vt 0.4179260 0.2928800
vt 0.4214740 0.2885390
vt 0.4309950 0.2826310
vt 0.4399400 0.2741830
vt 0.4423450 0.2809090
vt 0.4495050 0.2825480
vt 0.4503690 0.2783600
vt 0.4554440 0.2739190
vt 0.4613630 0.2676870
vt 0.4578800 0.2639340
vt 0.4714840 0.2450130
vt 0.4703320 0.2441850
vt 0.4818250 0.2188130
vt 0.4804630 0.2178110
vt 0.4598000 0.2724480
vt 0.4309950 0.2826310
vt 0.4214740 0.2885390
vt 0.4354360 0.2962790
vt 0.4437300 0.2948540
vt 0.4423450 0.2809090
vt 0.4551680 0.2932200
vt 0.4495050 0.2825480
vt 0.4199160 0.3054390
vt 0.4278400 0.3004850
vt 0.4179260 0.2928800
vt 0.4306950 0.3035100
vt 0.4364930 0.2999660
vt 0.4354360 0.2962790
vt 0.4217810 0.3058850
vt 0.4268640 0.3081120
vt 0.4404530 0.3113680
vt 0.4430480 0.2990150
vt 0.4274120 0.3142240
vt 0.4232020 0.3147170
vt 0.4525840 0.3163880
vt 0.4534230 0.3074930
vt 0.4472070 0.3226640
vt 0.4537140 0.3232690
vt 0.4570660 0.3178100
vt 0.4578260 0.3062630
vt 0.4496190 0.3007330
vt 0.4437300 0.2948540
vt 0.4600770 0.3053560
vt 0.4578260 0.3062630
vt 0.4593160 0.3183410
vt 0.4551140 0.3247400
vt 0.4456540 0.3280980
vt 0.4382440 0.3249040
vt 0.4305710 0.3204560
vt 0.4270060 0.3231610
vt 0.4455790 0.3299510
vt 0.4366760 0.3285730
vt 0.4351450 0.3297070
vt 0.4455790 0.3299510
vt 0.7023290 0.2612060
vt 0.7032890 0.2570620
vt 0.6989280 0.2595160
vt 0.6973090 0.2635150
vt 0.7074460 0.9180480
vt 0.7079420 0.9919430
vt 0.7169090 0.9901160
vt 0.7167250 0.9180470
vt 0.2022460 0.4216790
vt 0.2608110 0.4201060
vt 0.2598120 0.3828930
vt 0.2012470 0.3843390
vt 0.9974880 0.8081880
vt 0.9974870 0.7847020
vt 0.9949650 0.7966330
vt 0.9857700 0.8029140
vt 0.9647490 0.8081900
vt 0.9746370 0.8025910
vt 0.9658210 0.7957870
vt 0.9647460 0.7847040
vt 0.9647510 0.8737600
vt 0.9647510 0.8804250
vt 0.9974910 0.8804260
vt 0.9974910 0.8737590
vt 0.7907090 0.7636020
vt 0.7863420 0.7636670
vt 0.7864150 0.7684550
vt 0.7961860 0.7683070
vt 0.7906710 0.7088510
vt 0.7961490 0.7041390
vt 0.7863690 0.7039950
vt 0.7863000 0.7087870
vt 0.7765400 0.7086440
vt 0.7624570 0.6626460
vt 0.7439950 0.6626470
vt 0.7624590 0.7019830
vt 0.7439970 0.7019850
vt 0.7345550 0.6655960
vt 0.7345570 0.6990360
vt 0.7283470 0.6913650
vt 0.7283460 0.6732690
vt 0.7767280 0.5225580
vt 0.7866020 0.5227010
vt 0.7767970 0.5177150
vt 0.7866590 0.5178560
vt 0.7909710 0.5227520
vt 0.7965240 0.5179520
vt 0.9974880 0.8081880
vt 0.9647490 0.8081900
vt 0.9647500 0.8148550
vt 0.9974880 0.8148530
vt 0.9974880 0.8148530
vt 0.9647500 0.8148550
vt 0.9647510 0.8737600
vt 0.9974910 0.8737590
vt 0.4624260 0.0260720
vt 0.4623060 0.0354590
vt 0.4808360 0.0356950
vt 0.4809560 0.0263080
vt 0.4385910 0.0264030
vt 0.4200590 0.0263800
vt 0.4200470 0.0357690
vt 0.4385810 0.0357920
vt 0.1839450 0.9255770
vt 0.1838560 0.9274450
vt 0.1931920 0.9278880
vt 0.1932810 0.9260210
vt 0.1820750 0.9425820
vt 0.1952890 0.9432100
vt 0.1931920 0.9278880
vt 0.1838560 0.9274450
vt 0.1836070 0.9103390
vt 0.1839450 0.9255770
vt 0.1932810 0.9260210
vt 0.1968210 0.9109670
vt 0.1850050 0.8897320
vt 0.1849460 0.8916010
vt 0.1966230 0.8919750
vt 0.1966820 0.8901060
vt 0.1833990 0.9067640
vt 0.1987610 0.9072570
vt 0.1966230 0.8919750
vt 0.1849460 0.8916010
vt 0.1844330 0.8745010
vt 0.1850050 0.8897320
vt 0.1966820 0.8901060
vt 0.1997950 0.8749930
vt 0.2369770 0.9832910
vt 0.2369600 0.9814210
vt 0.2229410 0.9815510
vt 0.2229580 0.9834200
vt 0.2378810 0.9662070
vt 0.2210920 0.9663620
vt 0.2229410 0.9815510
vt 0.2369600 0.9814210
vt 0.2381780 0.9984860
vt 0.2369770 0.9832910
vt 0.2229580 0.9834200
vt 0.2213890 0.9986410
vt 0.2168990 0.9833880
vt 0.2169230 0.9815180
vt 0.2029050 0.9813320
vt 0.2028800 0.9832020
vt 0.2181860 0.9663280
vt 0.1992090 0.9660760
vt 0.2029050 0.9813320
vt 0.2169230 0.9815180
vt 0.2177580 0.9986060
vt 0.2168990 0.9833880
vt 0.2028800 0.9832020
vt 0.1987810 0.9983540
vt 0.2210450 0.9472610
vt 0.2210540 0.9491310
vt 0.2374100 0.9490520
vt 0.2374010 0.9471820
vt 0.2210450 0.9472610
vt 0.2374010 0.9471820
vt 0.2383880 0.9319720
vt 0.2184570 0.9320680
vt 0.2210540 0.9491310
vt 0.2186140 0.9643480
vt 0.2385450 0.9642520
vt 0.2374100 0.9490520
vt 0.2160170 0.9492160
vt 0.2160290 0.9473460
vt 0.1973370 0.9472270
vt 0.1973250 0.9490970
vt 0.2171870 0.9321480
vt 0.1962920 0.9320150
vt 0.1973370 0.9472270
vt 0.2160290 0.9473460
vt 0.2169800 0.9644280
vt 0.2160170 0.9492160
vt 0.1973250 0.9490970
vt 0.1960850 0.9642940
vt 0.2179200 0.9283380
vt 0.2197900 0.9283030
vt 0.2194430 0.9096140
vt 0.2175740 0.9096480
vt 0.2350120 0.9290810
vt 0.2345950 0.9065900
vt 0.2194430 0.9096140
vt 0.2197900 0.9283030
vt 0.2027370 0.9296800
vt 0.2179200 0.9283380
vt 0.2175740 0.9096480
vt 0.2023200 0.9071880
vt 0.2370440 0.9056090
vt 0.2370200 0.8820450
vt 0.2218270 0.8836050
vt 0.2218300 0.9046710
vt 0.2047470 0.9056150
vt 0.2199600 0.9046710
vt 0.2199570 0.8836050
vt 0.2047630 0.8820510
vt 0.2203860 0.8790760
vt 0.2222560 0.8790530
vt 0.2219850 0.8569700
vt 0.2201150 0.8569930
vt 0.2374730 0.8799270
vt 0.2371500 0.8536720
vt 0.2219850 0.8569700
vt 0.2222560 0.8790530
vt 0.2051950 0.8803240
vt 0.2203860 0.8790760
vt 0.2201150 0.8569930
vt 0.2048720 0.8540680
vt 0.2201600 0.8512210
vt 0.2220300 0.8512270
vt 0.2220940 0.8300010
vt 0.2202240 0.8299950
vt 0.2372320 0.8523340
vt 0.2373070 0.8273810
vt 0.2220940 0.8300010
vt 0.2220300 0.8512270
vt 0.2049520 0.8522360
vt 0.2201600 0.8512210
vt 0.2202240 0.8299950
vt 0.2050350 0.8248720
vt 0.2206550 0.8225490
vt 0.2225240 0.8225150
vt 0.2221160 0.8001580
vt 0.2202470 0.8001920
vt 0.2377460 0.8232980
vt 0.2372520 0.7962400
vt 0.2221160 0.8001580
vt 0.2225240 0.8225150
vt 0.2054710 0.8238870
vt 0.2206550 0.8225490
vt 0.2202470 0.8001920
vt 0.2049780 0.7968290
vt 0.2215540 0.7930600
vt 0.2234230 0.7930050
vt 0.2227510 0.7703960
vt 0.2208810 0.7704510
vt 0.2386530 0.7936120
vt 0.2378420 0.7663460
vt 0.2227510 0.7703960
vt 0.2234230 0.7930050
vt 0.2063870 0.7945730
vt 0.2215540 0.7930600
vt 0.2208810 0.7704510
vt 0.2055760 0.7673060
vt 0.2221230 0.7617310
vt 0.2239920 0.7616910
vt 0.2235910 0.7430030
vt 0.2217210 0.7430430
vt 0.2388150 0.7437360
vt 0.2235910 0.7430030
vt 0.2239920 0.7616910
vt 0.2392170 0.7624240
vt 0.2065420 0.7444300
vt 0.2069440 0.7631180
vt 0.2221230 0.7617310
vt 0.2217210 0.7430430
vt -0.8068080 0.9278880
vt -0.8161440 0.9274450
vt -0.8160550 0.9255770
vt -0.8067190 0.9260210
vt -0.8179250 0.9425820
vt -0.8161440 0.9274450
vt -0.8068080 0.9278880
vt -0.8047110 0.9432100
vt -0.8067190 0.9260210
vt -0.8160550 0.9255770
vt -0.8163930 0.9103390
vt -0.8031790 0.9109670
vt -0.8033770 0.8919750
vt -0.8150540 0.8916010
vt -0.8149950 0.8897320
vt -0.8033180 0.8901060
vt -0.8166010 0.9067640
vt -0.8150540 0.8916010
vt -0.8033770 0.8919750
vt -0.8012390 0.9072570
vt -0.8033180 0.8901060
vt -0.8149950 0.8897320
vt -0.8155670 0.8745010
vt -0.8002050 0.8749930
vt -0.7770590 0.9815510
vt -0.7630400 0.9814210
vt -0.7630230 0.9832910
vt -0.7770420 0.9834200
vt -0.7621190 0.9662070
vt -0.7630400 0.9814210
vt -0.7770590 0.9815510
vt -0.7789080 0.9663620
vt -0.7770420 0.9834200
vt -0.7630230 0.9832910
vt -0.7618220 0.9984860
vt -0.7786110 0.9986410
vt -0.7970950 0.9813320
vt -0.7830770 0.9815180
vt -0.7831010 0.9833880
vt -0.7971200 0.9832020
vt -0.7818140 0.9663280
vt -0.7830770 0.9815180
vt -0.7970950 0.9813320
vt -0.8007910 0.9660760
vt -0.7971200 0.9832020
vt -0.7831010 0.9833880
vt -0.7822420 0.9986060
vt -0.8012190 0.9983540
vt -0.7625900 0.9490520
vt -0.7789460 0.9491310
vt -0.7789550 0.9472610
vt -0.7625990 0.9471820
vt -0.7616120 0.9319720
vt -0.7625990 0.9471820
vt -0.7789550 0.9472610
vt -0.7815430 0.9320680
vt -0.7614550 0.9642520
vt -0.7813860 0.9643480
vt -0.7789460 0.9491310
vt -0.7625900 0.9490520
vt -0.8026630 0.9472270
vt -0.7839710 0.9473460
vt -0.7839830 0.9492160
vt -0.8026750 0.9490970
vt -0.7828130 0.9321480
vt -0.7839710 0.9473460
vt -0.8026630 0.9472270
vt -0.8037080 0.9320150
vt -0.8026750 0.9490970
vt -0.7839830 0.9492160
vt -0.7830200 0.9644280
vt -0.8039150 0.9642940
vt -0.7805570 0.9096140
vt -0.7802100 0.9283030
vt -0.7820800 0.9283380
vt -0.7824260 0.9096480
vt -0.7649880 0.9290810
vt -0.7802100 0.9283030
vt -0.7805570 0.9096140
vt -0.7654050 0.9065900
vt -0.7824260 0.9096480
vt -0.7820800 0.9283380
vt -0.7972630 0.9296800
vt -0.7976800 0.9071880
vt -0.7629560 0.9056090
vt -0.7781700 0.9046710
vt -0.7781730 0.8836050
vt -0.7629800 0.8820450
vt -0.7800430 0.8836050
vt -0.7800400 0.9046710
vt -0.7952530 0.9056150
vt -0.7952370 0.8820510
vt -0.7780150 0.8569700
vt -0.7777440 0.8790530
vt -0.7796140 0.8790760
vt -0.7798850 0.8569930
vt -0.7625270 0.8799270
vt -0.7777440 0.8790530
vt -0.7780150 0.8569700
vt -0.7628500 0.8536720
vt -0.7798850 0.8569930
vt -0.7796140 0.8790760
vt -0.7948050 0.8803240
vt -0.7951280 0.8540680
vt -0.7779060 0.8300010
vt -0.7779700 0.8512270
vt -0.7798400 0.8512210
vt -0.7797760 0.8299950
vt -0.7627680 0.8523340
vt -0.7779700 0.8512270
vt -0.7779060 0.8300010
vt -0.7626930 0.8273810
vt -0.7797760 0.8299950
vt -0.7798400 0.8512210
vt -0.7950480 0.8522360
vt -0.7949650 0.8248720
vt -0.7778840 0.8001580
vt -0.7774760 0.8225150
vt -0.7793450 0.8225490
vt -0.7797530 0.8001920
vt -0.7622540 0.8232980
vt -0.7774760 0.8225150
vt -0.7778840 0.8001580
vt -0.7627480 0.7962400
vt -0.7797530 0.8001920
vt -0.7793450 0.8225490
vt -0.7945290 0.8238870
vt -0.7950220 0.7968290
vt -0.7772490 0.7703960
vt -0.7765770 0.7930050
vt -0.7784460 0.7930600
vt -0.7791190 0.7704510
vt -0.7613470 0.7936120
vt -0.7765770 0.7930050
vt -0.7772490 0.7703960
vt -0.7621580 0.7663460
vt -0.7791190 0.7704510
vt -0.7784460 0.7930600
vt -0.7936130 0.7945730
vt -0.7944240 0.7673060
vt -0.7764090 0.7430030
vt -0.7760080 0.7616910
vt -0.7778770 0.7617310
vt -0.7782790 0.7430430
vt -0.7760080 0.7616910
vt -0.7764090 0.7430030
vt -0.7611850 0.7437360
vt -0.7607830 0.7624240
vt -0.7934580 0.7444300
vt -0.7782790 0.7430430
vt -0.7778770 0.7617310
vt -0.7930560 0.7631180
vt 0.1708150 0.5064780
vt 0.1669630 0.5057740
vt 0.1677420 0.5100230
vt 0.1711240 0.5119580
vt 0.1701300 0.5346010
vt 0.1712040 0.5231080
vt 0.1680960 0.5226860
vt 0.1646480 0.5160850
vt 0.1641180 0.5087610
vt 0.1626290 0.5052470
vt 0.1659990 0.5013380
vt 0.1625010 0.5014890
vt 0.1632220 0.4939250
vt 0.1669220 0.4932570
vt 0.1619060 0.4871380
vt 0.1701250 0.5008710
vt 0.1708150 0.5064780
vt 0.1792520 0.5127000
vt 0.1776250 0.5065640
vt 0.1748410 0.5129710
vt 0.1790630 0.5239540
vt 0.1750880 0.5237970
vt 0.1776380 0.5350240
vt 0.1739200 0.5352280
vt 0.1733050 0.5462040
vt 0.1742130 0.5067350
vt 0.1734040 0.5006550
vt 0.1702470 0.4928280
vt 0.1659070 0.4861760
vt 0.1662020 0.4785970
vt 0.1697740 0.4773630
vt 0.1660380 0.4742220
vt 0.1694090 0.4812700
vt 0.1659610 0.4822760
vt 0.1693370 0.4853560
vt 0.1736030 0.4926110
vt 0.1763590 0.5001010
vt 0.1773240 0.4924810
vt 0.1621750 0.4835320
vt 0.1623450 0.4799450
vt 0.1620330 0.4756560
vt 0.1618010 0.4713480
vt 0.1659040 0.4699120
vt 0.1615110 0.4654440
vt 0.1657480 0.4646220
vt 0.1615070 0.4597820
vt 0.1657170 0.4592140
vt 0.1620290 0.4479550
vt 0.1659380 0.4474700
vt 0.1615380 0.4291360
vt 0.1654130 0.4289840
vt 0.1612010 0.4107320
vt 0.1698320 0.4469320
vt 0.1855600 0.4593890
vt 0.1817500 0.4586460
vt 0.1817630 0.4640920
vt 0.1855090 0.4474610
vt 0.1815610 0.4469690
vt 0.1775680 0.4581100
vt 0.1776710 0.4465760
vt 0.1737690 0.4465530
vt 0.1734260 0.4581340
vt 0.1695390 0.4585930
vt 0.1695080 0.4638420
vt 0.1693900 0.4688510
vt 0.1696090 0.4730980
vt 0.1818150 0.4694610
vt 0.1773340 0.4685670
vt 0.1772880 0.4723790
vt 0.1774920 0.4634190
vt 0.1733110 0.4633880
vt 0.1730740 0.4683910
vt 0.1732330 0.4724590
vt 0.1733630 0.4764800
vt 0.1728740 0.4806350
vt 0.1725720 0.4848120
vt 0.1772520 0.4760970
vt 0.1768030 0.4803730
vt 0.1763030 0.4845820
vt 0.1804790 0.4846610
vt 0.1810450 0.4806180
vt 0.1814570 0.4764490
vt 0.1815490 0.4730170
vt 0.1802540 0.4998570
vt 0.1811560 0.4923500
vt 0.1840160 0.4848220
vt 0.1845900 0.4811040
vt 0.1851600 0.4772100
vt 0.1852980 0.4738440
vt 0.1856930 0.4704150
vt 0.1855950 0.4649130
vt 0.1875170 0.4847890
vt 0.1881240 0.4813060
vt 0.1844860 0.4921900
vt 0.1841300 0.4996520
vt 0.1815450 0.5056720
vt 0.1830290 0.5111070
vt 0.1835540 0.5198370
vt 0.1885470 0.5042370
vt 0.1876130 0.5002770
vt 0.1850890 0.5046450
vt 0.1864100 0.5092210
vt 0.1870260 0.5143730
vt 0.1830290 0.5111070
vt 0.1896770 0.5080270
vt 0.1917490 0.5039830
vt 0.1912280 0.4996080
vt 0.1880150 0.4919310
vt 0.1920280 0.4912670
vt 0.1917550 0.4842760
vt 0.1922720 0.4808500
vt 0.1887790 0.4778190
vt 0.1929610 0.4777070
vt 0.1931810 0.5082990
vt 0.1906490 0.5143410
vt 0.1938040 0.5167290
vt 0.1920530 0.4103920
vt 0.1905140 0.3898180
vt 0.1881020 0.4101310
vt 0.1882430 0.4283920
vt 0.1922050 0.4283530
vt 0.1934150 0.4473650
vt 0.1894630 0.4476960
vt 0.1936460 0.4594190
vt 0.1893670 0.4596810
vt 0.1938050 0.4648140
vt 0.1894060 0.4652220
vt 0.1939000 0.4701600
vt 0.1894480 0.4707040
vt 0.1934020 0.4739620
vt 0.1890350 0.4742470
vt 0.1843160 0.4282930
vt 0.1840840 0.4097110
vt 0.1870120 0.3891600
vt 0.1837120 0.3886640
vt 0.1849870 0.3701290
vt 0.1809520 0.3703330
vt 0.1829390 0.3555080
vt 0.1803810 0.4282220
vt 0.1888680 0.3698990
vt 0.1867080 0.3558660
vt 0.1669210 0.3551530
vt 0.1678450 0.3411090
vt 0.1641380 0.3407840
vt 0.1706590 0.3549360
vt 0.1715000 0.3414570
vt 0.1746470 0.3548850
vt 0.1750650 0.3417740
vt 0.1786040 0.3420680
vt 0.1788750 0.3551090
vt 0.1821390 0.3420870
vt 0.1857620 0.3418320
vt 0.1894990 0.3413590
vt 0.1904770 0.3559670
vt 0.1926900 0.3698860
vt 0.1942990 0.3557330
vt 0.1932690 0.3408870
vt 0.1767510 0.3703620
vt 0.1725870 0.3701670
vt 0.1686370 0.3697780
vt 0.1648160 0.3694450
vt 0.1652760 0.3900800
vt 0.1688470 0.3900150
vt 0.1650480 0.4108430
vt 0.1687570 0.4105540
vt 0.1690130 0.4287330
vt 0.1726230 0.4284740
vt 0.1724670 0.4101220
vt 0.1764270 0.4282700
vt 0.1762010 0.4097210
vt 0.1614480 0.3897700
vt 0.1609940 0.3693700
vt 0.1631740 0.3552820
vt 0.1800740 0.4095500
vt 0.1798630 0.3886230
vt 0.1757540 0.3890250
vt 0.1720930 0.3895930
vt 0.8458030 0.5288520
vt 0.8400320 0.5289030
vt 0.8477530 0.5345910
vt 0.8477530 0.5451900
vt 0.8400270 0.5724430
vt 0.8477530 0.5561290
vt 0.8477530 0.5667780
vt 0.8457980 0.5725100
vt 0.4809560 0.0263080
vt 0.4903420 0.0264290
vt 0.4810950 0.0154580
vt 0.4894840 0.0084880
vt 0.4926070 0.0085280
vt 0.4627430 0.0011880
vt 0.4627020 0.0043120
vt 0.4812740 0.0014260
vt 0.4812340 0.0045510
vt 0.4625630 0.0152210
vt 0.4810950 0.0154580
vt 0.4809560 0.0263080
vt 0.4624260 0.0260720
vt 0.4385910 0.0264030
vt 0.4479800 0.0264140
vt 0.4386040 0.0155500
vt 0.4469110 0.0084800
vt 0.4500360 0.0084840
vt 0.4200890 0.0014970
vt 0.4200860 0.0046220
vt 0.4386190 0.0015180
vt 0.4386160 0.0046420
vt 0.4200730 0.0155290
vt 0.4386040 0.0155500
vt 0.4200590 0.0263800
vt 0.4385910 0.0264030
vt 0.6239200 0.0791830
vt 0.5880320 0.0798200
vt 0.5861040 0.1003380
vt 0.5830040 0.0806670
vt 0.5415610 0.0991280
vt 0.5324410 0.0841100
vt 0.5441600 0.1056170
vt 0.5373460 0.1091070
vt 0.5387910 0.1142330
vt 0.2652140 0.5342900
vt 0.2675100 0.5252350
vt 0.2526560 0.5255440
vt 0.2566880 0.5353950
vt 0.8561330 0.5667780
vt 0.8580880 0.5725090
vt 0.8638590 0.5724430
vt 0.8561330 0.5561290
vt 0.8638540 0.5289040
vt 0.8561330 0.5451900
vt 0.8561330 0.5345910
vt 0.8580820 0.5288520
vt 0.5807040 0.1647030
vt 0.5629350 0.1723220
vt 0.5915050 0.1792890
vt 0.6188030 0.1908810
vt 0.6601780 0.1954790
vt 0.6378460 0.1988970
vt 0.6573770 0.2078380
vt 0.6638830 0.2109610
vt 0.6830190 0.2069950
vt 0.6897250 0.2240260
vt 0.7058060 0.2108930
vt 0.7013820 0.2296440
vt 0.7096960 0.2332310
vt 0.7307870 0.2187600
vt 0.7174390 0.2390860
vt 0.7219190 0.2398010
vt 0.7630980 0.2416620
vt 0.3975880 0.0033570
vt 0.4066240 0.0033570
vt 0.4066240 0.0014140
vt 0.3975880 0.0014150
vt 0.3884490 0.0033570
vt 0.3884490 0.0014140
vt 0.3792690 0.0033570
vt 0.3792690 0.0014140
vt 0.3700560 0.0033570
vt 0.3700560 0.0014140
vt 0.3607980 0.0033570
vt 0.3607980 0.0014140
vt 0.3514800 0.0033570
vt 0.3514800 0.0014140
vt 0.3420550 0.0033570
vt 0.3420550 0.0014140
vt 0.3326670 0.0033570
vt 0.3326670 0.0014150
vt 0.3226750 0.0033570
vt 0.3226750 0.0014150
vt 0.3132970 0.0033570
vt 0.3132970 0.0014150
vt 0.3039440 0.0033570
vt 0.3039440 0.0014140
vt 0.2946100 0.0033570
vt 0.2946100 0.0014150
vt 0.2853620 0.0033570
vt 0.2853620 0.0014140
vt 0.2761750 0.0033570
vt 0.2761750 0.0014150
vt 0.2670460 0.0033570
vt 0.2670460 0.0014150
vt 0.2579290 0.0033570
vt 0.2579290 0.0014140
vt 0.2488620 0.0033570
vt 0.2488620 0.0014140
vt 0.2398330 0.0033570
vt 0.2398330 0.0014150
vt 0.2308400 0.0033570
vt 0.2308400 0.0014150
vt 0.2219460 0.0033570
vt 0.2219460 0.0014140
vt 0.4554440 0.2739190
vt 0.4640440 0.2800060
vt 0.4604500 0.2818970
vt 0.4503690 0.2783600
vt 0.4569110 0.2858460
vt 0.3975880 0.0268300
vt 0.4066240 0.0268300
vt 0.4066240 0.0045420
vt 0.3975880 0.0045420
vt 0.3884490 0.0268300
vt 0.3884490 0.0045420
vt 0.3792690 0.0268300
vt 0.3792690 0.0045420
vt 0.3700570 0.0268300
vt 0.3700570 0.0045420
vt 0.3607980 0.0268300
vt 0.3607980 0.0045420
vt 0.3514800 0.0268300
vt 0.3514800 0.0045420
vt 0.3420550 0.0268300
vt 0.3420550 0.0045420
vt 0.3326670 0.0268300
vt 0.3326670 0.0045420
vt 0.3226750 0.0268300
vt 0.3226750 0.0045420
vt 0.3132970 0.0268300
vt 0.3132970 0.0045420
vt 0.3039440 0.0268300
vt 0.3039440 0.0045420
vt 0.2946100 0.0268300
vt 0.2946100 0.0045420
vt 0.2853620 0.0268300
vt 0.2853620 0.0045420
vt 0.2761750 0.0268300
vt 0.2761750 0.0045420
vt 0.2670460 0.0268300
vt 0.2670460 0.0045420
vt 0.2579290 0.0268300
vt 0.2579290 0.0045420
vt 0.2488620 0.0268300
vt 0.2488620 0.0045420
vt 0.2398330 0.0268300
vt 0.2398330 0.0045420
vt 0.2308400 0.0268300
vt 0.2308400 0.0045420
vt 0.2219460 0.0268300
vt 0.2219460 0.0045420
vt 0.4233000 0.2023410
vt 0.4323400 0.2078800
vt 0.4249780 0.1934790
vt 0.4088810 0.2017530
vt 0.4093550 0.1928070
vt 0.4249780 0.1934790
vt 0.4371230 0.1935790
vt 0.4093550 0.1928070
vt 0.3936700 0.2017530
vt 0.3938690 0.1924830
vt 0.3785110 0.1918530
vt 0.3157610 0.1661950
vt 0.3198840 0.1951720
vt 0.3312020 0.1661950
vt 0.3327980 0.1947780
vt 0.3486330 0.1928150
vt 0.3469770 0.1661950
vt 0.3641390 0.1918120
vt 0.3630630 0.1661950
vt 0.3790340 0.1661950
vt 0.3938690 0.1924830
vt 0.3948740 0.1661950
vt 0.4093550 0.1928070
vt 0.4106290 0.1661950
vt 0.4249780 0.1934790
vt 0.4262660 0.1661950
vt 0.3430270 0.2022230
vt 0.3327980 0.1947780
vt 0.3198840 0.1951720
vt 0.3266310 0.2104350
vt 0.3327980 0.1947780
vt 0.4249780 0.1934790
vt 0.4371230 0.1935790
vt 0.4416840 0.1661950
vt 0.4585800 0.1925360
vt 0.4569310 0.1661950
vt 0.4718260 0.1661950
vt 0.4810590 0.1906910
vt 0.3708180 0.2021100
vt 0.3486330 0.1928150
vt 0.3641390 0.1918120
vt 0.3785110 0.1918530
vt 0.3039440 0.0281690
vt 0.3039440 0.0352350
vt 0.3132970 0.0352350
vt 0.3132970 0.0281680
vt 0.3226750 0.0352350
vt 0.3226750 0.0281680
vt 0.3326670 0.0281680
vt 0.3326670 0.0352350
vt 0.3420550 0.0281690
vt 0.3420550 0.0352350
vt 0.3514800 0.0281690
vt 0.3514800 0.0352350
vt 0.3607980 0.0281690
vt 0.3607980 0.0352350
vt 0.3700570 0.0281690
vt 0.3700570 0.0352350
vt 0.3792690 0.0281690
vt 0.3792690 0.0352350
vt 0.3884490 0.0281690
vt 0.3884490 0.0352350
vt 0.3975880 0.0281680
vt 0.3975880 0.0352350
vt 0.4066240 0.0281690
vt 0.4066240 0.0352350
vt 0.3884490 0.0033570
vt 0.3884490 0.0045420
vt 0.3975880 0.0033570
vt 0.3975880 0.0045420
vt 0.4066240 0.0033570
vt 0.4066240 0.0045420
vt 0.3039440 0.0033570
vt 0.3039440 0.0045420
vt 0.3132970 0.0033570
vt 0.3132970 0.0045420
vt 0.3226750 0.0033570
vt 0.3226750 0.0045420
vt 0.3326670 0.0033570
vt 0.3326670 0.0045420
vt 0.3420550 0.0033570
vt 0.3420550 0.0045420
vt 0.3514800 0.0033570
vt 0.3514800 0.0045420
vt 0.3607980 0.0033570
vt 0.3607980 0.0045420
vt 0.3700560 0.0033570
vt 0.3700570 0.0045420
vt 0.3792690 0.0033570
vt 0.3792690 0.0045420
vt 0.2219460 0.0033570
vt 0.2219460 0.0045420
vt 0.2308400 0.0033570
vt 0.2308400 0.0045420
vt 0.2398330 0.0033570
vt 0.2398330 0.0045420
vt 0.2488620 0.0033570
vt 0.2488620 0.0045420
vt 0.2579290 0.0033570
vt 0.2579290 0.0045420
vt 0.2670460 0.0033570
vt 0.2670460 0.0045420
vt 0.2761750 0.0033570
vt 0.2761750 0.0045420
vt 0.2853620 0.0033570
vt 0.2853620 0.0045420
vt 0.2946100 0.0033570
vt 0.2946100 0.0045420
vt 0.1790630 0.5239540
vt 0.1776380 0.5350240
vt 0.4106710 0.0263660
vt 0.4200590 0.0263800
vt 0.4200730 0.0155290
vt 0.4117860 0.0084410
vt 0.4086610 0.0084340
vt 0.1724340 0.9764960
vt 0.1725750 0.9678240
vt 0.1656360 0.9675480
vt 0.1663460 0.9771770
vt 0.1620050 0.9676030
vt 0.1629730 0.9773830
vt 0.1583570 0.9678090
vt 0.1804600 0.9826430
vt 0.1734530 0.9859610
vt 0.1662520 0.9878490
vt 0.1625520 0.9881520
vt 0.1588340 0.9879500
vt 0.1456870 0.9937720
vt 0.1496160 0.9951510
vt 0.1537450 0.9961790
vt 0.1580040 0.9967760
vt 0.1623080 0.9968950
vt 0.1665600 0.9966560
vt 0.1751260 0.9948920
vt 0.1828970 0.9920560
vt 0.1899840 0.9892920
vt 0.9634330 0.6637460
vt 0.9949120 0.6636510
vt 0.9948730 0.6504300
vt 0.9616870 0.6505300
vt 0.9627280 0.6373050
vt 0.9948330 0.6372090
vt 0.9665660 0.6240710
vt 0.9947950 0.6239860
vt 0.9698430 0.6108380
vt 0.9947570 0.6107630
vt 0.9760070 0.5975930
vt 0.9947200 0.5975370
vt 0.9812000 0.5843460
vt 0.9946850 0.5843060
vt 0.9843170 0.5710930
vt 0.9946530 0.5710620
vt 0.9868110 0.5578220
vt 0.9946220 0.5577980
vt 0.9885810 0.5445170
vt 0.9945920 0.5444980
vt 0.9899080 0.5311580
vt 0.9945620 0.5311420
vt 0.9903790 0.5177600
vt 0.9945160 0.5177450
vt 0.7960750 0.5828540
vt 0.7905880 0.5779650
vt 0.7861600 0.5827510
vt 0.7862230 0.5779080
vt 0.7763690 0.5777220
vt 0.9911990 0.7826220
vt 0.9952790 0.7826090
vt 0.9952370 0.7693940
vt 0.9906560 0.7694090
vt 0.9951940 0.7561790
vt 0.9894350 0.7561970
vt 0.9951520 0.7429640
vt 0.9873790 0.7429880
vt 0.9951110 0.7297470
vt 0.9853230 0.7297780
vt 0.9950710 0.7165300
vt 0.9817630 0.7165710
vt 0.9950310 0.7033110
vt 0.9763090 0.7033690
vt 0.9949910 0.6900920
vt 0.9710330 0.6901650
vt 0.9949520 0.6768720
vt 0.9661390 0.6769590
vt 0.2199570 0.8836050
vt 0.2199600 0.9046710
vt 0.2208920 0.8836050
vt 0.2218300 0.9046710
vt 0.2218270 0.8836050
vt 0.2219460 0.0281690
vt 0.2219460 0.0352350
vt 0.2308400 0.0281680
vt 0.2308400 0.0352350
vt 0.2398330 0.0281680
vt 0.2398330 0.0352350
vt 0.2488620 0.0281690
vt 0.2488620 0.0352350
vt 0.2579290 0.0281690
vt 0.2579290 0.0352350
vt 0.2670460 0.0281680
vt 0.2670460 0.0352350
vt 0.2761750 0.0281680
vt 0.2761750 0.0352350
vt 0.2853620 0.0281690
vt 0.2853620 0.0352350
vt 0.2946100 0.0281680
vt 0.2946100 0.0352350
vt 0.4530400 0.0259550
vt 0.4624260 0.0260720
vt 0.4625630 0.0152210
vt 0.4543490 0.0080410
vt 0.4512260 0.0080030
vn 0.9924445 -0.1224451 -0.0078170
vn 0.9171354 -0.3977602 -0.0254860
vn 0.9638845 -0.2662721 0.0050920
vn 0.9906439 -0.1364280 0.0034560
vn 0.9999999 0.0000000 -0.0000000
vn 0.9999999 0.0000000 -0.0000000
vn 0.9999999 0.0000000 -0.0000000
vn 0.9999999 0.0000000 -0.0000000
vn 0.9999999 0.0000000 -0.0000000
vn 0.9999999 0.0000000 -0.0000000
vn 0.9999999 0.0000000 -0.0000000
vn 0.9999999 0.0000000 -0.0000000
vn 0.9071361 -0.0481630 0.4180720
vn 0.8886937 0.1475030 0.4341269
vn 0.9964316 -0.0609930 0.0583410
vn 0.9996724 0.0126860 0.0222250
vn 0.9146450 0.1822010 0.3608700
vn 0.9952129 0.0316310 0.0924700
vn 0.9282100 0.1521140 0.3395400
vn 0.9941168 -0.0976220 0.0469210
vn 0.9717428 -0.0583930 0.2287050
vn 0.7140278 0.3111749 0.6271638
vn 0.7498377 0.1876679 0.6344478
vn 0.4214981 0.3971511 0.8152363
vn 0.4111820 0.4250730 0.8063760
vn 0.5436419 -0.1236580 0.8301579
vn 0.5325101 -0.3213641 0.7830442
vn 0.4895628 0.2904199 0.8221827
vn 0.5989961 0.3474611 0.7214392
vn 0.6146099 0.3728199 0.6951689
vn 0.3784541 0.3798921 0.8440702
vn 0.2417538 0.3051738 0.9210993
vn 0.2904770 -0.1605900 0.9433101
vn 0.2930020 -0.4934640 0.8189279
vn 0.3926639 -0.4960439 0.7744387
vn 0.0000000 -0.1425970 0.9897807
vn 0.0000000 0.3060540 0.9520141
vn 0.0000000 -0.5109213 0.8596275
vn 0.0000000 -0.6665047 0.7455007
vn 0.3115878 -0.6409016 0.7015396
vn 0.0000000 -0.8636574 0.5040792
vn 0.3184151 -0.8180022 0.4790451
vn 0.2733939 -0.8724478 0.4050809
vn 0.4124821 -0.8243531 0.3876861
vn 0.4559739 -0.7658049 0.4534649
vn 0.4339057 -0.5858197 0.6845005
vn 0.0000000 -0.9086897 0.4174719
vn -0.2733940 -0.8724481 0.4050801
vn 0.0000000 0.3692020 0.9293491
vn -0.2417541 0.3051741 0.9210992
vn -0.2904770 -0.1605900 0.9433101
vn -0.2930020 -0.4934640 0.8189279
vn -0.3115878 -0.6409016 0.7015396
vn -0.3184151 -0.8180022 0.4790451
vn -0.4124821 -0.8243531 0.3876861
vn -0.4559739 -0.7658049 0.4534649
vn -0.4339057 -0.5858197 0.6845005
vn -0.4032779 -0.4583718 0.7919987
vn -0.3784532 0.3798922 0.8440705
vn -0.5436427 -0.1236559 0.8301576
vn -0.4895630 0.2904190 0.8221830
vn -0.5989961 0.3474611 0.7214392
vn -0.7140280 0.3111740 0.6271640
vn -0.6146101 0.3728191 0.6951692
vn -0.9071363 -0.0481610 0.4180721
vn -0.8886937 0.1475030 0.4341269
vn -0.9639182 -0.2661491 0.0051270
vn -0.9422299 -0.1601660 -0.2941930
vn -0.9058970 -0.2162270 0.3641380
vn -0.9924443 -0.1224460 -0.0078170
vn -0.4200589 -0.5662808 -0.7091377
vn -0.5621759 -0.4392349 -0.7007359
vn 0.0000010 -0.5333350 -0.8459041
vn -0.8141809 -0.3950250 -0.4255169
vn -0.9503615 -0.1758121 -0.2567161
vn -0.9882928 -0.1250160 -0.0874530
vn -0.9282100 0.1521140 0.3395400
vn -0.9717428 -0.0583930 0.2287050
vn -0.7498370 0.1876700 0.6344481
vn -0.4214980 0.3971520 0.8152359
vn -0.4111831 0.4250731 0.8063753
vn -0.3961810 0.4471221 0.8019491
vn -0.0000010 0.4985247 0.8668754
vn -0.0000010 0.4888281 0.8723801
vn 0.3961801 0.4471211 0.8019502
vn -0.9146450 0.1822010 0.3608700
vn -0.9358228 -0.1699990 -0.3087649
vn -0.5300960 -0.4226940 -0.7350700
vn 0.0000000 -0.5187169 -0.8549460
vn -0.4260278 -0.4223478 -0.8000766
vn 0.0000000 -0.5442002 -0.8389554
vn 0.4260280 -0.4223450 -0.8000780
vn 0.2948962 -0.0906100 -0.9512235
vn 0.5507911 0.0896810 -0.8298111
vn 0.3781592 0.4960463 -0.7816225
vn 0.2031511 0.4379672 -0.8757364
vn 0.3224110 0.7602921 -0.5639210
vn 0.0000000 0.7969449 -0.6040519
vn 0.0000000 0.9821025 -0.1883469
vn -0.3224110 0.7602921 -0.5639210
vn -0.3358099 0.9248027 -0.1788059
vn -0.0485640 0.1389021 -0.9891146
vn 0.1272420 -0.5309951 -0.8377671
vn 0.4370177 0.7070965 -0.5559046
vn 0.4265762 0.8874914 -0.1743321
vn 0.3358099 0.9248027 -0.1788059
vn -0.2454269 -0.4602738 -0.8531785
vn -0.5643729 -0.2321040 -0.7922189
vn -0.4265758 0.8874915 -0.1743319
vn -0.4370177 0.7070965 -0.5559046
vn -0.3781568 0.4960538 -0.7816187
vn -0.2031511 0.4379652 -0.8757374
vn -0.2993519 0.3155839 -0.9004416
vn 0.0000000 0.4642659 -0.8856958
vn -0.4057540 0.5829790 -0.7039170
vn 0.0215040 -0.0264440 -0.9994189
vn 0.0000260 -0.4548361 -0.8905751
vn 0.0402520 0.0059000 -0.9991721
vn 0.0575850 0.0358820 -0.9976954
vn 0.0000000 -0.9759800 -0.2178600
vn 0.0000080 -0.9665566 -0.2564529
vn 0.0000000 -0.9999878 -0.0049160
vn 0.0000000 -0.9999878 -0.0049160
vn 0.0000000 -0.9071538 -0.4207989
vn 0.0000000 -0.9071538 -0.4207989
vn 0.0000000 -0.6588619 -0.7522639
vn -0.0000020 -0.8798465 -0.4752577
vn -0.0000020 -0.8798465 -0.4752577
vn 0.0000000 -0.6493012 -0.7605313
vn 0.0000000 -0.1655021 -0.9862095
vn 0.0000000 -0.1608999 -0.9869706
vn 0.0000000 0.0305800 -0.9995323
vn 0.0000000 0.0305800 -0.9995323
vn 0.9999999 0.0000000 -0.0000000
vn 0.6996419 -0.6064339 -0.3778080
vn 0.8854024 -0.4156702 -0.2080401
vn 0.9999999 0.0000000 -0.0000000
vn 0.8847013 -0.4353151 -0.1667470
vn 0.9999999 0.0000000 -0.0000000
vn 0.8908945 0.4331298 0.1367679
vn 0.4255699 0.9043727 0.0316230
vn 0.3475429 0.9004496 0.2615419
vn 0.4015000 0.8844001 0.2379790
vn 0.2598709 -0.8353317 -0.4844458
vn 0.1960489 -0.8672678 -0.4576148
vn 0.3818489 -0.7875878 -0.4836288
vn 0.3898231 -0.8149752 -0.4287811
vn 0.3902760 -0.8576760 -0.3347780
vn 0.8905834 -0.4433307 -0.1015819
vn 0.9379748 0.3467029 -0.0003550
vn 0.8156415 0.5003483 0.2904832
vn 0.3975911 0.9022222 -0.1670820
vn 0.4197960 -0.8849631 -0.2015230
vn 0.9992672 -0.0381970 -0.0024680
vn 0.9189084 -0.3591282 -0.1632001
vn 0.4314651 -0.8605053 -0.2708661
vn 0.9979529 -0.0447170 0.0457190
vn 0.1787290 -0.9153401 -0.3608440
vn 0.1880490 -0.9555050 -0.2272610
vn 0.1887101 -0.9556254 -0.2262051
vn 0.1637720 -0.9223057 -0.3500439
vn 0.3566909 -0.8481606 -0.3916568
vn 0.7869162 -0.5198351 -0.3324671
vn 0.9779907 0.0183360 -0.2078409
vn 0.9621105 0.2707371 0.0323260
vn 0.6599828 0.7294148 0.1799349
vn 0.5035951 0.8396842 0.2032790
vn 0.4233620 0.7403631 0.5221370
vn 0.5287448 0.4342039 0.7293118
vn 0.5061028 0.3791289 0.7746748
vn 0.1509579 0.4198658 0.8949437
vn 0.1012050 0.4243539 0.8998228
vn 0.0736250 0.4408809 0.8945408
vn 0.1212679 0.5083777 0.8525525
vn 0.1212679 0.5083777 0.8525525
vn 0.6728442 -0.2563281 -0.6939572
vn 0.7262979 -0.3318830 -0.6019509
vn 0.5300960 -0.4226940 -0.7350700
vn 0.7715176 -0.3395468 -0.5380227
vn 0.5621766 -0.4392347 -0.7007354
vn 0.8141806 -0.3950258 -0.4255168
vn 0.9462766 -0.1607509 -0.2805699
vn 0.4200511 -0.5662801 -0.7091430
vn 0.7593297 -0.5642758 -0.3240539
vn 0.6769426 -0.6851847 -0.2688318
vn -0.5225078 -0.7323087 -0.4367028
vn -0.7154657 -0.5494168 -0.4315668
vn -0.2335071 -0.6345622 -0.7367532
vn 0.0000000 -0.7064620 -0.7077509
vn 0.0000000 -0.8345692 -0.5509031
vn 0.5225068 -0.7323087 -0.4367039
vn 0.3722390 -0.8317201 -0.4119221
vn 0.6768352 -0.6931622 -0.2478311
vn 0.5670900 -0.7743290 -0.2807550
vn 0.6604975 -0.7160875 -0.2257468
vn 0.7154649 -0.5494169 -0.4315679
vn 0.5984594 -0.5278713 -0.6026593
vn 0.1986369 -0.5471678 -0.8131117
vn -0.1740110 -0.5249569 -0.8331509
vn 0.2335080 -0.6345599 -0.7367549
vn -0.3467399 -0.6676917 -0.6587557
vn -0.5984681 -0.5278671 -0.6026541
vn -0.7593311 -0.5642751 -0.3240520
vn -0.6769433 -0.6851843 -0.2688311
vn -0.6768362 -0.6931612 -0.2478311
vn -0.6604970 -0.7160879 -0.2257470
vn -0.5670900 -0.7743290 -0.2807550
vn -0.3722388 -0.8317196 -0.4119228
vn 0.1319470 0.4934389 0.8597138
vn 0.0147090 0.8420351 0.5392221
vn 0.0315580 0.6247633 0.7801763
vn -0.1319470 0.4934389 0.8597138
vn -0.0315580 0.6247638 0.7801757
vn -0.0429790 0.8697746 0.4915738
vn -0.1456720 0.7328310 0.6646340
vn -0.4015009 0.8843998 0.2379789
vn 0.1638460 0.9811300 -0.1026560
vn 0.1905471 0.9807884 0.0417860
vn 0.0817100 0.9631462 0.2562671
vn 0.2087690 0.9451920 0.2510530
vn 0.0429790 0.8697762 0.4915711
vn 0.1456720 0.7328300 0.6646351
vn 0.0000000 0.9666842 0.2559721
vn -0.2087699 0.9451917 0.2510529
vn -0.3475432 0.9004495 0.2615421
vn -0.8908948 0.4331289 0.1367680
vn -0.4255699 0.9043727 0.0316230
vn -0.9379752 0.3467021 -0.0003560
vn -0.0817100 0.9631462 0.2562671
vn -0.1905480 0.9807881 0.0417860
vn -0.4160250 0.9045950 -0.0929030
vn -0.8156011 0.5003741 0.2905520
vn -0.5061471 0.3791081 0.7746561
vn -0.1638460 0.9811300 -0.1026560
vn -0.9658172 0.0383470 0.2563721
vn -0.4233561 0.7403622 0.5221431
vn -0.5035979 0.8396829 0.2032770
vn -0.1336780 0.9041981 0.4056551
vn -0.7163836 0.6035467 0.3500368
vn -0.9187678 0.3034869 0.2525100
vn -0.9887881 0.0464240 -0.1419250
vn -0.9189087 -0.3591269 -0.1632009
vn -0.9979531 -0.0447150 0.0457170
vn -0.8905838 -0.4433299 -0.1015820
vn -0.8847018 -0.4353139 -0.1667470
vn -0.9999999 0.0000000 -0.0000000
vn -0.9999999 0.0000000 -0.0000000
vn -0.8854026 -0.4156698 -0.2080399
vn -0.6996429 -0.6064329 -0.3778079
vn -0.3898242 -0.8149753 -0.4287801
vn -0.3818501 -0.7875871 -0.4836290
vn -0.1960489 -0.8672678 -0.4576148
vn -0.2598712 -0.8353315 -0.4844463
vn -0.9999999 0.0000000 -0.0000000
vn -0.7869162 -0.5198351 -0.3324671
vn -0.1637720 -0.9223057 -0.3500439
vn -0.1887099 -0.9556256 -0.2262039
vn -0.4314659 -0.8605048 -0.2708659
vn -0.3566912 -0.8481604 -0.3916572
vn -0.4197969 -0.8849627 -0.2015229
vn -0.3902768 -0.8576757 -0.3347779
vn -0.1787290 -0.9153401 -0.3608440
vn -0.1880490 -0.9555050 -0.2272610
vn -0.8801196 0.4027102 0.2514242
vn -0.8700747 0.4044599 0.2817479
vn -0.9551262 0.2519701 0.1557080
vn -0.9551577 0.2607419 0.1403110
vn -0.9985964 0.0458680 0.0264820
vn -0.8700758 0.4462289 0.2093989
vn -0.8700758 0.4462289 0.2093989
vn -0.9551263 -0.2608321 -0.1403580
vn -0.8700728 -0.4462329 -0.2094020
vn -0.8776239 -0.4151290 -0.2396750
vn -0.9551265 -0.2519689 -0.1557079
vn -0.9985964 -0.0458680 -0.0264820
vn -0.9985964 -0.0458680 -0.0264820
vn -0.9985964 0.0458680 0.0264820
vn -0.8700751 -0.4044601 -0.2817470
vn -0.0011400 -0.9999664 -0.0081000
vn 0.0000000 -0.9999062 -0.0136900
vn 0.0000000 -0.9999062 -0.0136900
vn -0.0051210 -0.9999867 -0.0004680
vn -0.0036850 -0.9999924 0.0012660
vn -0.0047670 -0.9999884 0.0006510
vn -0.0005420 -0.9997540 0.0221700
vn 0.0000000 -0.9996123 0.0278420
vn 0.0000000 0.8205388 0.5715908
vn 0.0000000 0.8205392 0.5715901
vn -0.0000040 0.8659744 0.5000882
vn 0.0000000 0.8205400 0.5715890
vn 0.0000000 0.9052825 0.4248098
vn 0.0000000 0.9052825 0.4248098
vn 0.0000000 0.9052825 0.4248098
vn 0.9994010 0.0338480 0.0072100
vn 0.9994010 0.0338480 0.0072100
vn 0.9994010 0.0338480 0.0072100
vn -0.0076440 -0.9999567 0.0052960
vn -0.0069300 -0.9999738 0.0020360
vn -0.0075100 -0.9999578 0.0052720
vn -0.0051530 -0.9999723 0.0053400
vn -0.0067630 -0.9999621 0.0054890
vn -0.0051630 -0.9999866 -0.0000000
vn -0.0070750 -0.9999744 0.0011360
vn -0.0072780 -0.9999712 -0.0021470
vn -0.0107520 -0.9999421 -0.0001150
vn -0.0111440 -0.9999376 -0.0005710
vn -0.0101660 -0.9999411 -0.0038070
vn -0.0054500 -0.9999568 -0.0075150
vn -0.0084310 -0.9999415 -0.0067770
vn -0.0084490 -0.9999408 -0.0068370
vn -0.0059400 -0.9999401 -0.0091970
vn 0.0059080 -0.9999391 -0.0093190
vn 0.0028930 -0.9999563 -0.0088890
vn 0.0028920 -0.9999563 -0.0088910
vn 0.0054820 -0.9999564 -0.0075610
vn 0.0101220 -0.9999411 -0.0039190
vn 0.0038700 -0.9999416 -0.0100890
vn 0.0039420 -0.9999407 -0.0101460
vn 0.0064090 -0.9999451 -0.0082830
vn 0.0101830 -0.9999440 0.0028740
vn 0.0000000 -0.2124251 0.9771774
vn 0.0000000 -0.2124251 0.9771774
vn 0.0000000 -0.2124251 0.9771774
vn 0.0094990 -0.9999375 -0.0058980
vn 0.0064090 -0.9999451 -0.0082830
vn 0.0101830 -0.9999440 0.0028740
vn 0.0095340 -0.9999371 -0.0058970
vn 0.0106100 -0.9999398 -0.0027540
vn 0.0088890 -0.9999563 0.0028880
vn 0.0105470 -0.9999443 0.0003350
vn 0.0037030 -0.9999437 0.0099370
vn 0.0101620 -0.9999406 0.0039380
vn 0.0006910 -0.9999403 0.0108930
vn 0.0084700 -0.9999401 0.0069310
vn 0.0029020 -0.9999563 0.0088890
vn 0.0058950 -0.9999393 0.0093130
vn -0.0059060 -0.9999402 0.0092020
vn 0.0028270 -0.9999403 0.0105470
vn -0.0084840 -0.9999403 0.0068740
vn -0.0054620 -0.9999567 0.0075150
vn -0.0054610 -0.9999567 0.0075130
vn -0.0884830 -0.7468919 0.6590319
vn -0.0884830 -0.7468919 0.6590319
vn -0.0884830 -0.7468919 0.6590319
vn -0.8512365 -0.5247823 -0.0000010
vn -0.9999999 0.0000000 -0.0000000
vn -0.8512306 -0.4991058 0.1621719
vn -0.8512322 -0.4991041 -0.1621690
vn -0.8512352 -0.4245591 -0.3084611
vn -0.8512345 -0.3084618 -0.4245598
vn -0.8512353 -0.1621681 -0.4990992
vn -0.8512360 0.0000010 -0.5247830
vn -0.8512357 0.1621660 -0.4990988
vn -0.4041951 0.5376321 0.7399852
vn -0.4041979 0.2826439 0.8699058
vn -0.8512372 0.3084581 0.4245571
vn -0.8512352 0.4245591 0.3084611
vn -0.4041922 0.7399874 0.5376312
vn -0.8512366 0.4990968 0.1621679
vn -0.4041930 0.8699068 0.2826479
vn -0.8512348 0.5247849 0.0000020
vn -0.4041921 0.9146741 -0.0000000
vn -0.8512307 0.4991058 -0.1621710
vn -0.8512392 0.1621630 0.4990941
vn -0.8512292 0.0000030 0.5247941
vn -0.8512393 -0.1621681 0.4990922
vn -0.8512347 -0.3084609 0.4245599
vn -0.8512335 -0.4245608 0.3084628
vn -0.4041941 -0.7399862 -0.5376312
vn -0.4041919 -0.5376319 -0.7399869
vn -0.4041891 -0.8699081 -0.2826500
vn -0.4041961 -0.9146723 -0.0000010
vn -0.4041891 -0.8699081 0.2826500
vn -0.4041938 -0.7399867 0.5376307
vn -0.4041929 -0.5376328 0.7399858
vn -0.4041968 -0.2826498 0.8699045
vn -0.4041851 0.0000020 0.9146773
vn -0.2899759 -0.9570338 -0.0000010
vn -0.2899770 -0.9101928 0.2957399
vn -0.2899800 -0.7742569 0.5625280
vn -0.2899781 -0.5625312 0.7742553
vn -0.2899769 -0.2957379 0.9101936
vn -0.2899799 0.0000030 0.9570326
vn -0.2899779 0.2957360 0.9101938
vn -0.2899769 0.5625327 0.7742546
vn -0.2899758 0.7742565 0.5625306
vn -0.2899739 0.9101936 0.2957409
vn -0.2899781 0.9570332 0.0000010
vn -0.2899770 0.9101928 -0.2957399
vn -0.4041891 0.8699081 -0.2826500
vn -0.8512354 0.4245587 -0.3084608
vn -0.8512320 0.3084630 -0.4245640
vn -0.4041900 0.5376319 -0.7399880
vn -0.4041941 0.2826490 -0.8699061
vn -0.4041929 0.0000020 -0.9146737
vn -0.4041931 -0.2826501 -0.8699062
vn -0.4041949 0.7399868 -0.5376298
vn -0.2899781 0.7742562 -0.5625301
vn -0.2899790 0.5625299 -0.7742559
vn -0.2899779 0.2957360 -0.9101938
vn -0.2899769 -0.0000020 -0.9570336
vn -0.2899781 -0.2957411 -0.9101923
vn -0.2899781 -0.5625301 -0.7742562
vn -0.2899800 -0.7742561 -0.5625291
vn -0.2899769 -0.9101927 -0.2957409
vn 0.0000000 -0.9999999 -0.0000000
vn 0.0000000 -0.9999999 -0.0000000
vn 0.1425660 -0.9885600 -0.0492330
vn 0.1442760 -0.9885600 0.0439700
vn 0.0000150 -0.9999999 0.0000040
vn 0.0908770 -0.9885598 0.1203770
vn 0.0027660 -0.9885606 0.1507989
vn -0.0863970 -0.9885621 0.1236140
vn -0.1425750 -0.9885582 0.0492440
vn -0.1442359 -0.9885665 -0.0439560
vn -0.0908759 -0.9885584 -0.1203899
vn -0.0027690 -0.9885615 -0.1507929
vn 0.0863980 -0.9885607 -0.1236250
vn 0.0000000 -0.9999999 -0.0000000
vn 0.0000000 -0.9999999 -0.0000000
vn 0.0000000 -0.9999999 -0.0000000
vn 0.0000000 -0.9999999 -0.0000000
vn 0.0000000 -0.9999999 -0.0000000
vn 0.0000000 -0.9999999 -0.0000000
vn 0.0000000 -0.9999999 -0.0000000
vn 0.0000000 -0.9999999 -0.0000000
vn -0.0850720 -0.9885601 -0.1245450
vn 0.0000000 -0.9999999 -0.0000000
vn 0.0000000 -0.9999999 -0.0000000
vn -0.1420399 -0.9885586 -0.0507580
vn -0.0000190 -0.9999999 -0.0000090
vn -0.1447419 -0.9885596 0.0424190
vn -0.0921560 -0.9885615 0.1193881
vn -0.0043750 -0.9885617 0.1507530
vn 0.0850710 -0.9885588 0.1245560
vn 0.1419969 -0.9885654 0.0507460
vn 0.1447380 -0.9885598 -0.0424280
vn 0.0921570 -0.9885616 -0.1193860
vn 0.0043820 -0.9885600 -0.1507640
vn 0.0000000 -0.9999999 -0.0000000
vn 0.0000000 -0.9999999 -0.0000000
vn 0.0000000 -0.9999999 -0.0000000
vn 0.0000000 -0.9999999 -0.0000000
vn 0.0000000 -0.9999999 -0.0000000
vn 0.0000000 -0.9999999 -0.0000000
vn 0.0000000 -0.9999999 -0.0000000
vn 0.0000000 -0.9999999 -0.0000000
vn 0.1915770 0.7253090 -0.6612300
vn 0.1915849 0.7252897 -0.6612487
vn 0.1915800 0.7252890 -0.6612510
vn 0.1916219 0.7253247 -0.6611997
vn 0.1916100 0.7253240 -0.6612040
vn 0.1915591 0.7253234 -0.6612193
vn 0.1915431 0.7253222 -0.6612253
vn 0.1915100 0.7253001 -0.6612591
vn 0.1915089 0.7252988 -0.6612608
vn 0.1915600 0.7253051 -0.6612391
vn 0.1915759 0.7252976 -0.6612427
vn 0.1915879 0.7252887 -0.6612488
vn 0.1915980 0.7252851 -0.6612501
vn 0.1915601 0.7253004 -0.6612443
vn 0.1915510 0.7253102 -0.6612362
vn 0.1915561 0.7253042 -0.6612412
vn 0.1915529 0.7253056 -0.6612406
vn 0.1915791 0.7252873 -0.6612532
vn 0.1915811 0.7252893 -0.6612503
vn 0.1915760 0.7253010 -0.6612390
vn 0.1915730 0.7253019 -0.6612389
vn 0.1915669 0.7253027 -0.6612397
vn 0.1915659 0.7252976 -0.6612456
vn 0.1915599 0.7252645 -0.6612836
vn 0.1915629 0.7252718 -0.6612749
vn 0.1916079 0.7253037 -0.6612267
vn 0.1915979 0.7253046 -0.6612287
vn 0.1915990 0.7253560 -0.6611720
vn 0.1915970 0.7253539 -0.6611749
vn 0.1915729 0.7253237 -0.6612148
vn 0.1915780 0.7253242 -0.6612132
vn 0.1915569 0.7253236 -0.6612197
vn 0.1915559 0.7253228 -0.6612208
vn 0.1914651 0.7253183 -0.6612523
vn 0.1914730 0.7253171 -0.6612511
vn 0.1915790 0.7252811 -0.6612601
vn 0.1915751 0.7252854 -0.6612564
vn 0.1916660 0.7252890 -0.6612260
vn 0.1916661 0.7252852 -0.6612302
vn 0.1915600 0.7253252 -0.6612172
vn 0.1915649 0.7253178 -0.6612238
vn 0.1916000 0.7252820 -0.6612529
vn 0.1915989 0.7252816 -0.6612536
vn 0.1916089 0.7253007 -0.6612297
vn 0.1916100 0.7253020 -0.6612281
vn 0.1915711 0.7253603 -0.6611753
vn 0.1915720 0.7253631 -0.6611720
vn 0.1915719 0.7253096 -0.6612306
vn 0.0000000 -0.2124251 0.9771774
vn 0.0000000 -0.2124251 0.9771774
vn 0.0000000 -0.2124251 0.9771774
vn 0.0000010 0.9999999 -0.0000000
vn -0.4694991 0.8143802 -0.3411091
vn -0.3411091 0.8143553 -0.4695422
vn 0.0033490 0.9999412 0.0103150
vn 0.0000000 0.9999411 0.0108460
vn -0.0033490 0.9999412 0.0103150
vn 0.3410250 0.8143820 -0.4695570
vn 0.4696621 0.8142771 -0.3411310
vn -0.0103160 0.9999411 0.0033490
vn -0.0108440 0.9999412 -0.0000000
vn -0.0103160 0.9999411 -0.0033490
vn 0.4696420 0.8142660 0.3411850
vn 0.3410691 0.8143733 0.4695402
vn -0.0033520 0.9999411 -0.0103150
vn 0.0000000 0.9999411 -0.0108460
vn 0.0033530 0.9999411 -0.0103150
vn -0.3411189 0.8143538 0.4695379
vn -0.4694459 0.8143908 0.3411569
vn 0.0103160 0.9999411 -0.0033510
vn 0.0108450 0.9999412 -0.0000000
vn 0.0103160 0.9999411 0.0033510
vn -0.4106459 0.8616098 -0.2983259
vn -0.8722353 0.3985901 -0.2834281
vn -0.8722450 0.3985730 -0.2834220
vn -0.9170492 0.3987741 0.0000590
vn -0.9170496 0.3987728 0.0000680
vn -0.8722793 0.3985792 0.2833081
vn -0.8722843 0.3985882 0.2832801
vn -0.4106399 0.8615938 0.2983799
vn -0.2983809 0.8615568 0.4107170
vn -0.2833721 0.3987961 0.8721593
vn -0.2833708 0.3987877 0.8721634
vn 0.0000170 0.3987811 0.9170461
vn 0.0000190 0.3987769 0.9170478
vn 0.2833240 0.3987960 0.8721750
vn 0.2833221 0.3988031 0.8721723
vn 0.2983341 0.8616003 0.4106601
vn 0.4107301 0.8615462 0.2983941
vn 0.8722332 0.3986801 0.2833081
vn 0.0000000 0.9999999 -0.0000000
vn 0.2633480 0.9609021 0.0855270
vn 0.2240330 0.9608991 0.1627330
vn 0.1627249 0.9609023 0.2240248
vn -0.0000040 0.9999999 -0.0000000
vn 0.0855430 0.9609001 0.2633500
vn 0.0000060 0.9999999 -0.0000000
vn 0.0000070 0.9608888 0.2769339
vn 0.0000040 0.9999999 -0.0000000
vn -0.0855820 0.9608816 0.2634049
vn -0.1627840 0.9608870 0.2240480
vn -0.2240329 0.9608906 0.1627829
vn 0.0000000 0.9999999 -0.0000000
vn -0.2634048 0.9608814 0.0855839
vn 0.0000000 0.9999999 -0.0000000
vn -0.2769051 0.9608973 -0.0000030
vn -0.3968038 0.8714467 0.2883179
vn -0.4664982 0.8714384 0.1515731
vn -0.4904688 0.8714586 -0.0000050
vn -0.4664999 0.8714387 -0.1515660
vn -0.2634071 0.9608814 -0.0855790
vn -0.3968042 0.8714443 -0.2883251
vn -0.0000010 0.9999999 -0.0000000
vn -0.2240301 0.9608905 -0.1627881
vn -0.2883029 0.8714408 -0.3968279
vn -0.1627840 0.9608857 -0.2240529
vn -0.1515600 0.8714258 -0.4665259
vn -0.0855880 0.9608805 -0.2634068
vn 0.0000260 0.8714415 -0.4904993
vn 0.0000030 0.9608873 -0.2769400
vn 0.1515579 0.8714685 -0.4664468
vn 0.0855480 0.9608986 -0.2633539
vn 0.2882320 0.8714969 -0.3967560
vn 0.1627260 0.9609022 -0.2240251
vn 0.3967747 0.8714994 -0.2881988
vn 0.2240391 0.9608973 -0.1627360
vn 0.4664489 0.8714788 -0.1514920
vn -0.2983800 0.8615491 -0.4107341
vn 0.0000020 0.9999999 -0.0000000
vn 0.0000000 0.9999999 -0.0000000
vn 0.0000000 0.9999999 -0.0000000
vn 0.2983200 0.8615880 -0.4106960
vn 0.4107628 0.8615406 -0.2983649
vn 0.0000010 0.9999999 -0.0000000
vn 0.2633469 0.9609026 -0.0855250
vn 0.0000000 0.9999999 -0.0000000
vn 0.2769650 0.9608800 -0.0000080
vn 0.4905321 0.8714231 -0.0000120
vn 0.4664760 0.8714630 0.1515000
vn 0.3967740 0.8714990 0.2882010
vn 0.2882339 0.8714948 0.3967589
vn 0.1515520 0.8714742 0.4664381
vn 0.0000290 0.8714494 0.4904853
vn -0.1515519 0.8714256 0.4665288
vn -0.2883079 0.8714386 0.3968288
vn -0.4062783 0.2063462 -0.8901457
vn -0.4062783 0.2063462 -0.8901457
vn -0.4062783 0.2063462 -0.8901457
vn 0.8722288 0.3987280 0.2832539
vn 0.9170027 0.3988809 -0.0000430
vn 0.9170039 0.3988780 -0.0000490
vn 0.8722232 0.3987231 -0.2832780
vn 0.8722588 0.3986709 -0.2832419
vn 0.2833400 0.3988061 -0.8721651
vn 0.2833399 0.3987918 -0.8721716
vn 0.0000270 0.3987761 -0.9170483
vn 0.0000300 0.3987749 -0.9170487
vn -0.2833809 0.3987909 -0.8721588
vn -0.2833770 0.3987931 -0.8721591
vn 0.9887760 0.0779500 0.1274590
vn 0.8999525 0.2362351 0.3664402
vn 0.9259180 0.3062590 0.2210910
vn 0.9760231 0.1208370 0.1810450
vn 0.5310489 0.2447039 0.8112379
vn 0.4966229 0.4874679 0.7181509
vn 0.8112989 0.4570679 0.3645310
vn 0.4983262 0.6315392 0.5939943
vn 0.6595868 0.7340587 0.1615640
vn 0.7832467 0.6048338 0.1438769
vn 0.7044988 0.7017388 0.1060380
vn 0.0000100 0.9380506 0.3464979
vn -0.3289919 0.8849288 0.3296439
vn -0.1110140 -0.6653958 0.7381898
vn -0.2225961 -0.4305701 0.8746772
vn 0.0000060 -0.6872797 0.7263927
vn 0.0000160 -0.4433281 0.8963593
vn 0.2226219 -0.4305598 0.8746756
vn 0.0000080 0.2306141 0.9730452
vn 0.0000070 0.5550709 0.8318030
vn 0.0000050 0.6370420 0.7708290
vn 0.5176097 0.7669086 0.3793828
vn 0.0000080 0.9681987 0.2501819
vn -0.6595809 0.7340639 0.1615640
vn -0.7832502 0.6048311 0.1438700
vn -0.8113037 0.4570659 0.3645229
vn -0.9259171 0.3062610 0.2210920
vn -0.5310369 0.2447000 0.8112469
vn 0.1110150 -0.6653830 0.7382011
vn -0.9000033 0.2361751 0.3663541
vn -0.4967179 0.4874359 0.7181069
vn -0.4983270 0.6315370 0.5939959
vn -0.9887761 0.0779500 0.1274580
vn -0.9760222 0.1208390 0.1810481
vn -0.5176037 0.7669096 0.3793888
vn 0.0000050 0.7788969 0.6271519
vn -0.4358589 -0.8997588 -0.0214710
vn -0.4358589 -0.8997588 -0.0214710
vn -0.4358589 -0.8997588 -0.0214710
vn -0.6262040 -0.3445160 0.6994120
vn -0.3779539 -0.6815659 0.6265929
vn -0.4513990 -0.7284100 0.5154200
vn -0.7511291 -0.4249980 0.5051551
vn -0.5040989 -0.7909769 0.3467560
vn -0.8071232 -0.5427341 0.2323611
vn -0.6869801 -0.7114280 -0.1480820
vn -0.4529322 -0.8852084 0.1061061
vn -0.3081908 -0.8468164 -0.4334977
vn -0.2161260 -0.9726701 -0.0848660
vn -0.0583870 -0.9878874 -0.1437679
vn -0.0627960 -0.8622319 -0.5026059
vn -0.0392520 -0.9217550 0.3857810
vn -0.0432410 -0.9138522 0.4037381
vn -0.0291870 -0.9049305 0.4245572
vn -0.0030190 -0.9068382 0.4214681
vn 0.0019600 -0.9132418 0.4074129
vn -0.0020620 -0.9185656 0.3952628
vn -0.0128680 -0.9217197 0.3876429
vn -0.2726039 -0.6461628 0.7128538
vn -0.0259240 -0.9217722 0.3868641
vn -0.1444000 -0.6250269 0.7671309
vn -0.0368300 -0.9191064 0.3922842
vn -0.0039090 -0.6205121 0.7841871
vn -0.0425550 -0.9149111 0.4014060
vn 0.1365590 -0.6334583 0.7616313
vn 0.7220668 -0.6918158 0.0032110
vn 0.4268929 -0.8793968 0.2107690
vn 0.4529541 -0.8206323 0.3484181
vn 0.7700721 -0.5961071 0.2272560
vn 0.4310751 -0.7613322 0.4843011
vn 0.7402532 -0.4978102 0.4518962
vn 0.3653980 -0.7072150 0.6052530
vn 0.6370750 -0.4059360 0.6552490
vn 0.2638141 -0.6632552 0.7003532
vn 0.4713288 -0.3292238 0.8182057
vn 0.2590341 -0.2749560 0.9259052
vn 0.0207510 -0.2486420 0.9683731
vn -0.2210179 -0.2521999 0.9420966
vn -0.4435779 -0.2853339 0.8496017
vn -0.0423080 -0.9105898 0.4111399
vn -0.0368460 -0.9073080 0.4188490
vn -0.0277580 -0.9059544 0.4224642
vn -0.0176990 -0.9070043 0.4207492
vn -0.0100930 -0.9104005 0.4136048
vn -0.0105440 -0.9161941 0.4005961
vn 0.3375140 -0.9403821 0.0420210
vn -0.0133350 -0.9196352 0.3925471
vn 0.2694829 -0.9609708 -0.0625600
vn 0.4240279 -0.8242429 -0.3752649
vn 0.5634831 -0.7907532 -0.2391571
vn -0.0514800 -0.5477371 0.8350651
vn -0.0514800 -0.5477371 0.8350651
vn -0.0514800 -0.5477371 0.8350651
vn 0.1333580 -0.9907467 -0.0252280
vn 0.2626520 -0.9645779 -0.0245620
vn 0.2638239 -0.9632458 -0.0505400
vn 0.1262289 -0.9896834 -0.0677700
vn 0.2332009 -0.9668705 -0.1038200
vn 0.1007920 -0.9874334 -0.1217220
vn -0.0023560 -0.9929712 -0.1183320
vn -0.0024230 -0.9974271 -0.0716470
vn -0.0023680 -0.9996731 -0.0254550
vn 0.9999996 0.0007200 0.0003540
vn 0.9999997 0.0006430 0.0002210
vn 0.9999998 0.0005210 -0.0000100
vn 0.9999999 0.0000000 -0.0000000
vn 0.9999999 0.0000000 -0.0000000
vn 0.9999999 0.0000000 -0.0000010
vn 0.9999999 0.0000000 -0.0000000
vn 0.9999999 0.0000000 -0.0000000
vn 0.9999999 0.0000000 -0.0000000
vn 0.9999998 0.0002510 0.0001340
vn 0.9999980 -0.0011170 0.0016390
vn 0.9999948 -0.0020210 0.0024530
vn 0.9999941 -0.0022060 0.0026200
vn 0.9999999 0.0000000 -0.0000020
vn 0.9999999 0.0000000 -0.0000020
vn 0.9999099 0.0109610 -0.0077400
vn 0.9999819 -0.0013790 0.0058440
vn 0.9999976 -0.0021470 -0.0000000
vn 0.9999788 0.0000000 0.0064980
vn -0.8040726 0.2036229 -0.5585738
vn -0.7847034 0.1230261 -0.6075403
vn -0.5107371 -0.0515820 -0.8581882
vn -0.9306266 0.3633808 0.0434540
vn -0.9519814 0.2887321 -0.1018100
vn -0.7697451 0.2725470 0.5772440
vn -0.6168271 0.4251991 0.6623670
vn 0.0966510 0.3095639 0.9459537
vn -0.0379140 0.5487731 0.8351111
vn -0.5709321 0.5696811 0.5911851
vn 0.1126630 0.6150341 0.7804102
vn -0.5289901 0.6372122 0.5604731
vn -0.9397902 0.3395421 0.0387990
vn -0.9180801 0.3825681 0.1037810
vn -0.8049291 -0.0167660 -0.5931340
vn -0.8201386 -0.1365449 -0.5556328
vn 0.7482632 0.0398950 0.6622012
vn 0.7005349 0.2573469 0.6655999
vn 0.7252645 0.3152798 0.6120375
vn 0.6266218 0.3816189 0.6794938
vn 0.0049240 0.6344649 0.7729359
vn -0.6061257 0.6059127 0.5152487
vn -0.9678971 0.2465040 -0.0491010
vn -0.7737171 -0.2178050 -0.5949141
vn -0.4785359 -0.4235759 -0.7691467
vn -0.5098300 -0.3710860 -0.7761240
vn -0.4912130 -0.2168100 -0.8436249
vn 0.2929521 0.1281350 0.9475023
vn 0.8056878 0.0116910 0.5922248
vn 0.9283578 -0.0714420 0.3647569
vn 0.9409218 0.0174430 0.3381739
vn 0.9363651 0.0487990 0.3476190
vn 0.9709762 -0.1760260 0.1619260
vn 0.6685966 -0.5027287 -0.5479437
vn 0.7024729 -0.5527529 -0.4483259
vn 0.7990281 -0.0474810 -0.5994161
vn 0.7368382 -0.2361081 -0.6335002
vn 0.6152892 -0.2673201 -0.7415922
vn 0.6019661 -0.4503721 -0.6593950
vn 0.5923563 -0.4419852 -0.6736193
vn 0.5969791 -0.5126421 -0.6171011
vn 0.4422661 -0.6207991 -0.6473092
vn 0.5712738 -0.0479290 -0.8193588
vn -0.0025970 0.9732524 -0.2297241
vn -0.0023850 0.7940385 -0.6078626
vn 0.1307060 0.9646997 -0.2286269
vn 0.1278820 0.9917893 -0.0000000
vn -0.0026680 0.9999965 -0.0000000
vn 0.1327340 -0.7576029 -0.6390769
vn 0.2661339 -0.7384198 -0.6196038
vn 0.2642469 -0.6296138 -0.7305887
vn 0.1293290 -0.6405069 -0.7569839
vn -0.0025080 -0.6476299 -0.7619509
vn -0.0025700 -0.3463638 -0.9380966
vn 0.1298220 -0.3415750 -0.9308451
vn -0.0025820 0.0020290 -0.9999945
vn 0.1294341 0.0036020 -0.9915815
vn -0.0025410 0.3486131 -0.9372633
vn 0.1285460 0.3490940 -0.9282291
vn -0.0025260 0.5924386 -0.8056115
vn 0.1301140 0.5871531 -0.7989502
vn 0.1239910 0.7915502 -0.5983931
vn 0.2665719 0.9385918 -0.2190540
vn 0.2566020 0.9665171 -0.0000000
vn -0.0024860 -0.7636141 -0.6456681
vn 0.2659770 -0.3394820 -0.9022240
vn 0.2657929 -0.0052240 -0.9640158
vn 0.2632580 0.3289930 -0.9068951
vn 0.2657899 0.5660768 -0.7803287
vn 0.2528119 0.7611049 -0.5973319
vn -0.3818220 0.8597481 -0.3391830
vn -0.2251729 0.9074087 -0.3548329
vn -0.2158809 0.9761907 0.0211410
vn -0.1833501 0.5955893 -0.7820845
vn -0.3137731 0.5570142 -0.7689483
vn -0.0725830 0.0324750 -0.9968334
vn -0.1257530 0.0149350 -0.9919491
vn 0.0005440 -0.2888552 -0.9573726
vn 0.0014570 -0.2889779 -0.9573346
vn 0.0072260 -0.2885811 -0.9574282
vn -0.0302210 0.0251760 -0.9992261
vn -0.0918190 0.6031030 -0.7923610
vn -0.1174630 0.9250504 -0.3612261
vn -0.1146420 0.9931942 0.0205520
vn -0.0996890 0.9398249 0.3267890
vn -0.0547060 0.9428981 0.3285580
vn -0.0372080 0.7963286 0.6037187
vn -0.0083440 0.7984313 0.6020283
vn 0.0009070 0.5734029 0.8192729
vn 0.1051399 0.7584625 0.6431796
vn 0.0799180 0.5262901 0.8465411
vn 0.2604551 0.7279204 0.6342673
vn -0.0727730 0.9300594 -0.3601301
vn -0.0629260 0.6065138 -0.7925788
vn -0.0287770 0.9307774 -0.3644518
vn -0.0290040 0.6052596 -0.7954994
vn 0.0781680 0.6641523 -0.7434993
vn -0.0295050 0.0245850 -0.9992622
vn -0.0193890 0.0252140 -0.9994940
vn 0.0043750 0.1092100 -0.9940090
vn 0.1917469 0.6320348 -0.7508428
vn -0.0668560 0.9975255 0.0217480
vn -0.0234680 0.9995486 0.0187580
vn 0.1160180 0.9477197 -0.2972659
vn 0.2914690 0.9090230 -0.2978640
vn 0.4579990 0.8370929 -0.2991860
vn 0.3134920 0.5982230 -0.7374631
vn 0.5892137 0.7474986 -0.3067128
vn 0.3930348 0.5286188 -0.7523867
vn 0.6846305 0.6565116 -0.3166598
vn 0.4550500 0.4737420 -0.7539880
vn 0.7376078 0.5932578 -0.3224589
vn 0.4800421 0.4352271 -0.7616672
vn 0.5568831 0.3315431 -0.7615512
vn 0.0357300 0.1063590 -0.9936856
vn 0.6320133 0.7724103 0.0627800
vn 0.4898851 0.8688582 0.0714010
vn 0.7347550 0.6760631 0.0554410
vn 0.6049649 0.7131699 0.3541270
vn 0.4690032 0.8043853 0.3646921
vn 0.4070840 0.6637830 0.6274350
vn 0.3001730 0.8786740 0.3712520
vn 0.1205340 0.9172200 0.3797090
vn -0.0167420 0.9451666 0.3261589
vn 0.1253860 0.9887811 0.0811800
vn 0.3133441 0.9465302 0.0767860
vn 0.1955170 0.5048919 0.8407480
vn 0.3056429 0.4577608 0.8348876
vn 0.5238772 0.5864512 0.6177602
vn 0.7016350 0.6199540 0.3512340
vn 0.7957921 0.6035200 0.0497840
vn 0.8409698 0.4251419 -0.3346999
vn 0.5989764 0.1265761 -0.7906995
vn 0.0217450 0.0757340 -0.9968908
vn 0.0071420 0.1024360 -0.9947138
vn 0.5959969 0.0630080 -0.8005109
vn 0.9207692 0.1315700 -0.3672511
vn 0.9260404 0.0080750 -0.3773381
vn 0.9935195 0.1133671 0.0081740
vn 0.9053795 0.4232318 0.0340960
vn -0.3087208 0.0297400 -0.9506875
vn -0.3088201 0.1093440 -0.9448143
vn -0.2982909 0.2338379 -0.9253876
vn 0.0397580 0.1435860 -0.9888388
vn 0.5997571 -0.0328600 -0.7995071
vn 0.9022685 -0.1729889 -0.3949508
vn 0.9682296 -0.2478739 -0.0330130
vn 0.9994329 -0.0336690 -0.0004500
vn 0.9463936 0.0867910 0.3111369
vn 0.8645548 0.3786249 0.3304359
vn 0.7603039 0.5507679 0.3443729
vn 0.6535048 0.4465069 0.6111978
vn 0.6040173 0.5042263 0.6171863
vn 0.7432660 0.2991900 0.5983651
vn 0.8090542 0.0522590 0.5854061
vn 0.9499771 -0.0638650 0.3057200
vn 0.9217965 -0.2837309 0.2641739
vn 0.8028058 -0.5895708 -0.0889330
vn 0.7550637 -0.4859648 -0.4401328
vn 0.5146422 -0.2292871 -0.8261784
vn 0.0500280 0.1554960 -0.9865688
vn -0.2366080 0.3591570 -0.9027861
vn 0.7615189 -0.6147989 0.2052100
vn 0.2441180 -0.0567940 -0.9680809
vn 0.0008120 -0.0835050 0.9965070
vn 0.2106780 0.1671560 0.9631581
vn 0.2399210 0.1379500 0.9609410
vn 0.4467819 0.3384869 0.8281379
vn 0.4813549 0.2965439 0.8248388
vn 0.5506250 0.1905890 0.8127040
vn 0.5934119 0.0125580 0.8048009
vn 0.8082386 -0.0879110 0.5822558
vn 0.7896075 -0.2944722 0.5383363
vn 0.6508412 -0.5850811 0.4838241
vn 0.5817049 -0.2779019 0.7644539
vn 0.4769469 -0.5004878 0.7225187
vn 0.3150400 -0.2338040 0.9198290
vn 0.2523031 -0.3654841 0.8959712
vn 0.3187611 -0.0289360 0.9473934
vn 0.5882123 -0.1034530 0.8020623
vn 0.3111499 -0.1090150 0.9440876
vn 0.0037820 -0.1041579 0.9945534
vn 0.0140930 -0.1649640 0.9861988
vn -0.3041939 -0.0894330 0.9484027
vn 0.0109800 -0.0682560 0.9976074
vn -0.2992149 -0.1011920 0.9488047
vn 0.0199880 -0.0756520 0.9969338
vn -0.2659621 -0.2036930 0.9422172
vn 0.3025509 0.0612860 0.9511607
vn 0.2529778 0.1090249 0.9613093
vn -0.0024990 -0.1911561 0.9815565
vn -0.2904339 -0.0780090 0.9537098
vn -0.5829647 -0.0662790 0.8097896
vn -0.5799708 -0.1240240 0.8051407
vn -0.5250511 -0.3115371 0.7920012
vn -0.2341119 -0.2896079 0.9280726
vn -0.0257130 -0.2043441 0.9785613
vn -0.1819920 0.0744560 0.9804770
vn -0.2594329 0.0042320 0.9657517
vn -0.5659251 0.0173920 0.8242732
vn -0.8049982 -0.0369230 0.5921271
vn -0.8026372 -0.1342280 0.5811681
vn -0.7303789 -0.3879710 0.5621610
vn -0.4435751 -0.4574891 0.7706782
vn -0.3052942 -0.5650273 0.7665114
vn -0.1517160 -0.3347501 0.9300132
vn 0.0130740 -0.0657220 0.9977522
vn -0.0452770 -0.3702471 0.9278293
vn 0.0047750 -0.0667650 0.9977573
vn -0.0952850 -0.6375798 0.7644688
vn -0.1374100 -0.8400897 0.5247548
vn -0.4323533 -0.7318294 0.5267793
vn -0.6138157 -0.5802377 0.5353077
vn -0.8616796 -0.4251393 0.2770652
vn -0.9449714 -0.1308549 0.2998429
vn -0.9486708 -0.0040630 0.3162389
vn -0.7829567 0.1104310 0.6121958
vn -0.4886911 0.1983991 0.8495992
vn 0.1818020 -0.5850110 0.7903860
vn 0.0805110 -0.6014183 0.7948673
vn 0.1853000 -0.8125091 0.5527140
vn 0.0967700 -0.8166727 0.5689298
vn 0.0714020 -0.8176819 0.5712249
vn 0.0728480 -0.9542406 0.2900309
vn 0.0288430 -0.8209237 0.5703088
vn 0.0267100 -0.9573026 0.2878509
vn -0.1660191 -0.9580125 0.2337731
vn -0.5156499 -0.8227119 0.2392700
vn -0.7217724 -0.6445183 0.2522711
vn -0.7590078 -0.6489728 -0.0523570
vn -0.5448658 -0.8356948 -0.0688130
vn -0.1766500 -0.9810362 -0.0797660
vn 0.0280630 -0.6037343 0.7966914
vn 0.0219340 -0.9994984 -0.0228440
vn 0.0671070 -0.9975502 -0.0197500
vn 0.1039630 -0.9521779 0.2873130
vn 0.1776290 -0.9420270 0.2846630
vn 0.3619708 -0.8068666 0.4668438
vn 0.3880900 -0.8825678 0.2654429
vn 0.5458759 -0.6613169 0.5144699
vn 0.5712149 -0.7857069 0.2374410
vn 0.6576620 -0.7208870 0.2186380
vn 0.6238372 -0.5993742 0.5015752
vn 0.7727552 -0.4467991 0.4507991
vn 0.5308212 -0.4200541 0.7360592
vn 0.6615412 -0.2867221 0.6929312
vn 0.3847950 -0.1965000 0.9018428
vn 0.4425201 -0.5023931 0.7428170
vn 0.3040502 -0.6283603 0.7160424
vn 0.3062482 -0.2540381 0.9174294
vn 0.1976180 0.0487540 0.9790660
vn 0.1014260 -0.9946029 -0.0218560
vn 0.0136500 -0.9138123 -0.4059072
vn 0.0507660 -0.9145654 -0.4012392
vn 0.0849600 -0.9112802 -0.4029271
vn 0.1724620 -0.9847490 -0.0229380
vn -0.9933690 -0.1144960 -0.0104240
vn -0.9995344 0.0292850 0.0085710
vn -0.9071114 -0.4194462 -0.0348370
vn -0.7029698 -0.5705318 -0.4246489
vn -0.4988561 -0.7416882 -0.4483761
vn -0.1626421 -0.8721784 -0.4613592
vn -0.1302110 -0.7528180 -0.6452210
vn 0.0081870 -0.7966040 -0.6044460
vn 0.0364520 -0.7960919 -0.6040769
vn 0.0695340 -0.7946315 -0.6030966
vn 0.1497330 -0.9040991 -0.4002311
vn -0.8360691 -0.3526040 -0.4203081
vn -0.7407017 -0.2871129 -0.6073937
vn -0.6174284 -0.4921374 -0.6136634
vn -0.4196860 -0.6556419 -0.6276919
vn -0.0105780 0.8972878 -0.4413189
vn -0.0987350 0.8933471 -0.4383861
vn -0.0148160 0.9748032 -0.2225741
vn -0.1292830 0.9653267 -0.2267819
vn -0.0217260 0.9853777 0.1689930
vn -0.1547121 0.9735354 0.1682051
vn -0.0248880 0.8845298 0.4658189
vn -0.1577009 0.8711264 0.4650476
vn -0.4974487 0.8555664 0.1433549
vn -0.4858109 0.7547689 0.4408079
vn -0.8046413 0.5867453 0.0910070
vn -0.7726617 0.5028248 0.3875059
vn -0.9666738 0.2534930 0.0358170
vn -0.9205754 0.1916741 0.3402971
vn -0.9253873 0.0668169 -0.3730867
vn -0.9151710 -0.0786840 -0.3953110
vn -0.8891201 0.2957680 -0.3492660
vn -0.6650622 0.3698561 0.6487672
vn -0.4250349 0.5793519 0.6954829
vn -0.1439511 0.6824864 0.7165824
vn -0.0256400 0.6967092 0.7168952
vn -0.0234340 0.4400570 0.8976640
vn -0.3688522 0.8124315 -0.4515563
vn -0.4410629 0.8621898 -0.2491829
vn -0.7353240 0.6121289 -0.2908550
vn -0.6462373 0.5849072 -0.4901642
vn -0.7857258 0.2896239 -0.5465828
vn -0.8091434 0.0832490 -0.5816843
vn -0.8052684 -0.0479700 -0.5909665
vn 0.0023520 -0.7187689 0.6952449
vn -0.0055560 -0.4686908 0.8833448
vn 0.0679540 -0.7242422 0.6861892
vn 0.0222290 -0.4798959 0.8770438
vn -0.0128870 -0.1724620 0.9849318
vn -0.0272900 -0.1865789 0.9820607
vn -0.0188960 0.1408380 0.9898522
vn -0.0751250 0.1261111 0.9891675
vn -0.1154020 0.4258310 0.8974131
vn -0.3204950 0.3452000 0.8821110
vn 0.1300460 -0.4614880 0.8775629
vn 0.2684740 -0.6708429 0.6912969
vn 0.3775528 -0.8138096 0.4417778
vn 0.1056250 -0.8965588 0.4301459
vn 0.4497839 -0.8796698 0.1545160
vn 0.1324970 -0.9819763 0.1347850
vn 0.4813180 -0.8645509 -0.1445150
vn 0.1470780 -0.9740793 -0.1718650
vn 0.4612551 -0.7375531 -0.4932131
vn 0.1463490 -0.8371727 -0.5269948
vn 0.1139269 -0.4499727 -0.8857454
vn 0.3319471 -0.3915051 -0.8582162
vn 0.0373880 0.1495529 -0.9880465
vn 0.0542310 0.1592670 -0.9857448
vn -0.1211080 0.4457661 -0.8869191
vn -0.0196610 0.4694377 -0.8827465
vn 0.0048980 0.4665738 -0.8844686
vn 0.0127070 0.1661520 -0.9860182
vn 0.0225810 -0.4430069 -0.8962337
vn 0.0245050 -0.8449022 -0.5343591
vn 0.0218680 -0.9849218 -0.1716120
vn 0.0167610 -0.9899297 0.1405639
vn 0.0100410 -0.8983068 0.4392539
vn -0.4338110 -0.8567340 -0.2789530
vn -0.4338110 -0.8567340 -0.2789530
vn -0.4338110 -0.8567340 -0.2789530
vn -0.4519138 -0.7217147 -0.5243108
vn -0.9594743 -0.1656499 -0.2279668
vn -0.7954853 -0.1872691 -0.5763102
vn -0.4501251 -0.6662261 -0.5945840
vn -0.4516138 0.7217948 -0.5244588
vn -0.9594746 0.2680119 -0.0870520
vn -0.8920668 0.4325969 -0.1306770
vn -0.7955209 0.4901539 -0.3562239
vn -0.9999999 -0.0000170 0.0000010
vn -0.9990178 0.0136910 -0.0421400
vn -0.9990168 -0.0358600 -0.0260650
vn -0.8920590 -0.4325760 0.1308000
vn -0.7955871 -0.4899811 0.3563140
vn -0.9594985 -0.2678941 0.0871510
vn -0.8921154 0.2731168 0.3599128
vn -0.9595097 -0.2678759 0.0870830
vn -0.4516838 0.2756859 -0.8485156
vn -0.4516971 0.2756480 -0.8485211
vn -0.4338278 0.0000000 -0.9009957
vn -0.9846885 -0.1024581 0.1410351
vn -0.4340529 -0.5295699 0.7288029
vn -0.8445886 -0.2204479 0.4879268
vn -0.4488059 -0.1660639 0.8780637
vn -0.7955261 0.1872250 0.5762681
vn -0.9594983 0.1655801 0.2279171
vn -0.9594998 0.1655830 0.2279080
vn -0.9999999 0.0000000 -0.0000010
vn -0.9999999 0.0000000 -0.0000000
vn -0.9999999 0.0000000 -0.0000000
vn -0.9999999 0.0000000 -0.0000010
vn -0.9999999 0.0000000 0.0000010
vn -0.9999999 0.0000000 0.0000010
vn -0.9999999 0.0000000 -0.0000000
vn -0.9999999 0.0000000 0.0000010
vn -0.4338508 0.0000000 0.9009846
vn -0.4338508 0.0000000 0.9009846
vn -0.9999999 0.0000000 0.0000010
vn -0.9999999 0.0000000 -0.0000000
vn -0.9999999 0.0000000 -0.0000000
vn -0.9999999 0.0000000 -0.0000000
vn -0.9999999 0.0000000 -0.0000000
vn -0.0066470 -0.2893431 -0.9572024
vn -0.0116440 -0.2893220 -0.9571609
vn -0.0563640 -0.2293990 -0.9716991
vn 0.0269680 0.1162890 -0.9928492
vn 0.0212360 0.0999530 -0.9947655
vn -0.2854021 -0.0517410 -0.9570102
vn -0.1686210 -0.1898230 -0.9672301
vn -0.2392221 -0.1291201 -0.9623414
vn -0.1916100 -0.7252939 0.6612369
vn -0.1915750 -0.7253031 0.6612371
vn -0.1915661 -0.7252704 0.6612754
vn -0.1915809 -0.7253117 0.6612257
vn -0.1915819 -0.7252967 0.6612418
vn -0.1915900 -0.7252919 0.6612449
vn -0.1916409 -0.7252557 0.6612697
vn -0.1915409 -0.7252877 0.6612637
vn -0.1914790 -0.7253249 0.6612409
vn -0.1915830 -0.7253101 0.6612270
vn -0.1915401 -0.7252964 0.6612544
vn -0.1915599 -0.7253237 0.6612187
vn -0.1916069 -0.7253258 0.6612028
vn -0.1915679 -0.7252988 0.6612438
vn -0.1915719 -0.7252867 0.6612557
vn -0.1915511 -0.7253354 0.6612084
vn -0.1915749 -0.7253397 0.6611967
vn -0.1915979 -0.7252908 0.6612438
vn -0.1915741 -0.7253122 0.6612272
vn -0.1916720 -0.7252739 0.6612409
vn -0.1915669 -0.7252755 0.6612696
vn -0.1914649 -0.7253168 0.6612538
vn -0.1916021 -0.7253203 0.6612103
vn -0.1915869 -0.7253057 0.6612307
vn -0.1916010 -0.7253352 0.6611942
vn 0.7541277 -0.3157689 -0.5758308
vn 0.7207741 -0.2720560 -0.6375501
vn 0.9315599 -0.1555710 -0.3286240
vn 0.5475481 -0.3204401 -0.7729872
vn 0.5856438 -0.3594789 -0.7264957
vn 0.7267271 -0.4264071 -0.5385581
vn 0.5613871 -0.4407021 -0.7004471
vn 0.6855898 -0.5028028 -0.5264558
vn 0.5311902 -0.4927682 -0.6892143
vn 0.6137460 -0.6150171 -0.4950451
vn 0.4889400 -0.5696400 -0.6606420
vn 0.4022261 -0.6566480 -0.6379871
vn 0.1345979 -0.7864707 -0.6027828
vn 0.2243601 -0.7893273 -0.5715111
vn 0.2911370 -0.8667499 -0.4049490
vn 0.3285809 -0.7235829 -0.6070109
vn 0.4314561 -0.7932571 -0.4296381
vn 0.5081719 -0.7326969 -0.4526769
vn 0.7702263 -0.6238933 -0.1323200
vn 0.8694487 -0.4587308 -0.1833709
vn 0.9169581 -0.3431110 -0.2036240
vn 0.9470107 -0.2004449 -0.2509829
vn 0.9980574 -0.0432060 -0.0448860
vn 0.9955094 -0.0868340 0.0376910
vn 0.9670289 0.0733120 0.2438860
vn 0.9672911 -0.2389640 0.0851120
vn 0.9207107 -0.3743749 0.1101590
vn 0.8095331 -0.5630131 0.1663500
vn 0.6291499 -0.7727789 -0.0835660
vn 0.5416636 -0.8384064 -0.0606220
vn 0.3687058 -0.9284905 -0.0442860
vn 0.8828582 -0.2556531 0.3939581
vn 0.9243827 -0.1117290 0.3647369
vn 0.9458523 0.0343820 0.3227711
vn 0.8409625 0.1825799 0.5093587
vn 0.8028876 0.1512529 0.5766228
vn 0.6319796 0.2737639 0.7250206
vn -0.5925131 0.3593951 0.7209462
vn -0.8096237 0.2980109 0.5056667
vn -0.7819399 0.4129589 0.4669419
vn -0.5692370 0.4422100 0.6931230
vn -0.3169869 0.3858399 0.8663988
vn -0.2959020 0.4284249 0.8537528
vn -0.0091380 0.3757392 0.9266804
vn 0.0083320 0.3735989 0.9275528
vn 0.3004180 0.3300121 0.8948972
vn 0.3113550 0.2815320 0.9076330
vn 0.5804108 0.2528769 0.7740648
vn 0.5813443 0.1617441 0.7974194
vn 0.7920198 0.0262480 0.6099308
vn 0.7586038 -0.1119080 0.6418698
vn -0.0099610 0.2978140 0.9545718
vn 0.0124450 0.3391618 0.9406456
vn -0.2680041 0.4587122 0.8472053
vn -0.2750071 0.4437301 0.8529212
vn -0.4946391 0.5707591 0.6554130
vn -0.5332208 0.5026468 0.6804568
vn -0.6673521 0.6254641 0.4042720
vn -0.7344062 0.5119871 0.4455521
vn 0.3005880 0.2011830 0.9322941
vn 0.5582111 0.0452830 0.8284622
vn 0.4820568 -0.0968210 0.8707736
vn 0.2501381 0.1052610 0.9624714
vn -0.0119610 0.2903789 0.9568368
vn -0.2201410 0.5003660 0.8373600
vn -0.4051578 0.6569767 0.6357898
vn -0.5488747 0.7467636 0.3756068
vn -0.6392318 0.7644578 0.0835870
vn -0.7747127 0.6208448 0.1198820
vn -0.8641518 0.4741409 0.1686179
vn -0.9179670 0.3438950 0.1976680
vn -0.8082994 0.5360922 -0.2434281
vn -0.6672636 0.6877477 -0.2859409
vn -0.4974649 0.8660768 0.0493930
vn -0.4275931 0.8358091 0.3443650
vn -0.3154389 0.7251547 0.6120858
vn -0.1698070 0.5400741 0.8243091
vn -0.0050450 0.2969061 0.9548934
vn 0.1600920 0.0212770 0.9868727
vn 0.2225569 -0.2890919 0.9310715
vn -0.1233420 0.5563708 0.8217288
vn -0.0737200 0.5730958 0.8161657
vn -0.0038170 0.2976619 0.9546637
vn -0.2300029 0.7603327 0.6074477
vn 0.0670410 -0.0087340 0.9977120
vn 0.0265790 -0.0191010 0.9994642
vn -0.0036640 0.2950139 0.9554858
vn 0.1160510 0.0028580 0.9932391
vn 0.1312220 -0.3130430 0.9406300
vn 0.0565970 -0.3265508 0.9434835
vn 0.0483150 -0.3258330 0.9441919
vn 0.0629440 -0.6012107 0.7966076
vn 0.0243930 -0.3271391 0.9446613
vn 0.0289540 -0.0183800 0.9994117
vn -0.0077510 0.2909360 0.9567111
vn 0.0181800 -0.0184450 0.9996645
vn 0.0067700 0.2909879 0.9567027
vn -0.0429910 0.5713728 0.8195637
vn -0.1360620 0.7898990 0.5979520
vn -0.3130538 0.8882165 0.3362568
vn -0.3652849 0.9302188 0.0354920
vn -0.1848391 0.9279163 0.3237371
vn -0.0748380 0.7948131 0.6022221
vn -0.0160340 0.5717577 0.8202657
vn 0.0100670 0.2919199 0.9563897
vn 0.0462120 0.2416150 0.9692711
vn 0.1069901 0.2234121 0.9688345
vn 0.1688140 0.2036390 0.9643821
vn 0.3910329 0.4003190 0.8287569
vn -0.5195739 0.7925989 -0.3191079
vn -0.4275492 0.5054602 -0.7494742
vn -0.1727359 -0.0017600 -0.9849665
vn -0.0000410 -0.2892150 -0.9572641
vn 0.0061920 -0.2835289 -0.9589436
vn -0.2159051 -0.0296070 -0.9759654
vn -0.0002520 -0.2910151 -0.9567184
vn -0.2736770 -0.0858570 -0.9579819
vn -0.0208480 -0.3351381 -0.9419383
vn -0.3170789 -0.1851549 -0.9301497
vn -0.0188220 -0.3691930 -0.9291621
vn -0.5468229 0.4239369 -0.7219849
vn -0.6676359 0.2952909 -0.6834219
vn -0.9991358 0.0108770 -0.0401140
vn -0.9907801 0.0711430 -0.1152970
vn -0.9344720 0.1535840 0.3212070
vn -0.8095259 -0.1333850 -0.5717309
vn -0.8335601 -0.1853620 -0.5204021
vn -0.3217760 -0.3199540 -0.8911171
vn -0.3531519 -0.3385419 -0.8721657
vn -0.0039190 -0.3739889 -0.9274247
vn -0.3264888 -0.2686099 -0.9062305
vn -0.7553089 0.1301090 -0.6423239
vn -0.0521960 -0.3682619 -0.9282557
vn -0.9100708 0.3655489 -0.1953070
vn -0.7953456 -0.0138180 -0.6059987
vn -0.9636766 0.2140379 -0.1597339
vn -0.9472747 0.2086769 0.2431549
vn -0.7790468 0.2496829 0.5751038
vn 0.3605461 0.3379041 0.8693833
vn 0.0535330 0.3686760 0.9280151
vn -0.2587428 0.3630878 0.8951085
vn -0.5454987 0.3216778 0.7739215
vn -0.9999999 0.0000000 -0.0000000
vn -0.9999999 0.0000000 -0.0000000
vn -0.9999999 0.0000000 -0.0000000
vn -0.9999999 0.0000000 -0.0000000
vn -0.9999999 0.0000000 -0.0000000
vn -0.9999999 0.0000000 -0.0000000
vn -0.2244621 0.6690632 0.7084993
vn -0.1819400 0.8061830 0.5629980
vn 0.1194650 0.7768940 0.6181940
vn 0.0817660 0.6393211 0.7645801
vn 0.4125848 0.6841777 0.6013938
vn 0.3795229 0.5451498 0.7475117
vn 0.6685793 0.5371192 0.5143002
vn 0.6395909 0.3957759 0.6590029
vn 0.8625415 0.3500958 0.3653148
vn 0.8366238 0.2057560 0.5076659
vn 0.9754076 0.1414079 0.1690669
vn 0.9512900 -0.0064370 0.3082300
vn 0.9961025 -0.0687000 -0.0553180
vn 0.9722747 -0.2195449 0.0805090
vn 0.9225927 -0.2592489 -0.2856789
vn 0.8977417 -0.4129493 -0.1534041
vn 0.7621376 -0.4117998 -0.4995667
vn 0.7345114 -0.5682463 -0.3709302
vn 0.5303848 -0.5115358 -0.6760347
vn 0.4991797 -0.6694666 -0.5501217
vn 0.2501691 -0.5485261 -0.7978312
vn 0.2144750 -0.7070739 -0.6738299
vn 0.5393630 -0.3255620 -0.7765930
vn 0.2760639 -0.3603188 -0.8910437
vn 0.1344050 -0.3583511 -0.9238614
vn 0.0997220 -0.5439427 -0.8331757
vn 0.0622050 -0.7003509 -0.7110829
vn -0.1300210 0.9126150 0.3875930
vn 0.1532411 0.8850793 0.4394901
vn 0.4285820 0.7979890 0.4237110
vn 0.6692069 0.6597489 0.3418970
vn 0.8514665 0.4839877 0.2018929
vn 0.9575062 0.2878831 0.0174660
vn 0.9769359 0.0906450 -0.1933380
vn 0.9078414 -0.0885910 -0.4098482
vn 0.7570770 -0.2318940 -0.6107860
vn -0.1915459 -0.7253218 0.6612248
vn -0.1915729 -0.7253147 0.6612248
vn -0.1915700 -0.7253399 0.6611980
vn -0.1915640 -0.7253260 0.6612150
vn -0.1915879 -0.7253007 0.6612357
vn -0.1915560 -0.7253090 0.6612360
vn -0.1915400 -0.7253342 0.6612132
vn -0.1915741 -0.7253184 0.6612204
vn -0.1915700 -0.7253209 0.6612189
vn -0.1915939 -0.7253247 0.6612077
vn -0.1915789 -0.7253067 0.6612318
vn -0.1915509 -0.7252977 0.6612498
vn -0.1915651 -0.7253512 0.6611872
vn -0.1915799 -0.7253667 0.6611657
vn -0.1916150 -0.7253070 0.6612211
vn -0.1916350 -0.7252771 0.6612481
vn -0.1916049 -0.7252908 0.6612418
vn -0.1915621 -0.7253054 0.6612383
vn -0.1915720 -0.7253101 0.6612301
vn -0.1915701 -0.7253014 0.6612403
vn -0.1915290 -0.7252870 0.6612679
vn 0.2642729 0.3207389 0.9095527
vn 0.2558749 0.5978249 0.7596929
vn 0.4131101 0.3039961 0.8584442
vn 0.2661169 -0.0172220 0.9637868
vn 0.4173217 -0.0157440 0.9086223
vn 0.8667876 -0.0075880 0.4986197
vn 0.8599998 0.1727340 0.4801699
vn 0.4050520 0.5661709 0.7179019
vn 0.4043620 0.7674750 0.4974670
vn 0.2575301 0.8111012 0.5251601
vn 0.2541731 0.9259313 0.2793691
vn 0.4037598 0.6043828 -0.6868037
vn 0.8637198 0.3322179 -0.3789710
vn 0.8582457 0.4462048 -0.2536049
vn 0.4074022 0.7947263 -0.4499261
vn 0.2552100 0.6390811 -0.7255641
vn 0.2597430 0.8405591 -0.4753881
vn 0.2579339 0.9508367 -0.1714040
vn 0.4072401 0.8988551 -0.1619110
vn 0.2561260 0.9630670 0.0830740
vn 0.4053350 0.9107490 0.0789920
vn 0.4044571 0.8756011 0.2640780
vn 0.8565751 0.4324630 0.2815220
vn 0.8653976 0.3120309 0.3920758
vn 0.9999999 0.0000000 -0.0000000
vn 0.8644498 -0.1760720 0.4708769
vn 0.8641852 0.0125200 -0.5030181
vn 0.4160319 0.0181410 -0.9091688
vn 0.8654274 -0.1612971 -0.4743612
vn 0.4081429 0.3467579 -0.8444988
vn 0.2602340 0.3652320 -0.8938030
vn 0.8587850 0.1976910 -0.4726590
vn 0.8647134 0.4943587 -0.0887689
vn 0.8654004 0.4991212 0.0442720
vn 0.8702464 0.4717042 0.1420081
vn 0.2656990 0.0179880 -0.9638881
vn 0.4186539 -0.2912849 -0.8601638
vn 0.4157040 -0.5805650 -0.7000960
vn 0.8620642 -0.3248341 -0.3890091
vn 0.4096781 -0.7986592 -0.4408031
vn 0.2609949 -0.8446158 -0.4674459
vn 0.2571301 -0.9511393 -0.1709331
vn 0.2676780 -0.3087420 -0.9127031
vn 0.2660039 -0.6146647 -0.7425827
vn 0.4198090 -0.3184040 0.8499289
vn 0.2689810 -0.3380340 0.9018770
vn 0.2680270 -0.6492660 0.7117690
vn 0.4181989 -0.6127339 0.6705719
vn 0.2632239 -0.8685226 0.4199778
vn 0.4124101 -0.8206063 0.3956302
vn 0.2582739 -0.9595887 0.1117310
vn 0.4073421 -0.9071893 0.1052610
vn 0.4059609 -0.8994728 -0.1616919
vn 0.8610022 -0.4463811 -0.2437601
vn 0.8627550 -0.3422510 0.3721800
vn 0.8616121 -0.4581821 0.2183890
vn 0.8637154 -0.5007147 0.0572740
vn 0.8635455 -0.4962977 -0.0893179
vn 0.0000000 0.9999999 -0.0000000
vn 0.0000000 0.9999999 -0.0000000
vn 0.0000000 0.9999999 -0.0000000
vn 0.0000000 0.9999999 -0.0000000
vn 0.0000000 0.9999999 -0.0000000
vn 0.0000000 0.9999999 -0.0000000
vn 0.0000000 0.9999999 -0.0000000
vn 0.0000000 0.9999999 -0.0000000
vn -0.2435319 -0.6376258 -0.7308388
vn -0.2013019 -0.4821897 -0.8526255
vn -0.3445498 -0.4265307 -0.8362755
vn -0.3896029 -0.5831309 -0.7128589
vn -0.6005488 -0.2794619 -0.7491608
vn -0.6496826 -0.4337697 -0.6243046
vn -0.7945782 -0.0922800 -0.6001081
vn -0.8466941 -0.2437540 -0.4729621
vn -0.9074164 0.1165631 -0.4037432
vn -0.9613336 -0.0316130 -0.2735659
vn -0.9280520 0.3262310 -0.1797020
vn -0.9823197 0.1815069 -0.0458600
vn -0.8546150 0.5167920 0.0505880
vn -0.9077261 0.3750530 0.1880650
vn -0.6940940 0.6694700 0.2646570
vn -0.7446604 0.5301732 0.4054592
vn -0.4623391 0.7691732 0.4411521
vn -0.5091690 0.6314600 0.5848120
vn -0.1487330 -0.3002661 -0.9421883
vn -0.2829409 -0.2456639 -0.9271427
vn -0.5235387 -0.1073989 -0.8452055
vn -0.7056512 0.0685350 -0.7052372
vn -0.8115722 0.2646581 -0.5208711
vn -0.8310114 0.4616662 -0.3102972
vn -0.7620570 0.6406430 -0.0940510
vn -0.6112438 0.7841508 0.1071840
vn -0.3934338 0.8778425 0.2731338
vn 0.0698970 0.9818594 -0.1762571
vn 0.0630770 0.9834895 -0.1696159
vn 0.0608920 0.9826895 -0.1749671
vn 0.0754390 0.9747384 -0.2102241
vn 0.1642810 0.9581072 -0.2346111
vn 0.1867250 0.9337558 -0.3053419
vn 0.2920299 0.9303176 -0.2218729
vn 0.2375859 0.9363936 -0.2583019
vn 0.3415760 0.9224708 -0.1799260
vn 0.0923950 0.9712602 -0.2193551
vn 0.1484379 0.9614735 -0.2313759
vn 0.0270360 0.9768865 -0.2120419
vn 0.0297040 0.9840067 -0.1756369
vn 0.0469720 0.9644791 -0.2599490
vn 0.0718340 0.9256799 -0.3714250
vn 0.0763060 0.9579866 -0.2764759
vn 0.2568799 0.9474706 -0.1905569
vn 0.3976691 0.9057803 -0.1463610
vn 0.2851010 0.9460500 -0.1539700
vn 0.4298641 0.8957663 -0.1132240
vn 0.0808330 0.9764466 -0.2000449
vn 0.0000000 0.9593526 -0.2822099
vn 0.0000000 0.9219461 -0.3873180
vn 0.0000000 0.9583119 -0.2857240
vn 0.0000000 0.9844191 -0.1758380
vn 0.0000000 0.9771256 -0.2126629
vn -0.0270360 0.9768866 -0.2120409
vn -0.0297040 0.9840067 -0.1756369
vn -0.0469720 0.9644791 -0.2599490
vn -0.0718340 0.9256799 -0.3714250
vn -0.0763050 0.9579867 -0.2764759
vn -0.0808330 0.9764466 -0.2000449
vn 0.0000000 0.9796214 -0.2008531
vn 0.0813710 0.9835490 -0.1612760
vn 0.2997538 0.9465675 -0.1189849
vn 0.4234222 0.9044703 -0.0514490
vn 0.4176311 0.8929452 0.1680270
vn 0.3027650 0.9515511 -0.0537010
vn 0.0823320 0.9887472 -0.1249010
vn 0.0000000 0.9867879 -0.1620170
vn -0.0813710 0.9835490 -0.1612760
vn -0.2851010 0.9460500 -0.1539700
vn -0.2568799 0.9474706 -0.1905569
vn -0.2375859 0.9363936 -0.2583019
vn -0.1867250 0.9337558 -0.3053419
vn -0.0754390 0.9747384 -0.2102241
vn -0.0608920 0.9826895 -0.1749671
vn -0.0636310 0.9751782 -0.2120810
vn -0.0642140 0.9824634 -0.1750491
vn -0.0764800 0.9738935 -0.2137341
vn -0.0630770 0.9834895 -0.1696159
vn -0.1642820 0.9581070 -0.2346110
vn -0.2920299 0.9303176 -0.2218729
vn -0.3415760 0.9224708 -0.1799260
vn -0.3976691 0.9057803 -0.1463610
vn -0.4298641 0.8957663 -0.1132240
vn -0.2997538 0.9465675 -0.1189849
vn -0.0823320 0.9887472 -0.1249010
vn 0.0000000 0.9920202 -0.1260790
vn 0.0724470 0.7741409 0.6288539
vn 0.2161621 0.7648153 0.6069033
vn 0.0644240 0.7750654 0.6285883
vn 0.2433278 0.7806684 0.5756286
vn 0.0812960 0.8005522 0.5937231
vn 0.2728569 0.8553725 0.4403258
vn 0.0807340 0.8860895 0.4564288
vn 0.2969610 0.9402471 0.1665820
vn 0.0887890 0.9807871 0.1737040
vn 0.0905640 0.9942623 -0.0569260
vn 0.0000000 0.9983543 -0.0573470
vn -0.0905640 0.9942623 -0.0569260
vn -0.3027650 0.9515511 -0.0537010
vn -0.4234222 0.9044703 -0.0514490
vn -0.4176311 0.8929452 0.1680270
vn -0.3761842 0.8247605 0.4222032
vn -0.2728570 0.8553730 0.4403250
vn -0.2969610 0.9402471 0.1665820
vn -0.0887900 0.9807868 0.1737050
vn 0.0000000 0.9843771 0.1760730
vn 0.0000000 0.8953311 0.4454011
vn 0.0000000 0.8130836 0.5821468
vn -0.0807340 0.8860893 0.4564292
vn -0.0812960 0.8005522 0.5937231
vn -0.1672430 0.9541312 0.2483211
vn 0.0000000 0.9710569 0.2388480
vn 0.0000000 0.9380547 0.3464869
vn 0.1672439 0.9541305 0.2483229
vn 0.1596920 0.9750928 0.1539230
vn 0.0000000 0.9896747 0.1433310
vn 0.1354990 0.9875613 0.0797660
vn 0.0000000 0.9971227 0.0758030
vn 0.1056370 0.9296517 0.3529709
vn 0.0000000 0.9307060 0.3657680
vn 0.0000000 0.7726527 0.6348288
vn 0.0000000 0.7729310 0.6344900
vn -0.0724470 0.7741409 0.6288539
vn -0.2433269 0.7806686 0.5756287
vn -0.0644250 0.7750653 0.6285883
vn -0.1056370 0.9296517 0.3529709
vn -0.1355000 0.9875612 0.0797660
vn -0.1596920 0.9750930 0.1539220
vn -0.3429321 0.9189494 0.1947551
vn -0.3584182 0.8957055 0.2631502
vn -0.5169750 0.8159811 0.2586730
vn -0.5264798 0.7538677 0.3930678
vn -0.5675928 0.7232358 0.3934059
vn -0.5936638 0.6448367 0.4814028
vn -0.2161600 0.7648160 0.6069030
vn -0.1805741 0.7732273 0.6078753
vn -0.2245560 0.9126330 0.3415780
vn -0.2720950 0.9587131 0.0826650
vn -0.4887958 0.8695437 0.0705150
vn -0.5906327 0.7909607 0.1597939
vn -0.6551626 0.7554556 0.0069680
vn -0.4468591 0.8765651 0.1787470
vn -0.2391779 0.7686907 0.5932187
vn -0.3006230 0.7505029 0.5885329
vn -0.3306570 0.7654231 0.5520810
vn 0.1877870 0.7625369 0.6190909
vn 0.1798480 0.5764650 0.7970839
vn -0.0000010 0.6030570 0.7976980
vn 0.0000000 0.7657259 0.6431670
vn 0.0000000 0.8867700 0.4622110
vn -0.1877860 0.7625370 0.6190910
vn -0.1882440 0.8798558 0.4363689
vn -0.3543039 0.8329039 0.4251349
vn -0.4157207 0.8257213 0.3812617
vn -0.6156591 0.7342981 0.2859550
vn -0.6138042 0.6905682 0.3825701
vn -0.6874486 0.6508526 0.3221878
vn -0.5456250 0.7332670 0.4057250
vn -0.3682621 0.8712922 0.3243961
vn -0.1678880 0.9212897 0.3507689
vn -0.3917872 0.8419904 0.3708842
vn -0.1764549 0.8973897 0.4044198
vn 0.0000000 0.9130863 0.4077662
vn -0.1685100 0.9072271 0.3854131
vn 0.0000000 0.9256458 0.3783909
vn 0.1882440 0.8798558 0.4363689
vn 0.1764549 0.8973897 0.4044198
vn 0.1685100 0.9072271 0.3854131
vn 0.1678880 0.9212893 0.3507701
vn 0.3543031 0.8329042 0.4251351
vn 0.4157212 0.8257214 0.3812612
vn 0.3917872 0.8419904 0.3708842
vn 0.3682621 0.8712922 0.3243961
vn 0.3584170 0.8957060 0.2631500
vn 0.3429318 0.9189495 0.1947549
vn 0.2720941 0.9587134 0.0826650
vn 0.2245560 0.9126330 0.3415780
vn 0.1805730 0.7732279 0.6078749
vn 0.5169750 0.8159811 0.2586730
vn 0.4887958 0.8695437 0.0705150
vn 0.5264801 0.7538681 0.3930671
vn 0.5456248 0.7332678 0.4057239
vn 0.6138042 0.6905682 0.3825701
vn 0.6156591 0.7342981 0.2859550
vn 0.4675260 0.8086460 0.3570870
vn 0.4794201 0.6671752 0.5701171
vn 0.5701278 0.6701628 0.4752218
vn 0.4872269 0.5105519 0.7084819
vn 0.5591931 0.4553391 0.6927982
vn 0.4965081 0.4594501 0.7364681
vn 0.3384930 0.5087299 0.7915909
vn 0.5422354 0.4638633 0.7005795
vn 0.3534551 0.7048683 0.6150042
vn 0.3417408 0.5476127 0.7637626
vn 0.6551626 0.7554556 0.0069680
vn 0.4468591 0.8765651 0.1787470
vn 0.5906320 0.7909610 0.1597950
vn 0.5675956 0.7232355 0.3934027
vn 0.5936672 0.6448373 0.4813982
vn 0.6874479 0.6508529 0.3221889
vn 0.5779957 0.7835715 0.2278959
vn 0.0000000 0.4422218 0.8969057
vn 0.0000000 0.1820080 0.9832970
vn -0.2086170 0.1739690 0.9623998
vn 0.2086169 0.1739700 0.9623997
vn 0.1705270 0.4331899 0.8850238
vn 0.3590160 0.1670060 0.9182681
vn 0.3493601 0.4107601 0.8421542
vn 0.1820779 0.5277628 0.8296468
vn 0.3644189 0.5094918 0.7794977
vn 0.1940461 0.5581451 0.8067342
vn 0.3802391 0.5289381 0.7587112
vn 0.1951850 0.5542490 0.8091420
vn 0.3742481 0.5208092 0.7672653
vn 0.1794370 0.5294971 0.8291171
vn 0.5319979 0.4931749 0.6882999
vn 0.5299598 0.4695508 0.7061617
vn 0.5305131 0.3876161 0.7538632
vn 0.4714081 0.1285080 0.8725021
vn 0.3141491 -0.1770040 0.9327272
vn 0.2408421 -0.1093000 0.9643902
vn 0.0000210 0.4376099 0.8991648
vn -0.2408430 -0.1092920 0.9643908
vn 0.5664037 0.4145548 0.7122717
vn 0.6176259 0.4217879 0.6638019
vn 0.6212823 0.4650872 0.6306363
vn 0.5777097 0.5134277 0.6345417
vn 0.6027418 0.4292748 0.6726257
vn 0.6050378 0.3429469 0.7185518
vn 0.5342302 -0.0862310 0.8409294
vn 0.3924971 -0.3743761 0.8401121
vn 0.4369293 -0.5092293 0.7414704
vn -0.0000030 0.8138129 0.5811269
vn 0.1450770 0.8052080 0.5749719
vn -0.1450830 0.8051969 0.5749859
vn -0.0000480 -0.1942969 0.9809426
vn -0.2819029 -0.2032200 0.9376738
vn 0.2819019 -0.2032309 0.9376717
vn 0.2803839 -0.3260198 0.9028265
vn 0.2980009 -0.4494599 0.8421288
vn 0.3577921 -0.6595113 0.6610823
vn 0.3526539 -0.7684008 0.5340368
vn 0.3301979 -0.7924538 0.5128218
vn 0.3640329 -0.8937408 0.2621209
vn 0.3354108 -0.9403595 0.0567760
vn 0.3446702 -0.9382995 -0.0282250
vn 0.2486329 -0.9404957 -0.2316229
vn 0.2566951 -0.9452925 -0.2013201
vn 0.2276640 -0.9426490 -0.2440940
vn 0.2953761 -0.8898923 -0.3476271
vn 0.3726170 -0.8155299 -0.4427950
vn -0.2953761 -0.8898923 -0.3476271
vn -0.3726170 -0.8155299 -0.4427950
vn -0.2566951 -0.9452925 -0.2013201
vn -0.2276640 -0.9426490 -0.2440940
vn -0.2486329 -0.9404956 -0.2316239
vn -0.3446710 -0.9382991 -0.0282250
vn -0.3354112 -0.9403595 0.0567760
vn -0.3640320 -0.8937411 0.2621210
vn -0.3301981 -0.7924542 0.5128211
vn -0.3526541 -0.7684012 0.5340361
vn -0.3577921 -0.6595113 0.6610823
vn -0.4369293 -0.5092293 0.7414704
vn -0.3924971 -0.3743761 0.8401121
vn -0.2980008 -0.4494627 0.8421274
vn -0.3141491 -0.1770090 0.9327263
vn -0.2803829 -0.3260369 0.9028207
vn -0.5342302 -0.0862310 0.8409294
vn -0.4714081 0.1285080 0.8725021
vn -0.3590160 0.1670060 0.9182681
vn -0.1705270 0.4331911 0.8850232
vn 0.0000000 0.5315081 0.8470532
vn 0.0000000 0.5670087 0.8237116
vn 0.0000000 0.5665591 0.8240211
vn 0.0000000 0.5486157 0.8360745
vn -0.3417420 0.5476130 0.7637619
vn -0.3534560 0.7048671 0.6150051
vn -0.1798480 0.5764650 0.7970839
vn -0.1794370 0.5294989 0.8291159
vn -0.1951850 0.5542490 0.8091420
vn -0.1940461 0.5581451 0.8067342
vn -0.1820789 0.5277628 0.8296466
vn -0.3493601 0.4107601 0.8421542
vn -0.5305131 0.3876161 0.7538632
vn -0.6050380 0.3429480 0.7185510
vn -0.6027419 0.4292759 0.6726249
vn -0.5299598 0.4695508 0.7061617
vn -0.3384939 0.5087309 0.7915899
vn -0.3644191 0.5094911 0.7794982
vn -0.3802391 0.5289381 0.7587112
vn -0.3742481 0.5208092 0.7672653
vn -0.5422360 0.4638630 0.7005790
vn -0.4965088 0.4594498 0.7364677
vn -0.4872258 0.5105518 0.7084827
vn -0.4794180 0.6671759 0.5701180
vn -0.5319979 0.4931749 0.6882999
vn -0.5777088 0.5134287 0.6345417
vn -0.6212829 0.4650869 0.6306359
vn -0.6176270 0.4217880 0.6638010
vn -0.5664043 0.4145532 0.7122723
vn -0.5591950 0.4553370 0.6927980
vn -0.5701289 0.6701619 0.4752219
vn -0.4675260 0.8086460 0.3570870
vn -0.5779961 0.7835712 0.2278961
vn -0.0000010 -0.9999965 -0.0026010
vn -0.0000010 -0.9999965 -0.0026010
vn 0.0051220 -0.9999816 0.0032360
vn 0.0007770 -0.9999974 -0.0020970
vn 0.0108690 -0.9999376 0.0025400
vn -0.0269150 -0.9995650 -0.0120550
vn -0.0091190 -0.9999298 -0.0075450
vn 0.0041540 -0.9999914 -0.0000610
vn 0.0033380 -0.9999825 0.0048610
vn 0.0000000 -0.9999997 -0.0007250
vn 0.0067750 -0.9999735 -0.0026880
vn 0.0091590 -0.9999580 -0.0000980
vn 0.0134100 -0.9999084 -0.0017690
vn 0.0000000 0.9999999 -0.0000000
vn 0.0000000 0.9999999 -0.0000000
vn 0.0000000 0.9999999 -0.0000000
vn 0.0000000 0.9999999 -0.0000000
vn 0.0000000 0.9999999 -0.0000000
vn 0.0000000 0.9999999 -0.0000000
vn 0.0000000 0.9999999 -0.0000000
vn 0.0000000 0.9999999 -0.0000000
vn 0.0000000 0.5012028 -0.8653297
vn 0.0000000 0.5012028 -0.8653297
vn 0.0000000 0.3726000 -0.9279920
vn 0.0000000 0.3725929 -0.9279948
vn 0.0000000 0.2363580 -0.9716660
vn 0.0000000 0.2363740 -0.9716621
vn 0.0125150 0.0711360 0.9973881
vn 0.0000000 0.0826140 0.9965816
vn 0.0049670 0.0682760 0.9976541
vn 0.0096130 0.0630730 0.9979625
vn -0.0000200 0.0639170 0.9979553
vn -0.0000010 0.0640240 0.9979483
vn 0.9040433 0.2873281 0.3164621
vn 0.9245997 0.3254569 0.1979719
vn 0.9707540 0.2249320 0.0839180
vn 0.8886368 0.4274069 0.1662770
vn 0.9273536 0.2298869 0.2952409
vn 0.8823507 0.4269259 0.1979679
vn 0.8977404 0.3355452 0.2854322
vn 0.9273716 0.3306459 0.1750859
vn 0.8423954 0.4917462 0.2203531
vn 0.7898871 0.5832431 0.1894880
vn 0.9146733 0.3504501 0.2013891
vn 0.8033084 0.3451742 0.4853352
vn 0.9034607 0.2390099 0.3558549
vn 0.9133158 0.2102070 0.3488079
vn 0.9549173 0.1340900 0.2648641
vn 0.8683042 0.3571751 0.3442001
vn 0.7870215 0.3119182 0.5322633
vn 0.8845578 0.4216599 0.1993999
vn 0.7454032 0.5120282 0.4268501
vn 0.7551881 0.5682831 0.3267190
vn 0.8807288 0.3610840 0.3064879
vn 0.8726982 0.4650231 0.1488330
vn 0.8820578 0.4277649 0.1974619
vn 0.7706119 0.4068849 0.4905119
vn 0.7559656 0.2041949 0.6219487
vn 0.9843511 0.0297060 0.1736960
vn 0.9618238 0.1646530 0.2185960
vn 0.9223481 0.3863591 0.0007750
vn 0.8729860 0.4802180 0.0853590
vn 0.9828451 0.0108540 0.1841130
vn 0.9817784 0.0855680 0.1696741
vn 0.8355278 0.0670210 0.5453449
vn 0.6427940 0.2474380 0.7249760
vn 0.6755041 0.4443351 0.5884390
vn 0.6554192 0.6392382 0.4022441
vn 0.7934386 0.5379367 0.2847439
vn 0.8905417 0.4489049 0.0736190
vn 0.8692311 0.4896531 0.0683900
vn 0.8835970 0.4682470 0.0010150
vn 0.9499683 0.3085361 0.0486370
vn 0.9065078 0.4216769 -0.0207850
vn 0.9711327 0.2382549 0.0116480
vn 0.7248718 -0.1920919 0.6615598
vn 0.9875513 0.1482371 0.0526130
vn 0.6353512 -0.0178820 0.7720163
vn 0.9327213 0.3562561 0.0557920
vn 0.7554707 0.6551427 -0.0071990
vn 0.7910286 0.6069217 0.0769380
vn 0.7992368 0.6010088 -0.0029730
vn 0.9409325 0.3385422 0.0059480
vn 0.8676631 0.4970981 -0.0073540
vn 0.9713618 0.2375920 -0.0024620
vn 0.9515728 0.3071840 -0.0121270
vn 0.9651336 0.2545389 0.0610490
vn 0.9417428 0.3127359 0.1237600
vn 0.8747079 0.4412470 0.2004670
vn 0.8339530 0.5238200 0.1735940
vn 0.6870502 0.7027912 0.1845171
vn 0.8332079 0.5477549 0.0756900
vn 0.8835441 0.4225621 0.2019680
vn 0.9393948 0.3417110 -0.0277650
vn 0.9142230 0.4039880 0.0314640
vn 0.9269308 0.3749349 -0.0149280
vn 0.9334371 0.3417220 0.1091840
vn 0.7726697 0.5505418 0.3160459
vn 0.9069523 0.3901812 0.1587331
vn 0.9290216 0.3564759 0.0992150
vn 0.7760709 0.6116519 0.1536090
vn 0.9128138 0.4063029 -0.0410920
vn 0.6031128 0.7970018 0.0322930
vn 0.7832810 0.6200550 0.0447490
vn 0.9952319 0.0924180 -0.0311800
vn 0.8198310 0.5570720 -0.1324680
vn 0.5298402 0.8310643 -0.1691201
vn 0.5173830 0.8557531 -0.0011450
vn 0.4816003 0.8757375 -0.0338380
vn 0.7581352 0.6519282 -0.0148540
vn 0.8700848 0.4910109 -0.0431330
vn 0.8766473 0.4806512 -0.0215350
vn 0.8787006 0.4744433 -0.0528100
vn 0.8789358 0.4740109 -0.0527770
vn 0.8869531 0.4590641 -0.0507370
vn 0.8869987 0.4590748 -0.0498360
vn 0.8890493 0.4571931 -0.0237820
vn 0.8875438 0.4606409 -0.0087080
vn 0.9070580 0.4116720 0.0881580
vn 0.8881689 0.4257570 0.1728780
vn 0.8751832 0.4583191 0.1549130
vn 0.8604208 0.4261829 0.2793639
vn 0.8280209 0.3812210 0.4111590
vn 0.8387373 0.4226592 0.3433351
vn 0.8720118 0.3657999 0.3252469
vn 0.8901601 0.3690640 0.2672200
vn 0.8051034 0.5254912 0.2750771
vn 0.7375497 0.6058608 0.2982499
vn 0.6718469 -0.6451519 0.3638690
vn 0.8566955 -0.4146718 0.3067898
vn 0.9982837 -0.0412330 0.0415850
vn 0.9861641 -0.1025560 0.1302410
vn 0.9988362 -0.0302150 0.0375930
vn 0.8749988 -0.2638509 0.4059059
vn 0.9996270 -0.0240730 0.0128930
vn 0.9452512 -0.2379191 0.2233711
vn 0.9996350 -0.0124640 0.0239680
vn 0.9999352 0.0028250 0.0110240
vn 0.9994041 0.0332310 -0.0093290
vn 0.9987397 0.0485350 -0.0127670
vn 0.9998147 0.0172350 -0.0085660
vn 0.9999152 0.0021460 -0.0128420
vn 0.9138065 -0.3910498 0.1097159
vn 0.6602140 -0.7100460 0.2448510
vn 0.7562957 -0.6225598 0.2010869
vn 0.9510437 -0.3064279 0.0402200
vn 0.8917905 -0.4091538 0.1931389
vn 0.8821308 -0.4520229 -0.1323640
vn 0.8263959 -0.5467719 0.1345740
vn 0.3967439 -0.9150307 0.0728900
vn 0.5779528 -0.5309698 -0.6197108
vn 0.3382428 -0.9112185 -0.2351009
vn 0.9000157 -0.3464459 -0.2644749
vn 0.2778429 -0.5935738 -0.7552968
vn 0.9996835 0.0235780 -0.0087700
vn 0.8566268 -0.3709059 0.3586349
vn 0.7852117 -0.4513459 0.4239449
vn 0.9191467 -0.3606209 0.1584980
vn 0.9974688 -0.0229990 -0.0672810
vn 0.9999229 0.0047670 -0.0114590
vn 0.9999924 0.0025930 -0.0029260
vn 0.9999966 -0.0013850 0.0021370
vn 0.9999997 -0.0004220 0.0005490
vn 0.9999955 0.0011950 -0.0027320
vn 0.7511271 -0.4342951 -0.4971881
vn 0.9999999 0.0000000 -0.0000000
vn 0.9310108 -0.3429700 0.1248610
vn 0.9305723 -0.3293411 -0.1599051
vn 0.7485774 -0.6441905 0.1570039
vn 0.8671033 -0.3226691 -0.3794951
vn 0.9630110 -0.2311840 -0.1384330
vn 0.6874830 -0.4440650 -0.5746070
vn 0.6151407 -0.5700368 -0.5446647
vn 0.0736790 -0.7009583 -0.7093862
vn 0.5747391 -0.4793781 -0.6632282
vn 0.9456288 -0.1993040 -0.2570289
vn 0.7583247 -0.6297157 0.1685279
vn 0.6623552 -0.6401193 0.3892722
vn 0.8812462 -0.3256431 0.3425811
vn 0.5987161 -0.6741892 0.4324441
vn 0.8599660 -0.2810110 -0.4260180
vn 0.8525851 -0.3314890 -0.4039971
vn 0.8517062 -0.2746461 -0.4462801
vn 0.6680112 -0.3464751 -0.6585712
vn 0.6786910 -0.5484390 -0.4884600
vn 0.6321658 -0.6720627 -0.3856139
vn 0.6117479 -0.5037079 -0.6099529
vn 0.8242018 -0.5438798 -0.1577530
vn 0.8312523 -0.5460892 0.1039530
vn 0.9547743 -0.0782280 0.2868561
vn 0.7131171 -0.3699060 0.5955111
vn 0.9999999 0.0000000 -0.0000000
vn 0.9999999 0.0000000 -0.0000000
vn 0.9999999 0.0000000 -0.0000000
vn 0.9999999 0.0000000 -0.0000000
vn 0.8076710 -0.2930400 -0.5116590
vn 0.7865129 -0.2141440 -0.5792579
vn 0.9810818 -0.0029710 -0.1935700
vn 0.8899093 -0.2117271 -0.4040211
vn 0.8627941 -0.1827060 -0.4713860
vn 0.6621472 -0.1630060 -0.7314302
vn 0.6127130 -0.2542000 -0.7483081
vn 0.6442982 -0.6840302 0.3420271
vn 0.7126369 -0.6970419 0.0792540
vn 0.7119809 -0.6913879 -0.1227430
vn 0.9171129 -0.3504380 -0.1899920
vn 0.9200768 -0.2517689 -0.3001179
vn 0.9210565 -0.1256659 -0.3685958
vn 0.6203709 0.0093450 -0.7842529
vn 0.6527494 0.0282120 -0.7570485
vn 0.9369458 0.0255930 -0.3485360
vn 0.7021827 0.2452149 -0.6684377
vn 0.9501886 0.3075309 -0.0506580
vn 0.7613253 0.4674722 -0.4492812
vn 0.9039247 0.4236209 -0.0588660
vn 0.8042935 0.5934014 0.0314130
vn 0.9951366 0.0167800 0.0970650
vn 0.9985124 -0.0048080 0.0543130
vn 0.6278532 0.2887991 -0.7227693
vn 0.6533389 0.4937339 -0.5739119
vn 0.6400377 0.6727226 -0.3712088
vn 0.7563576 0.5933477 -0.2754298
vn 0.8452910 0.5096140 -0.1605510
vn 0.6436872 0.7526273 -0.1386320
vn 0.9164208 0.3477129 -0.1981630
vn 0.9136031 0.2676590 -0.3060850
vn 0.9165793 0.1559431 -0.3681901
vn 0.9198527 0.0110210 -0.3921089
vn 0.6513383 0.7563773 0.0604300
vn 0.7470943 0.6640593 -0.0295830
vn 0.2822860 0.9577222 -0.0555220
vn 0.9153198 0.3964129 -0.0710380
vn 0.9141810 0.4036760 0.0363140
vn 0.6630027 0.7165277 0.2168299
vn 0.9129599 0.3907620 0.1175120
vn 0.9150617 0.3376999 0.2205009
vn 0.6209653 0.7707403 0.1426931
vn 0.9139398 0.2536210 0.3168439
vn 0.9190406 0.1346849 0.3704379
vn 0.9201617 -0.0054350 0.3915009
vn 0.9217901 -0.1356370 0.3631880
vn 0.6249468 -0.2780669 0.7294657
vn 0.6202211 -0.5280001 0.5801221
vn 0.9148337 -0.3974359 -0.0715800
vn 0.9155228 -0.3997079 0.0452930
vn 0.9184347 -0.3575909 0.1691340
vn 0.9212267 -0.2639319 0.2857989
vn 0.1225120 -0.4482202 0.8854883
vn 0.5433850 -0.6619480 0.5162920
vn 0.0831400 -0.7750422 0.6264162
vn 0.6233237 -0.6128408 0.4856888
vn 0.1848220 -0.7488140 0.6364890
vn 0.8910925 -0.3549962 0.2827222
vn 0.7067581 -0.5794880 0.4058160
vn 0.5516310 -0.7162831 0.4273660
vn 0.8883216 -0.3115509 0.3373728
vn 0.2381669 -0.1517500 0.9592957
vn 0.7571242 0.3461601 0.5540181
vn 0.6543589 0.4646179 0.5966109
vn 0.8097062 0.3749611 0.4514201
vn 0.8710133 0.1057460 0.4797432
vn 0.9869186 -0.0943410 0.1307339
vn 0.9762251 -0.1678530 0.1371490
vn 0.9119776 -0.3098139 0.2689089
vn 0.5189708 -0.8115516 0.2684269
vn 0.7074225 -0.6043896 0.3664238
vn 0.9240721 -0.2683180 0.2722060
vn 0.5956460 -0.4458280 0.6681640
vn 0.9430619 -0.1370340 0.3030770
vn 0.1354840 -0.9337868 0.3311889
vn 0.9640133 -0.1525701 0.2177171
vn 0.5848040 -0.3362380 0.7382060
vn 0.1129260 -0.3545949 0.9281756
vn 0.1271330 -0.9497944 -0.2858811
vn -0.0046110 -0.8658405 -0.5002987
vn 0.0160430 -0.8712793 -0.4905252
vn 0.0332220 -0.8944888 -0.4458539
vn 0.6762020 -0.7322210 -0.0812600
vn 0.1102810 -0.9868951 0.1177970
vn 0.9589517 -0.2723219 -0.0790710
vn 0.9644982 -0.2544151 -0.0708250
vn 0.9772152 -0.2053040 0.0538570
vn 0.9689922 -0.1779470 0.1714320
vn 0.9438902 0.3243771 -0.0620550
vn 0.9651656 -0.2613089 -0.0131480
vn 0.9950898 -0.0486920 0.0861700
vn 0.9725472 -0.0412060 0.2290281
vn 0.6686291 -0.7293971 0.1446200
vn 0.9321958 -0.0207300 -0.3613600
vn 0.6750932 -0.2803851 -0.6823732
vn 0.4743998 -0.5924698 -0.6510947
vn 0.6668941 -0.2975760 -0.6831551
vn 0.7760757 -0.0915460 -0.6239598
vn 0.7958999 -0.0594030 -0.6025069
vn 0.9026503 0.0021520 -0.4303691
vn 0.9801492 0.0386210 -0.1944630
vn 0.9995582 0.0097810 -0.0280660
vn 0.9820523 -0.0673990 0.1761550
vn 0.9902254 -0.0036480 0.1394290
vn 0.7871451 0.1784170 0.5903981
vn 0.0193010 -0.9365911 -0.3498920
vn 0.0132240 -0.9514364 -0.3075608
vn 0.0278490 -0.9991346 -0.0308910
vn -0.0116850 -0.9999316 0.0002640
vn 0.0026230 -0.9250849 0.3797510
vn -0.1136409 -0.9542845 0.2764539
vn 0.6113884 0.7669055 -0.1950901
vn 0.8188146 0.5537407 -0.1513729
vn 0.9894658 0.1285660 -0.0665430
vn 0.9642300 0.2571920 -0.0641300
vn 0.8136519 0.5798479 -0.0417950
vn 0.8784267 0.4761738 -0.0403120
vn 0.9999426 0.0107100 -0.0000000
vn 0.9979575 -0.0068400 0.0635150
vn 0.9999007 0.0136330 0.0035460
vn 0.9977326 -0.0237170 0.0629850
vn 0.9961435 -0.0298600 0.0825010
vn 0.9999275 0.0036620 0.0114770
vn 0.9996614 0.0260190 -0.0000000
vn 0.9999867 -0.0051340 -0.0000000
vn 0.9999867 -0.0051340 -0.0000000
vn -0.9999999 0.0000000 -0.0000000
vn -0.9999999 0.0000000 -0.0000000
vn -0.9999999 0.0000000 -0.0000000
vn -0.9999999 0.0000000 -0.0000000
vn -0.9999999 0.0000000 -0.0000000
vn -0.9999999 0.0000000 -0.0000000
vn -0.9999999 0.0000000 -0.0000000
vn 0.9999999 0.0000000 -0.0000000
vn 0.9999999 0.0000000 -0.0000000
vn 0.9999896 -0.0041590 0.0018250
vn 0.9994985 -0.0299990 0.0101470
vn 0.9976128 -0.0682980 -0.0101830
vn 0.9971731 -0.0728610 -0.0183590
vn 0.9957556 -0.0755930 -0.0525010
vn 0.9952483 -0.0785380 -0.0575560
vn 0.9955562 -0.0707140 -0.0621870
vn 0.9974376 -0.0597650 -0.0393210
vn 0.9977933 -0.0569900 -0.0340680
vn 0.9987578 -0.0269990 -0.0418780
vn 0.9979486 -0.0505640 -0.0392650
vn 0.9985110 -0.0149820 -0.0524520
vn 0.9985451 -0.0004730 -0.0539210
vn 0.9987084 0.0044930 -0.0506110
vn 0.9988890 0.0113650 -0.0457340
vn 0.9999999 0.0000000 -0.0000000
vn 0.9999999 0.0000000 -0.0000000
vn 0.9999999 0.0000000 -0.0000000
vn -0.9988282 0.0087340 -0.0476020
vn -0.9985518 0.0000000 -0.0537970
vn -0.9991884 -0.0029080 -0.0401750
vn -0.9989078 0.0096110 -0.0457250
vn -0.9996655 -0.0006210 -0.0258530
vn -0.9997930 -0.0056890 -0.0195310
vn -0.9998364 0.0042520 -0.0175710
vn -0.9998367 0.0041480 -0.0175880
vn -0.9998401 0.0020270 -0.0177640
vn -0.9998404 0.0019050 -0.0177620
vn -0.9998430 -0.0001930 -0.0177170
vn -0.9998431 -0.0002610 -0.0177140
vn -0.9997000 -0.0003950 -0.0244870
vn -0.9998447 -0.0027100 -0.0174090
vn -0.9988398 -0.0067230 -0.0476830
vn -0.9982617 -0.0089240 -0.0582560
vn -0.9985957 -0.0305140 -0.0433040
vn -0.9979530 -0.0225380 -0.0598480
vn -0.9988372 0.0042240 -0.0480230
vn -0.9944690 -0.0252900 -0.1019400
vn -0.9929535 -0.0321800 -0.1140520
vn 0.3761851 0.8247602 0.4222031
vn 0.3306601 0.7654223 0.5520802
vn 0.3006250 0.7505021 0.5885330
vn 0.2391760 0.7686911 0.5932190
vn 0.0533180 -0.9031487 -0.4260039
vn 0.0087120 -0.9875574 -0.1570169
vn 0.0000000 -0.9108447 -0.4127489
vn -0.0000380 -0.7429167 -0.6693837
vn 0.1143690 -0.7373171 -0.6657951
vn 0.0001290 -0.2586861 -0.9659615
vn 0.1219910 -0.3727990 -0.9198581
vn 0.1161470 -0.1025580 -0.9879228
vn -0.0057730 -0.0744950 -0.9972046
vn 0.1628720 -0.3486651 -0.9229872
vn -0.0043080 -0.4287132 -0.9034304
vn 0.2508841 -0.7326574 -0.6326693
vn -0.0019300 -0.6761122 -0.7367962
vn -0.1547020 -0.2808449 -0.9472028
vn -0.1600880 -0.3483601 -0.9235892
vn -0.2375771 -0.7569402 -0.6087681
vn -0.2677822 -0.8345925 -0.4814023
vn -0.0003110 -0.7578437 -0.6524358
vn 0.2324801 -0.8726332 -0.4294931
vn 0.3577419 -0.9244446 0.1319949
vn -0.4203138 -0.9070545 -0.0242550
vn 0.0516950 -0.9049798 -0.4223019
vn 0.0000000 -0.9724863 -0.2329601
vn 0.0271070 -0.9898926 -0.1392039
vn 0.0000000 -0.9988967 -0.0469600
vn 0.0063790 -0.9997175 -0.0228930
vn 0.0000000 -0.9997378 -0.0228970
vn 0.0063650 -0.9977025 -0.0674460
vn 0.0000000 -0.9977219 -0.0674610
vn 0.0000000 -0.9867226 -0.1624139
vn -0.0087120 -0.9875574 -0.1570169
vn -0.0533180 -0.9031487 -0.4260039
vn -0.1142810 -0.7373717 -0.6657497
vn -0.1217639 -0.3727858 -0.9198935
vn -0.1226050 -0.1462150 -0.9816257
vn -0.0063650 -0.9977025 -0.0674460
vn -0.0063790 -0.9997175 -0.0228930
vn -0.0271070 -0.9898926 -0.1392039
vn -0.0516950 -0.9049798 -0.4223019
vn -0.1037730 -0.8224069 -0.5593549
vn -0.4093691 -0.4139841 -0.8130401
vn -0.5557550 -0.2207940 -0.8014900
vn -0.2872612 -0.2329751 -0.9290875
vn -0.1672111 -0.3606242 -0.9176005
vn -0.2043021 -0.2180171 -0.9543214
vn -0.1742060 -0.1563410 -0.9722190
vn -0.2095650 -0.5460611 -0.8111102
vn -0.2447759 -0.5860348 -0.7724298
vn -0.2244889 -0.7910058 -0.5691348
vn -0.2154280 -0.8053939 -0.5522059
vn -0.1996209 -0.8514228 -0.4850059
vn -0.2211410 -0.8694868 -0.4416889
vn -0.1703310 -0.8369581 -0.5200850
vn -0.1528780 -0.7939132 -0.5884981
vn 0.0000000 -0.8030553 -0.5959043
vn 0.0000000 -0.8907085 -0.4545748
vn 0.1037729 -0.8224065 -0.5593556
vn 0.1528780 -0.7939132 -0.5884981
vn 0.2043021 -0.2180171 -0.9543214
vn 0.1743670 0.0000000 -0.9846807
vn 0.1743660 0.0000000 -0.9846808
vn 0.1742060 -0.1563410 -0.9722190
vn 0.2095650 -0.5460611 -0.8111102
vn 0.2447750 -0.5860350 -0.7724299
vn 0.2244889 -0.7910058 -0.5691348
vn 0.2154280 -0.8053939 -0.5522059
vn 0.1996200 -0.8514228 -0.4850059
vn 0.2211410 -0.8694868 -0.4416889
vn 0.1703310 -0.8369581 -0.5200850
vn 0.0000000 -0.8036718 -0.5950728
vn 0.2123001 -0.0004170 0.9772044
vn 0.2165100 0.0032270 0.9762750
vn 0.2150810 -0.0063010 0.9765758
vn 0.1817969 -0.1530489 0.9713525
vn 0.1187410 -0.1237450 0.9851841
vn 0.0344330 -0.1688980 0.9850318
vn 0.0128600 -0.3331810 0.9427751
vn 0.0096440 -0.3355211 0.9419833
vn 0.0089400 -0.5345582 0.8450843
vn 0.0021670 -0.5295130 0.8482990
vn 0.0000000 -0.3153000 0.9489920
vn -0.0026480 -0.3854210 0.9227369
vn -0.0127070 -0.3117608 0.9500754
vn 0.0000000 0.1791320 0.9838250
vn 0.0000000 -0.1368410 0.9905930
vn 0.0000000 0.1791320 0.9838250
vn 0.0000000 -0.1368439 0.9905925
vn 0.0000000 -0.3630511 0.9317693
vn 0.0000000 -0.3630540 0.9317681
vn 0.0026480 -0.3854210 0.9227369
vn 0.0127070 -0.3117608 0.9500754
vn 0.0000000 0.7773488 0.6290698
vn 0.0000000 0.9426953 0.3336551
vn 0.0000000 0.7773488 0.6290698
vn 0.0000000 0.9426953 0.3336551
vn 0.0000000 0.9999999 -0.0000000
vn 0.0000000 0.9999999 -0.0000000
vn 0.0000000 -0.8205429 -0.5715849
vn 0.0000000 -0.8205429 -0.5715849
vn 0.0000000 -0.8660266 -0.4999978
vn 0.0000000 -0.8660271 -0.4999970
vn 0.0000000 -0.9052806 -0.4248138
vn 0.0000000 -0.9052797 -0.4248159
vn 0.9981505 -0.0565400 0.0223340
vn 0.9929866 -0.0517020 0.1063220
vn 0.9857166 -0.0680380 0.1540569
vn 0.9881388 0.0620430 0.1404710
vn 0.9954475 0.0454560 0.0837730
vn 0.9986721 0.0483970 0.0176520
vn 0.9997367 0.0229440 0.0000210
vn 0.9998270 0.0185930 0.0003140
vn 0.9999862 0.0048920 0.0019050
vn 0.9999876 0.0018010 0.0046330
vn 0.9999954 -0.0017520 0.0025000
vn 0.9999874 0.0043810 -0.0024260
vn 0.9948151 -0.1016800 0.0020170
vn 0.9968634 -0.0791150 0.0020520
vn 0.9963166 0.0856600 0.0039230
vn 0.9945133 0.1045580 0.0032770
vn 0.9999210 -0.0122900 0.0026090
vn 0.9998068 -0.0196330 -0.0007880
vn 0.9998827 -0.0152150 -0.0017320
vn 0.9999948 0.0002950 -0.0031650
vn 0.9999545 -0.0095350 0.0004880
vn 0.9999999 0.0000000 -0.0000000
vn 0.0000000 -0.0019790 -0.9999980
vn -0.0000030 -0.0019740 -0.9999981
vn -0.0000020 -0.0019760 -0.9999980
vn 0.0000000 -0.0019800 -0.9999980
vn 0.0000010 -0.0019740 -0.9999981
vn 0.0000000 -0.1736690 -0.9848041
vn 0.0000000 -0.1736690 -0.9848041
vn 0.0000000 -0.1736671 -0.9848045
vn 0.0000000 -0.1736599 -0.9848056
vn 0.0000000 -0.1736599 -0.9848056
vn 0.9984527 0.0377560 -0.0408230
vn 0.9984527 0.0377560 -0.0408230
vn 0.9984527 0.0377560 -0.0408230
vn 0.1391720 -0.8952770 0.4232140
vn 0.0237500 -0.7026239 0.7111649
vn 0.1256440 -0.7790179 0.6142839
vn 0.1797739 -0.9148986 0.3614438
vn 0.1751379 -0.9824657 -0.0639360
vn 0.1856800 -0.9792308 -0.0814240
vn 0.1856161 -0.8066985 -0.5610564
vn 0.1489930 -0.8439158 -0.5153708
vn 0.1356109 -0.6825817 -0.7181167
vn 0.0469930 -0.8062468 -0.5897098
vn -0.8032332 0.5030111 0.3190551
vn -0.8031931 0.5030481 0.3190980
vn -0.9218996 0.3641298 0.1323269
vn -0.9218841 0.3641590 0.1323550
vn -0.9776260 0.2006460 -0.0631540
vn -0.9776314 0.2006079 -0.0631900
vn -0.9668141 0.0234320 -0.2544040
vn -0.9668074 0.0233950 -0.2544331
vn -0.8899872 -0.1556650 -0.4285921
vn -0.8899868 -0.1556670 -0.4285919
vn -0.7526388 -0.3238489 -0.5732858
vn -0.7526356 -0.3238528 -0.5732877
vn -0.6642070 -0.4001911 -0.6314080
vn -0.6642179 -0.4001809 -0.6314029
vn 0.9667856 -0.0233150 0.2545229
vn 0.9667664 -0.0232520 0.2546021
vn 0.8899392 0.1557300 0.4286681
vn 0.8900141 0.1556270 0.4285501
vn 0.7526671 0.3238270 0.5732611
vn 0.7526793 0.3238162 0.5732513
vn 0.5640999 0.4699549 0.6789209
vn 0.5640289 0.4699909 0.6789549
vn 0.3369880 0.5841421 0.7383881
vn 0.3370129 0.5841318 0.7383848
vn 0.0868470 0.6585371 0.7475202
vn 0.0868620 0.6585340 0.7475210
vn -0.1692370 0.6880282 0.7056742
vn -0.1692700 0.6880272 0.7056672
vn -0.4136918 0.6706087 0.6157458
vn -0.4137159 0.6706029 0.6157359
vn -0.6298692 0.6075222 0.4839232
vn -0.6298558 0.6075298 0.4839309
vn -0.4544161 -0.5316011 -0.7147771
vn -0.4544649 -0.5315718 -0.7147678
vn -0.3369639 -0.5841488 -0.7383937
vn -0.3369671 -0.5841491 -0.7383922
vn -0.0868111 -0.6585404 -0.7475214
vn -0.0867990 -0.6585449 -0.7475189
vn 0.1691640 -0.6880218 -0.7056978
vn 0.1692090 -0.6880270 -0.7056820
vn 0.4137210 -0.6706089 -0.6157259
vn 0.4137070 -0.6706120 -0.6157321
vn 0.6299610 -0.6074939 -0.4838390
vn 0.6298900 -0.6075190 -0.4839000
vn 0.8032346 -0.5030138 -0.3190469
vn 0.8032104 -0.5030317 -0.3190798
vn 0.9218480 -0.3642180 -0.1324440
vn 0.9218189 -0.3642650 -0.1325170
vn 0.9776134 -0.2007539 0.0630050
vn 0.9776206 -0.2006931 0.0630900
vn 0.0472500 -0.7151248 0.6973978
vn 0.0415580 -0.6186969 0.7845299
vn 0.0487520 -0.6182092 0.7845003
vn 0.0334360 -0.7298539 0.6827849
vn 0.0358560 -0.7460329 0.6649429
vn 0.0323730 -0.7406536 0.6711066
vn 0.0421090 -0.7351568 0.6765878
vn 0.0570440 -0.7475008 0.6618068
vn 0.0638810 -0.7560171 0.6514270
vn 0.0416140 -0.8070318 0.5890398
vn 0.0386070 -0.8063214 0.5902163
vn 0.0415160 -0.9004421 0.4329901
vn 0.0445880 -0.9023378 0.4287169
vn 0.0488310 -0.8821298 0.4684679
vn 0.0513360 -0.8836462 0.4653321
vn 0.0541960 -0.7132403 0.6988212
vn 0.1254909 -0.6028867 0.7878956
vn 0.1721690 -0.5917159 0.7875469
vn -0.1081080 0.4900210 0.8649809
vn -0.1212691 0.5083712 0.8525564
vn -0.1012639 0.4245887 0.8997054
vn -0.1149690 0.3981780 0.9100748
vn -0.0487520 -0.6182092 0.7845003
vn -0.0415580 -0.6186969 0.7845299
vn -0.0472510 -0.7151248 0.6973978
vn -0.0323730 -0.7406542 0.6711062
vn -0.0358560 -0.7460329 0.6649429
vn -0.0334360 -0.7298539 0.6827849
vn -0.0421090 -0.7351574 0.6765873
vn -0.0570440 -0.7475008 0.6618068
vn -0.0638810 -0.7560171 0.6514270
vn -0.0416150 -0.8070318 0.5890398
vn -0.0386070 -0.8063214 0.5902163
vn -0.0415160 -0.9004421 0.4329901
vn -0.0445890 -0.9023377 0.4287169
vn -0.0488310 -0.8821294 0.4684687
vn -0.0513360 -0.8836462 0.4653321
vn -0.0640450 -0.7104070 0.7008709
vn -0.1254910 -0.6028861 0.7878962
vn -0.3469650 -0.5572661 0.7543671
vn -0.4661282 -0.5210242 0.7150232
vn -0.0597400 -0.9719875 0.2273129
vn -0.0472660 -0.9972792 0.0565700
vn -0.2970500 -0.9501010 -0.0952330
vn -0.1180580 -0.9924851 -0.0321790
vn -0.8259360 -0.5428480 0.1521370
vn -0.2101160 -0.9776678 0.0040940
vn -0.8079168 -0.5891408 -0.0135470
vn -0.6438730 -0.6326690 -0.4302991
vn -0.7359589 -0.6767419 -0.0196150
vn -0.9866433 -0.1627530 -0.0068210
vn -0.9590353 -0.2433151 0.1450830
vn -0.9744211 -0.2051180 -0.0918150
vn -0.9586825 -0.2123121 0.1893451
vn -0.9488120 -0.3052510 -0.0811020
vn -0.9204956 0.0155060 -0.3904448
vn -0.9205018 -0.1863230 0.3434529
vn -0.9991800 0.0077280 0.0397450
vn -0.9959128 -0.0348120 0.0833400
vn -0.9831097 0.1477560 -0.1079970
vn -0.9691024 0.1351809 -0.2063159
vn -0.9057903 0.0409040 -0.4217471
vn -0.8285716 0.0374100 -0.5586317
vn -0.8929143 0.0581620 0.4464541
vn -0.8728822 -0.0130190 0.4877571
vn -0.9050155 -0.2903829 0.3108448
vn -0.9448875 -0.3245058 0.0433990
vn -0.9492570 -0.2803440 0.1425420
vn -0.8586792 -0.0037080 0.5125001
vn -0.7902967 0.0149090 0.6125428
vn -0.8417468 0.1228200 0.5257159
vn -0.9250048 0.0052360 0.3799189
vn -0.8954083 -0.1030730 0.4331512
vn -0.9506611 -0.1741880 0.2567140
vn -0.9853596 -0.1494241 0.0820911
vn -0.9666796 -0.1831079 0.1788909
vn -0.8970604 0.0977779 0.4309547
vn -0.9284009 0.0635510 0.3661050
vn -0.9279408 -0.0353740 0.3710449
vn -0.8679838 -0.2620029 0.4218509
vn -0.8953478 -0.3519589 0.2729049
vn -0.8069646 0.3752568 0.4560598
vn -0.9904808 0.0355470 0.1329810
vn -0.9868613 -0.1371009 0.0854859
vn -0.7711952 0.2121370 0.6002131
vn -0.7571245 0.3461598 0.5540177
vn -0.6543577 0.4646198 0.5966107
vn -0.8588811 0.3643860 0.3599250
vn -0.7379139 0.1845400 0.6491749
vn -0.6363632 0.0918290 0.7659042
vn -0.6576703 0.1843981 0.7303883
vn -0.7181876 0.1474639 0.6800447
vn -0.7140270 0.3576040 0.6019010
vn -0.9325616 0.2399469 0.2697299
vn -0.8489221 0.2131640 0.4836241
vn -0.8113072 0.2444431 0.5310631
vn -0.9071110 0.1856640 0.3777280
vn -0.9983478 -0.0573570 -0.0034030
vn -0.9647222 -0.0770650 -0.2517381
vn -0.7234027 -0.5701278 -0.3894129
vn -0.7600150 -0.2394100 -0.6042019
vn -0.9485536 0.2575959 0.1840929
vn -0.9169012 0.2158680 0.3356981
vn -0.9527066 -0.2736559 0.1321459
vn -0.8862434 0.1942081 0.4205422
vn -0.7993869 0.2966010 0.5225019
vn -0.7870231 0.3119180 0.5322611
vn -0.7637337 0.3628449 0.5339048
vn -0.9249544 0.1650561 0.3423681
vn -0.9759125 0.1053549 -0.1910369
vn -0.9270256 0.1936249 -0.3211429
vn -0.6402638 -0.4821368 -0.5980018
vn -0.7479519 -0.6024689 -0.2785659
vn -0.8970906 -0.3973958 -0.1931449
vn -0.8283058 -0.5138758 -0.2232509
vn -0.9526227 -0.2788339 -0.1214970
vn -0.9845763 -0.1683131 -0.0477510
vn -0.9782427 0.1984949 0.0603400
vn -0.9490547 0.3008169 0.0938300
vn -0.9093811 0.3850391 0.1573880
vn -0.9998344 0.0121550 0.0135430
vn -0.9781147 0.2041629 0.0401130
vn -0.9549235 0.1603639 0.2498089
vn -0.8439775 0.5244876 0.1123149
vn -0.8954264 0.4011052 0.1932001
vn -0.9138961 0.3652630 0.1771350
vn -0.9969513 -0.0751710 -0.0209100
vn -0.9878472 -0.1487990 -0.0449080
vn -0.9963102 0.0692120 -0.0507500
vn -0.9928023 0.1175850 -0.0227450
vn -0.7959580 -0.5957360 -0.1074680
vn -0.9386511 -0.3337290 -0.0869420
vn -0.9940971 -0.1015980 -0.0380630
vn -0.9452357 -0.0959860 -0.3119549
vn -0.5126020 -0.8496891 -0.1235620
vn -0.7168397 -0.6910147 -0.0929480
vn -0.8872408 -0.4518559 -0.0928960
vn -0.9839566 0.1698819 -0.0544920
vn -0.5672037 0.8206456 0.0694310
vn -0.6186361 0.7837062 0.0556220
vn -0.6965911 0.6907980 0.1938010
vn -0.9521776 0.2691519 0.1446199
vn -0.9638695 0.2625569 0.0449360
vn -0.9886731 0.1433830 -0.0443500
vn -0.9649715 0.2622691 -0.0067010
vn -0.9974277 0.0587340 -0.0410860
vn -0.9948828 -0.0445110 -0.0907020
vn -0.9274955 0.3687608 -0.0613790
vn -0.9991663 -0.0387830 -0.0127500
vn -0.9775589 0.1147010 0.1766980
vn -0.9434076 -0.3252338 -0.0648450
vn -0.9665402 0.2550271 0.0275890
vn -0.9380005 0.3466328 -0.0007240
vn -0.9895047 0.1015520 0.1027980
vn -0.9895047 0.1015520 0.1027980
vn -0.8386352 0.5242781 0.1477270
vn -0.9473078 0.3202879 -0.0048190
vn -0.8907518 0.3691839 -0.2650740
vn -0.9793752 0.1005130 -0.1752750
vn -0.9575727 0.2594339 -0.1254920
vn -0.6967186 0.7169096 -0.0249720
vn -0.4338151 0.8922551 -0.1252410
vn -0.3066880 0.9438438 0.1228870
vn -0.1203469 0.9873365 0.1033599
vn -0.8342798 0.5189209 0.1862740
vn -0.7984936 0.5389207 0.2682768
vn -0.8835414 0.4225657 0.2019719
vn -0.8901598 0.3690649 0.2672199
vn -0.8720118 0.3657999 0.3252469
vn -0.8387373 0.4226592 0.3433351
vn -0.8280209 0.3812210 0.4111590
vn -0.8604195 0.4261847 0.2793648
vn -0.8751825 0.4583198 0.1549139
vn -0.8881676 0.4257588 0.1728799
vn -0.8875438 0.4606409 -0.0087080
vn -0.9070581 0.4116721 0.0881570
vn -0.8890493 0.4571931 -0.0237820
vn -0.8869984 0.4590752 -0.0498360
vn -0.7178826 0.6170117 0.3223988
vn -0.6850612 0.6857072 0.2459611
vn -0.8634161 0.4968421 0.0875240
vn -0.8183871 0.4914791 0.2978100
vn -0.8152187 0.4431759 0.3728449
vn -0.8437422 0.4927991 0.2127160
vn -0.8622874 0.4829102 0.1525061
vn -0.7751080 0.6064390 0.1773110
vn -0.8959965 0.3818312 0.2267051
vn -0.8734186 0.4170358 0.2514379
vn -0.8473964 0.3694497 0.3813477
vn -0.9615826 0.2319749 0.1467869
vn -0.8456448 0.0676930 0.5294359
vn -0.9321286 0.2513829 0.2606579
vn -0.9998063 -0.0094120 -0.0172730
vn -0.9800767 -0.1637170 -0.1124550
vn -0.9692768 0.2405780 0.0512290
vn -0.9428948 0.3260209 0.0682610
vn -0.9228274 0.3729218 0.0965329
vn -0.5445669 -0.7661169 -0.3413380
vn -0.5385631 -0.7699611 -0.3422130
vn -0.0059910 -0.9824541 0.1864080
vn 0.0000000 -0.8636691 0.5040591
vn -0.0279910 -0.5254957 0.8503355
vn -0.0241240 -0.5704488 0.8209786
vn -0.0356650 -0.0954600 0.9947941
vn -0.0523510 -0.0529310 0.9972249
vn -0.0492800 -0.8767052 -0.4784971
vn -0.0118990 -0.8785272 -0.4775441
vn -0.0300490 -0.8846364 -0.4653122
vn -0.0470150 -0.8728330 -0.4857490
vn -0.0096640 -0.9075221 -0.4198931
vn 0.0000000 -0.9096223 -0.4154361
vn 0.0000000 -0.9790027 -0.2038469
vn 0.0000000 -0.9791891 -0.2029500
vn 0.0000000 -0.9955474 -0.0942630
vn -0.7760751 -0.0915490 -0.6239601
vn -0.6735138 -0.3215439 -0.6655738
vn -0.4907880 -0.8101149 -0.3206880
vn 0.0591830 -0.6085316 0.7913195
vn 0.0004010 -0.6946788 0.7193198
vn 0.3752401 -0.5149732 0.7707123
vn 0.3404881 -0.7022412 0.6252402
vn -0.5550883 -0.6087903 0.5667903
vn 0.2750971 -0.7189422 0.6383132
vn -0.5418113 -0.6034064 0.5850993
vn 0.1023490 -0.7593639 0.6425659
vn 0.6053182 -0.6031823 0.5193852
vn 0.5714769 -0.6551880 0.4941080
vn 0.5440508 -0.7149947 0.4390798
vn 0.0050380 -0.7502687 0.6611137
vn -0.9567756 -0.1953499 0.2154499
vn -0.9465019 -0.2077810 0.2469030
vn -0.7208357 -0.4882328 0.4919598
vn -0.1437400 -0.7460518 0.6501888
vn 0.0085420 -0.7621739 0.6473159
vn 0.8026250 -0.4265480 0.4169530
vn 0.5467919 -0.3332329 0.7680979
vn 0.7341781 -0.4274821 0.5274861
vn 0.6544813 -0.5568932 0.5113943
vn 0.6239399 -0.5906359 0.5117109
vn 0.0145420 -0.3647370 0.9309970
vn -0.9977623 -0.0257700 0.0616930
vn -0.9977127 -0.0606780 0.0297860
vn -0.0033880 -0.9377167 0.3473839
vn -0.0026680 -0.9378114 0.3471351
vn -0.3907999 -0.7751597 0.4963898
vn 0.0000000 -0.9291412 0.3697251
vn 0.0995550 -0.6850020 0.7217070
vn -0.1551530 -0.6869529 0.7099459
vn 0.0661650 -0.5779760 0.8133670
vn -0.6582393 -0.6221573 0.4238412
vn -0.8726563 -0.4279422 0.2352371
vn -0.9264233 -0.2426271 0.2878751
vn -0.9324787 -0.2617909 0.2488949
vn -0.9738916 -0.1836909 0.1333889
vn -0.9328783 -0.2890460 0.2149200
vn -0.9344485 -0.3199318 0.1563629
vn -0.7744166 -0.6316026 -0.0368350
vn -0.9445707 -0.2881669 0.1573080
vn -0.9413026 -0.3225619 0.0995140
vn -0.9515801 -0.3054640 0.0344540
vn -0.9583138 -0.2636510 -0.1101030
vn -0.7980063 -0.5373132 -0.2729111
vn -0.8336878 -0.4196769 -0.3589369
vn -0.7093750 -0.6092110 -0.3544700
vn -0.9445294 -0.3083701 -0.1130140
vn -0.9498863 -0.2629690 -0.1690070
vn -0.8947778 -0.1812319 -0.4080779
vn -0.9561808 -0.1701000 -0.2382940
vn -0.9772313 -0.2085950 -0.0388220
vn -0.9920185 -0.1253949 0.0132430
vn -0.9630266 -0.2298169 0.1405839
vn -0.7478289 -0.6529459 0.1200560
vn -0.9907987 -0.1349339 0.0105110
vn -0.9872056 0.0703270 -0.1431049
vn -0.9931596 0.0912050 -0.0729080
vn -0.9355143 -0.2429731 0.2564701
vn -0.9612321 0.2035770 -0.1859820
vn -0.9406341 -0.2237750 0.2552100
vn -0.9735535 -0.2176061 -0.0695790
vn -0.5155581 -0.5451491 -0.6610690
vn -0.6436051 -0.7532161 -0.1357860
vn -0.5962359 -0.8013059 -0.0491080
vn -0.5852790 -0.6328281 -0.5069290
vn -0.8659720 -0.4910980 0.0944200
vn -0.5216498 -0.8367066 0.1667429
vn -0.6808609 -0.6721409 0.2909549
vn -0.4318489 -0.6876858 -0.5836048
vn -0.6646799 -0.6081949 -0.4339349
vn -0.2777849 -0.5934508 -0.7554148
vn -0.2917358 -0.6773556 -0.6753366
vn -0.0736790 -0.7009583 -0.7093862
vn -0.5747391 -0.4793781 -0.6632282
vn -0.0953260 -0.8377050 -0.5377390
vn -0.8710698 -0.4430049 0.2120939
vn -0.0733440 -0.6576679 -0.7497289
vn -0.9988012 -0.0461720 0.0162540
vn -0.8638703 -0.3535631 0.3587771
vn -0.9996571 -0.0051740 0.0256710
vn -0.9988821 0.0288380 0.0374560
vn -0.7949841 -0.4952500 0.3503250
vn -0.9304144 -0.3451232 0.1233651
vn -0.9651462 -0.2605520 -0.0246020
vn -0.8853438 -0.4272719 0.1833169
vn -0.6784062 -0.7126172 0.1787231
vn -0.9985231 -0.0112910 -0.0531420
vn -0.9964817 0.0286880 0.0787460
vn -0.9974223 0.0223660 0.0681790
vn -0.9116700 -0.0379260 0.4091690
vn -0.8397726 -0.2041039 0.5031137
vn -0.9830273 -0.1585281 0.0923370
vn -0.8557277 -0.2629339 0.4456409
vn -0.8956381 -0.0044710 0.4447611
vn -0.9479125 -0.1960501 0.2510501
vn -0.8050866 0.1449099 0.5751837
vn -0.7547406 -0.0908960 0.6496956
vn -0.9405577 -0.1742650 0.2915179
vn -0.9993523 -0.0080000 0.0350810
vn -0.9988930 -0.0147080 0.0446800
vn -0.9593516 -0.2572249 0.1161020
vn -0.9562877 -0.2628369 0.1281810
vn -0.9982686 0.0022750 0.0587750
vn -0.9950699 0.0074010 -0.0988990
vn -0.9600329 0.2784210 -0.0286080
vn -0.9911047 0.0062090 -0.1329390
vn -0.9537256 0.2620039 -0.1475169
vn -0.7844161 0.6189740 -0.0395300
vn -0.6978514 0.7159214 -0.0214460
vn -0.4369168 0.8963307 -0.0754650
vn -0.3967649 0.8867838 0.2370480
vn -0.6363539 0.5797158 0.5089038
vn -0.2525961 0.9662322 -0.0508960
vn -0.3621849 0.8613536 0.3562188
vn -0.4400709 0.4350889 0.7855158
vn -0.6987659 0.7146089 0.0325610
vn -0.9570356 0.2898509 0.0083160
vn -0.9999573 0.0069020 -0.0061540
vn -0.9647182 -0.2464661 0.0925920
vn -0.9459308 -0.3051119 0.1100970
vn -0.9996309 -0.0148460 0.0227490
vn -0.9982210 -0.0458430 -0.0381210
vn -0.9992855 -0.0079690 -0.0369440
vn -0.9994994 -0.0202200 0.0243320
vn -0.9998161 -0.0147540 0.0122470
vn -0.9999016 0.0133290 -0.0043610
vn -0.9728404 -0.2307981 -0.0177190
vn -0.9541450 -0.2991430 0.0109920
vn -0.9928827 -0.0405550 -0.1119780
vn -0.9912448 0.0301180 -0.1285550
vn -0.9924253 0.0889530 -0.0847310
vn -0.9967895 0.0773270 -0.0207650
vn -0.9996950 -0.0122650 0.0214330
vn -0.9854777 0.0356120 -0.1660279
vn -0.9765762 0.1218280 -0.1773610
vn -0.9967171 -0.0724210 0.0361970
vn -0.9992905 0.0099080 -0.0363370
vn -0.9942042 -0.0826340 0.0687720
vn -0.9907595 0.0297020 -0.1323379
vn -0.9897301 -0.0330030 -0.1390860
vn -0.9604351 -0.2581030 -0.1046290
vn -0.9435121 -0.3213090 -0.0809030
vn -0.9894697 0.0142550 -0.1440360
vn -0.9913980 0.0131420 -0.1302200
vn -0.9966777 0.0049560 -0.0812940
vn -0.9951688 -0.0155880 -0.0969320
vn -0.9285618 0.3647519 -0.0687660
vn -0.6962089 0.7177949 -0.0079650
vn -0.8536196 0.5208508 0.0069080
vn -0.9976408 0.0661530 0.0183400
vn -0.7545193 0.6541333 -0.0530130
vn -0.8958641 0.4439641 -0.0179820
vn -0.5123882 0.8587144 0.0082400
vn -0.9986120 0.0486460 -0.0201880
vn -0.5173492 0.8545464 -0.0458270
vn -0.3495411 0.9360712 -0.0398960
vn -0.9901836 0.1391599 0.0130640
vn -0.9897500 0.1427290 0.0048210
vn -0.9365226 0.3444678 0.0653220
vn -0.9911734 0.1325709 0.0000730
vn -0.9909115 0.1319809 0.0259830
vn -0.9925205 0.1216029 0.0107570
vn -0.9958305 -0.0741250 0.0531710
vn -0.9740228 -0.2104570 0.0835900
vn -0.9156545 0.3969518 0.0632920
vn -0.8355491 0.5488811 0.0242330
vn -0.6182980 0.7856450 0.0216640
vn -0.9724123 0.2237151 -0.0660740
vn -0.9935465 0.1085730 -0.0328220
vn -0.9391080 0.3153260 0.1365490
vn -0.8113823 0.5100502 0.2854951
vn -0.8275060 0.5592790 0.0494040
vn -0.7948533 0.6065682 -0.0168320
vn -0.8191084 0.5733026 -0.0196310
vn -0.8676631 0.4970981 -0.0073540
vn -0.9537030 0.3007280 -0.0036290
vn -0.9722197 0.2287159 0.0497760
vn -0.9485705 0.2922719 0.1216179
vn -0.8789478 0.4336059 0.1985860
vn -0.7918400 0.5932829 0.1449300
vn -0.9127763 0.4063891 -0.0410760
vn -0.9175300 0.3677770 0.1512570
vn -0.8869526 0.4590648 -0.0507370
vn -0.8789358 0.4740109 -0.0527770
vn -0.8787006 0.4744433 -0.0528100
vn -0.8766475 0.4806507 -0.0215350
vn -0.8700848 0.4910109 -0.0431330
vn -0.7581352 0.6519282 -0.0148540
vn -0.4816003 0.8757375 -0.0338380
vn -0.7000249 0.7126759 0.0453650
vn -0.6954552 0.7096892 -0.1126200
vn -0.8645603 0.4972472 -0.0726680
vn -0.9828506 0.1744359 -0.0598040
vn -0.9948287 0.0627790 -0.0798400
vn -0.6249698 0.7627658 -0.1661350
vn -0.8132191 0.5687351 -0.1233490
vn -0.0494190 -0.8938218 -0.4456909
vn -0.0351630 -0.9034678 -0.4272109
vn -0.0804920 -0.9056422 -0.4163331
vn -0.1382000 -0.9043418 -0.4038149
vn -0.0121510 -0.5911627 0.8064606
vn -0.8838068 -0.4654678 -0.0471710
vn -0.3599108 -0.5644187 0.7428967
vn -0.8934798 -0.4366749 -0.1049220
vn -0.7487490 -0.5803310 0.3202980
vn -0.6409738 -0.5156528 0.5685548
vn -0.8542029 -0.3915530 0.3420870
vn -0.7888378 -0.3145379 0.5280158
vn -0.9580816 -0.2714169 -0.0917190
vn -0.9846155 -0.1357511 0.1100181
vn -0.6962922 -0.1409930 -0.7037742
vn -0.9123840 -0.0833620 -0.4007570
vn -0.6877665 -0.0333480 -0.7251655
vn -0.9624046 -0.0020240 -0.2716119
vn -0.9987845 -0.0113800 -0.0479570
vn -0.9283827 -0.3683589 -0.0491640
vn -0.9746622 0.0171020 -0.2230271
vn -0.9690626 0.0083990 0.2466719
vn -0.9932748 0.0088230 0.1154430
vn -0.9979857 0.0235040 -0.0589220
vn -0.9947498 0.0998470 -0.0224290
vn -0.9898013 0.1055100 -0.0957130
vn -0.9053207 0.1058080 0.4113379
vn -0.2786609 -0.5674458 -0.7748247
vn -0.3528278 -0.4127018 -0.8397557
vn -0.9247754 -0.2080471 0.3186012
vn -0.9754182 -0.0235190 0.2191031
vn -0.9721965 -0.0175890 0.2335049
vn -0.9789796 -0.0057070 0.2038779
vn -0.9464259 -0.1779810 0.2694450
vn -0.9816626 -0.0031700 0.1905999
vn -0.9814530 -0.0033840 0.1916730
vn -0.9724158 -0.0101450 0.2330330
vn -0.9756816 0.0076950 0.2190569
vn -0.9059122 -0.1528180 0.3949301
vn -0.8478616 -0.2366159 0.4744928
vn -0.8781096 -0.3522198 0.3238279
vn -0.9264677 0.3413409 0.1585680
vn -0.9306184 0.3127011 0.1901771
vn -0.9981831 0.0000000 0.0602530
vn -0.9933234 0.0000000 0.1153619
vn -0.9220552 0.2721370 0.2752371
vn -0.9747507 -0.0209460 0.2223109
vn -0.9279741 0.2303720 0.2929040
vn -0.8063120 0.4772020 0.3494840
vn -0.8610556 0.3985098 0.3158688
vn -0.7752075 0.5294693 0.3445512
vn -0.6608048 0.6655288 0.3469989
vn -0.5082868 0.7811278 0.3626069
vn -0.6171979 0.7352219 0.2802059
vn -0.4314457 0.8509265 0.2996308
vn -0.6277810 0.7384501 0.2461350
vn -0.2637611 0.9426265 0.2046591
vn -0.5491628 0.5298428 -0.6462868
vn -0.2279749 0.9635356 0.1400939
vn -0.4073102 0.0694240 -0.9106474
vn -0.4920008 0.0881270 -0.8661228
vn -0.4087971 0.0000000 -0.9126253
vn -0.4941950 0.0000000 -0.8693510
vn -0.8008804 0.0000000 -0.5988243
vn -0.8142222 0.0541420 -0.5780231
vn -0.9561884 0.0409920 -0.2898681
vn -0.9978005 0.0054270 -0.0660670
vn -0.9473472 0.0000000 -0.3202081
vn -0.8435212 0.0394480 0.5356451
vn -0.9860761 0.0593340 0.1553490
vn -0.9042975 0.2282169 0.3607808
vn -0.9813735 0.0000000 0.1921089
vn -0.8406305 0.0000000 0.5416087
vn -0.4116741 0.0000000 0.9113311
vn -0.4060198 0.0505020 0.9124677
vn -0.2271719 0.0000000 0.9738546
vn -0.2187621 0.0491770 0.9745383
vn -0.4400841 0.0921760 0.8932131
vn 0.0119970 -0.9995848 0.0261930
vn 0.0207030 -0.9996614 0.0157600
vn 0.0170120 -0.9998165 0.0087910
vn 0.0258990 -0.9996412 0.0068270
vn 0.0032710 -0.9999906 -0.0028120
vn 0.0000000 -0.5438653 0.8391725
vn 0.0000000 -0.5496850 0.8353720
vn 0.0400060 -0.5411068 0.8400016
vn 0.0482790 -0.5398180 0.8403961
vn 0.0946729 -0.5318776 0.8415124
vn -0.9999999 0.0000000 0.0000020
vn -0.9999999 -0.0000040 0.0000100
vn -0.9999999 -0.0000280 0.0001150
vn -0.9999999 -0.0000190 0.0000130
vn -0.9999999 -0.0000100 0.0000920
vn -0.9999999 0.0000070 0.0000670
vn -0.9999999 0.0000090 0.0000100
vn -0.9999999 0.0000090 0.0000040
vn -0.9999826 -0.0058440 0.0006560
vn -0.9999999 0.0001200 0.0001520
vn -0.9999997 0.0006070 0.0001140
vn -0.9999998 0.0004370 0.0002240
vn -0.9999996 -0.0000300 0.0007760
vn -0.9999988 -0.0006900 0.0013130
vn -0.9995223 0.0203870 -0.0232280
vn -0.9999803 0.0042940 0.0045700
vn -0.9996905 -0.0092230 0.0231060
vn -0.9992036 0.0000000 0.0398990
vn -0.9999999 -0.0000140 -0.0000170
vn -0.9999999 -0.0000030 -0.0000080
vn -0.9999999 -0.0000060 -0.0002280
vn -0.9999999 0.0000120 0.0000060
vn -0.9999999 0.0000000 -0.0000000
vn -0.9456544 -0.1505189 -0.2882388
vn -0.9895261 -0.1432010 0.0182080
vn -0.9895135 -0.1433119 0.0180160
vn -0.9456484 -0.1505191 -0.2882591
vn -0.5622497 -0.1251649 -0.8174405
vn -0.5957211 -0.1504380 -0.7889771
vn -0.0057750 -0.1110470 -0.9937984
vn 0.0636350 -0.0819170 -0.9946055
vn 0.5642838 -0.1100460 -0.8182136
vn 0.5891097 -0.1039839 -0.8013344
vn 0.9402834 -0.1142979 -0.3206288
vn 0.9453660 -0.1144180 -0.3052730
vn 0.9481127 -0.1036240 0.3005729
vn 0.9499400 -0.0963890 0.2971920
vn 0.5947465 -0.0732889 0.8005654
vn 0.5923758 -0.0657310 0.8029758
vn 0.0826420 -0.0758200 0.9936908
vn 0.0111880 -0.0343630 0.9993467
vn -0.5395211 -0.1091960 0.8348612
vn -0.4889537 -0.1498769 0.8593375
vn -0.7898436 -0.1432809 0.5963368
vn -0.7897973 -0.1432310 0.5964102
vn 0.0000000 0.1788479 -0.9838766
vn 0.0000000 -0.2521089 -0.9676987
vn 0.0000000 0.0000000 -0.9999999
vn 0.0000000 0.0000000 -0.9999999
vn 0.0000000 0.1058390 -0.9943832
vn 0.0000000 0.0000000 -0.9999999
vn 0.0000000 0.1058350 -0.9943836
vn 0.0000000 0.1788560 -0.9838752
vn 0.0000000 -0.3817299 -0.9242738
vn 0.0000000 -0.9234838 -0.3836370
vn 0.0000000 -0.9234838 -0.3836370
vn 0.0000000 -0.9999999 -0.0000000
vn 0.0000000 -0.9999999 -0.0000000
vn -0.1564461 0.0000000 -0.9876865
vn 0.0000000 0.0000000 -0.9999999
vn 0.0000000 0.0000000 -0.9999999
vn 0.0000000 0.0000000 -0.9999999
vn 0.0000000 0.0000000 -0.9999999
vn 0.0000000 0.0000000 -0.9999999
vn -0.5877799 0.0000000 0.8090209
vn -0.5877799 0.0000000 0.8090209
vn -0.9510522 0.0000000 0.3090301
vn -0.9510522 0.0000000 0.3090301
vn -0.9510518 0.0000000 -0.3090310
vn -0.9510518 0.0000000 -0.3090310
vn -0.5877833 0.0000000 -0.8090184
vn -0.5877827 0.0000000 -0.8090187
vn -0.1564461 0.0000000 -0.9876865
vn 0.0000000 0.0000000 -0.9999999
vn 0.3090391 0.0000000 -0.9510493
vn 0.3090400 0.0000000 -0.9510490
vn 0.5877827 0.0000000 -0.8090187
vn 0.5877821 0.0000000 -0.8090192
vn 0.9510518 0.0000000 -0.3090310
vn 0.9510518 0.0000000 -0.3090310
vn 0.9510518 0.0000000 0.3090310
vn 0.9510518 0.0000000 0.3090310
vn 0.5877793 0.0000000 0.8090214
vn 0.5877793 0.0000000 0.8090214
vn 0.1564420 0.0000000 0.9876871
vn 0.1564420 0.0000000 0.9876871
vn 0.0000000 0.0000000 0.9999999
vn 0.0000000 0.0000000 0.9999999
vn 0.0000000 0.0000000 0.9999999
vn 0.0000000 0.0000000 0.9999999
vn -0.1564420 0.0000000 0.9876871
vn -0.1564420 0.0000000 0.9876871
vn 0.0000000 0.0000000 0.9999999
vn 0.0000000 0.0000000 0.9999999
vn 0.0000050 0.1055551 0.9944135
vn -0.0000050 0.1055551 0.9944135
vn 0.5641570 0.4698760 0.6789280
vn 0.6640980 0.4002410 0.6314910
vn 0.7526559 0.3238070 0.5732870
vn 0.7526621 0.3238120 0.5732760
vn 0.8899246 0.1557419 0.4286938
vn 0.8899269 0.1557370 0.4286909
vn 0.9667752 -0.0233190 0.2545621
vn 0.9667747 -0.0233260 0.2545629
vn 0.9776056 -0.2007729 0.0630660
vn 0.9776057 -0.2007719 0.0630680
vn 0.9218434 -0.3642452 -0.1324011
vn 0.9218422 -0.3642451 -0.1324100
vn 0.8031936 -0.5030668 -0.3190669
vn 0.8031870 -0.5030640 -0.3190880
vn 0.6299122 -0.6074911 -0.4839061
vn 0.6299192 -0.6074862 -0.4839032
vn 0.4137110 -0.6705930 -0.6157500
vn 0.4137399 -0.6706139 -0.6157079
vn 0.2938899 -0.6852387 -0.6663907
vn 0.2939159 -0.6852789 -0.6663379
vn -0.1692579 0.6880367 0.7056607
vn -0.1692370 0.6880509 0.7056519
vn 0.0868850 0.6586108 0.7474508
vn 0.0868610 0.6586139 0.7474509
vn 0.3370248 0.5841757 0.7383446
vn 0.3369890 0.5841619 0.7383720
vn 0.3857591 0.8913212 -0.2381941
vn 0.1915759 0.7252876 -0.6612536
vn 0.1915751 0.7253064 -0.6612334
vn 0.1916559 0.7252856 -0.6612327
vn 0.1916059 0.7252797 -0.6612537
vn 0.1916099 0.7253096 -0.6612197
vn 0.1915660 0.7253639 -0.6611729
vn 0.1915709 0.7253098 -0.6612308
vn 0.1915719 0.7252886 -0.6612536
vn 0.1916049 0.7253237 -0.6612057
vn 0.1915540 0.7253159 -0.6612290
vn 0.1915210 0.7252890 -0.6612681
vn 0.1915850 0.7252969 -0.6612409
vn 0.1915889 0.7252987 -0.6612377
vn 0.1915530 0.7253099 -0.6612359
vn -0.0493980 0.3820991 -0.9228001
vn 0.1915709 0.7252998 -0.6612418
vn 0.1915670 0.7252960 -0.6612470
vn 0.1915740 0.7252970 -0.6612440
vn 0.1915629 0.7252746 -0.6612716
vn 0.1916019 0.7253007 -0.6612317
vn 0.1916101 0.7253484 -0.6611773
vn 0.1915709 0.7253197 -0.6612198
vn 0.1915659 0.7253166 -0.6612247
vn 0.1914900 0.7253182 -0.6612452
vn -0.3892219 -0.5623429 -0.7295729
vn -0.3372329 -0.5840468 -0.7383517
vn -0.5642510 -0.4698630 -0.6788590
vn -0.2137901 -0.6266903 -0.7493684
vn -0.2137901 -0.6266903 -0.7493684
vn -0.0866720 -0.6586457 -0.7474447
vn 0.0415930 -0.6792009 -0.7327729
vn 0.0415890 -0.6791912 -0.7327822
vn 0.0415810 -0.6791758 -0.7327968
vn -0.6642449 -0.4001850 -0.6313719
vn -0.7526197 -0.3238789 -0.5732938
vn -0.7526193 -0.3238671 -0.5733012
vn -0.8899940 -0.1556290 -0.4285910
vn -0.8899958 -0.1556210 -0.4285899
vn -0.9668178 0.0234830 -0.2543849
vn -0.9668174 0.0234760 -0.2543868
vn -0.9776239 0.2006370 -0.0632150
vn -0.9776263 0.2006239 -0.0632190
vn -0.9218835 0.3641668 0.1323369
vn -0.9218888 0.3641520 0.1323410
vn -0.8032279 0.5030019 0.3190829
vn -0.8032271 0.5030020 0.3190850
vn -0.6298729 0.6075119 0.4839310
vn -0.6298612 0.6075233 0.4839322
vn -0.4136859 0.6706059 0.6157529
vn -0.4136748 0.6706127 0.6157528
vn -0.9999999 0.0000000 -0.0000000
vn -0.9999999 0.0000000 -0.0000000
vn -0.9999999 0.0000000 -0.0000000
vn -0.9999999 0.0000000 -0.0000000
vn -0.9999999 0.0000000 -0.0000000
vn -0.9999999 0.0000000 -0.0000000
vn -0.9999999 0.0000000 -0.0000000
vn -0.9999999 0.0000000 -0.0000000
vn -0.9999999 0.0000000 -0.0000000
vn -0.9999999 0.0000000 -0.0000000
vn 0.2770981 0.0956750 0.9560664
vn 0.6261048 0.2961479 0.7213107
vn 0.7322558 0.3225619 0.5997958
vn 0.3414179 0.1860050 0.9213228
vn 0.1908789 -0.0888020 0.9775885
vn 0.1649031 -0.1252300 0.9783273
vn 0.0536580 -0.2482570 0.9672068
vn 0.0411350 -0.2875199 0.9568908
vn 0.0000000 -0.4699318 0.8827026
vn 0.0000000 -0.5117069 0.8591599
vn -0.0411350 -0.2875139 0.9568926
vn -0.0536580 -0.2482530 0.9672078
vn -0.1908789 -0.0888010 0.9775886
vn -0.1649030 -0.1252270 0.9783277
vn -0.2261560 0.0711670 0.9714878
vn -0.3414191 0.1860060 0.9213222
vn -0.3850682 0.2261661 0.8947465
vn 0.9998161 -0.0147540 0.0122470
vn 0.9994994 -0.0202200 0.0243320
vn 0.9992855 -0.0079690 -0.0369440
vn 0.9854776 0.0356120 -0.1660289
vn 0.9992905 0.0099090 -0.0363350
vn 0.9973748 -0.0601690 -0.0402860
vn 0.9946747 -0.0297450 -0.0986780
vn 0.9996950 -0.0122650 0.0214330
vn 0.9999016 0.0133290 -0.0043620
vn 0.9924253 0.0889530 -0.0847310
vn 0.9912193 0.0305140 -0.1286590
vn 0.9967895 0.0773270 -0.0207650
vn 0.9967171 -0.0724210 0.0361960
vn 0.9942045 -0.0826340 0.0687670
vn 0.9921691 -0.1049500 0.0677180
vn 0.8554121 -0.2009720 0.4773681
vn 0.9003991 -0.3254010 0.2887830
vn 0.9889547 0.0799350 -0.1248150
vn 0.9870585 0.1445239 -0.0694860
vn 0.9999887 0.0010060 -0.0046330
vn 0.9878070 0.1550520 0.0140070
vn 0.9857628 0.1405180 0.0923370
vn 0.9911848 0.0589010 0.1186720
vn 0.9610648 0.0349940 -0.2740979
vn 0.9756479 0.1206410 -0.1831850
vn 0.9996365 -0.0030960 0.0267800
vn 0.9989388 0.0000000 -0.0460550
vn 0.9940273 -0.0244810 -0.1063500
vn 0.9903491 0.0271420 -0.1359110
vn 0.9908286 0.0317290 -0.1313459
vn 0.9976626 -0.0680780 -0.0058780
vn 0.9974641 0.0041920 0.0710480
vn 0.9896712 -0.0065490 -0.1432060
vn 0.9891638 -0.0951220 -0.1118330
vn 0.9882507 -0.1440120 -0.0511950
vn 0.9983773 0.0507890 0.0257470
vn 0.9549193 0.2279271 -0.1902061
vn 0.9917713 -0.1177440 0.0502580
vn 0.9889566 -0.0750210 0.1278149
vn 0.9867110 -0.0112200 0.1620970
vn 0.9182707 0.2038439 -0.3394499
vn 0.7933478 0.4458279 -0.4145319
vn 0.7581649 0.3079709 0.5747519
vn 0.6635346 -0.0593390 0.7457885
vn 0.3721519 0.0586380 0.9263176
vn 0.6298239 -0.0730640 0.7732939
vn 0.3411311 0.0816010 0.9364672
vn 0.8055132 0.2731601 0.5258631
vn 0.2457471 0.6088091 0.7542942
vn 0.8181530 0.3624530 0.4463780
vn 0.8872105 -0.0112770 0.4612268
vn 0.8290759 0.0907390 0.5517240
vn 0.8956381 -0.0044710 0.4447611
vn 0.9478536 -0.1958801 0.2514051
vn 0.9405574 -0.1742649 0.2915188
vn 0.9947828 0.0983170 -0.0272150
vn 0.9993042 0.0321610 -0.0188890
vn 0.9992260 0.0353120 -0.0173330
vn 0.9996167 -0.0100600 -0.0257920
vn 0.9996902 -0.0115250 -0.0220580
vn 0.9995085 -0.0085160 -0.0301710
vn 0.9993564 -0.0059550 -0.0353710
vn 0.1419140 0.5790458 -0.8028488
vn 0.7759814 0.6248583 -0.0860520
vn 0.1390300 0.9441498 -0.2987500
vn 0.0985590 0.9862465 -0.1326801
vn 0.0639970 0.9910645 0.1170269
vn 0.0264350 0.9848217 0.1715440
vn 0.0151700 0.9985014 0.0525810
vn 0.0151650 0.9996257 0.0227690
vn 0.0125870 0.9986778 -0.0498400
vn 0.0137030 0.9986596 -0.0499100
vn 0.0115300 0.9987577 -0.0484760
vn 0.0126350 0.9987111 -0.0491580
vn 0.0226060 0.9994704 -0.0234100
vn 0.0184030 0.9997795 0.0101070
vn 0.2543558 0.9664735 0.0350990
vn 0.0189880 0.9907111 0.1346510
vn 0.0419270 0.9750497 0.2179909
vn 0.0298930 0.9553716 0.2938899
vn 0.0456550 0.8910562 0.4515911
vn 0.0267570 0.8371242 0.5463581
vn 0.0417450 0.8188984 0.5724183
vn 0.0319410 0.7367789 0.6753789
vn 0.9096369 0.3336030 0.2475270
vn 0.9017951 0.3269380 0.2826250
vn 0.9074808 0.3412129 0.2450550
vn 0.9105752 0.3374581 0.2386941
vn 0.9354368 0.3432169 0.0846160
vn 0.9368452 0.3371391 0.0930500
vn 0.9439820 0.3294030 -0.0197870
vn 0.9446261 0.3267350 -0.0304270
vn 0.9410576 0.3372199 -0.0263260
vn 0.9310286 0.3634818 -0.0326560
vn 0.9317724 0.3613141 -0.0353890
vn 0.9165357 0.3916239 -0.0811960
vn 0.9999999 0.0000000 -0.0000010
vn 0.9939378 0.1061250 0.0287190
vn 0.9933732 0.0069980 0.1147200
vn 0.9652948 0.2611459 -0.0029020
vn 0.9571901 0.2853410 -0.0486570
vn 0.9541867 0.2989339 -0.0128850
vn 0.0025210 0.9986381 -0.0521110
vn -0.0078040 0.9997928 -0.0187950
vn 0.0331640 0.9993954 -0.0104410
vn 0.0000000 0.9999898 -0.0044950
vn 0.0000890 0.9999902 -0.0044140
vn -0.0039340 0.9999875 -0.0030970
vn 0.0040250 0.9999707 -0.0065090
vn 0.0290750 0.9995376 0.0088910
vn 0.0232410 0.9996776 0.0102190
vn 0.9999998 -0.0003670 -0.0003710
vn 0.9999956 -0.0012010 -0.0026680
vn 0.9999507 0.0016450 -0.0097860
vn 0.9995025 -0.0139470 -0.0282890
vn 0.9953455 -0.0480180 -0.0835550
vn 0.9999999 0.0000000 -0.0000020
vn 0.9999999 0.0000000 -0.0000010
vn 0.9999999 0.0000000 0.0000010
vn 0.9999999 0.0000000 -0.0000000
vn 0.9999999 0.0000000 -0.0000000
vn 0.9999999 0.0000000 -0.0000000
vn 0.9999999 0.0000000 0.0000010
vn 0.9999996 0.0004150 -0.0006620
vn 0.9998108 0.0194460 -0.0000000
vn 0.0000000 -0.8636691 0.5040591
vn 0.0059910 -0.9824541 0.1864080
vn 0.0279910 -0.5254957 0.8503355
vn 0.0241240 -0.5704488 0.8209786
vn 0.0356650 -0.0954600 0.9947941
vn 0.0523510 -0.0529310 0.9972249
vn 0.0119000 -0.8785272 -0.4775441
vn 0.0492800 -0.8767052 -0.4784971
vn 0.0300490 -0.8846364 -0.4653122
vn 0.0470160 -0.8728328 -0.4857489
vn 0.0096640 -0.9075221 -0.4198931
vn 0.0000000 -0.9096223 -0.4154361
vn 0.0000000 -0.9790027 -0.2038469
vn 0.0000000 -0.9791891 -0.2029500
vn 0.0000000 -0.9955474 -0.0942630
vn -0.0663550 -0.9798341 0.1884730
vn -0.0813840 -0.9727231 0.2172240
vn -0.0552590 -0.9660926 0.2522129
vn -0.0338560 -0.9505846 0.3086139
vn -0.0745480 -0.8352966 0.5447218
vn -0.0751050 -0.7704458 0.6330658
vn -0.1080560 -0.5954731 0.7960752
vn -0.1123440 -0.6263379 0.7714139
vn -0.0479070 -0.9916294 0.1199000
vn -0.0476350 -0.9902282 0.1310680
vn -0.0471740 -0.9904317 0.1296900
vn -0.0616480 -0.9886087 0.1373030
vn -0.0409900 -0.9988167 0.0261690
vn -0.0370960 -0.9978334 0.0543370
vn -0.0654490 -0.9485232 -0.3098710
vn -0.0634770 -0.9421102 -0.3292401
vn -0.0670660 -0.8105629 -0.5817989
vn -0.0850670 -0.1012289 -0.9912195
vn -0.1419139 0.5790128 -0.8028727
vn -0.0865650 0.0291730 -0.9958190
vn -0.0953900 -0.2338679 -0.9675776
vn -0.0794650 -0.5566869 -0.8269129
vn -0.0895950 -0.5911649 -0.8015589
vn -0.0264360 0.9848217 0.1715440
vn -0.0162410 0.9995777 0.0240940
vn -0.0209330 0.9909075 0.1329059
vn -0.0639970 0.9910645 0.1170269
vn -0.0985580 0.9862471 -0.1326760
vn -0.1390300 0.9441502 -0.2987491
vn -0.7759999 0.6248419 -0.0860040
vn -0.0061960 0.9988433 -0.0476830
vn -0.0085090 0.9988993 -0.0461270
vn -0.0135340 0.9986094 -0.0509530
vn -0.0115290 0.9987577 -0.0484760
vn -0.0126340 0.9987111 -0.0491580
vn -0.0226070 0.9994702 -0.0234100
vn -0.0184030 0.9997795 0.0101070
vn -0.0270250 0.9969810 0.0727900
vn -0.0190020 0.9906554 0.1350590
vn -0.0277030 0.9915141 0.1270130
vn -0.0319400 0.7367789 0.6753789
vn -0.0417450 0.8188984 0.5724183
vn -0.0267570 0.8371242 0.5463581
vn -0.0456550 0.8910562 0.4515911
vn -0.0298930 0.9553716 0.2938899
vn -0.7432020 0.6619070 0.0976210
vn -0.9652948 0.2611459 -0.0029020
vn -0.9379220 0.3460670 -0.0232340
vn -0.9430152 0.3301251 -0.0417090
vn -0.9939378 0.1061250 0.0287190
vn -0.9933732 0.0069980 0.1147200
vn -0.9999999 0.0000000 -0.0000010
vn -0.9308014 0.3640712 -0.0325710
vn -0.9165357 0.3916239 -0.0811960
vn -0.9235575 0.3801148 -0.0505370
vn -0.9096357 0.3336039 0.2475299
vn -0.9017932 0.3269401 0.2826291
vn -0.9074791 0.3412150 0.2450590
vn -0.9105748 0.3374589 0.2386940
vn -0.9354365 0.3432178 0.0846160
vn -0.9368455 0.3371388 0.0930469
vn -0.9439820 0.3294030 -0.0197870
vn -0.9446261 0.3267350 -0.0304270
vn -0.9410576 0.3372199 -0.0263260
vn 0.0000000 0.9999999 -0.0000000
vn 0.0000000 0.9999999 -0.0000000
vn -0.0041960 0.9999911 -0.0003530
vn -0.0173860 0.9998480 -0.0012760
vn -0.0242920 0.9997035 -0.0016550
vn -0.0266430 0.9995781 -0.0115600
vn -0.0116310 0.9999321 -0.0007010
vn -0.0000040 0.9999999 -0.0000000
vn 0.0000020 0.9999999 -0.0000000
vn 0.0000000 0.9999999 -0.0000000
vn 0.0000000 0.9999999 -0.0000000
vn -0.0000040 0.9999999 -0.0000000
vn -0.0700390 0.9971008 -0.0297360
vn -0.0347490 0.9989094 -0.0311870
vn -0.0641580 0.9974934 -0.0298460
vn -0.0328940 0.9989854 -0.0307620
vn -0.0576090 -0.3299448 -0.9422406
vn 0.0550440 -0.2912180 -0.9550718
vn 0.0550910 -0.1697790 -0.9839410
vn -0.0554460 -0.1683631 -0.9841644
vn 0.0000000 0.2812289 -0.9596406
vn 0.0000000 0.2812271 -0.9596412
vn 0.0000000 0.2331910 -0.9724308
vn 0.0000000 0.2322849 -0.9726477
vn 0.0000000 0.1097320 -0.9939612
vn 0.0000000 0.1097320 -0.9939612
vn 0.0000000 -0.0133620 -0.9999106
vn 0.0000000 -0.0133620 -0.9999106
vn 0.0000000 -0.1883199 -0.9821076
vn -0.0231280 -0.2132981 -0.9767134
vn -0.0704560 -0.3258348 -0.9427976
vn -0.1164420 -0.1694411 -0.9786373
vn -0.1111860 0.1942380 -0.9746328
vn -0.0552760 0.2230511 -0.9732382
vn 0.0535450 0.2245650 -0.9729868
vn -0.0292740 -0.0031050 -0.9995666
vn -0.1074191 -0.1691651 -0.9797165
vn 0.0228920 0.0031620 -0.9997329
vn 0.0877680 -0.1122940 -0.9897912
vn 0.1149470 0.1811769 -0.9767097
vn 0.1135211 -0.1759841 -0.9778255
vn 0.1055920 -0.2862960 -0.9523050
vn 0.1082030 -0.4883479 -0.8659148
vn 0.0611210 -0.4464791 -0.8927041
vn 0.0109460 -0.4716318 -0.8817275
vn -0.0114530 -0.4282232 -0.9036004
vn 0.0000000 -0.4282562 -0.9036573
vn 0.0114530 -0.4282260 -0.9035990
vn -0.0123900 -0.4793321 -0.8775461
vn -0.0252070 -0.4663468 -0.8842427
vn -0.0472360 -0.4956270 -0.8672500
vn -0.2196480 -0.4128269 -0.8839278
vn -0.1204580 -0.5457721 -0.8292301
vn -0.1120390 -0.5640922 -0.8180753
vn -0.0394150 -0.6919121 -0.7209051
vn -0.1013031 -0.6983144 -0.7085864
vn -0.1270890 -0.5185001 -0.8455803
vn -0.1197460 -0.1241690 -0.9850091
vn -0.1062040 -0.3301860 -0.9379221
vn -0.1118530 -0.3225600 -0.9399170
vn -0.1234240 -0.3053381 -0.9442114
vn -0.1281191 -0.1514591 -0.9801254
vn -0.1279450 -0.1490370 -0.9805192
vn -0.1283860 -0.0131450 -0.9916371
vn -0.1281700 -0.0128330 -0.9916691
vn -0.1274220 0.1087200 -0.9858720
vn -0.1274039 0.1100159 -0.9857305
vn -0.1258200 0.1910650 -0.9734801
vn -0.1458059 0.2086309 -0.9670644
vn -0.1906089 0.2212609 -0.9564056
vn -0.1833350 0.1818830 -0.9660781
vn -0.1305889 0.1702199 -0.9767146
vn -0.0887220 0.1235241 -0.9883675
vn -0.0873480 0.2256440 -0.9702860
vn -0.0963190 0.2400411 -0.9659725
vn 0.0751070 -0.7704457 0.6330658
vn 0.1123460 -0.6263378 0.7714137
vn 0.1080560 -0.5954738 0.7960746
vn 0.0745480 -0.8352966 0.5447218
vn 0.0338570 -0.9505846 0.3086142
vn 0.0552590 -0.9660926 0.2522129
vn 0.0663660 -0.9798618 0.1883250
vn 0.0700260 -0.9827558 0.1711350
vn 0.0470110 -0.9904532 0.1295850
vn 0.0476350 -0.9902282 0.1310680
vn 0.0380350 -0.9974731 0.0600060
vn 0.0409900 -0.9988167 0.0261690
vn 0.0654500 -0.9485232 -0.3098710
vn 0.0634760 -0.9421102 -0.3292401
vn 0.0670690 -0.8105624 -0.5817993
vn 0.0850670 -0.1012260 -0.9912198
vn 0.0865660 0.0291730 -0.9958188
vn 0.0953900 -0.2338710 -0.9675768
vn 0.0794650 -0.5566839 -0.8269149
vn 0.0895940 -0.5911690 -0.8015560
vn 0.9473837 0.3200999 -0.0000000
vn 0.9473831 0.3201020 -0.0000000
vn 0.9473831 0.3201020 -0.0000000
vn 0.9473831 0.3201020 -0.0000000
vn 0.9473831 0.3201020 -0.0000000
vn 0.5579988 0.3913009 0.7317927
vn 0.2771469 0.4082388 0.8697876
vn 0.2834760 0.4445780 0.8497009
vn -0.0243490 0.4455679 0.8949168
vn -0.0374430 0.3357799 0.9411958
vn -0.0235460 0.2875000 0.9574911
vn -0.0501240 -0.0759970 0.9958473
vn -0.0074880 0.2344180 0.9721070
vn -0.0006450 -0.0792650 0.9968534
vn -0.1185080 -0.0503700 0.9916746
vn 0.0094660 0.2447770 0.9695331
vn -0.2410600 0.0141520 0.9704069
vn -0.0365290 0.2673579 0.9629046
vn -0.2917751 0.1144880 0.9496104
vn -0.3235399 0.2309220 0.9176039
vn -0.3203198 0.3946488 0.8611895
vn -0.2681861 0.3832881 0.8838362
vn 0.0222440 0.4007251 0.9159282
vn 0.3166719 0.3826759 0.8679158
vn 0.5828658 0.3301429 0.7424777
vn -0.0139330 -0.0620170 0.9979778
vn 0.0503250 0.2176669 0.9747247
vn -0.0000140 0.2342949 0.9721655
vn 0.0224400 0.5095991 0.8601193
vn 0.1324519 0.5216997 0.8427845
vn 0.1736939 0.4791888 0.8603536
vn 0.2702909 0.4189568 0.8668436
vn 0.4961689 0.5154939 0.6986289
vn 0.7137681 0.5209451 0.4681361
vn 0.7740980 0.3248470 0.5433660
vn 0.7932696 0.2499529 0.5551997
vn 0.2225990 0.7069591 0.6713111
vn 0.3542639 0.8458828 0.3987219
vn -0.1734460 0.0245290 0.9845377
vn 0.0504350 0.2791950 0.9589089
vn 0.0644740 0.5061878 0.8600098
vn -0.0043980 0.5226357 0.8525445
vn 0.0146280 0.7528628 0.6580148
vn 0.0261950 0.9237525 0.3820928
vn 0.4836043 0.8662335 0.1255641
vn 0.8822927 0.4164089 0.2194609
vn 0.9238800 0.2334970 0.3031910
vn 0.9348334 0.1492021 0.3222192
vn 0.9644517 0.0845580 0.2503649
vn -0.0023570 0.2034881 0.9790746
vn 0.5760872 0.6942312 0.4314702
vn 0.6718519 0.7256189 0.1486340
vn 0.7469186 0.4865747 0.4531638
vn 0.3550111 0.8581553 0.3708591
vn 0.2733301 0.7256742 0.6314172
vn 0.1020140 0.9081672 0.4059871
vn 0.0832150 0.7443008 0.6626398
vn 0.1613051 0.5126762 0.8432934
vn 0.2226141 0.4217861 0.8789423
vn 0.0407850 0.2841090 0.9579241
vn -0.3226480 0.2387310 0.9159180
vn -0.6230261 0.0695250 0.7791051
vn -0.3904071 0.3434710 0.8541721
vn -0.6618289 0.2435800 0.7089790
vn 0.4233422 0.5928903 0.6850273
vn -0.8283252 -0.0555880 0.5574831
vn 0.5519986 0.4617446 0.6943265
vn 0.2853809 0.3863309 0.8771008
vn 0.2616311 0.3459181 0.9010493
vn 0.5540029 0.3280270 0.7651659
vn 0.4991071 0.4026141 0.7673291
vn 0.7815571 0.2863870 0.5542120
vn -0.0820690 0.3954511 0.9148132
vn -0.0570980 0.3440769 0.9372037
vn 0.2407598 0.3914037 0.8881653
vn 0.1200200 0.5198260 0.8457990
vn 0.2720201 0.6454322 0.7137383
vn 0.0806070 0.5376208 0.8393248
vn -0.1680001 0.4175091 0.8930073
vn -0.2138810 0.3750179 0.9020068
vn -0.4594863 0.1661731 0.8725016
vn -0.2175680 0.2244681 0.9498832
vn -0.3639428 -0.0698610 0.9287975
vn -0.0598740 0.4854202 0.8722283
vn -0.5336372 -0.5508322 0.6417282
vn -0.4700922 -0.3352991 0.8164483
vn -0.1441040 -0.4318171 0.8903753
vn -0.1082829 -0.1391409 0.9843345
vn -0.0655370 0.1725589 0.9828165
vn -0.0287740 0.4726379 0.8807868
vn 0.0285000 0.7002659 0.7133129
vn 0.1678330 0.8779557 0.4483589
vn 0.5310102 0.7051544 0.4698782
vn 0.7539963 0.3566671 0.5516142
vn 0.9304785 0.2177949 0.2945758
vn 0.8637791 0.4689400 0.1843390
vn 0.6851089 0.6002639 -0.4126849
vn 0.7081457 0.6921728 -0.1393780
vn 0.4190861 0.8888751 -0.1851160
vn 0.9065682 0.4123911 -0.0898200
vn 0.9915090 0.1297280 0.0089660
vn 0.9186277 0.2543289 0.3023899
vn 0.7381529 0.6377679 0.2199600
vn 0.2746421 0.9490002 0.1548230
vn -0.0019330 0.9917448 0.1282120
vn -0.0020090 0.9035878 0.4283979
vn -0.0020540 0.7269871 0.6866481
vn -0.0020660 0.4792252 0.8776894
vn -0.0018390 0.9828267 -0.1845209
vn 0.3869111 0.9121021 -0.1355340
vn 0.8817108 0.4710478 -0.0264580
vn 0.9914987 0.1277990 0.0244470
vn 0.9613783 0.0309180 -0.2734881
vn 0.8790125 0.3238998 -0.3498938
vn 0.5756881 0.4165761 -0.7035962
vn 0.4028159 0.7989118 -0.4466309
vn 0.3209059 0.5493208 -0.7715347
vn 0.0718880 0.6445889 -0.7611420
vn 0.0712680 0.3947258 -0.9160306
vn 0.0246810 0.3861098 -0.9221225
vn -0.0018830 0.8776588 -0.4792819
vn 0.4742849 0.7799107 -0.4084029
vn 0.9178767 0.2979829 -0.2621229
vn 0.9659946 -0.0035800 -0.2585369
vn 0.8053699 -0.0967000 -0.5848319
vn 0.7088627 0.1467679 -0.6899077
vn 0.4014380 0.1974020 -0.8943600
vn 0.6007747 -0.1527379 -0.7846916
vn 0.7996319 -0.1561640 -0.5798289
vn 0.8196229 0.1084390 -0.5625470
vn 0.8071152 0.4201931 -0.4147321
vn 0.2932060 0.5563360 -0.7775091
vn -0.0019130 0.6275133 -0.7786035
vn 0.3025571 0.3588621 -0.8829933
vn 0.6553308 -0.0201990 -0.7550718
vn 0.6473859 -0.2199939 -0.7297219
vn -0.0019810 0.4283822 -0.9035954
vn 0.9985732 -0.0395930 -0.0358300
vn 0.9978388 0.0336450 0.0564410
vn 0.9354274 -0.1544811 -0.3179801
vn 0.9703208 -0.0910110 -0.2240410
vn 0.7850882 -0.2445851 -0.5690471
vn 0.7906479 -0.1574660 -0.5916759
vn 0.6182380 -0.2252510 -0.7530230
vn 0.7388512 0.0910210 -0.6676932
vn 0.5653601 0.0547630 -0.8230242
vn 0.3667240 0.4505320 -0.8139621
vn 0.2487179 0.3307519 -0.9103528
vn 0.0264850 0.5885360 -0.8080370
vn 0.1033100 0.8769098 -0.4694209
vn 0.0525360 0.7665150 -0.6400740
vn 0.5959851 -0.3153740 -0.7384720
vn 0.7264094 -0.2791252 -0.6280274
vn 0.5448868 -0.3358409 -0.7683157
vn 0.1152470 0.9758993 -0.1853071
vn 0.0263740 0.9723114 -0.2321961
vn 0.0250710 0.9962818 0.0824240
vn 0.0258420 0.8530707 -0.5211548
vn 0.0478390 0.9223464 -0.3833911
vn 0.0477580 0.8921745 -0.4491588
vn 0.4033991 0.9103881 0.0919930
vn 0.1140200 0.9868211 0.1148190
vn 0.7430547 0.6653317 -0.0721340
vn 0.9608171 0.2764410 -0.0202670
vn 0.9917955 0.1233819 0.0334430
vn 0.9675621 0.0010310 -0.2526310
vn 0.9294127 0.1930109 -0.3145449
vn 0.8744832 0.3310561 -0.3545151
vn -0.3299991 -0.4979611 -0.8019572
vn -0.8382088 -0.4154309 -0.3533029
vn -0.7178477 -0.6003147 -0.3525859
vn -0.5541806 -0.7770814 -0.2983758
vn -0.8305289 -0.5358039 0.1521050
vn -0.6452947 -0.7370017 0.2010549
vn -0.7811746 -0.4029858 0.4768317
vn -0.6147708 -0.6032038 0.5081357
vn -0.3738280 -0.7579361 0.5345891
vn -0.3974799 -0.8948838 0.2029599
vn -0.1506380 -0.8319561 0.5340011
vn -0.8646241 -0.2936830 -0.4076461
vn -0.9939342 -0.0889150 0.0647220
vn -0.9532651 -0.2757190 0.1235500
vn -0.1269160 -0.6347819 0.7621969
vn -0.0156160 -0.6517919 0.7582369
vn -0.3186859 -0.5730508 0.7550178
vn -0.5390123 -0.4433443 0.7161784
vn -0.6785277 -0.2545869 0.6890467
vn -0.8903818 -0.1407600 0.4329049
vn -0.9220436 0.0678170 0.3810988
vn -0.9951601 0.0354350 0.0916560
vn -0.9016733 -0.1734891 -0.3960891
vn -0.4304888 -0.3587458 -0.8282396
vn -0.3967078 -0.4113848 -0.8206006
vn -0.7849689 0.1913300 0.5892509
vn -0.7654912 -0.0210120 0.6431032
vn -0.7413232 0.2617930 0.6179841
vn -0.8962418 0.1703620 0.4095449
vn -0.5283881 0.3345290 0.7803181
vn -0.5792908 0.3070079 0.7550948
vn -0.5719861 0.1063320 0.8133421
vn -0.5140991 -0.0729830 0.8546202
vn -0.4108259 -0.2325159 0.8815657
vn -0.2319830 -0.3317670 0.9143929
vn -0.0920710 -0.3757849 0.9221217
vn -0.0071150 -0.3851238 0.9228375
vn -0.1098469 -0.3914267 0.9136294
vn -0.9330940 0.1420930 0.3303710
vn -0.7776096 0.2497379 0.5770217
vn -0.5454840 0.3324500 0.7693660
vn -0.2615231 0.3800322 0.8872323
vn -0.4016072 -0.2573242 0.8789175
vn 0.0480650 0.3900530 0.9195370
vn 0.3534150 0.3611280 0.8629509
vn 0.6248389 0.2957489 0.7225709
vn 0.8354778 0.2003260 0.5117089
vn 0.0887740 0.6209171 0.7788332
vn 0.0250000 0.6756914 0.7367604
vn 0.0474060 0.5853341 0.8094051
vn 0.0104250 0.6649479 0.7468169
vn 0.0431800 0.8413141 0.5388191
vn 0.0519440 0.8457869 0.5309860
vn 0.0285220 0.8970400 0.4410280
vn 0.0208370 0.8962492 0.4430611
vn -0.6910062 -0.4995632 -0.5224432
vn -0.7605866 -0.3013979 -0.5750367
vn -0.9824157 -0.1409380 -0.1224570
vn -0.9350412 -0.3469001 -0.0731990
vn -0.9714841 0.0054370 0.2370420
vn -0.9474722 -0.1890941 0.2579530
vn -0.8568312 0.1267990 0.4997621
vn -0.8638415 -0.0327660 0.5026967
vn -0.4508981 0.2781450 0.8481311
vn -0.6970345 0.1255539 0.7059595
vn -0.6489287 -0.0612990 0.7583757
vn -0.9457236 -0.1630039 0.2811339
vn -0.9571927 -0.2711839 -0.1011990
vn -0.7168162 -0.3523521 -0.6016831
vn -0.1772530 -0.3136850 -0.9328360
vn -0.2456000 -0.3937811 -0.8857861
vn -0.1080680 -0.5459299 -0.8308319
vn 0.1319921 -0.2171261 -0.9671786
vn 0.2327161 -0.4252431 -0.8746493
vn 0.0993400 -0.3789869 -0.9200546
vn 0.0880760 -0.2749101 -0.9574273
vn 0.0874400 -0.2254809 -0.9703157
vn -0.1309850 -0.3580559 -0.9244667
vn -0.5302768 -0.6680667 -0.5220088
vn -0.6838685 -0.7289075 0.0318970
vn -0.6497610 -0.6336850 0.4198260
vn -0.5551268 -0.4743818 0.6832247
vn 0.0083630 -0.1507090 -0.9885427
vn 0.0083630 -0.1507090 -0.9885427
vn -0.0217310 -0.9207091 -0.3896441
vn -0.0150220 -0.5286351 -0.8487162
vn -0.1255050 -0.9284837 -0.3495229
vn -0.0553610 -0.4414598 -0.8955715
vn -0.1802490 -0.8704020 -0.4581600
vn -0.2130250 -0.9715211 0.1037640
vn -0.1887430 -0.8551938 0.4827209
vn -0.1564879 -0.6588537 0.7358146
vn -0.0219420 -0.8542640 0.5193760
vn -0.1623731 -0.9686332 0.1881080
vn -0.0244150 -0.9877015 0.1544329
vn -0.3424811 -0.8863293 -0.3116521
vn -0.1632089 -0.5771546 -0.8001595
vn -0.0056500 -0.2814959 -0.9595457
vn 0.0093210 -0.2307640 -0.9729651
vn 0.0029680 -0.1645781 -0.9863596
vn 0.0057500 -0.3521378 -0.9359304
vn -0.0286780 -0.3855352 -0.9222474
vn -0.0738230 -0.3976350 -0.9145690
vn -0.0540840 -0.3979990 -0.9157901
vn -0.3658151 -0.3714951 -0.8533292
vn -0.8430818 -0.2163180 -0.4923609
vn -0.9997345 -0.0111740 -0.0201550
vn 0.0000000 0.6172920 -0.7867341
vn 0.0000000 0.6172948 -0.7867318
vn 0.0000000 0.6172943 -0.7867323
vn 0.0000000 0.6172920 -0.7867341
vn 0.0937500 0.2359190 -0.9672399
vn 0.0924340 0.2338061 -0.9678795
vn 0.0950190 0.2379551 -0.9666172
vn 0.0963190 0.2400411 -0.9659725
vn 0.0000000 0.8824266 -0.4704498
vn 0.0000000 0.8824266 -0.4704498
vn 0.0000000 0.8824266 -0.4704498
vn 0.0000000 0.8824266 -0.4704498
vn 0.0000010 0.9999999 -0.0000000
vn 0.0000000 0.9999999 -0.0000000
vn 0.0000000 0.9999999 -0.0000000
vn 0.0000010 0.9999999 -0.0000000
vn 0.0000000 -0.0261120 0.9996590
vn 0.0000090 0.4495720 0.8932440
vn 0.0000000 -0.0261110 0.9996590
vn 0.0000000 -0.0261110 0.9996590
vn 0.0000000 0.8165462 0.5772801
vn 0.0000000 0.8165462 0.5772801
vn 0.0000000 0.8165457 0.5772808
vn 0.0000000 -0.9999999 -0.0000000
vn 0.0000000 -0.9999999 -0.0000000
vn 0.0000000 -0.9999999 -0.0000000
vn 0.0000000 -0.9999999 -0.0000000
vn -0.0402520 0.0059000 -0.9991721
vn 0.0000000 -0.0634330 -0.9979861
vn -0.0215040 -0.0264440 -0.9994189
vn -0.0575850 0.0358820 -0.9976954
vn -0.8635563 -0.2270871 -0.4502242
vn -0.8927978 -0.1998519 -0.4036969
vn -0.7859121 -0.0336110 -0.6174241
vn -0.6929711 -0.0573080 -0.7186841
vn -0.4502529 0.1427580 -0.8814148
vn -0.3467409 0.1361500 -0.9280268
vn -0.9119591 -0.3933141 -0.1167670
vn -0.9072236 -0.3140759 0.2798239
vn -0.6991625 -0.4709593 0.5379304
vn -0.9661424 -0.1949961 0.1689541
vn -0.9867020 -0.1300250 0.0975330
vn -0.9494424 -0.1557549 0.2725789
vn -0.6598957 -0.5938647 0.4602848
vn -0.9326317 -0.1762059 0.3148799
vn -0.9542683 -0.1457070 0.2610391
vn -0.7796839 -0.5601179 0.2799299
vn -0.6114022 -0.7159783 0.3369901
vn -0.9250045 -0.2858739 0.2502849
vn -0.5420501 -0.6851811 0.4865271
vn -0.8937382 -0.2945701 0.3383201
vn -0.6031011 -0.6873721 0.4047081
vn -0.4833261 -0.8376662 0.2543841
vn -0.1406970 -0.9591572 0.2454011
vn -0.2182100 -0.8757110 0.4307140
vn -0.6415966 -0.7666426 0.0247540
vn -0.8071259 -0.5823449 0.0970670
vn -0.9299381 -0.2733400 0.2459680
vn -0.8979120 0.0073310 -0.4401140
vn -0.8716273 -0.2379011 -0.4285662
vn -0.6881857 -0.6802907 -0.2521999
vn -0.7812470 -0.6223020 -0.0489200
vn -0.7581172 -0.6519792 0.0134730
vn -0.7099758 -0.7027788 -0.0451230
vn -0.9130278 -0.2934109 0.2833549
vn -0.9462324 0.0363480 0.3214388
vn -0.9735702 0.0019900 0.2283791
vn -0.9019697 0.0023740 -0.4317928
vn -0.8965274 -0.2827011 -0.3410552
vn -0.6837372 -0.7256522 -0.0770220
vn -0.7314282 -0.6818912 0.0061020
vn -0.9486977 -0.1926159 0.2507419
vn -0.8889944 0.0735790 0.4519677
vn -0.8863866 0.0762330 0.4566258
vn -0.9748700 -0.0041770 -0.2227350
vn -0.9544060 -0.2642810 -0.1387970
vn -0.9704361 -0.2241400 0.0895260
vn -0.9062622 -0.0191240 0.4222831
vn -0.8832644 -0.0166880 0.4685782
vn -0.8868253 0.0589590 0.4583282
vn -0.8589928 -0.0081360 0.5119228
vn -0.9709793 -0.0312250 0.2371161
vn -0.8720406 -0.0615720 0.4855448
vn -0.9747995 -0.0147430 0.2225949
vn -0.8983911 -0.0921280 0.4294251
vn -0.8494996 -0.1054380 0.5169458
vn -0.9032859 -0.0932530 0.4187820
vn -0.9354878 -0.0826880 0.3435479
vn -0.9790136 -0.0213220 0.2026759
vn -0.9803070 -0.0054630 0.1974040
vn -0.9810095 -0.0046790 0.1939029
vn 0.0432920 -0.4440971 -0.8949321
vn 0.0307090 -0.4049091 -0.9138411
vn 0.0368690 -0.4407662 -0.8968644
vn 0.0303940 -0.3943671 -0.9184502
vn 0.1203291 -0.4378332 -0.8909674
vn 0.1263360 -0.4568161 -0.8805442
vn 0.1250219 -0.5275427 -0.8402785
vn 0.9892680 -0.1432040 0.0290050
vn 0.9309675 -0.1505219 0.3326298
vn 0.9892576 -0.1433149 0.0288120
vn 0.9309636 -0.1505279 0.3326378
vn 0.5313198 -0.1101200 0.8399838
vn 0.4806991 -0.1498260 0.8639911
vn -0.0873570 -0.0771740 0.9931833
vn -0.0239300 -0.0348210 0.9991070
vn -0.6011881 -0.0640300 0.7965381
vn -0.5945409 -0.0755200 0.8005109
vn -0.9513340 -0.1002330 0.2914050
vn -0.9470496 -0.1001710 0.3050619
vn -0.9451374 -0.1089359 -0.3079738
vn -0.9350636 -0.1198680 -0.3335978
vn -0.5892968 -0.1020790 -0.8014418
vn -0.5551659 -0.1116640 -0.8242099
vn -0.0602030 -0.0803100 -0.9949502
vn 0.0173540 -0.1116530 -0.9935956
vn 0.5699839 -0.1243940 -0.8121849
vn 0.6040190 -0.1505240 -0.7826261
vn 0.8171718 -0.1433000 -0.5582968
vn 0.8172249 -0.1432500 -0.5582319
vn -0.1047950 -0.3758421 0.9207392
vn -0.1140209 -0.3684078 0.9226455
vn -0.0882620 -0.3889999 0.9169998
vn -0.9999896 -0.0041590 0.0018250
vn -0.9999999 0.0000000 -0.0000000
vn -0.9999999 0.0000000 -0.0000000
vn -0.9994985 -0.0299990 0.0101470
vn -0.9976130 -0.0682970 -0.0101840
vn -0.9975675 -0.0675790 -0.0170950
vn -0.9957556 -0.0755930 -0.0525010
vn -0.9957277 -0.0741480 -0.0550300
vn -0.9955564 -0.0707140 -0.0621850
vn -0.9974377 -0.0597650 -0.0393200
vn -0.9977933 -0.0569900 -0.0340680
vn -0.9981800 -0.0461820 -0.0387790
vn -0.9979486 -0.0505640 -0.0392650
vn -0.9985111 -0.0149820 -0.0524510
vn -0.9985288 -0.0015340 -0.0541990
vn -0.9994013 0.0338380 0.0072010
vn -0.9999999 0.0000000 0.0000010
vn -0.9999999 0.0000000 -0.0000000
vn -0.9999999 0.0000000 -0.0000000
vn -0.9999999 0.0000000 -0.0000000
vn -0.9999999 0.0000000 -0.0000000
vn -0.9999999 0.0000000 -0.0000000
vn -0.9999999 0.0000000 -0.0000000
vn -0.9999999 0.0000000 -0.0000000
vn -0.9999976 0.0008650 -0.0020030
vn -0.9999955 0.0011950 -0.0027330
vn -0.9999997 -0.0004220 0.0005500
vn -0.9999966 -0.0013850 0.0021380
vn -0.9999924 0.0025930 -0.0029260
vn -0.9999229 0.0047670 -0.0114590
vn -0.9999999 0.0000000 -0.0000000
vn -0.1751379 -0.9824657 -0.0639360
vn -0.1856161 -0.8066985 -0.5610564
vn -0.1856800 -0.9792308 -0.0814240
vn -0.1797739 -0.9148986 0.3614438
vn -0.1391720 -0.8952770 0.4232140
vn -0.1256440 -0.7790179 0.6142839
vn -0.0237500 -0.7026239 0.7111649
vn -0.0469930 -0.8062468 -0.5897098
vn -0.7112647 -0.5989388 -0.3679329
vn -0.1356110 -0.6825823 -0.7181162
vn -0.9857628 0.1405180 0.0923370
vn -0.9878070 0.1550520 0.0140070
vn -0.9976626 -0.0680780 -0.0058780
vn -0.9946744 -0.0297460 -0.0986799
vn -0.9911847 0.0589010 0.1186730
vn -0.9999887 0.0010050 -0.0046330
vn -0.9870585 0.1445239 -0.0694860
vn -0.9867107 -0.0112200 0.1620980
vn -0.9610656 0.0349940 -0.2740949
vn -0.9899852 -0.0855630 -0.1122860
vn -0.9896713 -0.0065490 -0.1432050
vn -0.9898897 -0.1369440 -0.0369390
vn -0.7451063 0.5851133 0.3200921
vn -0.7442072 0.3767571 0.5515521
vn -0.9974641 0.0041920 0.0710480
vn -0.9889547 0.0799350 -0.1248150
vn -0.9977403 -0.0515820 0.0430490
vn -0.3721519 0.0586370 0.9263177
vn -0.3411311 0.0816010 0.9364672
vn -0.3043950 0.5179120 0.7994440
vn -0.3114400 0.8352611 0.4531491
vn -0.7733989 0.6304999 0.0657560
vn -0.9921597 -0.1165930 0.0449990
vn -0.9890420 -0.0738810 0.1278180
vn -0.9167108 0.2145120 -0.3370839
vn -0.4083570 0.9127360 0.0125460
vn -0.7647935 0.6042706 -0.2234899
vn -0.5453521 0.7052852 -0.4529501
vn -0.2535550 0.9425761 -0.2173940
vn -0.0270650 0.7609761 0.6482151
vn -0.0282300 0.7618587 0.6471277
vn -0.0268100 0.7607832 0.6484522
vn -0.0257990 0.7600146 0.6493936
vn -0.0005010 -0.8823956 0.4705078
vn -0.0063300 -0.8820186 0.4711718
vn -0.0058720 -0.8820494 0.4711202
vn 0.0000000 -0.8824266 0.4704498
vn -0.0022890 0.0190880 -0.9998151
vn 0.0000000 0.0205420 -0.9997889
vn -0.0012930 0.0197210 -0.9998046
vn -0.0035790 0.0182680 -0.9998266
vn 0.0063050 -0.9999475 -0.0080670
vn 0.0000000 -0.9999147 -0.0130570
vn 0.0007540 -0.9999534 -0.0096040
vn 0.0051760 -0.9999865 -0.0004480
vn 0.0034720 -0.9999897 0.0029000
vn 0.0046300 -0.9999890 0.0007100
vn 0.0006290 -0.9997256 0.0234160
vn 0.0000000 -0.9995294 0.0306770
vn -0.9999999 0.0000000 -0.0000000
vn -0.9999999 0.0000000 -0.0000000
vn -0.9999999 0.0000000 -0.0000000
vn -0.9999999 0.0000000 -0.0000000
vn 0.0000030 0.2981418 0.9545215
vn 0.0000000 0.2981552 0.9545175
vn 0.0000040 0.2981491 0.9545193
vn 0.0000040 0.2981392 0.9545225
vn -0.0000030 0.2981440 0.9545208
vn -0.0000040 0.2981418 0.9545215
vn -0.0000030 0.5186018 0.8550158
vn 0.0000000 0.5618310 0.8272520
vn 0.0000000 0.7773488 0.6290698
vn 0.9999999 0.0000000 -0.0000000
vn 0.9999999 0.0000000 -0.0000000
vn 0.9999999 0.0000000 -0.0000000
vn 0.9999999 0.0000000 -0.0000000
vn 0.9999999 0.0000000 -0.0000000
vn 0.9999999 0.0000000 -0.0000000
vn 0.9999999 0.0000000 -0.0000000
vn 0.9999999 0.0000000 -0.0000000
vn 0.0000000 0.7773502 -0.6290682
vn 0.0000000 0.5618317 -0.8272514
vn 0.0000000 0.7773502 -0.6290682
vn 0.0000000 0.5618310 -0.8272520
vn -0.0000010 0.2981521 -0.9545184
vn -0.0000010 0.2981521 -0.9545184
vn 0.9999999 0.0000000 -0.0000000
vn 0.9999999 0.0000000 -0.0000000
vn 0.9999999 0.0000000 -0.0000000
vn 0.9999999 0.0000000 -0.0000000
vn 0.0000000 -0.9999999 -0.0000000
vn 0.0000000 -0.9999999 -0.0000000
vn 0.0000000 -0.9999999 -0.0000000
vn 0.0000000 -0.9999999 -0.0000000
vn 0.0000000 0.0000000 0.9999999
vn 0.0000000 0.0000000 0.9999999
vn 0.0000000 0.0000000 0.9999999
vn 0.0000000 0.0000000 0.9999999
vn 0.0000000 0.0000000 -0.9999999
vn 0.0000000 0.0000000 -0.9999999
vn 0.0000000 0.0000000 -0.9999999
vn 0.0000000 0.0000000 -0.9999999
vn -0.9503840 0.3110790 -0.0000000
vn -0.9503840 0.3110790 -0.0000000
vn -0.9503840 0.3110790 -0.0000000
vn -0.9503834 0.3110811 -0.0000000
vn 0.5363541 -0.1755450 -0.8255351
vn 0.5363601 -0.1755400 -0.8255322
vn 0.5363511 -0.1755490 -0.8255362
vn 0.5363436 -0.1755559 -0.8255395
vn -0.5363436 0.1755559 0.8255395
vn -0.5363436 0.1755559 0.8255395
vn -0.5363436 0.1755559 0.8255395
vn -0.5363601 0.1755400 0.8255322
vn -0.9503821 0.3110850 -0.0000000
vn -0.9503821 0.3110850 -0.0000000
vn -0.9503821 0.3110850 -0.0000000
vn -0.9503824 0.3110838 -0.0000000
vn 0.5363503 -0.1755601 -0.8255344
vn 0.5363503 -0.1755601 -0.8255344
vn 0.5363503 -0.1755601 -0.8255344
vn 0.5363497 -0.1755609 -0.8255345
vn -0.5363497 0.1755609 0.8255345
vn -0.5363497 0.1755609 0.8255345
vn -0.5363497 0.1755609 0.8255345
vn -0.5363498 0.1755599 0.8255346
vn -0.9503869 0.3110700 -0.0000000
vn -0.9503869 0.3110700 -0.0000000
vn -0.9503869 0.3110700 -0.0000000
vn -0.9503869 0.3110700 -0.0000000
vn 0.5363509 -0.1755510 -0.8255359
vn 0.5363522 -0.1755501 -0.8255353
vn 0.5363509 -0.1755510 -0.8255359
vn 0.5363501 -0.1755520 -0.8255362
vn -0.5363489 0.1755520 0.8255369
vn -0.5363489 0.1755520 0.8255369
vn -0.5363489 0.1755520 0.8255369
vn -0.5363498 0.1755499 0.8255368
vn -0.9503866 0.3110709 -0.0000000
vn -0.9503866 0.3110709 -0.0000000
vn -0.9503866 0.3110709 -0.0000000
vn -0.9503869 0.3110700 -0.0000000
vn 0.5363529 -0.1755540 -0.8255339
vn 0.5363517 -0.1755539 -0.8255346
vn 0.5363529 -0.1755540 -0.8255339
vn 0.5363542 -0.1755531 -0.8255333
vn -0.5363531 0.1755530 0.8255341
vn -0.5363531 0.1755530 0.8255341
vn -0.5363531 0.1755530 0.8255341
vn -0.5363511 0.1755540 0.8255351
vn -0.9503847 0.3110769 -0.0000000
vn -0.9503847 0.3110769 -0.0000000
vn -0.9503847 0.3110769 -0.0000000
vn -0.9503850 0.3110760 -0.0000000
vn 0.5363491 -0.1755510 -0.8255371
vn 0.5363438 -0.1755539 -0.8255398
vn 0.5363477 -0.1755519 -0.8255376
vn 0.5363522 -0.1755491 -0.8255354
vn -0.5363522 0.1755491 0.8255354
vn -0.5363522 0.1755491 0.8255354
vn -0.5363522 0.1755491 0.8255354
vn -0.5363438 0.1755539 0.8255398
vn -0.9503863 0.3110721 -0.0000000
vn -0.9503863 0.3110721 -0.0000000
vn -0.9503863 0.3110721 -0.0000000
vn -0.9503863 0.3110721 -0.0000000
vn 0.5363498 -0.1755549 -0.8255357
vn 0.5363471 -0.1755560 -0.8255372
vn 0.5363491 -0.1755551 -0.8255362
vn 0.5363517 -0.1755539 -0.8255346
vn -0.5363529 0.1755540 0.8255339
vn -0.5363529 0.1755540 0.8255339
vn -0.5363529 0.1755540 0.8255339
vn -0.5363478 0.1755559 0.8255368
vn -0.9503860 0.3110730 -0.0000000
vn -0.9503860 0.3110730 -0.0000000
vn -0.9503860 0.3110730 -0.0000000
vn -0.9503863 0.3110721 -0.0000000
vn 0.5363498 -0.1755549 -0.8255357
vn 0.5363470 -0.1755570 -0.8255371
vn 0.5363490 -0.1755560 -0.8255360
vn 0.5363522 -0.1755541 -0.8255344
vn -0.5363522 0.1755541 0.8255344
vn -0.5363522 0.1755541 0.8255344
vn -0.5363522 0.1755541 0.8255344
vn -0.5363470 0.1755570 0.8255371
vn 0.5347118 -0.1804279 -0.8255476
vn 0.5352081 -0.1802350 -0.8252681
vn 0.5345138 -0.1805059 -0.8256587
vn 0.5343807 -0.1805569 -0.8257337
vn -0.5343809 0.1805560 0.8257339
vn -0.5343809 0.1805560 0.8257339
vn -0.5343809 0.1805560 0.8257339
vn -0.5352063 0.1802341 0.8252695
vn -0.9503863 0.3110721 -0.0000000
vn -0.9503863 0.3110721 -0.0000000
vn -0.9503863 0.3110721 -0.0000000
vn -0.9503863 0.3110721 -0.0000000
vn 0.5363503 -0.1755551 -0.8255354
vn 0.5363447 -0.1755569 -0.8255386
vn 0.5363478 -0.1755559 -0.8255368
vn 0.5363529 -0.1755540 -0.8255339
vn -0.5363517 0.1755539 0.8255346
vn -0.5363517 0.1755539 0.8255346
vn -0.5363517 0.1755539 0.8255346
vn -0.5363441 0.1755560 0.8255392
vn -0.9503836 0.3110799 -0.0000000
vn -0.9503836 0.3110799 -0.0000000
vn -0.9503836 0.3110799 -0.0000000
vn -0.9503844 0.3110781 -0.0000000
vn 0.5363538 -0.1755569 -0.8255326
vn 0.5363576 -0.1755559 -0.8255304
vn 0.5363551 -0.1755560 -0.8255321
vn 0.5363511 -0.1755580 -0.8255342
vn -0.5363511 0.1755580 0.8255342
vn -0.5363511 0.1755580 0.8255342
vn -0.5363511 0.1755580 0.8255342
vn -0.5363518 0.1755579 0.8255337
vn -0.9503863 0.3110721 -0.0000000
vn -0.9503863 0.3110721 -0.0000000
vn -0.9503863 0.3110721 -0.0000000
vn -0.9503863 0.3110721 -0.0000000
vn 0.5363516 -0.1755549 -0.8255345
vn 0.5363510 -0.1755550 -0.8255349
vn 0.5363516 -0.1755549 -0.8255345
vn 0.5363522 -0.1755541 -0.8255344
vn -0.5363522 0.1755551 0.8255343
vn -0.5363522 0.1755551 0.8255343
vn -0.5363522 0.1755551 0.8255343
vn -0.5363510 0.1755550 0.8255349
vn -0.9503856 0.3110739 -0.0000000
vn -0.9503856 0.3110739 -0.0000000
vn -0.9503856 0.3110739 -0.0000000
vn -0.9503850 0.3110760 -0.0000000
vn 0.5363508 -0.1755559 -0.8255348
vn 0.5363510 -0.1755550 -0.8255349
vn 0.5363510 -0.1755550 -0.8255349
vn 0.5363508 -0.1755559 -0.8255348
vn -0.5363520 0.1755560 0.8255341
vn -0.5363520 0.1755560 0.8255341
vn -0.5363520 0.1755560 0.8255341
vn -0.5363520 0.1755560 0.8255341
vn -0.9503863 0.3110721 -0.0000000
vn -0.9503863 0.3110721 -0.0000000
vn -0.9503863 0.3110721 -0.0000000
vn -0.9503860 0.3110730 -0.0000000
vn 0.5363441 -0.1755520 -0.8255401
vn 0.5363441 -0.1755520 -0.8255401
vn 0.5363441 -0.1755520 -0.8255401
vn 0.5363491 -0.1755600 -0.8255351
vn -0.5363471 0.1755560 0.8255372
vn -0.5363497 0.1755609 0.8255345
vn -0.5363477 0.1755569 0.8255366
vn -0.5363451 0.1755530 0.8255392
vn 0.9503834 0.3110808 -0.0000000
vn 0.9503840 0.3110790 -0.0000000
vn 0.9503836 0.3110799 -0.0000000
vn 0.9503834 0.3110811 -0.0000000
vn -0.5363436 -0.1755559 -0.8255395
vn -0.5363436 -0.1755559 -0.8255395
vn -0.5363436 -0.1755559 -0.8255395
vn -0.5363601 -0.1755400 -0.8255322
vn 0.5363511 0.1755490 0.8255362
vn 0.5363436 0.1755559 0.8255395
vn 0.5363541 0.1755450 0.8255351
vn 0.5363601 0.1755400 0.8255322
vn 0.9503824 0.3110841 -0.0000000
vn 0.9503821 0.3110850 -0.0000000
vn 0.9503821 0.3110850 -0.0000000
vn 0.9503824 0.3110838 -0.0000000
vn -0.5363497 -0.1755609 -0.8255345
vn -0.5363497 -0.1755609 -0.8255345
vn -0.5363497 -0.1755609 -0.8255345
vn -0.5363509 -0.1755600 -0.8255339
vn 0.5363498 0.1755599 0.8255346
vn 0.5363497 0.1755609 0.8255345
vn 0.5363498 0.1755599 0.8255346
vn 0.5363498 0.1755599 0.8255346
vn 0.9503869 0.3110700 -0.0000000
vn 0.9503869 0.3110700 -0.0000000
vn 0.9503869 0.3110700 -0.0000000
vn 0.9503869 0.3110700 -0.0000000
vn -0.5363501 -0.1755520 -0.8255362
vn -0.5363501 -0.1755520 -0.8255362
vn -0.5363501 -0.1755520 -0.8255362
vn -0.5363528 -0.1755499 -0.8255348
vn 0.5363497 0.1755509 0.8255366
vn 0.5363489 0.1755520 0.8255369
vn 0.5363497 0.1755509 0.8255366
vn 0.5363510 0.1755500 0.8255360
vn 0.9503869 0.3110700 -0.0000000
vn 0.9503866 0.3110709 -0.0000000
vn 0.9503866 0.3110709 -0.0000000
vn 0.9503869 0.3110700 -0.0000000
vn -0.5363542 -0.1755531 -0.8255333
vn -0.5363542 -0.1755531 -0.8255333
vn -0.5363542 -0.1755531 -0.8255333
vn -0.5363517 -0.1755539 -0.8255346
vn 0.5363518 0.1755529 0.8255348
vn 0.5363531 0.1755530 0.8255341
vn 0.5363518 0.1755529 0.8255348
vn 0.5363511 0.1755540 0.8255351
vn 0.9503850 0.3110760 -0.0000000
vn 0.9503847 0.3110769 -0.0000000
vn 0.9503850 0.3110760 -0.0000000
vn 0.9503850 0.3110760 -0.0000000
vn -0.5363438 -0.1755539 -0.8255398
vn -0.5363438 -0.1755539 -0.8255398
vn -0.5363438 -0.1755539 -0.8255398
vn -0.5363522 -0.1755491 -0.8255354
vn 0.5363477 0.1755519 0.8255376
vn 0.5363522 0.1755491 0.8255354
vn 0.5363491 0.1755510 0.8255371
vn 0.5363438 0.1755539 0.8255398
vn 0.9503863 0.3110721 -0.0000000
vn 0.9503863 0.3110721 -0.0000000
vn 0.9503863 0.3110721 -0.0000000
vn 0.9503863 0.3110721 -0.0000000
vn -0.5363517 -0.1755539 -0.8255346
vn -0.5363517 -0.1755539 -0.8255346
vn -0.5363517 -0.1755539 -0.8255346
vn -0.5363471 -0.1755560 -0.8255372
vn 0.5363498 0.1755549 0.8255357
vn 0.5363529 0.1755540 0.8255339
vn 0.5363510 0.1755550 0.8255349
vn 0.5363478 0.1755559 0.8255368
vn 0.9503863 0.3110721 -0.0000000
vn 0.9503863 0.3110721 -0.0000000
vn 0.9503863 0.3110721 -0.0000000
vn 0.9503863 0.3110721 -0.0000000
vn -0.5363522 -0.1755541 -0.8255344
vn -0.5363522 -0.1755541 -0.8255344
vn -0.5363522 -0.1755541 -0.8255344
vn -0.5363471 -0.1755560 -0.8255372
vn 0.5363490 0.1755560 0.8255360
vn 0.5363522 0.1755541 0.8255344
vn 0.5363503 0.1755551 0.8255354
vn 0.5363470 0.1755570 0.8255371
vn -0.5343809 -0.1805560 -0.8257339
vn -0.5343809 -0.1805560 -0.8257339
vn -0.5343809 -0.1805560 -0.8257339
vn -0.5352081 -0.1802350 -0.8252681
vn 0.5345127 0.1805059 0.8256596
vn 0.5343809 0.1805560 0.8257339
vn 0.5347118 0.1804269 0.8255478
vn 0.5352070 0.1802340 0.8252691
vn 0.9503863 0.3110721 -0.0000000
vn 0.9503863 0.3110721 -0.0000000
vn 0.9503863 0.3110721 -0.0000000
vn 0.9503863 0.3110721 -0.0000000
vn -0.5363529 -0.1755540 -0.8255339
vn -0.5363529 -0.1755540 -0.8255339
vn -0.5363529 -0.1755540 -0.8255339
vn -0.5363448 -0.1755559 -0.8255388
vn 0.5363467 0.1755549 0.8255376
vn 0.5363518 0.1755529 0.8255348
vn 0.5363487 0.1755539 0.8255366
vn 0.5363441 0.1755560 0.8255392
vn 0.9503844 0.3110781 -0.0000000
vn 0.9503836 0.3110799 -0.0000000
vn 0.9503836 0.3110799 -0.0000000
vn 0.9503844 0.3110781 -0.0000000
vn -0.5363511 -0.1755580 -0.8255342
vn -0.5363511 -0.1755580 -0.8255342
vn -0.5363511 -0.1755580 -0.8255342
vn -0.5363576 -0.1755559 -0.8255304
vn 0.5363518 0.1755579 0.8255337
vn 0.5363511 0.1755580 0.8255342
vn 0.5363511 0.1755580 0.8255342
vn 0.5363518 0.1755579 0.8255337
vn 0.9503863 0.3110721 -0.0000000
vn 0.9503863 0.3110721 -0.0000000
vn 0.9503863 0.3110721 -0.0000000
vn 0.9503863 0.3110721 -0.0000000
vn -0.5363522 -0.1755541 -0.8255344
vn -0.5363522 -0.1755541 -0.8255344
vn -0.5363522 -0.1755541 -0.8255344
vn -0.5363510 -0.1755550 -0.8255349
vn 0.5363516 0.1755549 0.8255345
vn 0.5363522 0.1755551 0.8255343
vn 0.5363522 0.1755551 0.8255343
vn 0.5363510 0.1755550 0.8255349
vn 0.9503850 0.3110760 -0.0000000
vn 0.9503856 0.3110739 -0.0000000
vn 0.9503853 0.3110751 -0.0000000
vn 0.9503850 0.3110760 -0.0000000
vn -0.5363508 -0.1755559 -0.8255348
vn -0.5363508 -0.1755559 -0.8255348
vn -0.5363508 -0.1755559 -0.8255348
vn -0.5363510 -0.1755550 -0.8255349
vn 0.5363520 0.1755560 0.8255341
vn 0.5363520 0.1755560 0.8255341
vn 0.5363520 0.1755560 0.8255341
vn 0.5363520 0.1755560 0.8255341
vn 0.9503860 0.3110730 -0.0000000
vn 0.9503863 0.3110721 -0.0000000
vn 0.9503863 0.3110721 -0.0000000
vn 0.9503860 0.3110730 -0.0000000
vn -0.5363470 -0.1755570 -0.8255371
vn -0.5363441 -0.1755520 -0.8255401
vn -0.5363467 -0.1755559 -0.8255376
vn -0.5363491 -0.1755600 -0.8255351
vn 0.5363452 0.1755521 0.8255394
vn 0.5363452 0.1755521 0.8255394
vn 0.5363452 0.1755521 0.8255394
vn 0.5363498 0.1755599 0.8255346
vn -0.4303670 0.7293239 0.5318559
vn 0.3064571 0.9510152 -0.0406710
vn 0.1314800 0.9908878 -0.0292250
vn -0.5126691 0.7737071 0.3722200
vn -0.8623238 0.4813439 0.1571800
vn -0.6199339 0.7585059 0.2008750
vn -0.2022710 0.9780578 0.0498930
vn 0.3220581 0.9315943 -0.1685551
vn 0.3763841 0.8898783 -0.2577821
vn 0.5180969 0.8022759 -0.2965280
vn 0.5364309 0.8436328 -0.0229190
vn 0.6599858 0.6804138 -0.3185209
vn 0.7356232 0.6739103 -0.0685810
vn 0.4950856 0.8257143 0.2703438
vn 0.8036644 0.5832783 0.1179401
vn -0.0535270 0.8323386 0.5516767
vn 0.1880230 0.9479841 0.2568530
vn -0.5590038 -0.7455438 0.3628759
vn -0.6738287 -0.5184938 0.5264208
vn -0.8476085 0.0312170 0.5297027
vn -0.7701782 -0.5874141 0.2485361
vn -0.9515528 -0.0033330 0.3074670
vn -0.9377178 -0.2914439 0.1890650
vn -0.9804924 0.0890790 0.1752131
vn -0.9892460 0.0863050 0.1180840
vn -0.6989889 0.1747540 0.6934519
vn -0.5871763 0.3140422 0.7460573
vn -0.1917940 0.6958739 0.6920799
vn 0.5535111 0.7520141 0.3579110
vn 0.2942120 0.7635590 0.5748190
vn -0.5323428 0.6687118 0.5190718
vn 0.2322439 0.7419727 0.6289188
vn -0.3735719 0.7257449 0.5777009
vn 0.4455819 0.7578589 0.4765569
vn -0.2027981 0.7234032 0.6599702
vn -0.7577389 0.1296840 0.6395419
vn -0.7797518 -0.3079399 0.5451238
vn -0.8553878 -0.4423259 0.2695539
vn 0.7818084 0.5527996 0.2884238
vn 0.6861950 0.5772010 0.4426910
vn 0.6172780 0.5783210 0.5333971
vn 0.5933669 0.5922829 0.5450839
vn 0.2084749 0.7957405 0.5686256
vn 0.5772453 0.6262513 0.5240203
vn 0.2177769 0.8405738 0.4959928
vn 0.5221931 0.6208211 0.5847181
vn 0.1692100 0.8329100 0.5269050
vn 0.4309029 0.6481199 0.6279039
vn 0.0800910 0.8355268 0.5435809
vn 0.4959882 0.5702753 0.6548143
vn 0.1852481 0.8149533 0.5491212
vn 0.5286691 0.6183541 0.5815041
vn -0.5871559 0.7953619 0.1504900
vn 0.5503062 -0.7984143 -0.2443311
vn -0.1812371 -0.8161413 -0.5486952
vn -0.2426550 -0.8198341 -0.5186431
vn 0.5846052 -0.7904313 -0.1829071
vn -0.0872290 -0.8228504 -0.5615233
vn -0.7488752 -0.3849141 -0.5394691
vn -0.6911051 -0.3744260 -0.6182061
vn -0.8995131 0.2864010 -0.3299250
vn -0.9245964 0.2638941 -0.2747391
vn -0.5636482 0.8082443 0.1704171
vn -0.5571008 0.8058587 0.2005749
vn -0.5743602 0.7506913 0.3264551
vn -0.5770200 0.6677480 0.4702770
vn -0.2601849 -0.7864056 -0.5602407
vn -0.8125244 -0.3940422 -0.4295752
vn -0.8378778 -0.3805879 -0.3912970
vn -0.7883423 -0.4010102 -0.4665912
vn -0.9486208 0.2358090 -0.2109800
vn -0.9734033 0.1995451 -0.1125510
vn -0.9885430 0.1509350 0.0011810
vn -0.9841067 0.1375800 0.1122740
vn -0.9374800 0.2025050 0.2830600
vn -0.8327309 0.2113140 0.5117670
vn -0.8650631 -0.4091991 -0.2902100
vn -0.9270461 -0.3438650 -0.1494730
vn -0.9338914 -0.3351641 0.1245470
vn -0.6186550 -0.7277880 -0.2959570
vn -0.5018409 -0.6762319 -0.5393199
vn -0.3521832 -0.7545924 -0.5536762
vn -0.2994801 -0.7457552 -0.5951141
vn -0.5590997 -0.8273226 0.0542660
vn -0.5210443 -0.8315544 -0.1924321
vn 0.1417129 -0.7771958 -0.6130938
vn 0.3049538 -0.6786637 -0.6681457
vn 0.4748661 -0.6928341 -0.5426630
vn 0.5089599 -0.7337859 -0.4500199
vn 0.5536812 -0.7523673 -0.3569041
vn 0.5350701 -0.7966631 -0.2811190
vn 0.8238177 -0.2573709 -0.5050588
vn 0.9254570 -0.1849230 -0.3306550
vn 0.2128281 -0.7686104 -0.6032763
vn -0.0022020 -0.8611808 -0.5082938
vn -0.2982540 -0.9520440 0.0682400
vn -0.2419890 -0.9674088 0.0745740
vn -0.0596370 -0.9976423 0.0339600
vn 0.6414450 -0.2617160 -0.7211470
vn 0.5361041 -0.3600280 -0.7635261
vn 0.2324360 -0.8609371 -0.4525051
vn 0.5241748 -0.7291418 -0.4399919
vn 0.6749178 -0.6545268 -0.3407059
vn 0.4390769 -0.8776098 -0.1923859
vn 0.8103031 -0.0344060 -0.5850000
vn 0.7198462 0.1405550 -0.6797542
vn 0.7261801 0.0905070 -0.6815211
vn 0.7512400 -0.1800690 -0.6349909
vn 0.8510684 0.1901711 -0.4894052
vn 0.9463316 0.1299029 -0.2959419
vn 0.9820834 0.1667561 -0.0877760
vn 0.9800781 -0.1429730 -0.1378610
vn 0.9812058 0.1729240 0.0856280
vn 0.8072952 0.3588961 -0.4684741
vn 0.8707932 0.1822960 -0.4566041
vn 0.8168813 0.3516691 -0.4572021
vn 0.7266817 -0.1090180 0.6782687
vn 0.6930697 -0.0780870 0.7166287
vn 0.6687949 -0.4572020 0.5862420
vn 0.8196228 -0.4173199 0.3925079
vn 0.8222328 -0.0896900 0.5620398
vn 0.8656358 0.0395090 0.4991128
vn 0.9072003 -0.2837201 0.3106291
vn 0.8955381 0.0714020 0.4392191
vn 0.9331285 -0.2676069 0.2401199
vn 0.9255558 0.1080350 0.3628699
vn 0.9583168 -0.2276900 0.1725860
vn 0.9423175 0.1331761 0.3070861
vn 0.9757285 -0.1846481 0.1177251
vn 0.9631877 0.1354270 0.2322259
vn 0.9795665 -0.2010309 0.0059980
vn 0.4257820 -0.8947470 -0.1346750
vn 0.2485761 -0.9615753 0.1165450
vn 0.5692259 -0.4567759 0.6836209
vn 0.0035260 -0.9610773 0.2762571
vn 0.0674930 -0.8660527 0.4953758
vn -0.5914901 -0.8034242 0.0681840
vn -0.3664341 -0.8304643 0.4195892
vn -0.2383051 -0.7903934 -0.5643483
vn 0.6648438 -0.4059339 0.6270568
vn 0.4149878 -0.7656307 0.4915228
vn 0.4485079 0.7905519 -0.4169749
vn 0.4367859 0.7597169 -0.4817139
vn 0.7504168 0.5464668 -0.3718179
vn -0.3247347 0.7865614 -0.5252316
vn -0.3296810 0.8289130 -0.4519000
vn -0.9053028 0.3016709 -0.2990339
vn -0.8891710 0.4339420 -0.1451520
vn -0.9450837 -0.2125879 0.2482399
vn -0.9226496 -0.3731678 0.0972800
vn -0.4542809 -0.7382838 0.4985639
vn 0.3225481 -0.8224782 0.4685001
vn 0.9040393 -0.3863111 0.1829661
vn 0.9241856 -0.2604159 0.2793999
vn 0.8327716 -0.0814940 0.5475857
vn 0.9944414 0.0375440 0.0983700
vn 0.9974133 -0.0718160 0.0029880
vn -0.8849654 -0.2385108 -0.3999357
vn -0.6296072 0.4862381 -0.6059431
vn -0.0048110 0.9087656 -0.4172792
vn 0.6000379 0.7999689 0.0020360
vn 0.4975978 0.8171577 0.2909459
vn 0.0096780 0.9717381 -0.2358630
vn 0.2734871 0.8827432 0.3820591
vn -0.2679449 0.9548218 -0.1285330
vn -0.4290023 0.8945875 0.1251811
vn -0.8042668 0.4620399 -0.3737299
vn -0.6500168 0.4959449 -0.5757748
vn -0.7284390 -0.2223190 -0.6480361
vn -0.6654149 -0.2454880 -0.7049529
vn 0.6498239 0.5799689 0.4912889
vn 0.7817663 0.5802602 0.2283411
vn 0.7517968 0.6134698 -0.2417769
vn -0.3003680 -0.8529449 -0.4269239
vn -0.5169118 -0.8070658 -0.2853889
vn -0.7138780 -0.2361790 -0.6592401
vn -0.5171061 0.5317631 -0.6706930
vn 0.0000000 -0.5000098 0.8660197
vn 0.0000030 -0.5000052 0.8660224
vn 0.0000060 -0.5000009 0.8660248
vn 0.0000070 -0.4999990 0.8660259
vn 0.0000000 -0.5000002 0.8660253
vn 0.0000050 -0.5000009 0.8660248
vn 0.0000000 -0.4999978 0.8660266
vn 0.0000000 -0.5000021 0.8660241
vn -0.9999999 0.0000000 -0.0000000
vn -0.9999999 0.0000000 -0.0000000
vn -0.9999999 0.0000000 -0.0000000
vn -0.9999999 0.0000000 -0.0000000
vn -0.9999999 0.0000000 -0.0000000
vn 0.0000000 0.0000000 -0.9999999
vn -0.0000030 0.3458659 -0.9382838
vn 0.0000000 0.0000000 -0.9999999
vn 0.0000000 0.3457609 -0.9383226
vn 0.0000000 0.9079843 -0.4190041
vn 0.0000000 0.9079838 -0.4190049
vn 0.0000000 0.9999999 -0.0000000
vn 0.0000000 0.9999999 -0.0000000
vn 0.9999999 0.0000000 -0.0000000
vn 0.9999999 0.0000000 -0.0000000
vn 0.9999999 0.0000000 -0.0000000
vn 0.9999999 0.0000000 -0.0000000
vn 0.9999999 0.0000000 -0.0000000
vn 0.0000000 0.0000000 0.9999999
vn 0.0000030 0.3457760 0.9383171
vn 0.0000000 0.0000000 0.9999999
vn 0.0000000 0.3457591 0.9383234
vn 0.0000000 0.9079833 0.4190061
vn 0.0000000 0.9079835 0.4190058
vn 0.0000000 0.9999999 -0.0000000
vn 0.0000000 0.9999999 -0.0000000
vn -0.9999999 0.0000000 -0.0000000
vn -0.9999999 0.0000000 -0.0000000
vn -0.9999999 0.0000000 -0.0000000
vn -0.9999999 0.0000000 -0.0000000
vn -0.9999999 0.0000000 -0.0000000
vn -0.9999999 0.0000000 -0.0000000
vn -0.9999999 0.0000000 -0.0000000
vn -0.9999999 0.0000000 -0.0000000
vn -0.9999999 0.0000000 -0.0000000
vn -0.4337262 0.8569174 0.2785211
vn -0.4336299 0.8569958 0.2784299
vn -0.4337179 0.8569238 0.2785139
vn -0.4338319 0.8568308 0.2786229
vn 0.0000060 0.5000009 -0.8660248
vn 0.0000000 0.4999990 -0.8660259
vn 0.0000030 0.5000002 -0.8660253
vn 0.0000070 0.5000009 -0.8660248
vn 0.0000020 0.4999982 -0.8660264
vn 0.0000010 0.4999997 -0.8660255
vn 0.0000060 0.5000009 -0.8660248
vn 0.0000000 0.4999932 -0.8660293
vn -0.9997351 0.0198070 -0.0117240
vn -0.9997480 0.0205910 -0.0089360
vn -0.9995564 0.0230130 -0.0189090
vn -0.9986797 0.0352930 -0.0373240
vn -0.9987022 0.0486910 -0.0149300
vn -0.9985856 0.0364590 -0.0386960
vn -0.9986170 0.0518210 -0.0088620
vn -0.9988235 0.0468990 0.0123250
vn -0.9999354 0.0028530 0.0109890
vn -0.9997736 -0.0141530 0.0158840
vn -0.9996352 -0.0124590 0.0239640
vn -0.9996241 -0.0121160 0.0245920
vn -0.9992418 -0.0314380 0.0229620
vn -0.9988216 -0.0409450 0.0260570
vn -0.9978187 -0.0644150 0.0144330
vn -0.9980337 -0.0592770 0.0203660
vn -0.9982481 -0.0511910 0.0296670
vn 0.8041887 0.1099240 -0.5841208
vn 0.8857973 0.1089290 -0.4511071
vn 0.8858063 0.1088760 -0.4511021
vn 0.8042101 0.1099160 -0.5840930
vn 0.5841489 0.1101760 -0.8041339
vn 0.5841379 0.1101900 -0.8041399
vn 0.3070939 0.1101350 -0.9452848
vn 0.3071239 0.1101310 -0.9452756
vn 0.0000250 0.1101760 -0.9939121
vn 0.0000260 0.1101719 -0.9939125
vn -0.3070729 0.1100390 -0.9453028
vn -0.3071558 0.1100339 -0.9452764
vn -0.5841711 0.1099100 -0.8041542
vn -0.5842279 0.1099240 -0.8041109
vn -0.8040857 0.1100350 -0.5842417
vn -0.8040903 0.1100360 -0.5842353
vn -0.9453026 0.1098430 -0.3071439
vn -0.9453087 0.1098270 -0.3071309
vn -0.9939585 0.1097559 -0.0000100
vn -0.9939585 0.1097571 -0.0000100
vn -0.9453091 0.1098290 0.3071290
vn -0.9453120 0.1098460 0.3071140
vn -0.8040596 0.1100440 0.5842758
vn -0.8040659 0.1100410 0.5842679
vn -0.5841810 0.1099090 0.8041470
vn -0.5842379 0.1098930 0.8041079
vn -0.3070681 0.1100320 0.9453053
vn -0.3071501 0.1100350 0.9452783
vn 0.0000400 0.1101380 0.9939163
vn 0.0000410 0.1101440 0.9939156
vn 0.3070838 0.1101399 0.9452875
vn 0.3071141 0.1101450 0.9452772
vn 0.5841779 0.1101680 0.8041139
vn 0.5841680 0.1101540 0.8041230
vn 0.8041501 0.1099240 0.5841740
vn 0.8041716 0.1099329 0.5841427
vn 0.9453036 0.1102391 0.3069992
vn 0.9453003 0.1102700 0.3069981
vn 0.9938930 0.1103480 -0.0000030
vn 0.9938928 0.1103490 -0.0000030
vn 0.9818130 0.1089470 -0.1554790
vn 0.9818143 0.1089370 -0.1554780
vn 0.0000000 -0.9759800 -0.2178600
vn 0.0000000 -0.9999878 -0.0049160
vn 0.0000000 -0.9665331 -0.2565420
vn 0.0000000 -0.9071538 -0.4207989
vn 0.0000000 -0.9071538 -0.4207989
vn 0.8090356 0.0093730 -0.5876847
vn 0.8910833 0.0092580 -0.4537452
vn 0.8910798 0.0092600 -0.4537519
vn 0.8090375 0.0093700 -0.5876824
vn 0.5877010 0.0093630 -0.8090240
vn 0.5877057 0.0093600 -0.8090206
vn 0.3089768 0.0093550 -0.9510235
vn 0.3089798 0.0093540 -0.9510224
vn 0.0000240 0.0093510 -0.9999563
vn 0.0000300 0.0093480 -0.9999563
vn -0.3089682 0.0093440 -0.9510265
vn -0.3089708 0.0093430 -0.9510255
vn -0.5877411 0.0093370 -0.8089951
vn -0.5877359 0.0093320 -0.8089989
vn -0.8089729 0.0093230 -0.5877719
vn -0.8089700 0.0093180 -0.5877760
vn -0.9510108 0.0093120 -0.3090169
vn -0.9510240 0.0093280 -0.3089760
vn -0.9999564 0.0093370 0.0000110
vn -0.9999564 0.0093370 0.0000140
vn -0.9510156 0.0093280 0.3090019
vn -0.9510278 0.0093120 0.3089649
vn -0.8089734 0.0093180 0.5877713
vn -0.8089692 0.0093230 0.5877771
vn -0.5877388 0.0093320 0.8089967
vn -0.5877353 0.0093370 0.8089994
vn -0.3089691 0.0093420 0.9510263
vn -0.3089699 0.0093440 0.9510258
vn 0.0000230 0.0093480 0.9999563
vn 0.0000290 0.0093510 0.9999563
vn 0.3089781 0.0093520 0.9510232
vn 0.3089789 0.0093550 0.9510228
vn 0.5876964 0.0093580 0.8090275
vn 0.5877051 0.0093640 0.8090211
vn 0.8090362 0.0093710 0.5876841
vn 0.8090399 0.0093740 0.5876789
vn 0.9510301 0.0093750 0.3089560
vn 0.9510412 0.0093910 0.3089211
vn 0.9999557 0.0094040 -0.0000150
vn 0.9999557 0.0094040 -0.0000150
vn 0.9876257 0.0092930 -0.1565530
vn 0.9876391 0.0092590 -0.1564710
vn 0.8123810 -0.3068710 0.4958500
vn 0.8534704 -0.3701882 0.3668092
vn 0.7494079 -0.5482169 0.3712759
vn 0.8203086 0.1764879 0.5440087
vn 0.8064759 0.0000000 0.5912669
vn 0.8588910 -0.1118260 0.4998010
vn 0.8974261 -0.2591500 0.3570260
vn 0.8065021 0.3474840 0.4783401
vn 0.8406483 0.4454032 0.3081011
vn 0.8231125 0.4608247 0.3318528
vn -0.0017660 0.9995407 0.0302490
vn -0.2640750 -0.5668289 -0.7803649
vn -0.1862380 -0.4112891 -0.8922761
vn -0.1969999 -0.2654739 -0.9437767
vn -0.1490439 -0.1695479 -0.9741865
vn 0.0068870 0.2644099 -0.9643857
vn -0.1505330 0.3054539 -0.9402327
vn -0.1505659 0.7998216 -0.5810467
vn -0.1505180 0.7997781 -0.5811191
vn -0.1504870 0.9886119 -0.0000410
vn -0.1505200 0.7998111 0.5810730
vn -0.1505630 0.7997507 0.5811448
vn -0.1505280 0.3054809 0.9402247
vn -0.1505330 0.3054440 0.9402360
vn -0.1433000 0.0000000 0.9896793
vn -0.1822439 -0.2781899 0.9430786
vn 0.8289360 0.0060260 -0.5593110
vn 0.8311570 -0.1417770 -0.5376590
vn 0.8958978 -0.2278930 -0.3813549
vn 0.8833719 -0.2659390 -0.3859150
vn 0.8676451 -0.3079770 -0.3903100
vn -0.1492521 -0.4263512 0.8921594
vn -0.1601540 -0.7159528 0.6795308
vn -0.1834049 -0.8121697 0.5538437
vn -0.1390940 -0.9902597 0.0062020
vn -0.1505689 -0.9885995 -0.0000030
vn -0.1380720 -0.9392617 -0.3142029
vn -0.1314809 -0.9365896 -0.3248268
vn 0.8757576 0.4505068 -0.1734709
vn 0.8797628 0.3014680 -0.3676060
vn 0.8847625 0.3537418 -0.3034168
vn 0.8645602 0.5011711 -0.0369220
vn -0.8185816 0.0609900 0.5711427
vn -0.8183765 0.0608230 0.5714546
vn -0.9690746 0.0604350 0.2392529
vn -0.9683296 0.0475230 0.2451112
vn -0.9999388 0.0095660 -0.0055420
vn -0.9999825 -0.0046400 0.0036630
vn -0.9657068 -0.0013910 -0.2596309
vn -0.9678741 0.0125650 -0.2511210
vn -0.8243818 0.0478390 -0.5640088
vn -0.8290985 0.0608130 -0.5557854
vn -0.5867031 0.0609630 -0.8075042
vn -0.5866991 0.0609630 -0.8075071
vn -0.3084069 0.0609330 -0.9493008
vn -0.3083420 0.0609170 -0.9493231
vn 0.0000110 0.0609960 -0.9981380
vn 0.0000020 0.0610080 -0.9981372
vn 0.3084229 0.0610120 -0.9492906
vn 0.3084341 0.0610080 -0.9492874
vn 0.5866368 0.0609940 -0.8075498
vn 0.5866382 0.0609890 -0.8075493
vn 0.8075517 0.0609790 -0.5866358
vn 0.8075512 0.0609740 -0.5866371
vn 0.8894961 0.0602120 -0.4529580
vn 0.8894998 0.0602040 -0.4529518
vn -0.0055020 0.9999563 0.0075650
vn -0.0100490 0.9999422 0.0038180
vn -0.0039300 0.9999407 0.0101500
vn -0.0075680 0.9999561 0.0055100
vn -0.0070770 0.9999393 0.0084430
vn -0.0104080 0.9999420 -0.0027550
vn 0.0037600 0.9999425 -0.0100440
vn 0.0075560 0.9999565 -0.0054770
vn 0.0088770 0.9999565 -0.0028790
vn 0.0088730 0.9999565 -0.0028790
vn 0.0091390 0.9999408 0.0058890
vn 0.0093250 0.9999565 -0.0000000
vn 0.0068720 0.9999403 0.0084840
vn 0.0069960 0.9999391 0.0085270
vn 0.0040480 0.9999396 0.0102140
vn 0.0075490 0.9999565 0.0054770
vn 0.0005750 0.9999402 0.0109150
vn 0.0054560 0.9999566 0.0075370
vn 0.0083960 0.9999422 0.0067090
vn 0.0028690 0.9999564 0.0088910
vn -0.0000100 0.9999563 0.0093480
vn -0.0059000 0.9999398 0.0092430
vn -0.0084500 0.9999401 0.0069480
vn -0.0028860 0.9999563 0.0088910
vn -0.0070770 0.9999393 0.0084430
vn -0.0104080 0.9999420 -0.0027550
vn -0.0090320 0.9999418 -0.0058830
vn -0.0093600 0.9999561 -0.0000000
vn -0.0103160 0.9999427 0.0028270
vn -0.0069280 0.9999407 -0.0083910
vn -0.0035970 0.9999451 -0.0098340
vn -0.0076040 0.9999558 -0.0055100
vn -0.0055150 0.9999561 -0.0075650
vn -0.0006160 0.9999410 -0.0108410
vn -0.0084300 0.9999407 -0.0068840
vn 0.0027640 0.9999405 -0.0105530
vn -0.0058910 0.9999398 -0.0092420
vn 0.0058920 0.9999400 -0.0092350
vn -0.0028020 0.9999418 -0.0104120
vn 0.0028890 0.9999563 -0.0088890
vn 0.0102750 0.9999390 -0.0040470
vn 0.0054690 0.9999566 -0.0075370
vn -0.1296639 -0.9894745 0.0642450
vn -0.1296639 -0.9894745 0.0642450
vn -0.9999999 0.0000000 -0.0000000
vn -0.9999999 0.0000000 -0.0000000
vn -0.9999999 0.0000000 -0.0000000
vn -0.9999999 0.0000000 -0.0000000
vn -0.9999999 0.0000000 -0.0000000
vn -0.3626661 -0.8481353 -0.3861862
vn -0.5812919 -0.6623769 -0.4726059
vn -0.8047469 -0.5936109 0.0029170
vn -0.5265268 -0.8420708 0.1169880
vn -0.8310286 -0.4461788 0.3321379
vn -0.5567092 -0.7140383 0.4245282
vn -0.7754541 -0.2723350 0.5696530
vn 0.0013570 -0.5201629 -0.8540658
vn -0.1045300 -0.9105763 -0.3999051
vn -0.1621059 -0.9800236 0.1152180
vn -0.1742940 -0.8642200 0.4719590
vn -0.1662760 -0.6799279 0.7141780
vn -0.0020400 0.1845631 0.9828185
vn -0.0019820 -0.1281700 0.9917502
vn -0.0019150 -0.4283709 0.9036008
vn -0.0018580 -0.6866391 0.7269961
vn -0.0019440 -0.8777368 0.4791389
vn -0.0020170 -0.9942658 0.1069170
vn -0.0018640 -0.9036247 -0.4283209
vn -0.0018210 -0.4792070 -0.8777000
vn -0.0016410 -0.1847469 -0.9827847
vn 0.0000000 -0.2929239 0.9561357
vn 0.0000000 -0.3090168 0.9510565
vn 0.0000000 0.0000000 0.9999999
vn 0.0000000 0.0025190 0.9999967
vn 0.0000000 0.2901449 0.9569826
vn 0.0000000 0.3090180 0.9510561
vn 0.0000000 0.5661898 0.8242748
vn 0.0000000 0.5877839 0.8090179
vn 0.0000000 0.7868704 0.6171183
vn 0.0000000 0.8090166 0.5877857
vn 0.0000000 0.9378317 0.3470899
vn 0.0000000 0.9510565 0.3090172
vn 0.0000000 0.9995655 0.0294740
vn 0.0000000 0.9999999 -0.0000000
vn 0.0000000 0.9573550 -0.2889140
vn 0.0000000 0.9510565 -0.3090172
vn 0.0000000 0.8184016 -0.5746467
vn 0.0000000 0.8090171 -0.5877851
vn 0.0000000 0.5974100 -0.8019359
vn 0.0000000 0.5877863 -0.8090163
vn 0.0000000 0.3156721 -0.9488683
vn 0.0000000 0.3090141 -0.9510575
vn 0.0000000 0.1564329 -0.9876885
vn 0.0000000 0.1564341 -0.9876884
vn 0.0000010 0.2981521 -0.9545184
vn 0.0000010 0.2981509 -0.9545187
vn 0.0000000 0.5186037 -0.8550146
vn 0.0000000 0.5618298 -0.8272527
vn 0.0000000 0.7773502 -0.6290682
vn 0.0000000 -0.1564341 -0.9876884
vn 0.0000000 -0.1564341 -0.9876884
vn 0.0000000 -0.3090159 -0.9510567
vn 0.0000000 -0.3149909 -0.9490946
vn 0.0000000 -0.5877863 -0.8090163
vn 0.0000000 -0.5973521 -0.8019791
vn 0.0000000 -0.8090179 -0.5877839
vn 0.0000000 -0.8178849 -0.5753819
vn 0.0000000 -0.9510558 -0.3090189
vn 0.0000000 -0.9570575 -0.2898979
vn 0.0000000 -0.9999999 -0.0000010
vn 0.0000000 -0.9995067 0.0314050
vn 0.0000000 -0.9510565 0.3090172
vn 0.0000000 -0.9383782 0.3456101
vn 0.0000000 -0.8090163 0.5877863
vn 0.0000000 -0.7867033 0.6173313
vn 0.0000000 -0.5877851 0.8090171
vn 0.0000000 -0.5639287 0.8258235
vn -0.9473837 0.3200999 -0.0000000
vn -0.9473831 0.3201020 -0.0000000
vn -0.9473831 0.3201020 -0.0000000
vn -0.9473831 0.3201020 -0.0000000
vn -0.9473831 0.3201020 -0.0000000
vn 0.9858768 0.0601960 -0.1562790
vn 0.9849952 0.0655310 -0.1596560
vn 0.9981290 0.0611420 0.0001240
vn 0.9981285 0.0611500 -0.0000570
vn 0.9492834 0.0609980 0.3084478
vn 0.9492738 0.0609500 0.3084869
vn 0.8075542 0.0609740 0.5866331
vn 0.8075531 0.0609800 0.5866340
vn 0.5866290 0.0609880 0.8075561
vn 0.5866311 0.0609930 0.8075542
vn 0.3084299 0.0610040 0.9492888
vn 0.3084389 0.0610090 0.9492856
vn 0.0000210 0.0610020 0.9981376
vn 0.0000120 0.0609920 0.9981382
vn -0.3084439 0.0609180 0.9492898
vn -0.3083769 0.0609340 0.9493106
vn -0.5866529 0.0609590 0.8075409
vn -0.5866511 0.0609610 0.8075421
vn 0.9999999 0.0000000 -0.0000000
vn 0.9999999 0.0000000 -0.0000000
vn 0.9999999 0.0000000 -0.0000000
vn 0.9999999 0.0000000 -0.0000000
vn 0.9999999 0.0000000 -0.0000000
usemtl ove9000_saw_body_diffuse
f 5030/5030/5030 5029/5029/5029 5026/5026/5026
f 5028/5028/5028 5026/5026/5026 5029/5029/5029
f 5028/5028/5028 5027/5027/5027 5026/5026/5026
f 4862/4862/4862 4863/4863/4863 5025/5025/5025
f 4862/4862/4862 5025/5025/5025 5024/5024/5024
f 5024/5024/5024 5025/5025/5025 5023/5023/5023
f 5024/5024/5024 5023/5023/5023 5022/5022/5022
f 5022/5022/5022 5023/5023/5023 5021/5021/5021
f 5022/5022/5022 5021/5021/5021 5020/5020/5020
f 5020/5020/5020 5021/5021/5021 5019/5019/5019
f 5020/5020/5020 5019/5019/5019 5018/5018/5018
f 5018/5018/5018 5019/5019/5019 5017/5017/5017
f 5018/5018/5018 5017/5017/5017 5016/5016/5016
f 5016/5016/5016 5017/5017/5017 5015/5015/5015
f 5016/5016/5016 5015/5015/5015 5014/5014/5014
f 5014/5014/5014 5015/5015/5015 5013/5013/5013
f 5014/5014/5014 5013/5013/5013 5012/5012/5012
f 5012/5012/5012 5013/5013/5013 5011/5011/5011
f 5012/5012/5012 5011/5011/5011 5010/5010/5010
f 5010/5010/5010 5011/5011/5011 5009/5009/5009
f 5010/5010/5010 5009/5009/5009 5008/5008/5008
f 5007/5007/5007 5006/5006/5006 5005/5005/5005
f 5005/5005/5005 5006/5006/5006 5004/5004/5004
f 5005/5005/5005 5004/5004/5004 5003/5003/5003
f 4957/4957/4957 5002/5002/5002 4956/4956/4956
f 4957/4957/4957 5001/5001/5001 5002/5002/5002
f 5001/5001/5001 5000/5000/5000 5002/5002/5002
f 5001/5001/5001 4999/4999/4999 5000/5000/5000
f 4999/4999/4999 4998/4998/4998 5000/5000/5000
f 4999/4999/4999 4997/4997/4997 4998/4998/4998
f 4997/4997/4997 4996/4996/4996 4998/4998/4998
f 4997/4997/4997 4995/4995/4995 4996/4996/4996
f 4995/4995/4995 4994/4994/4994 4996/4996/4996
f 4995/4995/4995 4993/4993/4993 4994/4994/4994
f 4993/4993/4993 4992/4992/4992 4994/4994/4994
f 4993/4993/4993 4991/4991/4991 4992/4992/4992
f 4991/4991/4991 4990/4990/4990 4992/4992/4992
f 4991/4991/4991 4989/4989/4989 4990/4990/4990
f 4989/4989/4989 4988/4988/4988 4990/4990/4990
f 4989/4989/4989 4987/4987/4987 4988/4988/4988
f 4987/4987/4987 4985/4985/4985 4988/4988/4988
f 4987/4987/4987 4986/4986/4986 4985/4985/4985
f 4982/4982/4982 4984/4984/4984 4983/4983/4983
f 4982/4982/4982 4983/4983/4983 4981/4981/4981
f 4982/4982/4982 4981/4981/4981 4980/4980/4980
f 4977/4977/4977 4978/4978/4978 4979/4979/4979
f 4977/4977/4977 4976/4976/4976 4978/4978/4978
f 4975/4975/4975 4976/4976/4976 4977/4977/4977
f 4975/4975/4975 4974/4974/4974 4976/4976/4976
f 4973/4973/4973 4974/4974/4974 4975/4975/4975
f 4973/4973/4973 4972/4972/4972 4974/4974/4974
f 4971/4971/4971 4972/4972/4972 4973/4973/4973
f 4971/4971/4971 4970/4970/4970 4972/4972/4972
f 4969/4969/4969 4970/4970/4970 4971/4971/4971
f 4969/4969/4969 4968/4968/4968 4970/4970/4970
f 4967/4967/4967 4968/4968/4968 4969/4969/4969
f 4967/4967/4967 4966/4966/4966 4968/4968/4968
f 4965/4965/4965 4966/4966/4966 4967/4967/4967
f 4965/4965/4965 4964/4964/4964 4966/4966/4966
f 4963/4963/4963 4964/4964/4964 4965/4965/4965
f 4963/4963/4963 4962/4962/4962 4964/4964/4964
f 4961/4961/4961 4962/4962/4962 4963/4963/4963
f 4961/4961/4961 4960/4960/4960 4962/4962/4962
f 4958/4958/4958 4960/4960/4960 4961/4961/4961
f 4958/4958/4958 4959/4959/4959 4960/4960/4960
f 4958/4958/4958 4956/4956/4956 4959/4959/4959
f 4958/4958/4958 4957/4957/4957 4956/4956/4956
f 3886/3886/3886 3887/3887/3887 4942/4942/4942
f 4942/4942/4942 3887/3887/3887 4955/4955/4955
f 4942/4942/4942 4955/4955/4955 4954/4954/4954
f 4954/4954/4954 4943/4943/4943 4942/4942/4942
f 4954/4954/4954 4953/4953/4953 4943/4943/4943
f 4953/4953/4953 4944/4944/4944 4943/4943/4943
f 4953/4953/4953 4952/4952/4952 4944/4944/4944
f 4945/4945/4945 4944/4944/4944 4952/4952/4952
f 4945/4945/4945 4952/4952/4952 4951/4951/4951
f 4945/4945/4945 4951/4951/4951 4950/4950/4950
f 4945/4945/4945 4950/4950/4950 4946/4946/4946
f 4946/4946/4946 4950/4950/4950 4949/4949/4949
f 4946/4946/4946 4949/4949/4949 3733/3733/3733
f 3733/3733/3733 4949/4949/4949 4948/4948/4948
f 3733/3733/3733 4948/4948/4948 3734/3734/3734
f 3734/3734/3734 4948/4948/4948 4947/4947/4947
f 3734/3734/3734 4947/4947/4947 3735/3735/3735
f 3735/3735/3735 4947/4947/4947 3754/3754/3754
f 3733/3733/3733 3731/3731/3731 4946/4946/4946
f 4946/4946/4946 3731/3731/3731 4940/4940/4940
f 4946/4946/4946 4940/4940/4940 4945/4945/4945
f 4940/4940/4940 4944/4944/4944 4945/4945/4945
f 4940/4940/4940 4938/4938/4938 4944/4944/4944
f 4938/4938/4938 4943/4943/4943 4944/4944/4944
f 4938/4938/4938 4935/4935/4935 4943/4943/4943
f 4943/4943/4943 4935/4935/4935 4942/4942/4942
f 4935/4935/4935 3886/3886/3886 4942/4942/4942
f 4935/4935/4935 4936/4936/4936 3886/3886/3886
f 3870/3870/3870 3886/3886/3886 4936/4936/4936
f 4937/4937/4937 3870/3870/3870 4936/4936/4936
f 4937/4937/4937 3873/3873/3873 3870/3870/3870
f 4939/4939/4939 3873/3873/3873 4937/4937/4937
f 4939/4939/4939 3875/3875/3875 3873/3873/3873
f 4941/4941/4941 3875/3875/3875 4939/4939/4939
f 4941/4941/4941 3877/3877/3877 3875/3875/3875
f 3880/3880/3880 3877/3877/3877 4941/4941/4941
f 3706/3706/3706 3720/3720/3720 3715/3715/3715
f 3720/3720/3720 3706/3706/3706 3707/3707/3707
f 3719/3719/3719 3720/3720/3720 3707/3707/3707
f 3719/3719/3719 3707/3707/3707 3709/3709/3709
f 3725/3725/3725 3719/3719/3719 3709/3709/3709
f 3725/3725/3725 3709/3709/3709 3878/3878/3878
f 3725/3725/3725 3878/3878/3878 3727/3727/3727
f 3878/3878/3878 3880/3880/3880 3727/3727/3727
f 3729/3729/3729 3727/3727/3727 3880/3880/3880
f 3729/3729/3729 3880/3880/3880 3732/3732/3732
f 3732/3732/3732 3880/3880/3880 4941/4941/4941
f 3732/3732/3732 4941/4941/4941 3731/3731/3731
f 3731/3731/3731 4941/4941/4941 4939/4939/4939
f 3731/3731/3731 4939/4939/4939 4940/4940/4940
f 4939/4939/4939 4938/4938/4938 4940/4940/4940
f 4939/4939/4939 4937/4937/4937 4938/4938/4938
f 4937/4937/4937 4935/4935/4935 4938/4938/4938
f 4937/4937/4937 4936/4936/4936 4935/4935/4935
f 4934/4934/4934 4933/4933/4933 4930/4930/4930
f 4932/4932/4932 4930/4930/4930 4933/4933/4933
f 4932/4932/4932 4931/4931/4931 4930/4930/4930
f 4929/4929/4929 4928/4928/4928 4579/4579/4579
f 4892/4892/4892 4893/4893/4893 4927/4927/4927
f 4892/4892/4892 4927/4927/4927 4926/4926/4926
f 4926/4926/4926 4927/4927/4927 4925/4925/4925
f 4926/4926/4926 4925/4925/4925 4924/4924/4924
f 4924/4924/4924 4925/4925/4925 4923/4923/4923
f 4924/4924/4924 4923/4923/4923 4922/4922/4922
f 4922/4922/4922 4923/4923/4923 4921/4921/4921
f 4922/4922/4922 4921/4921/4921 4920/4920/4920
f 4920/4920/4920 4921/4921/4921 4919/4919/4919
f 4920/4920/4920 4919/4919/4919 4918/4918/4918
f 4918/4918/4918 4919/4919/4919 4917/4917/4917
f 4918/4918/4918 4917/4917/4917 4916/4916/4916
f 4916/4916/4916 4917/4917/4917 4915/4915/4915
f 4916/4916/4916 4915/4915/4915 4914/4914/4914
f 4914/4914/4914 4915/4915/4915 4913/4913/4913
f 4914/4914/4914 4913/4913/4913 4912/4912/4912
f 4912/4912/4912 4913/4913/4913 4911/4911/4911
f 4912/4912/4912 4911/4911/4911 4910/4910/4910
f 4886/4886/4886 4887/4887/4887 4909/4909/4909
f 4886/4886/4886 4909/4909/4909 4908/4908/4908
f 4908/4908/4908 4909/4909/4909 4907/4907/4907
f 4908/4908/4908 4907/4907/4907 4906/4906/4906
f 4906/4906/4906 4907/4907/4907 4905/4905/4905
f 4906/4906/4906 4905/4905/4905 4904/4904/4904
f 4904/4904/4904 4905/4905/4905 4903/4903/4903
f 4904/4904/4904 4903/4903/4903 4902/4902/4902
f 4902/4902/4902 4903/4903/4903 4901/4901/4901
f 4902/4902/4902 4901/4901/4901 4900/4900/4900
f 4900/4900/4900 4901/4901/4901 4899/4899/4899
f 4900/4900/4900 4899/4899/4899 4898/4898/4898
f 4898/4898/4898 4899/4899/4899 4897/4897/4897
f 4898/4898/4898 4897/4897/4897 4896/4896/4896
f 4896/4896/4896 4897/4897/4897 4895/4895/4895
f 4896/4896/4896 4895/4895/4895 4894/4894/4894
f 4894/4894/4894 4895/4895/4895 4893/4893/4893
f 4894/4894/4894 4893/4893/4893 4892/4892/4892
f 4890/4890/4890 4891/4891/4891 4889/4889/4889
f 4890/4890/4890 4889/4889/4889 4888/4888/4888
f 4888/4888/4888 4889/4889/4889 4887/4887/4887
f 4888/4888/4888 4887/4887/4887 4886/4886/4886
f 4884/4884/4884 4885/4885/4885 4883/4883/4883
f 4884/4884/4884 4883/4883/4883 4882/4882/4882
f 4882/4882/4882 4883/4883/4883 4881/4881/4881
f 4882/4882/4882 4881/4881/4881 4880/4880/4880
f 4880/4880/4880 4881/4881/4881 4879/4879/4879
f 4880/4880/4880 4879/4879/4879 4878/4878/4878
f 4878/4878/4878 4879/4879/4879 4877/4877/4877
f 4878/4878/4878 4877/4877/4877 4876/4876/4876
f 4876/4876/4876 4877/4877/4877 4875/4875/4875
f 4876/4876/4876 4875/4875/4875 4874/4874/4874
f 4874/4874/4874 4875/4875/4875 4873/4873/4873
f 4874/4874/4874 4873/4873/4873 4872/4872/4872
f 4872/4872/4872 4873/4873/4873 4871/4871/4871
f 4872/4872/4872 4871/4871/4871 4870/4870/4870
f 4870/4870/4870 4871/4871/4871 4869/4869/4869
f 4870/4870/4870 4869/4869/4869 4868/4868/4868
f 4868/4868/4868 4869/4869/4869 4866/4866/4866
f 4868/4868/4868 4866/4866/4866 4867/4867/4867
f 4866/4866/4866 4865/4865/4865 4867/4867/4867
f 4866/4866/4866 4864/4864/4864 4865/4865/4865
f 4864/4864/4864 4862/4862/4862 4865/4865/4865
f 4864/4864/4864 4863/4863/4863 4862/4862/4862
f 4861/4861/4861 4828/4828/4828 4858/4858/4858
f 4860/4860/4860 4861/4861/4861 4858/4858/4858
f 4859/4859/4859 4860/4860/4860 4858/4858/4858
f 4859/4859/4859 4858/4858/4858 4846/4846/4846
f 4854/4854/4854 4856/4856/4856 4857/4857/4857
f 4854/4854/4854 4855/4855/4855 4856/4856/4856
f 4853/4853/4853 4855/4855/4855 4854/4854/4854
f 4853/4853/4853 4854/4854/4854 4852/4852/4852
f 4845/4845/4845 4853/4853/4853 4852/4852/4852
f 4845/4845/4845 4852/4852/4852 4851/4851/4851
f 4850/4850/4850 4846/4846/4846 4849/4849/4849
f 4847/4847/4847 4849/4849/4849 4848/4848/4848
f 4847/4847/4847 4835/4835/4835 4846/4846/4846
f 4844/4844/4844 4843/4843/4843 4845/4845/4845
f 4844/4844/4844 4842/4842/4842 4843/4843/4843
f 4842/4842/4842 4841/4841/4841 4843/4843/4843
f 4842/4842/4842 4840/4840/4840 4841/4841/4841
f 4840/4840/4840 4839/4839/4839 4841/4841/4841
f 4840/4840/4840 4830/4830/4830 4839/4839/4839
f 4830/4830/4830 4838/4838/4838 4839/4839/4839
f 4830/4830/4830 4837/4837/4837 4838/4838/4838
f 4837/4837/4837 4836/4836/4836 4838/4838/4838
f 4837/4837/4837 4835/4835/4835 4836/4836/4836
f 4835/4835/4835 4833/4833/4833 4836/4836/4836
f 4835/4835/4835 4834/4834/4834 4833/4833/4833
f 4833/4833/4833 4834/4834/4834 4832/4832/4832
f 4833/4833/4833 4832/4832/4832 4831/4831/4831
f 4830/4830/4830 4829/4829/4829 4828/4828/4828
f 4828/4828/4828 4829/4829/4829 4827/4827/4827
f 4828/4828/4828 4827/4827/4827 4823/4823/4823
f 4821/4821/4821 4825/4825/4825 4826/4826/4826
f 4824/4824/4824 4825/4825/4825 4820/4820/4820
f 4824/4824/4824 4820/4820/4820 4823/4823/4823
f 4822/4822/4822 4821/4821/4821 4820/4820/4820
f 4817/4817/4817 4818/4818/4818 4819/4819/4819
f 4817/4817/4817 4816/4816/4816 4818/4818/4818
f 4815/4815/4815 4816/4816/4816 4817/4817/4817
f 4815/4815/4815 4814/4814/4814 4816/4816/4816
f 4813/4813/4813 4814/4814/4814 4815/4815/4815
f 4813/4813/4813 4812/4812/4812 4814/4814/4814
f 4811/4811/4811 4812/4812/4812 4813/4813/4813
f 4811/4811/4811 4810/4810/4810 4812/4812/4812
f 4809/4809/4809 4810/4810/4810 4811/4811/4811
f 4809/4809/4809 4808/4808/4808 4810/4810/4810
f 4807/4807/4807 4808/4808/4808 4809/4809/4809
f 4807/4807/4807 4806/4806/4806 4808/4808/4808
f 4805/4805/4805 4806/4806/4806 4807/4807/4807
f 4805/4805/4805 4804/4804/4804 4806/4806/4806
f 4803/4803/4803 4804/4804/4804 4805/4805/4805
f 4803/4803/4803 4802/4802/4802 4804/4804/4804
f 4801/4801/4801 4802/4802/4802 4803/4803/4803
f 4801/4801/4801 4800/4800/4800 4802/4802/4802
f 4799/4799/4799 4800/4800/4800 4801/4801/4801
f 4799/4799/4799 4798/4798/4798 4800/4800/4800
f 4797/4797/4797 4798/4798/4798 4799/4799/4799
f 4797/4797/4797 4796/4796/4796 4798/4798/4798
f 4795/4795/4795 4796/4796/4796 4797/4797/4797
f 4795/4795/4795 4794/4794/4794 4796/4796/4796
f 4793/4793/4793 4794/4794/4794 4795/4795/4795
f 4793/4793/4793 4792/4792/4792 4794/4794/4794
f 4791/4791/4791 4792/4792/4792 4793/4793/4793
f 4791/4791/4791 4790/4790/4790 4792/4792/4792
f 4789/4789/4789 4790/4790/4790 4791/4791/4791
f 4789/4789/4789 4788/4788/4788 4790/4790/4790
f 4787/4787/4787 4788/4788/4788 4789/4789/4789
f 4787/4787/4787 4786/4786/4786 4788/4788/4788
f 4785/4785/4785 4786/4786/4786 4787/4787/4787
f 4785/4785/4785 4784/4784/4784 4786/4786/4786
f 4783/4783/4783 4784/4784/4784 4785/4785/4785
f 4783/4783/4783 4782/4782/4782 4784/4784/4784
f 4781/4781/4781 4782/4782/4782 4783/4783/4783
f 4781/4781/4781 4778/4778/4778 4782/4782/4782
f 4780/4780/4780 4778/4778/4778 4781/4781/4781
f 4780/4780/4780 4779/4779/4779 4778/4778/4778
f 4775/4775/4775 4777/4777/4777 4776/4776/4776
f 4775/4775/4775 4776/4776/4776 4773/4773/4773
f 4774/4774/4774 4775/4775/4775 4773/4773/4773
f 4774/4774/4774 4773/4773/4773 2938/2938/2938
f 4770/4770/4770 4771/4771/4771 4772/4772/4772
f 4770/4770/4770 4769/4769/4769 4771/4771/4771
f 4768/4768/4768 4769/4769/4769 4770/4770/4770
f 4768/4768/4768 4767/4767/4767 4769/4769/4769
f 4766/4766/4766 4767/4767/4767 4768/4768/4768
f 4766/4766/4766 4765/4765/4765 4767/4767/4767
f 4764/4764/4764 4765/4765/4765 4766/4766/4766
f 4764/4764/4764 4763/4763/4763 4765/4765/4765
f 4762/4762/4762 4763/4763/4763 4764/4764/4764
f 4762/4762/4762 4761/4761/4761 4763/4763/4763
f 4760/4760/4760 4761/4761/4761 4762/4762/4762
f 4760/4760/4760 4759/4759/4759 4761/4761/4761
f 4758/4758/4758 4759/4759/4759 4760/4760/4760
f 4758/4758/4758 4757/4757/4757 4759/4759/4759
f 4756/4756/4756 4757/4757/4757 4758/4758/4758
f 4756/4756/4756 4755/4755/4755 4757/4757/4757
f 4754/4754/4754 4755/4755/4755 4756/4756/4756
f 4754/4754/4754 4753/4753/4753 4755/4755/4755
f 4752/4752/4752 4753/4753/4753 4754/4754/4754
f 4752/4752/4752 4751/4751/4751 4753/4753/4753
f 4750/4750/4750 4751/4751/4751 4752/4752/4752
f 4750/4750/4750 4749/4749/4749 4751/4751/4751
f 4748/4748/4748 4749/4749/4749 4750/4750/4750
f 4748/4748/4748 4747/4747/4747 4749/4749/4749
f 4746/4746/4746 4747/4747/4747 4748/4748/4748
f 4746/4746/4746 4745/4745/4745 4747/4747/4747
f 4744/4744/4744 4745/4745/4745 4746/4746/4746
f 4744/4744/4744 4743/4743/4743 4745/4745/4745
f 4742/4742/4742 4743/4743/4743 4744/4744/4744
f 4742/4742/4742 4741/4741/4741 4743/4743/4743
f 4740/4740/4740 4741/4741/4741 4742/4742/4742
f 4740/4740/4740 4739/4739/4739 4741/4741/4741
f 4738/4738/4738 4739/4739/4739 4740/4740/4740
f 4738/4738/4738 4737/4737/4737 4739/4739/4739
f 4736/4736/4736 4737/4737/4737 4738/4738/4738
f 4736/4736/4736 4735/4735/4735 4737/4737/4737
f 4734/4734/4734 4735/4735/4735 4736/4736/4736
f 4734/4734/4734 4731/4731/4731 4735/4735/4735
f 4733/4733/4733 4731/4731/4731 4734/4734/4734
f 4733/4733/4733 4732/4732/4732 4731/4731/4731
f 4727/4727/4727 4730/4730/4730 4729/4729/4729
f 4728/4728/4728 4727/4727/4727 4729/4729/4729
f 4727/4727/4727 4728/4728/4728 4726/4726/4726
f 4724/4724/4724 4727/4727/4727 4726/4726/4726
f 4724/4724/4724 4726/4726/4726 4725/4725/4725
f 4724/4724/4724 4725/4725/4725 4723/4723/4723
f 4724/4724/4724 4723/4723/4723 4722/4722/4722
f 4722/4722/4722 4723/4723/4723 4721/4721/4721
f 4721/4721/4721 4718/4718/4718 4722/4722/4722
f 4721/4721/4721 4720/4720/4720 4718/4718/4718
f 4718/4718/4718 4720/4720/4720 4719/4719/4719
f 4718/4718/4718 4719/4719/4719 4717/4717/4717
f 4718/4718/4718 4717/4717/4717 4714/4714/4714
f 4714/4714/4714 4717/4717/4717 4716/4716/4716
f 4716/4716/4716 4715/4715/4715 4714/4714/4714
f 4714/4714/4714 4715/4715/4715 2944/2944/2944
f 4714/4714/4714 2944/2944/2944 2943/2943/2943
f 4712/4712/4712 4713/4713/4713 4710/4710/4710
f 4712/4712/4712 4710/4710/4710 4711/4711/4711
f 4710/4710/4710 4709/4709/4709 4711/4711/4711
f 4710/4710/4710 4708/4708/4708 4709/4709/4709
f 4709/4709/4709 4708/4708/4708 4706/4706/4706
f 4708/4708/4708 4707/4707/4707 4706/4706/4706
f 4704/4704/4704 4702/4702/4702 4705/4705/4705
f 4704/4704/4704 4703/4703/4703 4702/4702/4702
f 4697/4697/4697 4695/4695/4695 4699/4699/4699
f 4701/4701/4701 4699/4699/4699 4695/4695/4695
f 4701/4701/4701 4700/4700/4700 4699/4699/4699
f 4696/4696/4696 4697/4697/4697 4698/4698/4698
f 4697/4697/4697 4696/4696/4696 4695/4695/4695
f 4695/4695/4695 4696/4696/4696 4694/4694/4694
f 4694/4694/4694 432/432/432 4695/4695/4695
f 4694/4694/4694 4693/4693/4693 432/432/432
f 4691/4691/4691 4690/4690/4690 4692/4692/4692
f 4691/4691/4691 4689/4689/4689 4690/4690/4690
f 4688/4688/4688 4690/4690/4690 4689/4689/4689
f 4688/4688/4688 4689/4689/4689 4686/4686/4686
f 4687/4687/4687 4688/4688/4688 4686/4686/4686
f 4687/4687/4687 4686/4686/4686 4685/4685/4685
f 4683/4683/4683 4684/4684/4684 4681/4681/4681
f 4682/4682/4682 4683/4683/4683 4681/4681/4681
f 4682/4682/4682 4681/4681/4681 4680/4680/4680
f 4678/4678/4678 4679/4679/4679 4676/4676/4676
f 4678/4678/4678 4676/4676/4676 4677/4677/4677
f 4675/4675/4675 4677/4677/4677 4676/4676/4676
f 4675/4675/4675 4676/4676/4676 4673/4673/4673
f 4674/4674/4674 4675/4675/4675 4673/4673/4673
f 4674/4674/4674 4673/4673/4673 4672/4672/4672
f 4670/4670/4670 4671/4671/4671 4668/4668/4668
f 4669/4669/4669 4670/4670/4670 4668/4668/4668
f 4669/4669/4669 4668/4668/4668 4667/4667/4667
f 4665/4665/4665 4666/4666/4666 4663/4663/4663
f 4664/4664/4664 4665/4665/4665 4663/4663/4663
f 4662/4662/4662 4664/4664/4664 4663/4663/4663
f 4662/4662/4662 4663/4663/4663 4660/4660/4660
f 4661/4661/4661 4662/4662/4662 4660/4660/4660
f 4661/4661/4661 4660/4660/4660 4659/4659/4659
f 4644/4644/4644 4649/4649/4649 4646/4646/4646
f 4644/4644/4644 4658/4658/4658 4649/4649/4649
f 4644/4644/4644 4640/4640/4640 4658/4658/4658
f 4640/4640/4640 4657/4657/4657 4658/4658/4658
f 4640/4640/4640 4639/4639/4639 4657/4657/4657
f 4639/4639/4639 4656/4656/4656 4657/4657/4657
f 4639/4639/4639 4618/4618/4618 4656/4656/4656
f 4618/4618/4618 4616/4616/4616 4656/4656/4656
f 4656/4656/4656 4616/4616/4616 4614/4614/4614
f 4656/4656/4656 4614/4614/4614 4655/4655/4655
f 4620/4620/4620 4655/4655/4655 4614/4614/4614
f 4651/4651/4651 4655/4655/4655 4620/4620/4620
f 4658/4658/4658 4651/4651/4651 4649/4649/4649
f 4658/4658/4658 4657/4657/4657 4651/4651/4651
f 4657/4657/4657 4655/4655/4655 4651/4651/4651
f 4657/4657/4657 4656/4656/4656 4655/4655/4655
f 4625/4625/4625 4623/4623/4623 4654/4654/4654
f 4654/4654/4654 4623/4623/4623 4642/4642/4642
f 4654/4654/4654 4642/4642/4642 4653/4653/4653
f 4652/4652/4652 4653/4653/4653 4642/4642/4642
f 4652/4652/4652 4642/4642/4642 4643/4643/4643
f 4533/4533/4533 4652/4652/4652 4643/4643/4643
f 4533/4533/4533 4643/4643/4643 4645/4645/4645
f 4533/4533/4533 4645/4645/4645 4532/4532/4532
f 4645/4645/4645 4647/4647/4647 4532/4532/4532
f 4532/4532/4532 4647/4647/4647 4534/4534/4534
f 4534/4534/4534 4647/4647/4647 4648/4648/4648
f 4534/4534/4534 4648/4648/4648 4542/4542/4542
f 4542/4542/4542 4648/4648/4648 4650/4650/4650
f 4542/4542/4542 4650/4650/4650 4541/4541/4541
f 4541/4541/4541 4650/4650/4650 4620/4620/4620
f 4541/4541/4541 4620/4620/4620 4539/4539/4539
f 4539/4539/4539 4620/4620/4620 4613/4613/4613
f 4539/4539/4539 4613/4613/4613 4538/4538/4538
f 4644/4644/4644 4641/4641/4641 4640/4640/4640
f 4651/4651/4651 4620/4620/4620 4650/4650/4650
f 4649/4649/4649 4651/4651/4651 4650/4650/4650
f 4649/4649/4649 4650/4650/4650 4648/4648/4648
f 4646/4646/4646 4649/4649/4649 4648/4648/4648
f 4646/4646/4646 4648/4648/4648 4647/4647/4647
f 4645/4645/4645 4646/4646/4646 4647/4647/4647
f 4645/4645/4645 4644/4644/4644 4646/4646/4646
f 4645/4645/4645 4643/4643/4643 4644/4644/4644
f 4643/4643/4643 4641/4641/4641 4644/4644/4644
f 4643/4643/4643 4642/4642/4642 4641/4641/4641
f 4623/4623/4623 4641/4641/4641 4642/4642/4642
f 4623/4623/4623 4626/4626/4626 4641/4641/4641
f 4626/4626/4626 4640/4640/4640 4641/4641/4641
f 4626/4626/4626 4628/4628/4628 4640/4640/4640
f 4628/4628/4628 4639/4639/4639 4640/4640/4640
f 4628/4628/4628 4631/4631/4631 4639/4639/4639
f 4631/4631/4631 4618/4618/4618 4639/4639/4639
f 4631/4631/4631 4619/4619/4619 4618/4618/4618
f 4634/4634/4634 4638/4638/4638 4637/4637/4637
f 4634/4634/4634 4637/4637/4637 4635/4635/4635
f 4635/4635/4635 4637/4637/4637 4636/4636/4636
f 4600/4600/4600 4615/4615/4615 4599/4599/4599
f 4615/4615/4615 4636/4636/4636 4599/4599/4599
f 4615/4615/4615 4621/4621/4621 4636/4636/4636
f 4635/4635/4635 4636/4636/4636 4621/4621/4621
f 4622/4622/4622 4635/4635/4635 4621/4621/4621
f 4622/4622/4622 4634/4634/4634 4635/4635/4635
f 4622/4622/4622 4633/4633/4633 4634/4634/4634
f 4619/4619/4619 4633/4633/4633 4622/4622/4622
f 4619/4619/4619 4632/4632/4632 4633/4633/4633
f 4631/4631/4631 4632/4632/4632 4619/4619/4619
f 4631/4631/4631 4630/4630/4630 4632/4632/4632
f 4628/4628/4628 4630/4630/4630 4631/4631/4631
f 4628/4628/4628 4629/4629/4629 4630/4630/4630
f 4627/4627/4627 4629/4629/4629 4628/4628/4628
f 4627/4627/4627 4628/4628/4628 4626/4626/4626
f 4624/4624/4624 4627/4627/4627 4626/4626/4626
f 4624/4624/4624 4626/4626/4626 4623/4623/4623
f 4625/4625/4625 4624/4624/4624 4623/4623/4623
f 4619/4619/4619 4622/4622/4622 4617/4617/4617
f 4622/4622/4622 4621/4621/4621 4617/4617/4617
f 4617/4617/4617 4621/4621/4621 4615/4615/4615
f 4620/4620/4620 4614/4614/4614 4613/4613/4613
f 4619/4619/4619 4617/4617/4617 4618/4618/4618
f 4618/4618/4618 4617/4617/4617 4616/4616/4616
f 4617/4617/4617 4615/4615/4615 4616/4616/4616
f 4614/4614/4614 4616/4616/4616 4615/4615/4615
f 4614/4614/4614 4615/4615/4615 4600/4600/4600
f 4613/4613/4613 4614/4614/4614 4600/4600/4600
f 4613/4613/4613 4600/4600/4600 4601/4601/4601
f 4538/4538/4538 4613/4613/4613 4601/4601/4601
f 4538/4538/4538 4601/4601/4601 4604/4604/4604
f 4535/4535/4535 4538/4538/4538 4604/4604/4604
f 4535/4535/4535 4604/4604/4604 4606/4606/4606
f 4572/4572/4572 4535/4535/4535 4606/4606/4606
f 4572/4572/4572 4606/4606/4606 4608/4608/4608
f 4571/4571/4571 4572/4572/4572 4608/4608/4608
f 4571/4571/4571 4608/4608/4608 4610/4610/4610
f 4571/4571/4571 4610/4610/4610 4612/4612/4612
f 4571/4571/4571 4612/4612/4612 4570/4570/4570
f 4569/4569/4569 4570/4570/4570 4612/4612/4612
f 4569/4569/4569 4574/4574/4574 4568/4568/4568
f 4569/4569/4569 4593/4593/4593 4574/4574/4574
f 4569/4569/4569 4612/4612/4612 4593/4593/4593
f 4612/4612/4612 4594/4594/4594 4593/4593/4593
f 4612/4612/4612 4611/4611/4611 4594/4594/4594
f 4610/4610/4610 4611/4611/4611 4612/4612/4612
f 4610/4610/4610 4609/4609/4609 4611/4611/4611
f 4608/4608/4608 4609/4609/4609 4610/4610/4610
f 4608/4608/4608 4607/4607/4607 4609/4609/4609
f 4606/4606/4606 4607/4607/4607 4608/4608/4608
f 4606/4606/4606 4605/4605/4605 4607/4607/4607
f 4604/4604/4604 4605/4605/4605 4606/4606/4606
f 4604/4604/4604 4603/4603/4603 4605/4605/4605
f 4601/4601/4601 4603/4603/4603 4604/4604/4604
f 4601/4601/4601 4602/4602/4602 4603/4603/4603
f 4601/4601/4601 4598/4598/4598 4602/4602/4602
f 4601/4601/4601 4600/4600/4600 4598/4598/4598
f 4600/4600/4600 4599/4599/4599 4598/4598/4598
f 4596/4596/4596 4595/4595/4595 4597/4597/4597
f 4584/4584/4584 4586/4586/4586 4596/4596/4596
f 4596/4596/4596 4586/4586/4586 4595/4595/4595
f 4586/4586/4586 4587/4587/4587 4595/4595/4595
f 4589/4589/4589 4590/4590/4590 4588/4588/4588
f 4593/4593/4593 4594/4594/4594 4592/4592/4592
f 4593/4593/4593 4592/4592/4592 4574/4574/4574
f 4574/4574/4574 4592/4592/4592 4591/4591/4591
f 4574/4574/4574 4591/4591/4591 4573/4573/4573
f 4573/4573/4573 4591/4591/4591 4590/4590/4590
f 4573/4573/4573 4590/4590/4590 4589/4589/4589
f 4575/4575/4575 4573/4573/4573 4589/4589/4589
f 4576/4576/4576 4575/4575/4575 4589/4589/4589
f 4576/4576/4576 4589/4589/4589 4581/4581/4581
f 4589/4589/4589 4588/4588/4588 4581/4581/4581
f 4580/4580/4580 4581/4581/4581 4588/4588/4588
f 4580/4580/4580 4588/4588/4588 4587/4587/4587
f 4586/4586/4586 4580/4580/4580 4587/4587/4587
f 4583/4583/4583 4580/4580/4580 4586/4586/4586
f 4584/4584/4584 4583/4583/4583 4586/4586/4586
f 4585/4585/4585 4583/4583/4583 4584/4584/4584
f 4585/4585/4585 4584/4584/4584 4579/4579/4579
f 4583/4583/4583 4582/4582/4582 4580/4580/4580
f 4577/4577/4577 4583/4583/4583 4578/4578/4578
f 4577/4577/4577 4582/4582/4582 4583/4583/4583
f 4577/4577/4577 4576/4576/4576 4582/4582/4582
f 4582/4582/4582 4576/4576/4576 4581/4581/4581
f 4582/4582/4582 4581/4581/4581 4580/4580/4580
f 4499/4499/4499 4579/4579/4579 4502/4502/4502
f 4499/4499/4499 4578/4578/4578 4579/4579/4579
f 4500/4500/4500 4578/4578/4578 4499/4499/4499
f 4500/4500/4500 4577/4577/4577 4578/4578/4578
f 4500/4500/4500 4565/4565/4565 4577/4577/4577
f 4577/4577/4577 4565/4565/4565 4576/4576/4576
f 4566/4566/4566 4576/4576/4576 4565/4565/4565
f 4566/4566/4566 4575/4575/4575 4576/4576/4576
f 4566/4566/4566 4567/4567/4567 4575/4575/4575
f 4575/4575/4575 4567/4567/4567 4573/4573/4573
f 4568/4568/4568 4573/4573/4573 4567/4567/4567
f 4568/4568/4568 4574/4574/4574 4573/4573/4573
f 4537/4537/4537 4535/4535/4535 4572/4572/4572
f 4548/4548/4548 4537/4537/4537 4572/4572/4572
f 4548/4548/4548 4572/4572/4572 4571/4571/4571
f 4564/4564/4564 4548/4548/4548 4571/4571/4571
f 4564/4564/4564 4571/4571/4571 4570/4570/4570
f 4563/4563/4563 4564/4564/4564 4570/4570/4570
f 4563/4563/4563 4570/4570/4570 4569/4569/4569
f 4562/4562/4562 4563/4563/4563 4569/4569/4569
f 4562/4562/4562 4569/4569/4569 4568/4568/4568
f 4562/4562/4562 4568/4568/4568 4567/4567/4567
f 4562/4562/4562 4567/4567/4567 4561/4561/4561
f 4566/4566/4566 4561/4561/4561 4567/4567/4567
f 4519/4519/4519 4561/4561/4561 4566/4566/4566
f 4519/4519/4519 4566/4566/4566 4565/4565/4565
f 4519/4519/4519 4565/4565/4565 4518/4518/4518
f 4500/4500/4500 4518/4518/4518 4565/4565/4565
f 4507/4507/4507 4518/4518/4518 4500/4500/4500
f 4501/4501/4501 4507/4507/4507 4500/4500/4500
f 4550/4550/4550 4548/4548/4548 4564/4564/4564
f 4558/4558/4558 4550/4550/4550 4564/4564/4564
f 4558/4558/4558 4564/4564/4564 4563/4563/4563
f 4559/4559/4559 4558/4558/4558 4563/4563/4563
f 4559/4559/4559 4563/4563/4563 4562/4562/4562
f 4559/4559/4559 4562/4562/4562 4561/4561/4561
f 4559/4559/4559 4561/4561/4561 4560/4560/4560
f 4519/4519/4519 4560/4560/4560 4561/4561/4561
f 4517/4517/4517 4560/4560/4560 4519/4519/4519
f 4517/4517/4517 4557/4557/4557 4560/4560/4560
f 4516/4516/4516 4557/4557/4557 4517/4517/4517
f 4514/4514/4514 4557/4557/4557 4516/4516/4516
f 4556/4556/4556 4560/4560/4560 4557/4557/4557
f 4556/4556/4556 4559/4559/4559 4560/4560/4560
f 4555/4555/4555 4559/4559/4559 4556/4556/4556
f 4555/4555/4555 4558/4558/4558 4559/4559/4559
f 4555/4555/4555 4550/4550/4550 4558/4558/4558
f 4555/4555/4555 4554/4554/4554 4550/4550/4550
f 4554/4554/4554 4549/4549/4549 4550/4550/4550
f 4554/4554/4554 4553/4553/4553 4549/4549/4549
f 4552/4552/4552 4549/4549/4549 4553/4553/4553
f 4552/4552/4552 4551/4551/4551 4549/4549/4549
f 4514/4514/4514 4556/4556/4556 4557/4557/4557
f 4512/4512/4512 4556/4556/4556 4514/4514/4514
f 4512/4512/4512 4555/4555/4555 4556/4556/4556
f 4547/4547/4547 4555/4555/4555 4512/4512/4512
f 4547/4547/4547 4554/4554/4554 4555/4555/4555
f 4546/4546/4546 4554/4554/4554 4547/4547/4547
f 4546/4546/4546 4553/4553/4553 4554/4554/4554
f 4545/4545/4545 4553/4553/4553 4546/4546/4546
f 4545/4545/4545 4552/4552/4552 4553/4553/4553
f 4544/4544/4544 4552/4552/4552 4545/4545/4545
f 4544/4544/4544 4543/4543/4543 4552/4552/4552
f 4543/4543/4543 4551/4551/4551 4552/4552/4552
f 4543/4543/4543 4540/4540/4540 4551/4551/4551
f 4551/4551/4551 4540/4540/4540 4536/4536/4536
f 4551/4551/4551 4536/4536/4536 4537/4537/4537
f 4549/4549/4549 4551/4551/4551 4537/4537/4537
f 4549/4549/4549 4537/4537/4537 4548/4548/4548
f 4550/4550/4550 4549/4549/4549 4548/4548/4548
f 4513/4513/4513 4547/4547/4547 4512/4512/4512
f 4524/4524/4524 4547/4547/4547 4513/4513/4513
f 4524/4524/4524 4546/4546/4546 4547/4547/4547
f 4526/4526/4526 4546/4546/4546 4524/4524/4524
f 4526/4526/4526 4545/4545/4545 4546/4546/4546
f 4528/4528/4528 4545/4545/4545 4526/4526/4526
f 4528/4528/4528 4544/4544/4544 4545/4545/4545
f 4530/4530/4530 4544/4544/4544 4528/4528/4528
f 4530/4530/4530 4534/4534/4534 4544/4544/4544
f 4534/4534/4534 4543/4543/4543 4544/4544/4544
f 4534/4534/4534 4542/4542/4542 4543/4543/4543
f 4542/4542/4542 4540/4540/4540 4543/4543/4543
f 4542/4542/4542 4541/4541/4541 4540/4540/4540
f 4540/4540/4540 4541/4541/4541 4539/4539/4539
f 4540/4540/4540 4539/4539/4539 4536/4536/4536
f 4536/4536/4536 4539/4539/4539 4538/4538/4538
f 4536/4536/4536 4538/4538/4538 4535/4535/4535
f 4537/4537/4537 4536/4536/4536 4535/4535/4535
f 4532/4532/4532 4534/4534/4534 4530/4530/4530
f 4533/4533/4533 4532/4532/4532 4531/4531/4531
f 4531/4531/4531 4532/4532/4532 4530/4530/4530
f 4531/4531/4531 4530/4530/4530 4529/4529/4529
f 4529/4529/4529 4530/4530/4530 4528/4528/4528
f 4529/4529/4529 4528/4528/4528 4527/4527/4527
f 4527/4527/4527 4528/4528/4528 4526/4526/4526
f 4527/4527/4527 4526/4526/4526 4525/4525/4525
f 4525/4525/4525 4526/4526/4526 4524/4524/4524
f 4525/4525/4525 4524/4524/4524 4523/4523/4523
f 4523/4523/4523 4524/4524/4524 4513/4513/4513
f 4523/4523/4523 4513/4513/4513 4522/4522/4522
f 4522/4522/4522 4513/4513/4513 4511/4511/4511
f 4522/4522/4522 4511/4511/4511 4521/4521/4521
f 4521/4521/4521 4511/4511/4511 4515/4515/4515
f 4521/4521/4521 4515/4515/4515 4520/4520/4520
f 4520/4520/4520 4515/4515/4515 4510/4510/4510
f 4520/4520/4520 4510/4510/4510 4496/4496/4496
f 4496/4496/4496 4510/4510/4510 4495/4495/4495
f 4517/4517/4517 4519/4519/4519 4518/4518/4518
f 4507/4507/4507 4508/4508/4508 4518/4518/4518
f 4517/4517/4517 4518/4518/4518 4508/4508/4508
f 4509/4509/4509 4517/4517/4517 4508/4508/4508
f 4516/4516/4516 4517/4517/4517 4509/4509/4509
f 4510/4510/4510 4516/4516/4516 4509/4509/4509
f 4515/4515/4515 4516/4516/4516 4510/4510/4510
f 4515/4515/4515 4514/4514/4514 4516/4516/4516
f 4511/4511/4511 4514/4514/4514 4515/4515/4515
f 4511/4511/4511 4512/4512/4512 4514/4514/4514
f 4513/4513/4513 4512/4512/4512 4511/4511/4511
f 4510/4510/4510 4509/4509/4509 4495/4495/4495
f 4495/4495/4495 4509/4509/4509 4497/4497/4497
f 4509/4509/4509 4508/4508/4508 4497/4497/4497
f 4482/4482/4482 4497/4497/4497 4508/4508/4508
f 4482/4482/4482 4508/4508/4508 4507/4507/4507
f 4485/4485/4485 4482/4482/4482 4507/4507/4507
f 4485/4485/4485 4507/4507/4507 4501/4501/4501
f 4487/4487/4487 4485/4485/4485 4501/4501/4501
f 4487/4487/4487 4501/4501/4501 4503/4503/4503
f 4486/4486/4486 4487/4487/4487 4503/4503/4503
f 4486/4486/4486 4503/4503/4503 4505/4505/4505
f 4486/4486/4486 4505/4505/4505 4506/4506/4506
f 4506/4506/4506 4505/4505/4505 4504/4504/4504
f 4503/4503/4503 4504/4504/4504 4505/4505/4505
f 4503/4503/4503 4502/4502/4502 4504/4504/4504
f 4501/4501/4501 4502/4502/4502 4503/4503/4503
f 4501/4501/4501 4499/4499/4499 4502/4502/4502
f 4501/4501/4501 4500/4500/4500 4499/4499/4499
f 4483/4483/4483 4497/4497/4497 4498/4498/4498
f 4483/4483/4483 4492/4492/4492 4497/4497/4497
f 4495/4495/4495 4497/4497/4497 4492/4492/4492
f 4496/4496/4496 4495/4495/4495 4494/4494/4494
f 4494/4494/4494 4495/4495/4495 4492/4492/4492
f 4494/4494/4494 4492/4492/4492 4493/4493/4493
f 4491/4491/4491 4493/4493/4493 4492/4492/4492
f 4491/4491/4491 4492/4492/4492 4483/4483/4483
f 4490/4490/4490 4491/4491/4491 4483/4483/4483
f 4490/4490/4490 4483/4483/4483 4484/4484/4484
f 4489/4489/4489 4490/4490/4490 4484/4484/4484
f 4489/4489/4489 4484/4484/4484 4488/4488/4488
f 4488/4488/4488 4484/4484/4484 4485/4485/4485
f 4488/4488/4488 4485/4485/4485 4487/4487/4487
f 4488/4488/4488 4487/4487/4487 4486/4486/4486
f 4484/4484/4484 4482/4482/4482 4485/4485/4485
f 4484/4484/4484 4483/4483/4483 4482/4482/4482
f 4480/4480/4480 4478/4478/4478 4481/4481/4481
f 4480/4480/4480 4479/4479/4479 4478/4478/4478
f 4476/4476/4476 4474/4474/4474 4477/4477/4477
f 4476/4476/4476 4475/4475/4475 4474/4474/4474
f 4472/4472/4472 4470/4470/4470 4473/4473/4473
f 4472/4472/4472 4471/4471/4471 4470/4470/4470
f 4468/4468/4468 4466/4466/4466 4469/4469/4469
f 4468/4468/4468 4467/4467/4467 4466/4466/4466
f 4464/4464/4464 4462/4462/4462 4465/4465/4465
f 4464/4464/4464 4463/4463/4463 4462/4462/4462
f 4460/4460/4460 4458/4458/4458 4461/4461/4461
f 4460/4460/4460 4459/4459/4459 4458/4458/4458
f 4456/4456/4456 4454/4454/4454 4457/4457/4457
f 4456/4456/4456 4455/4455/4455 4454/4454/4454
f 4452/4452/4452 4450/4450/4450 4453/4453/4453
f 4452/4452/4452 4451/4451/4451 4450/4450/4450
f 4448/4448/4448 4446/4446/4446 4449/4449/4449
f 4448/4448/4448 4447/4447/4447 4446/4446/4446
f 4444/4444/4444 4442/4442/4442 4445/4445/4445
f 4444/4444/4444 4443/4443/4443 4442/4442/4442
f 4440/4440/4440 4438/4438/4438 4441/4441/4441
f 4440/4440/4440 4439/4439/4439 4438/4438/4438
f 4436/4436/4436 4434/4434/4434 4437/4437/4437
f 4436/4436/4436 4435/4435/4435 4434/4434/4434
f 4432/4432/4432 4430/4430/4430 4433/4433/4433
f 4432/4432/4432 4431/4431/4431 4430/4430/4430
f 4428/4428/4428 4426/4426/4426 4429/4429/4429
f 4428/4428/4428 4427/4427/4427 4426/4426/4426
f 4424/4424/4424 4422/4422/4422 4425/4425/4425
f 4424/4424/4424 4423/4423/4423 4422/4422/4422
f 4420/4420/4420 4418/4418/4418 4421/4421/4421
f 4420/4420/4420 4419/4419/4419 4418/4418/4418
f 4416/4416/4416 4414/4414/4414 4417/4417/4417
f 4416/4416/4416 4415/4415/4415 4414/4414/4414
f 4412/4412/4412 4410/4410/4410 4413/4413/4413
f 4412/4412/4412 4411/4411/4411 4410/4410/4410
f 4408/4408/4408 4406/4406/4406 4409/4409/4409
f 4408/4408/4408 4407/4407/4407 4406/4406/4406
f 4404/4404/4404 4402/4402/4402 4405/4405/4405
f 4404/4404/4404 4403/4403/4403 4402/4402/4402
f 4400/4400/4400 4398/4398/4398 4401/4401/4401
f 4400/4400/4400 4399/4399/4399 4398/4398/4398
f 4396/4396/4396 4394/4394/4394 4397/4397/4397
f 4396/4396/4396 4395/4395/4395 4394/4394/4394
f 4392/4392/4392 4390/4390/4390 4393/4393/4393
f 4392/4392/4392 4391/4391/4391 4390/4390/4390
f 4388/4388/4388 4386/4386/4386 4389/4389/4389
f 4388/4388/4388 4387/4387/4387 4386/4386/4386
f 4384/4384/4384 4382/4382/4382 4385/4385/4385
f 4384/4384/4384 4383/4383/4383 4382/4382/4382
f 4380/4380/4380 4378/4378/4378 4381/4381/4381
f 4380/4380/4380 4379/4379/4379 4378/4378/4378
f 4376/4376/4376 4374/4374/4374 4377/4377/4377
f 4376/4376/4376 4375/4375/4375 4374/4374/4374
f 4372/4372/4372 4370/4370/4370 4373/4373/4373
f 4372/4372/4372 4371/4371/4371 4370/4370/4370
f 4368/4368/4368 4366/4366/4366 4369/4369/4369
f 4368/4368/4368 4367/4367/4367 4366/4366/4366
f 4364/4364/4364 4362/4362/4362 4365/4365/4365
f 4364/4364/4364 4363/4363/4363 4362/4362/4362
f 4360/4360/4360 4358/4358/4358 4361/4361/4361
f 4360/4360/4360 4359/4359/4359 4358/4358/4358
f 4356/4356/4356 4354/4354/4354 4357/4357/4357
f 4356/4356/4356 4355/4355/4355 4354/4354/4354
f 4352/4352/4352 4350/4350/4350 4353/4353/4353
f 4352/4352/4352 4351/4351/4351 4350/4350/4350
f 4348/4348/4348 4346/4346/4346 4349/4349/4349
f 4348/4348/4348 4347/4347/4347 4346/4346/4346
f 4344/4344/4344 4342/4342/4342 4345/4345/4345
f 4344/4344/4344 4343/4343/4343 4342/4342/4342
f 4340/4340/4340 4338/4338/4338 4341/4341/4341
f 4340/4340/4340 4339/4339/4339 4338/4338/4338
f 4336/4336/4336 4334/4334/4334 4337/4337/4337
f 4336/4336/4336 4335/4335/4335 4334/4334/4334
f 4332/4332/4332 4330/4330/4330 4333/4333/4333
f 4332/4332/4332 4331/4331/4331 4330/4330/4330
f 4328/4328/4328 4326/4326/4326 4329/4329/4329
f 4328/4328/4328 4327/4327/4327 4326/4326/4326
f 4324/4324/4324 4322/4322/4322 4325/4325/4325
f 4324/4324/4324 4323/4323/4323 4322/4322/4322
f 4320/4320/4320 4318/4318/4318 4321/4321/4321
f 4320/4320/4320 4319/4319/4319 4318/4318/4318
f 4316/4316/4316 4314/4314/4314 4317/4317/4317
f 4316/4316/4316 4315/4315/4315 4314/4314/4314
f 4312/4312/4312 4310/4310/4310 4313/4313/4313
f 4312/4312/4312 4311/4311/4311 4310/4310/4310
f 4308/4308/4308 4306/4306/4306 4309/4309/4309
f 4308/4308/4308 4307/4307/4307 4306/4306/4306
f 4304/4304/4304 4302/4302/4302 4305/4305/4305
f 4304/4304/4304 4303/4303/4303 4302/4302/4302
f 4300/4300/4300 4298/4298/4298 4301/4301/4301
f 4300/4300/4300 4299/4299/4299 4298/4298/4298
f 4296/4296/4296 4294/4294/4294 4297/4297/4297
f 4296/4296/4296 4295/4295/4295 4294/4294/4294
f 4292/4292/4292 4290/4290/4290 4293/4293/4293
f 4292/4292/4292 4291/4291/4291 4290/4290/4290
f 4288/4288/4288 4286/4286/4286 4289/4289/4289
f 4288/4288/4288 4287/4287/4287 4286/4286/4286
f 4284/4284/4284 4282/4282/4282 4285/4285/4285
f 4284/4284/4284 4283/4283/4283 4282/4282/4282
f 4280/4280/4280 4278/4278/4278 4281/4281/4281
f 4280/4280/4280 4279/4279/4279 4278/4278/4278
f 4276/4276/4276 4274/4274/4274 4277/4277/4277
f 4276/4276/4276 4275/4275/4275 4274/4274/4274
f 4272/4272/4272 4270/4270/4270 4273/4273/4273
f 4272/4272/4272 4271/4271/4271 4270/4270/4270
f 4268/4268/4268 4266/4266/4266 4269/4269/4269
f 4268/4268/4268 4267/4267/4267 4266/4266/4266
f 4264/4264/4264 4262/4262/4262 4265/4265/4265
f 4264/4264/4264 4263/4263/4263 4262/4262/4262
f 4260/4260/4260 4258/4258/4258 4261/4261/4261
f 4260/4260/4260 4259/4259/4259 4258/4258/4258
f 4256/4256/4256 4254/4254/4254 4257/4257/4257
f 4256/4256/4256 4255/4255/4255 4254/4254/4254
f 4252/4252/4252 4250/4250/4250 4253/4253/4253
f 4252/4252/4252 4251/4251/4251 4250/4250/4250
f 4248/4248/4248 4246/4246/4246 4249/4249/4249
f 4248/4248/4248 4247/4247/4247 4246/4246/4246
f 4244/4244/4244 4242/4242/4242 4245/4245/4245
f 4244/4244/4244 4243/4243/4243 4242/4242/4242
f 4240/4240/4240 4238/4238/4238 4241/4241/4241
f 4240/4240/4240 4239/4239/4239 4238/4238/4238
f 4236/4236/4236 4234/4234/4234 4237/4237/4237
f 4236/4236/4236 4235/4235/4235 4234/4234/4234
f 4232/4232/4232 4230/4230/4230 4233/4233/4233
f 4232/4232/4232 4231/4231/4231 4230/4230/4230
f 4228/4228/4228 4226/4226/4226 4229/4229/4229
f 4228/4228/4228 4227/4227/4227 4226/4226/4226
f 4224/4224/4224 4222/4222/4222 4225/4225/4225
f 4224/4224/4224 4223/4223/4223 4222/4222/4222
f 4220/4220/4220 4218/4218/4218 4221/4221/4221
f 4220/4220/4220 4219/4219/4219 4218/4218/4218
f 4216/4216/4216 4214/4214/4214 4217/4217/4217
f 4216/4216/4216 4215/4215/4215 4214/4214/4214
f 4212/4212/4212 4210/4210/4210 4213/4213/4213
f 4212/4212/4212 4211/4211/4211 4210/4210/4210
f 4208/4208/4208 4206/4206/4206 4209/4209/4209
f 4208/4208/4208 4207/4207/4207 4206/4206/4206
f 4204/4204/4204 4202/4202/4202 4205/4205/4205
f 4204/4204/4204 4203/4203/4203 4202/4202/4202
f 4200/4200/4200 4198/4198/4198 4201/4201/4201
f 4200/4200/4200 4199/4199/4199 4198/4198/4198
f 4196/4196/4196 4194/4194/4194 4197/4197/4197
f 4196/4196/4196 4195/4195/4195 4194/4194/4194
f 4192/4192/4192 4190/4190/4190 4193/4193/4193
f 4192/4192/4192 4191/4191/4191 4190/4190/4190
f 4188/4188/4188 4186/4186/4186 4189/4189/4189
f 4188/4188/4188 4187/4187/4187 4186/4186/4186
f 4184/4184/4184 4182/4182/4182 4185/4185/4185
f 4184/4184/4184 4183/4183/4183 4182/4182/4182
f 4180/4180/4180 4178/4178/4178 4181/4181/4181
f 4180/4180/4180 4179/4179/4179 4178/4178/4178
f 4176/4176/4176 4174/4174/4174 4177/4177/4177
f 4176/4176/4176 4175/4175/4175 4174/4174/4174
f 4172/4172/4172 4170/4170/4170 4173/4173/4173
f 4172/4172/4172 4171/4171/4171 4170/4170/4170
f 4168/4168/4168 4166/4166/4166 4169/4169/4169
f 4168/4168/4168 4167/4167/4167 4166/4166/4166
f 4164/4164/4164 4162/4162/4162 4165/4165/4165
f 4164/4164/4164 4163/4163/4163 4162/4162/4162
f 4159/4159/4159 4161/4161/4161 4160/4160/4160
f 4159/4159/4159 4160/4160/4160 4157/4157/4157
f 4158/4158/4158 4159/4159/4159 4157/4157/4157
f 4158/4158/4158 4157/4157/4157 4156/4156/4156
f 4152/4152/4152 4154/4154/4154 4155/4155/4155
f 4152/4152/4152 4153/4153/4153 4154/4154/4154
f 4152/4152/4152 4151/4151/4151 4153/4153/4153
f 4152/4152/4152 4149/4149/4149 4151/4151/4151
f 4150/4150/4150 4151/4151/4151 4149/4149/4149
f 4150/4150/4150 4149/4149/4149 4148/4148/4148
f 4145/4145/4145 4146/4146/4146 4147/4147/4147
f 4143/4143/4143 4146/4146/4146 4145/4145/4145
f 4143/4143/4143 4145/4145/4145 4144/4144/4144
f 4143/4143/4143 4144/4144/4144 4142/4142/4142
f 4143/4143/4143 4142/4142/4142 4139/4139/4139
f 4141/4141/4141 4139/4139/4139 4142/4142/4142
f 4141/4141/4141 4140/4140/4140 4139/4139/4139
f 4137/4137/4137 4135/4135/4135 4138/4138/4138
f 4137/4137/4137 4136/4136/4136 4135/4135/4135
f 4131/4131/4131 4134/4134/4134 4133/4133/4133
f 4132/4132/4132 4131/4131/4131 4133/4133/4133
f 4131/4131/4131 4132/4132/4132 4130/4130/4130
f 4131/4131/4131 4130/4130/4130 4127/4127/4127
f 4130/4130/4130 4129/4129/4129 4127/4127/4127
f 4129/4129/4129 4128/4128/4128 4127/4127/4127
f 4125/4125/4125 4123/4123/4123 4126/4126/4126
f 4125/4125/4125 4124/4124/4124 4123/4123/4123
f 4121/4121/4121 4119/4119/4119 4122/4122/4122
f 4121/4121/4121 4120/4120/4120 4119/4119/4119
f 4117/4117/4117 4115/4115/4115 4118/4118/4118
f 4117/4117/4117 4116/4116/4116 4115/4115/4115
f 4112/4112/4112 4114/4114/4114 4113/4113/4113
f 4113/4113/4113 2998/2998/2998 4110/4110/4110
f 4113/4113/4113 4110/4110/4110 4112/4112/4112
f 4109/4109/4109 4112/4112/4112 4110/4110/4110
f 4109/4109/4109 4108/4108/4108 4112/4112/4112
f 4112/4112/4112 4108/4108/4108 4107/4107/4107
f 4112/4112/4112 4107/4107/4107 4111/4111/4111
f 4107/4107/4107 4106/4106/4106 4111/4111/4111
f 4089/4089/4089 2997/2997/2997 3000/3000/3000
f 4089/4089/4089 4094/4094/4094 2997/2997/2997
f 4094/4094/4094 2998/2998/2998 2997/2997/2997
f 4094/4094/4094 4110/4110/4110 2998/2998/2998
f 4093/4093/4093 4110/4110/4110 4094/4094/4094
f 4093/4093/4093 4109/4109/4109 4110/4110/4110
f 4109/4109/4109 4093/4093/4093 4091/4091/4091
f 4108/4108/4108 4109/4109/4109 4091/4091/4091
f 4097/4097/4097 4108/4108/4108 4091/4091/4091
f 4107/4107/4107 4108/4108/4108 4097/4097/4097
f 4107/4107/4107 4097/4097/4097 4098/4098/4098
f 4107/4107/4107 4098/4098/4098 4106/4106/4106
f 4106/4106/4106 4098/4098/4098 4099/4099/4099
f 4106/4106/4106 4099/4099/4099 4105/4105/4105
f 4105/4105/4105 4099/4099/4099 4104/4104/4104
f 4105/4105/4105 4104/4104/4104 4103/4103/4103
f 4103/4103/4103 4104/4104/4104 2956/2956/2956
f 4103/4103/4103 2956/2956/2956 2960/2960/2960
f 4101/4101/4101 2956/2956/2956 4100/4100/4100
f 4101/4101/4101 4102/4102/4102 2956/2956/2956
f 4101/4101/4101 4092/4092/4092 4102/4102/4102
f 4101/4101/4101 4091/4091/4091 4092/4092/4092
f 4101/4101/4101 4096/4096/4096 4091/4091/4091
f 4101/4101/4101 4100/4100/4100 4096/4096/4096
f 4095/4095/4095 4096/4096/4096 4100/4100/4100
f 4095/4095/4095 4100/4100/4100 4099/4099/4099
f 4095/4095/4095 4099/4099/4099 4098/4098/4098
f 4095/4095/4095 4098/4098/4098 4097/4097/4097
f 4095/4095/4095 4097/4097/4097 4091/4091/4091
f 4096/4096/4096 4095/4095/4095 4091/4091/4091
f 4090/4090/4090 4094/4094/4094 4089/4089/4089
f 4090/4090/4090 4093/4093/4093 4094/4094/4094
f 4093/4093/4093 4090/4090/4090 4091/4091/4091
f 4092/4092/4092 4088/4088/4088 2955/2955/2955
f 4092/4092/4092 4087/4087/4087 4088/4088/4088
f 4092/4092/4092 4091/4091/4091 4087/4087/4087
f 4087/4087/4087 4091/4091/4091 4086/4086/4086
f 4086/4086/4086 4091/4091/4091 4090/4090/4090
f 4084/4084/4084 4086/4086/4086 4090/4090/4090
f 4084/4084/4084 4090/4090/4090 4089/4089/4089
f 4084/4084/4084 4089/4089/4089 3000/3000/3000
f 4087/4087/4087 4084/4084/4084 4088/4088/4088
f 4087/4087/4087 4086/4086/4086 4084/4084/4084
f 4078/4078/4078 4084/4084/4084 4077/4077/4077
f 4085/4085/4085 4077/4077/4077 4084/4084/4084
f 4085/4085/4085 4084/4084/4084 4083/4083/4083
f 4080/4080/4080 4082/4082/4082 4081/4081/4081
f 4080/4080/4080 4081/4081/4081 4079/4079/4079
f 4079/4079/4079 4076/4076/4076 4080/4080/4080
f 4079/4079/4079 4078/4078/4078 4076/4076/4076
f 4078/4078/4078 4077/4077/4077 4076/4076/4076
f 4069/4069/4069 4075/4075/4075 4068/4068/4068
f 2950/2950/2950 2946/2946/2946 4074/4074/4074
f 4074/4074/4074 2946/2946/2946 4073/4073/4073
f 4072/4072/4072 4074/4074/4074 4073/4073/4073
f 4072/4072/4072 4073/4073/4073 4071/4071/4071
f 4070/4070/4070 4072/4072/4072 4071/4071/4071
f 4070/4070/4070 4071/4071/4071 4069/4069/4069
f 4069/4069/4069 4064/4064/4064 4070/4070/4070
f 4069/4069/4069 4068/4068/4068 4064/4064/4064
f 4068/4068/4068 4067/4067/4067 4064/4064/4064
f 4067/4067/4067 4065/4065/4065 4064/4064/4064
f 4067/4067/4067 4066/4066/4066 4065/4065/4065
f 4065/4065/4065 4063/4063/4063 4064/4064/4064
f 4063/4063/4063 4047/4047/4047 4064/4064/4064
f 4063/4063/4063 4062/4062/4062 4047/4047/4047
f 4062/4062/4062 4046/4046/4046 4047/4047/4047
f 4062/4062/4062 4061/4061/4061 4046/4046/4046
f 4050/4050/4050 4052/4052/4052 4060/4060/4060
f 4058/4058/4058 4056/4056/4056 4059/4059/4059
f 4058/4058/4058 4057/4057/4057 4056/4056/4056
f 4055/4055/4055 4056/4056/4056 4057/4057/4057
f 4055/4055/4055 4054/4054/4054 4056/4056/4056
f 4054/4054/4054 4055/4055/4055 4053/4053/4053
f 4054/4054/4054 4053/4053/4053 4051/4051/4051
f 4052/4052/4052 4051/4051/4051 4053/4053/4053
f 4050/4050/4050 4051/4051/4051 4052/4052/4052
f 4050/4050/4050 4049/4049/4049 4051/4051/4051
f 4050/4050/4050 4048/4048/4048 4049/4049/4049
f 4045/4045/4045 4049/4049/4049 4048/4048/4048
f 4047/4047/4047 4045/4045/4045 4048/4048/4048
f 4047/4047/4047 4046/4046/4046 4045/4045/4045
f 4043/4043/4043 4042/4042/4042 4044/4044/4044
f 4043/4043/4043 3966/3966/3966 4042/4042/4042
f 4038/4038/4038 4041/4041/4041 4040/4040/4040
f 4038/4038/4038 4040/4040/4040 4039/4039/4039
f 4038/4038/4038 4039/4039/4039 4037/4037/4037
f 4038/4038/4038 4037/4037/4037 4036/4036/4036
f 4036/4036/4036 4037/4037/4037 4035/4035/4035
f 4036/4036/4036 4035/4035/4035 4034/4034/4034
f 4034/4034/4034 4035/4035/4035 4033/4033/4033
f 4034/4034/4034 4033/4033/4033 4032/4032/4032
f 4032/4032/4032 4033/4033/4033 4030/4030/4030
f 4032/4032/4032 4030/4030/4030 4031/4031/4031
f 4030/4030/4030 4029/4029/4029 4031/4031/4031
f 4030/4030/4030 4028/4028/4028 4029/4029/4029
f 4028/4028/4028 4026/4026/4026 4029/4029/4029
f 4028/4028/4028 4027/4027/4027 4026/4026/4026
f 4024/4024/4024 4026/4026/4026 4027/4027/4027
f 4024/4024/4024 4025/4025/4025 4026/4026/4026
f 4023/4023/4023 4025/4025/4025 4024/4024/4024
f 4023/4023/4023 4024/4024/4024 4021/4021/4021
f 4022/4022/4022 4023/4023/4023 4021/4021/4021
f 4022/4022/4022 4021/4021/4021 4020/4020/4020
f 4019/4019/4019 3594/3594/3594 4017/4017/4017
f 4019/4019/4019 4017/4017/4017 4018/4018/4018
f 4016/4016/4016 4018/4018/4018 4017/4017/4017
f 4016/4016/4016 4017/4017/4017 4014/4014/4014
f 4015/4015/4015 4016/4016/4016 4014/4014/4014
f 4015/4015/4015 4014/4014/4014 4013/4013/4013
f 3097/3097/3097 4012/4012/4012 3095/3095/3095
f 3106/3106/3106 4012/4012/4012 3097/3097/3097
f 4011/4011/4011 4012/4012/4012 3106/3106/3106
f 4010/4010/4010 4011/4011/4011 3106/3106/3106
f 4009/4009/4009 4010/4010/4010 3106/3106/3106
f 4009/4009/4009 3106/3106/3106 4006/4006/4006
f 4008/4008/4008 4009/4009/4009 4006/4006/4006
f 4008/4008/4008 4006/4006/4006 4007/4007/4007
f 4007/4007/4007 4006/4006/4006 4004/4004/4004
f 4004/4004/4004 4006/4006/4006 4005/4005/4005
f 4004/4004/4004 4005/4005/4005 4003/4003/4003
f 3996/3996/3996 4003/4003/4003 4005/4005/4005
f 3997/3997/3997 4003/4003/4003 3996/3996/3996
f 4003/4003/4003 3997/3997/3997 3998/3998/3998
f 4003/4003/4003 3998/3998/3998 3999/3999/3999
f 4003/4003/4003 3999/3999/3999 4002/4002/4002
f 4004/4004/4004 4003/4003/4003 4002/4002/4002
f 3993/3993/3993 3994/3994/3994 4001/4001/4001
f 4000/4000/4000 3993/3993/3993 4001/4001/4001
f 3999/3999/3999 3993/3993/3993 4000/4000/4000
f 3993/3993/3993 3999/3999/3999 3998/3998/3998
f 3992/3992/3992 3993/3993/3993 3998/3998/3998
f 3992/3992/3992 3998/3998/3998 3997/3997/3997
f 3992/3992/3992 3997/3997/3997 3991/3991/3991
f 3990/3990/3990 3991/3991/3991 3997/3997/3997
f 3990/3990/3990 3997/3997/3997 3996/3996/3996
f 3990/3990/3990 3996/3996/3996 3989/3989/3989
f 3987/3987/3987 3995/3995/3995 3986/3986/3986
f 3994/3994/3994 3986/3986/3986 3995/3995/3995
f 3993/3993/3993 3986/3986/3986 3994/3994/3994
f 3985/3985/3985 3986/3986/3986 3993/3993/3993
f 3992/3992/3992 3985/3985/3985 3993/3993/3993
f 3984/3984/3984 3985/3985/3985 3992/3992/3992
f 3991/3991/3991 3984/3984/3984 3992/3992/3992
f 3991/3991/3991 3983/3983/3983 3984/3984/3984
f 3982/3982/3982 3983/3983/3983 3991/3991/3991
f 3990/3990/3990 3982/3982/3982 3991/3991/3991
f 3982/3982/3982 3990/3990/3990 3981/3981/3981
f 3989/3989/3989 3981/3981/3981 3990/3990/3990
f 3989/3989/3989 3980/3980/3980 3981/3981/3981
f 3090/3090/3090 3988/3988/3988 3089/3089/3089
f 3988/3988/3988 3972/3972/3972 3089/3089/3089
f 3987/3987/3987 3972/3972/3972 3988/3988/3988
f 3987/3987/3987 3986/3986/3986 3972/3972/3972
f 3972/3972/3972 3986/3986/3986 3977/3977/3977
f 3985/3985/3985 3977/3977/3977 3986/3986/3986
f 2902/2902/2902 3977/3977/3977 3985/3985/3985
f 3984/3984/3984 2902/2902/2902 3985/3985/3985
f 2903/2903/2903 2902/2902/2902 3984/3984/3984
f 2903/2903/2903 3984/3984/3984 3983/3983/3983
f 2903/2903/2903 3983/3983/3983 2905/2905/2905
f 2905/2905/2905 3983/3983/3983 2907/2907/2907
f 3982/3982/3982 2907/2907/2907 3983/3983/3983
f 2909/2909/2909 2907/2907/2907 3982/3982/3982
f 3982/3982/3982 3981/3981/3981 2909/2909/2909
f 2911/2911/2911 2909/2909/2909 3981/3981/3981
f 3980/3980/3980 2911/2911/2911 3981/3981/3981
f 3980/3980/3980 2967/2967/2967 2911/2911/2911
f 2902/2902/2902 3978/3978/3978 3977/3977/3977
f 2902/2902/2902 2900/2900/2900 3978/3978/3978
f 2900/2900/2900 3979/3979/3979 3978/3978/3978
f 2899/2899/2899 3979/3979/3979 2900/2900/2900
f 2898/2898/2898 3979/3979/3979 2899/2899/2899
f 2898/2898/2898 3970/3970/3970 3979/3979/3979
f 3979/3979/3979 3970/3970/3970 3978/3978/3978
f 3968/3968/3968 3978/3978/3978 3970/3970/3970
f 3968/3968/3968 3977/3977/3977 3978/3978/3978
f 3968/3968/3968 3969/3969/3969 3977/3977/3977
f 3972/3972/3972 3977/3977/3977 3969/3969/3969
f 3972/3972/3972 3969/3969/3969 3971/3971/3971
f 3965/3965/3965 3971/3971/3971 3969/3969/3969
f 3965/3965/3965 3973/3973/3973 3971/3971/3971
f 3965/3965/3965 3976/3976/3976 3973/3973/3973
f 3973/3973/3973 3976/3976/3976 3975/3975/3975
f 3973/3973/3973 3975/3975/3975 3974/3974/3974
f 3974/3974/3974 3093/3093/3093 3973/3973/3973
f 3973/3973/3973 3093/3093/3093 3089/3089/3089
f 3973/3973/3973 3089/3089/3089 3971/3971/3971
f 3972/3972/3972 3971/3971/3971 3089/3089/3089
f 3970/3970/3970 2898/2898/2898 3962/3962/3962
f 3965/3965/3965 3970/3970/3970 3962/3962/3962
f 3965/3965/3965 3968/3968/3968 3970/3970/3970
f 3965/3965/3965 3969/3969/3969 3968/3968/3968
f 3967/3967/3967 3964/3964/3964 3966/3966/3966
f 3966/3966/3966 3964/3964/3964 3963/3963/3963
f 3965/3965/3965 3962/3962/3962 3964/3964/3964
f 3963/3963/3963 3964/3964/3964 3962/3962/3962
f 3962/3962/3962 3961/3961/3961 3963/3963/3963
f 3962/3962/3962 3960/3960/3960 3961/3961/3961
f 3065/3065/3065 3961/3961/3961 3960/3960/3960
f 3953/3953/3953 3959/3959/3959 3956/3956/3956
f 3953/3953/3953 3067/3067/3067 3959/3959/3959
f 3068/3068/3068 3959/3959/3959 3067/3067/3067
f 3068/3068/3068 3069/3069/3069 3959/3959/3959
f 3071/3071/3071 3959/3959/3959 3069/3069/3069
f 3071/3071/3071 3072/3072/3072 3959/3959/3959
f 3072/3072/3072 3956/3956/3956 3959/3959/3959
f 3072/3072/3072 3074/3074/3074 3956/3956/3956
f 3958/3958/3958 3956/3956/3956 3074/3074/3074
f 3956/3956/3956 3958/3958/3958 3957/3957/3957
f 3955/3955/3955 3956/3956/3956 3957/3957/3957
f 3955/3955/3955 3953/3953/3953 3956/3956/3956
f 3953/3953/3953 3955/3955/3955 3954/3954/3954
f 3065/3065/3065 3953/3953/3953 3954/3954/3954
f 3067/3067/3067 3953/3953/3953 3065/3065/3065
f 3951/3951/3951 3949/3949/3949 3952/3952/3952
f 3951/3951/3951 3950/3950/3950 3949/3949/3949
f 3948/3948/3948 3947/3947/3947 3945/3945/3945
f 3947/3947/3947 3946/3946/3946 3945/3945/3945
f 3944/3944/3944 3939/3939/3939 3943/3943/3943
f 3944/3944/3944 3943/3943/3943 3942/3942/3942
f 3940/3940/3940 3938/3938/3938 3941/3941/3941
f 3940/3940/3940 3939/3939/3939 3938/3938/3938
f 3936/3936/3936 3934/3934/3934 3937/3937/3937
f 3936/3936/3936 3935/3935/3935 3934/3934/3934
f 3932/3932/3932 3930/3930/3930 3933/3933/3933
f 3932/3932/3932 3931/3931/3931 3930/3930/3930
f 3929/3929/3929 3928/3928/3928 3926/3926/3926
f 3928/3928/3928 3927/3927/3927 3926/3926/3926
f 3924/3924/3924 3922/3922/3922 3925/3925/3925
f 3924/3924/3924 3923/3923/3923 3922/3922/3922
f 3921/3921/3921 3843/3843/3843 3853/3853/3853
f 3921/3921/3921 3836/3836/3836 3843/3843/3843
f 3920/3920/3920 3836/3836/3836 3921/3921/3921
f 3920/3920/3920 3837/3837/3837 3836/3836/3836
f 3837/3837/3837 3920/3920/3920 3919/3919/3919
f 3837/3837/3837 3919/3919/3919 3838/3838/3838
f 3918/3918/3918 3838/3838/3838 3919/3919/3919
f 3918/3918/3918 3917/3917/3917 3838/3838/3838
f 3917/3917/3917 3839/3839/3839 3838/3838/3838
f 3917/3917/3917 3916/3916/3916 3839/3839/3839
f 3916/3916/3916 3815/3815/3815 3839/3839/3839
f 3916/3916/3916 3915/3915/3915 3815/3815/3815
f 3815/3815/3815 3915/3915/3915 3912/3912/3912
f 3815/3815/3815 3912/3912/3912 3911/3911/3911
f 3815/3815/3815 3911/3911/3911 3818/3818/3818
f 3910/3910/3910 3818/3818/3818 3911/3911/3911
f 3824/3824/3824 3818/3818/3818 3910/3910/3910
f 3908/3908/3908 3824/3824/3824 3910/3910/3910
f 3898/3898/3898 3902/3902/3902 3914/3914/3914
f 3900/3900/3900 3914/3914/3914 3902/3902/3902
f 3900/3900/3900 3913/3913/3913 3914/3914/3914
f 3900/3900/3900 3912/3912/3912 3913/3913/3913
f 3900/3900/3900 3911/3911/3911 3912/3912/3912
f 3901/3901/3901 3911/3911/3911 3900/3900/3900
f 3901/3901/3901 3910/3910/3910 3911/3911/3911
f 3908/3908/3908 3910/3910/3910 3901/3901/3901
f 3909/3909/3909 3908/3908/3908 3901/3901/3901
f 3908/3908/3908 3909/3909/3909 3907/3907/3907
f 3904/3904/3904 3907/3907/3907 3909/3909/3909
f 3904/3904/3904 3905/3905/3905 3907/3907/3907
f 3906/3906/3906 3907/3907/3907 3905/3905/3905
f 3909/3909/3909 3903/3903/3903 3904/3904/3904
f 3909/3909/3909 3899/3899/3899 3903/3903/3903
f 3909/3909/3909 3901/3901/3901 3899/3899/3899
f 3824/3824/3824 3908/3908/3908 3825/3825/3825
f 3908/3908/3908 3907/3907/3907 3825/3825/3825
f 3825/3825/3825 3907/3907/3907 3830/3830/3830
f 3906/3906/3906 3830/3830/3830 3907/3907/3907
f 3852/3852/3852 3830/3830/3830 3906/3906/3906
f 3857/3857/3857 3852/3852/3852 3906/3906/3906
f 3857/3857/3857 3906/3906/3906 3896/3896/3896
f 3896/3896/3896 3906/3906/3906 3905/3905/3905
f 3896/3896/3896 3905/3905/3905 3895/3895/3895
f 3895/3895/3895 3905/3905/3905 3904/3904/3904
f 3895/3895/3895 3904/3904/3904 3894/3894/3894
f 3903/3903/3903 3894/3894/3894 3904/3904/3904
f 3903/3903/3903 3893/3893/3893 3894/3894/3894
f 3892/3892/3892 3893/3893/3893 3903/3903/3903
f 3892/3892/3892 3903/3903/3903 3902/3902/3902
f 3899/3899/3899 3902/3902/3902 3903/3903/3903
f 3899/3899/3899 3900/3900/3900 3902/3902/3902
f 3901/3901/3901 3900/3900/3900 3899/3899/3899
f 3898/3898/3898 3892/3892/3892 3897/3897/3897
f 3685/3685/3685 3857/3857/3857 3708/3708/3708
f 3708/3708/3708 3857/3857/3857 3896/3896/3896
f 3708/3708/3708 3896/3896/3896 3712/3712/3712
f 3712/3712/3712 3896/3896/3896 3895/3895/3895
f 3712/3712/3712 3895/3895/3895 3881/3881/3881
f 3881/3881/3881 3895/3895/3895 3894/3894/3894
f 3881/3881/3881 3894/3894/3894 3882/3882/3882
f 3882/3882/3882 3894/3894/3894 3893/3893/3893
f 3882/3882/3882 3893/3893/3893 3883/3883/3883
f 3883/3883/3883 3893/3893/3893 3892/3892/3892
f 3883/3883/3883 3892/3892/3892 3884/3884/3884
f 3891/3891/3891 3884/3884/3884 3892/3892/3892
f 3891/3891/3891 3890/3890/3890 3884/3884/3884
f 3885/3885/3885 3884/3884/3884 3890/3890/3890
f 3885/3885/3885 3890/3890/3890 3889/3889/3889
f 3889/3889/3889 3886/3886/3886 3885/3885/3885
f 3889/3889/3889 3888/3888/3888 3886/3886/3886
f 3886/3886/3886 3888/3888/3888 3887/3887/3887
f 3870/3870/3870 3885/3885/3885 3886/3886/3886
f 3870/3870/3870 3871/3871/3871 3885/3885/3885
f 3871/3871/3871 3884/3884/3884 3885/3885/3885
f 3871/3871/3871 3883/3883/3883 3884/3884/3884
f 3872/3872/3872 3883/3883/3883 3871/3871/3871
f 3872/3872/3872 3882/3882/3882 3883/3883/3883
f 3874/3874/3874 3882/3882/3882 3872/3872/3872
f 3874/3874/3874 3881/3881/3881 3882/3882/3882
f 3876/3876/3876 3881/3881/3881 3874/3874/3874
f 3876/3876/3876 3712/3712/3712 3881/3881/3881
f 3710/3710/3710 3712/3712/3712 3876/3876/3876
f 3710/3710/3710 3876/3876/3876 3877/3877/3877
f 3710/3710/3710 3877/3877/3877 3879/3879/3879
f 3880/3880/3880 3879/3879/3879 3877/3877/3877
f 3878/3878/3878 3879/3879/3879 3880/3880/3880
f 3878/3878/3878 3710/3710/3710 3879/3879/3879
f 3878/3878/3878 3709/3709/3709 3710/3710/3710
f 3876/3876/3876 3875/3875/3875 3877/3877/3877
f 3876/3876/3876 3874/3874/3874 3875/3875/3875
f 3874/3874/3874 3873/3873/3873 3875/3875/3875
f 3874/3874/3874 3872/3872/3872 3873/3873/3873
f 3872/3872/3872 3870/3870/3870 3873/3873/3873
f 3872/3872/3872 3871/3871/3871 3870/3870/3870
f 3868/3868/3868 3867/3867/3867 3869/3869/3869
f 3868/3868/3868 3866/3866/3866 3867/3867/3867
f 3865/3865/3865 3867/3867/3867 3866/3866/3866
f 3865/3865/3865 3866/3866/3866 3863/3863/3863
f 3864/3864/3864 3865/3865/3865 3863/3863/3863
f 3864/3864/3864 3863/3863/3863 3862/3862/3862
f 3682/3682/3682 3695/3695/3695 3861/3861/3861
f 3671/3671/3671 3682/3682/3682 3861/3861/3861
f 3671/3671/3671 3861/3861/3861 3860/3860/3860
f 3670/3670/3670 3671/3671/3671 3860/3860/3860
f 3670/3670/3670 3860/3860/3860 3859/3859/3859
f 3669/3669/3669 3670/3670/3670 3859/3859/3859
f 3669/3669/3669 3859/3859/3859 3858/3858/3858
f 3668/3668/3668 3669/3669/3669 3858/3858/3858
f 3668/3668/3668 3858/3858/3858 3856/3856/3856
f 3844/3844/3844 3668/3668/3668 3856/3856/3856
f 3844/3844/3844 3667/3667/3667 3668/3668/3668
f 3844/3844/3844 3845/3845/3845 3667/3667/3667
f 3845/3845/3845 3666/3666/3666 3667/3667/3667
f 3845/3845/3845 3846/3846/3846 3666/3666/3666
f 3846/3846/3846 3665/3665/3665 3666/3666/3666
f 3846/3846/3846 3847/3847/3847 3665/3665/3665
f 3847/3847/3847 3663/3663/3663 3665/3665/3665
f 3847/3847/3847 3848/3848/3848 3663/3663/3663
f 3848/3848/3848 3661/3661/3661 3663/3663/3663
f 3848/3848/3848 3849/3849/3849 3661/3661/3661
f 3849/3849/3849 3658/3658/3658 3661/3661/3661
f 3849/3849/3849 3850/3850/3850 3658/3658/3658
f 3850/3850/3850 3660/3660/3660 3658/3658/3658
f 3850/3850/3850 3851/3851/3851 3660/3660/3660
f 3672/3672/3672 3660/3660/3660 3851/3851/3851
f 3672/3672/3672 3851/3851/3851 3852/3852/3852
f 3685/3685/3685 3672/3672/3672 3852/3852/3852
f 3685/3685/3685 3852/3852/3852 3857/3857/3857
f 3844/3844/3844 3856/3856/3856 3855/3855/3855
f 3842/3842/3842 3844/3844/3844 3855/3855/3855
f 3842/3842/3842 3855/3855/3855 3854/3854/3854
f 3853/3853/3853 3842/3842/3842 3854/3854/3854
f 3853/3853/3853 3843/3843/3843 3842/3842/3842
f 3852/3852/3852 3851/3851/3851 3830/3830/3830
f 3829/3829/3829 3830/3830/3830 3851/3851/3851
f 3829/3829/3829 3851/3851/3851 3850/3850/3850
f 3831/3831/3831 3829/3829/3829 3850/3850/3850
f 3831/3831/3831 3850/3850/3850 3849/3849/3849
f 3832/3832/3832 3831/3831/3831 3849/3849/3849
f 3832/3832/3832 3849/3849/3849 3848/3848/3848
f 3833/3833/3833 3832/3832/3832 3848/3848/3848
f 3833/3833/3833 3848/3848/3848 3847/3847/3847
f 3841/3841/3841 3833/3833/3833 3847/3847/3847
f 3841/3841/3841 3847/3847/3847 3846/3846/3846
f 3840/3840/3840 3841/3841/3841 3846/3846/3846
f 3840/3840/3840 3846/3846/3846 3845/3845/3845
f 3842/3842/3842 3840/3840/3840 3845/3845/3845
f 3842/3842/3842 3845/3845/3845 3844/3844/3844
f 3836/3836/3836 3835/3835/3835 3843/3843/3843
f 3843/3843/3843 3835/3835/3835 3840/3840/3840
f 3843/3843/3843 3840/3840/3840 3842/3842/3842
f 3834/3834/3834 3833/3833/3833 3841/3841/3841
f 3834/3834/3834 3841/3841/3841 3840/3840/3840
f 3834/3834/3834 3840/3840/3840 3835/3835/3835
f 3839/3839/3839 3815/3815/3815 3816/3816/3816
f 3826/3826/3826 3839/3839/3839 3816/3816/3816
f 3838/3838/3838 3839/3839/3839 3826/3826/3826
f 3838/3838/3838 3826/3826/3826 3837/3837/3837
f 3837/3837/3837 3826/3826/3826 3827/3827/3827
f 3837/3837/3837 3827/3827/3827 3836/3836/3836
f 3836/3836/3836 3827/3827/3827 3835/3835/3835
f 3828/3828/3828 3835/3835/3835 3827/3827/3827
f 3828/3828/3828 3834/3834/3834 3835/3835/3835
f 3828/3828/3828 3821/3821/3821 3834/3834/3834
f 3834/3834/3834 3821/3821/3821 3833/3833/3833
f 3822/3822/3822 3833/3833/3833 3821/3821/3821
f 3822/3822/3822 3832/3832/3832 3833/3833/3833
f 3822/3822/3822 3831/3831/3831 3832/3832/3832
f 3822/3822/3822 3823/3823/3823 3831/3831/3831
f 3823/3823/3823 3829/3829/3829 3831/3831/3831
f 3823/3823/3823 3825/3825/3825 3829/3829/3829
f 3825/3825/3825 3830/3830/3830 3829/3829/3829
f 3828/3828/3828 3819/3819/3819 3821/3821/3821
f 3819/3819/3819 3828/3828/3828 3816/3816/3816
f 3827/3827/3827 3816/3816/3816 3828/3828/3828
f 3827/3827/3827 3826/3826/3826 3816/3816/3816
f 3819/3819/3819 3816/3816/3816 3817/3817/3817
f 3824/3824/3824 3820/3820/3820 3818/3818/3818
f 3824/3824/3824 3825/3825/3825 3823/3823/3823
f 3820/3820/3820 3824/3824/3824 3823/3823/3823
f 3820/3820/3820 3823/3823/3823 3822/3822/3822
f 3820/3820/3820 3822/3822/3822 3821/3821/3821
f 3820/3820/3820 3821/3821/3821 3819/3819/3819
f 3819/3819/3819 3818/3818/3818 3820/3820/3820
f 3819/3819/3819 3817/3817/3817 3818/3818/3818
f 3817/3817/3817 3815/3815/3815 3818/3818/3818
f 3817/3817/3817 3816/3816/3816 3815/3815/3815
f 3742/3742/3742 3744/3744/3744 3698/3698/3698
f 3807/3807/3807 3698/3698/3698 3744/3744/3744
f 3700/3700/3700 3698/3698/3698 3807/3807/3807
f 3700/3700/3700 3807/3807/3807 3808/3808/3808
f 3700/3700/3700 3808/3808/3808 3702/3702/3702
f 3808/3808/3808 3690/3690/3690 3702/3702/3702
f 3702/3702/3702 3690/3690/3690 3689/3689/3689
f 3811/3811/3811 3813/3813/3813 3812/3812/3812
f 3811/3811/3811 3810/3810/3810 3813/3813/3813
f 3810/3810/3810 3814/3814/3814 3813/3813/3813
f 3810/3810/3810 3809/3809/3809 3814/3814/3814
f 3814/3814/3814 3793/3793/3793 3791/3791/3791
f 3814/3814/3814 3791/3791/3791 3813/3813/3813
f 3813/3813/3813 3791/3791/3791 3789/3789/3789
f 3813/3813/3813 3789/3789/3789 3812/3812/3812
f 3787/3787/3787 3812/3812/3812 3789/3789/3789
f 3785/3785/3785 3812/3812/3812 3787/3787/3787
f 3785/3785/3785 3811/3811/3811 3812/3812/3812
f 3694/3694/3694 3811/3811/3811 3785/3785/3785
f 3694/3694/3694 3693/3693/3693 3811/3811/3811
f 3693/3693/3693 3810/3810/3810 3811/3811/3811
f 3693/3693/3693 3692/3692/3692 3810/3810/3810
f 3692/3692/3692 3809/3809/3809 3810/3810/3810
f 3692/3692/3692 3691/3691/3691 3809/3809/3809
f 3691/3691/3691 3802/3802/3802 3809/3809/3809
f 3691/3691/3691 3803/3803/3803 3802/3802/3802
f 3690/3690/3690 3803/3803/3803 3691/3691/3691
f 3808/3808/3808 3803/3803/3803 3690/3690/3690
f 3801/3801/3801 3803/3803/3803 3808/3808/3808
f 3807/3807/3807 3801/3801/3801 3808/3808/3808
f 3807/3807/3807 3745/3745/3745 3801/3801/3801
f 3807/3807/3807 3744/3744/3744 3745/3745/3745
f 3796/3796/3796 3795/3795/3795 3804/3804/3804
f 3806/3806/3806 3804/3804/3804 3795/3795/3795
f 3805/3805/3805 3804/3804/3804 3806/3806/3806
f 3805/3805/3805 3802/3802/3802 3804/3804/3804
f 3796/3796/3796 3804/3804/3804 3802/3802/3802
f 3801/3801/3801 3802/3802/3802 3803/3803/3803
f 3796/3796/3796 3802/3802/3802 3801/3801/3801
f 3745/3745/3745 3796/3796/3796 3801/3801/3801
f 3799/3799/3799 3798/3798/3798 3800/3800/3800
f 3786/3786/3786 3788/3788/3788 3799/3799/3799
f 3799/3799/3799 3788/3788/3788 3798/3798/3798
f 3788/3788/3788 3790/3790/3790 3798/3798/3798
f 3797/3797/3797 3795/3795/3795 3793/3793/3793
f 3745/3745/3745 3743/3743/3743 3762/3762/3762
f 3745/3745/3745 3762/3762/3762 3796/3796/3796
f 3762/3762/3762 3764/3764/3764 3796/3796/3796
f 3796/3796/3796 3764/3764/3764 3795/3795/3795
f 3766/3766/3766 3795/3795/3795 3764/3764/3764
f 3766/3766/3766 3793/3793/3793 3795/3795/3795
f 3766/3766/3766 3794/3794/3794 3793/3793/3793
f 3792/3792/3792 3793/3793/3793 3794/3794/3794
f 3792/3792/3792 3791/3791/3791 3793/3793/3793
f 3790/3790/3790 3791/3791/3791 3792/3792/3792
f 3790/3790/3790 3789/3789/3789 3791/3791/3791
f 3788/3788/3788 3789/3789/3789 3790/3790/3790
f 3787/3787/3787 3789/3789/3789 3788/3788/3788
f 3786/3786/3786 3787/3787/3787 3788/3788/3788
f 3785/3785/3785 3787/3787/3787 3786/3786/3786
f 3785/3785/3785 3786/3786/3786 3784/3784/3784
f 3694/3694/3694 3785/3785/3785 3784/3784/3784
f 3694/3694/3694 3784/3784/3784 3695/3695/3695
f 3779/3779/3779 3783/3783/3783 3780/3780/3780
f 3775/3775/3775 3782/3782/3782 3774/3774/3774
f 3781/3781/3781 3782/3782/3782 3775/3775/3775
f 3781/3781/3781 3775/3775/3775 3776/3776/3776
f 3780/3780/3780 3781/3781/3781 3776/3776/3776
f 3780/3780/3780 3776/3776/3776 3778/3778/3778
f 3779/3779/3779 3780/3780/3780 3778/3778/3778
f 3778/3778/3778 3767/3767/3767 3779/3779/3779
f 3778/3778/3778 3768/3768/3768 3767/3767/3767
f 3769/3769/3769 3768/3768/3768 3777/3777/3777
f 3769/3769/3769 3777/3777/3777 3776/3776/3776
f 3770/3770/3770 3769/3769/3769 3776/3776/3776
f 3770/3770/3770 3776/3776/3776 3775/3775/3775
f 3771/3771/3771 3770/3770/3770 3775/3775/3775
f 3775/3775/3775 3774/3774/3774 3771/3771/3771
f 3772/3772/3772 3771/3771/3771 3774/3774/3774
f 3772/3772/3772 3774/3774/3774 3773/3773/3773
f 3763/3763/3763 3773/3773/3773 3765/3765/3765
f 3763/3763/3763 3761/3761/3761 3773/3773/3773
f 3761/3761/3761 3772/3772/3772 3773/3773/3773
f 3760/3760/3760 3772/3772/3772 3761/3761/3761
f 3760/3760/3760 3771/3771/3771 3772/3772/3772
f 3760/3760/3760 3759/3759/3759 3771/3771/3771
f 3771/3771/3771 3759/3759/3759 3770/3770/3770
f 3759/3759/3759 3758/3758/3758 3770/3770/3770
f 3758/3758/3758 3769/3769/3769 3770/3770/3770
f 3758/3758/3758 3757/3757/3757 3769/3769/3769
f 3757/3757/3757 3768/3768/3768 3769/3769/3769
f 3757/3757/3757 3756/3756/3756 3768/3768/3768
f 3756/3756/3756 3767/3767/3767 3768/3768/3768
f 3756/3756/3756 3755/3755/3755 3767/3767/3767
f 3766/3766/3766 3764/3764/3764 3765/3765/3765
f 3763/3763/3763 3765/3765/3765 3764/3764/3764
f 3762/3762/3762 3763/3763/3763 3764/3764/3764
f 3762/3762/3762 3761/3761/3761 3763/3763/3763
f 3762/3762/3762 3743/3743/3743 3761/3761/3761
f 3760/3760/3760 3761/3761/3761 3743/3743/3743
f 3746/3746/3746 3760/3760/3760 3743/3743/3743
f 3746/3746/3746 3759/3759/3759 3760/3760/3760
f 3746/3746/3746 3747/3747/3747 3759/3759/3759
f 3759/3759/3759 3747/3747/3747 3758/3758/3758
f 3747/3747/3747 3748/3748/3748 3758/3758/3758
f 3748/3748/3748 3757/3757/3757 3758/3758/3758
f 3748/3748/3748 3749/3749/3749 3757/3757/3757
f 3749/3749/3749 3756/3756/3756 3757/3757/3757
f 3749/3749/3749 3750/3750/3750 3756/3756/3756
f 3750/3750/3750 3755/3755/3755 3756/3756/3756
f 3750/3750/3750 3751/3751/3751 3755/3755/3755
f 3735/3735/3735 3754/3754/3754 3736/3736/3736
f 3736/3736/3736 3754/3754/3754 3753/3753/3753
f 3736/3736/3736 3753/3753/3753 3737/3737/3737
f 3737/3737/3737 3753/3753/3753 3752/3752/3752
f 3737/3737/3737 3752/3752/3752 3738/3738/3738
f 3738/3738/3738 3752/3752/3752 3751/3751/3751
f 3738/3738/3738 3751/3751/3751 3750/3750/3750
f 3739/3739/3739 3738/3738/3738 3750/3750/3750
f 3739/3739/3739 3750/3750/3750 3749/3749/3749
f 3740/3740/3740 3739/3739/3739 3749/3749/3749
f 3740/3740/3740 3749/3749/3749 3748/3748/3748
f 3741/3741/3741 3740/3740/3740 3748/3748/3748
f 3747/3747/3747 3741/3741/3741 3748/3748/3748
f 3742/3742/3742 3741/3741/3741 3747/3747/3747
f 3742/3742/3742 3747/3747/3747 3746/3746/3746
f 3742/3742/3742 3746/3746/3746 3744/3744/3744
f 3746/3746/3746 3743/3743/3743 3744/3744/3744
f 3745/3745/3745 3744/3744/3744 3743/3743/3743
f 3699/3699/3699 3742/3742/3742 3698/3698/3698
f 3718/3718/3718 3742/3742/3742 3699/3699/3699
f 3718/3718/3718 3741/3741/3741 3742/3742/3742
f 3741/3741/3741 3718/3718/3718 3740/3740/3740
f 3718/3718/3718 3717/3717/3717 3740/3740/3740
f 3717/3717/3717 3739/3739/3739 3740/3740/3740
f 3717/3717/3717 3723/3723/3723 3739/3739/3739
f 3723/3723/3723 3738/3738/3738 3739/3739/3739
f 3723/3723/3723 3737/3737/3737 3738/3738/3738
f 3723/3723/3723 3730/3730/3730 3737/3737/3737
f 3730/3730/3730 3736/3736/3736 3737/3737/3737
f 3736/3736/3736 3730/3730/3730 3728/3728/3728
f 3736/3736/3736 3728/3728/3728 3735/3735/3735
f 3735/3735/3735 3728/3728/3728 3729/3729/3729
f 3735/3735/3735 3729/3729/3729 3734/3734/3734
f 3734/3734/3734 3729/3729/3729 3732/3732/3732
f 3734/3734/3734 3732/3732/3732 3733/3733/3733
f 3733/3733/3733 3732/3732/3732 3731/3731/3731
f 3723/3723/3723 3724/3724/3724 3730/3730/3730
f 3730/3730/3730 3724/3724/3724 3726/3726/3726
f 3730/3730/3730 3726/3726/3726 3728/3728/3728
f 3722/3722/3722 3719/3719/3719 3725/3725/3725
f 3722/3722/3722 3721/3721/3721 3719/3719/3719
f 3728/3728/3728 3727/3727/3727 3729/3729/3729
f 3728/3728/3728 3726/3726/3726 3727/3727/3727
f 3725/3725/3725 3727/3727/3727 3726/3726/3726
f 3724/3724/3724 3725/3725/3725 3726/3726/3726
f 3724/3724/3724 3722/3722/3722 3725/3725/3725
f 3722/3722/3722 3724/3724/3724 3723/3723/3723
f 3722/3722/3722 3723/3723/3723 3717/3717/3717
f 3721/3721/3721 3722/3722/3722 3717/3717/3717
f 3716/3716/3716 3721/3721/3721 3717/3717/3717
f 3716/3716/3716 3715/3715/3715 3721/3721/3721
f 3721/3721/3721 3715/3715/3715 3720/3720/3720
f 3721/3721/3721 3720/3720/3720 3719/3719/3719
f 3716/3716/3716 3718/3718/3718 3699/3699/3699
f 3718/3718/3718 3716/3716/3716 3717/3717/3717
f 3704/3704/3704 3701/3701/3701 3703/3703/3703
f 3704/3704/3704 3711/3711/3711 3701/3701/3701
f 3701/3701/3701 3711/3711/3711 3697/3697/3697
f 3713/3713/3713 3697/3697/3697 3711/3711/3711
f 3713/3713/3713 3699/3699/3699 3697/3697/3697
f 3716/3716/3716 3699/3699/3699 3713/3713/3713
f 3714/3714/3714 3716/3716/3716 3713/3713/3713
f 3714/3714/3714 3715/3715/3715 3716/3716/3716
f 3706/3706/3706 3715/3715/3715 3714/3714/3714
f 3706/3706/3706 3714/3714/3714 3705/3705/3705
f 3714/3714/3714 3711/3711/3711 3705/3705/3705
f 3714/3714/3714 3713/3713/3713 3711/3711/3711
f 3710/3710/3710 3708/3708/3708 3712/3712/3712
f 3704/3704/3704 3705/3705/3705 3711/3711/3711
f 3709/3709/3709 3708/3708/3708 3710/3710/3710
f 3709/3709/3709 3707/3707/3707 3708/3708/3708
f 3685/3685/3685 3708/3708/3708 3707/3707/3707
f 3706/3706/3706 3685/3685/3685 3707/3707/3707
f 3706/3706/3706 3696/3696/3696 3685/3685/3685
f 3706/3706/3706 3705/3705/3705 3696/3696/3696
f 3686/3686/3686 3696/3696/3696 3705/3705/3705
f 3686/3686/3686 3705/3705/3705 3704/3704/3704
f 3686/3686/3686 3704/3704/3704 3687/3687/3687
f 3704/3704/3704 3703/3703/3703 3687/3687/3687
f 3703/3703/3703 3688/3688/3688 3687/3687/3687
f 3703/3703/3703 3689/3689/3689 3688/3688/3688
f 3702/3702/3702 3689/3689/3689 3703/3703/3703
f 3701/3701/3701 3702/3702/3702 3703/3703/3703
f 3701/3701/3701 3700/3700/3700 3702/3702/3702
f 3701/3701/3701 3697/3697/3697 3700/3700/3700
f 3700/3700/3700 3697/3697/3697 3698/3698/3698
f 3699/3699/3699 3698/3698/3698 3697/3697/3697
f 3696/3696/3696 3686/3686/3686 3685/3685/3685
f 3682/3682/3682 3694/3694/3694 3695/3695/3695
f 3682/3682/3682 3693/3693/3693 3694/3694/3694
f 3682/3682/3682 3681/3681/3681 3693/3693/3693
f 3681/3681/3681 3692/3692/3692 3693/3693/3693
f 3681/3681/3681 3680/3680/3680 3692/3692/3692
f 3680/3680/3680 3691/3691/3691 3692/3692/3692
f 3680/3680/3680 3684/3684/3684 3691/3691/3691
f 3690/3690/3690 3691/3691/3691 3684/3684/3684
f 3683/3683/3683 3690/3690/3690 3684/3684/3684
f 3683/3683/3683 3689/3689/3689 3690/3690/3690
f 3675/3675/3675 3689/3689/3689 3683/3683/3683
f 3675/3675/3675 3688/3688/3688 3689/3689/3689
f 3674/3674/3674 3688/3688/3688 3675/3675/3675
f 3687/3687/3687 3688/3688/3688 3674/3674/3674
f 3687/3687/3687 3674/3674/3674 3673/3673/3673
f 3686/3686/3686 3687/3687/3687 3673/3673/3673
f 3686/3686/3686 3673/3673/3673 3672/3672/3672
f 3686/3686/3686 3672/3672/3672 3685/3685/3685
f 3679/3679/3679 3684/3684/3684 3680/3680/3680
f 3679/3679/3679 3683/3683/3683 3684/3684/3684
f 3677/3677/3677 3683/3683/3683 3679/3679/3679
f 3677/3677/3677 3676/3676/3676 3683/3683/3683
f 3676/3676/3676 3675/3675/3675 3683/3683/3683
f 3678/3678/3678 3677/3677/3677 3679/3679/3679
f 3671/3671/3671 3681/3681/3681 3682/3682/3682
f 3671/3671/3671 3652/3652/3652 3681/3681/3681
f 3652/3652/3652 3680/3680/3680 3681/3681/3681
f 3652/3652/3652 3679/3679/3679 3680/3680/3680
f 3653/3653/3653 3679/3679/3679 3652/3652/3652
f 3653/3653/3653 3678/3678/3678 3679/3679/3679
f 3657/3657/3657 3678/3678/3678 3653/3653/3653
f 3657/3657/3657 3677/3677/3677 3678/3678/3678
f 3657/3657/3657 3664/3664/3664 3677/3677/3677
f 3664/3664/3664 3676/3676/3676 3677/3677/3677
f 3664/3664/3664 3662/3662/3662 3676/3676/3676
f 3662/3662/3662 3675/3675/3675 3676/3676/3676
f 3662/3662/3662 3659/3659/3659 3675/3675/3675
f 3674/3674/3674 3675/3675/3675 3659/3659/3659
f 3660/3660/3660 3674/3674/3674 3659/3659/3659
f 3673/3673/3673 3674/3674/3674 3660/3660/3660
f 3673/3673/3673 3660/3660/3660 3672/3672/3672
f 3670/3670/3670 3652/3652/3652 3671/3671/3671
f 3670/3670/3670 3654/3654/3654 3652/3652/3652
f 3669/3669/3669 3654/3654/3654 3670/3670/3670
f 3669/3669/3669 3655/3655/3655 3654/3654/3654
f 3668/3668/3668 3655/3655/3655 3669/3669/3669
f 3668/3668/3668 3667/3667/3667 3655/3655/3655
f 3667/3667/3667 3656/3656/3656 3655/3655/3655
f 3667/3667/3667 3666/3666/3666 3656/3656/3656
f 3666/3666/3666 3657/3657/3657 3656/3656/3656
f 3666/3666/3666 3665/3665/3665 3657/3657/3657
f 3665/3665/3665 3664/3664/3664 3657/3657/3657
f 3665/3665/3665 3663/3663/3663 3664/3664/3664
f 3663/3663/3663 3662/3662/3662 3664/3664/3664
f 3663/3663/3663 3661/3661/3661 3662/3662/3662
f 3661/3661/3661 3659/3659/3659 3662/3662/3662
f 3661/3661/3661 3658/3658/3658 3659/3659/3659
f 3660/3660/3660 3659/3659/3659 3658/3658/3658
f 3657/3657/3657 3653/3653/3653 3656/3656/3656
f 3655/3655/3655 3656/3656/3656 3653/3653/3653
f 3655/3655/3655 3653/3653/3653 3654/3654/3654
f 3654/3654/3654 3653/3653/3653 3652/3652/3652
f 3651/3651/3651 3648/3648/3648 3650/3650/3650
f 3650/3650/3650 3648/3648/3648 3649/3649/3649
f 3649/3649/3649 3648/3648/3648 3647/3647/3647
f 3646/3646/3646 3640/3640/3640 3645/3645/3645
f 3644/3644/3644 3646/3646/3646 3645/3645/3645
f 3644/3644/3644 3645/3645/3645 3642/3642/3642
f 3643/3643/3643 3644/3644/3644 3642/3642/3642
f 3643/3643/3643 3642/3642/3642 3410/3410/3410
f 3641/3641/3641 3639/3639/3639 3640/3640/3640
f 3638/3638/3638 3640/3640/3640 3639/3639/3639
f 3638/3638/3638 3639/3639/3639 3637/3637/3637
f 3637/3637/3637 3635/3635/3635 3638/3638/3638
f 3637/3637/3637 3636/3636/3636 3635/3635/3635
f 3635/3635/3635 3636/3636/3636 3634/3634/3634
f 3635/3635/3635 3634/3634/3634 3633/3633/3633
f 3633/3633/3633 3634/3634/3634 3632/3632/3632
f 3633/3633/3633 3632/3632/3632 3631/3631/3631
f 3630/3630/3630 3631/3631/3631 3632/3632/3632
f 3630/3630/3630 3627/3627/3627 3631/3631/3631
f 3629/3629/3629 3627/3627/3627 3630/3630/3630
f 3629/3629/3629 3628/3628/3628 3627/3627/3627
f 3624/3624/3624 3626/3626/3626 3625/3625/3625
f 3623/3623/3623 3624/3624/3624 3625/3625/3625
f 3623/3623/3623 3622/3622/3622 3624/3624/3624
f 3623/3623/3623 3621/3621/3621 3622/3622/3622
f 3620/3620/3620 3622/3622/3622 3621/3621/3621
f 3620/3620/3620 3621/3621/3621 3619/3619/3619
f 3618/3618/3618 3620/3620/3620 3619/3619/3619
f 3618/3618/3618 3619/3619/3619 3617/3617/3617
f 3615/3615/3615 3618/3618/3618 3617/3617/3617
f 3615/3615/3615 3617/3617/3617 3616/3616/3616
f 3615/3615/3615 3616/3616/3616 3614/3614/3614
f 3615/3615/3615 3614/3614/3614 3613/3613/3613
f 3613/3613/3613 3614/3614/3614 3612/3612/3612
f 3613/3613/3613 3612/3612/3612 3611/3611/3611
f 3610/3610/3610 3611/3611/3611 3612/3612/3612
f 3610/3610/3610 3608/3608/3608 3611/3611/3611
f 3608/3608/3608 3610/3610/3610 3609/3609/3609
f 3607/3607/3607 3608/3608/3608 3609/3609/3609
f 3607/3607/3607 3605/3605/3605 3608/3608/3608
f 3605/3605/3605 3607/3607/3607 3606/3606/3606
f 3605/3605/3605 3606/3606/3606 3603/3603/3603
f 3605/3605/3605 3603/3603/3603 3588/3588/3588
f 3604/3604/3604 3603/3603/3603 3602/3602/3602
f 3601/3601/3601 3588/3588/3588 3602/3602/3602
f 3601/3601/3601 3600/3600/3600 3588/3588/3588
f 3600/3600/3600 3587/3587/3587 3588/3588/3588
f 3600/3600/3600 3599/3599/3599 3587/3587/3587
f 3598/3598/3598 3587/3587/3587 3599/3599/3599
f 3598/3598/3598 3589/3589/3589 3587/3587/3587
f 3598/3598/3598 3597/3597/3597 3589/3589/3589
f 3589/3589/3589 3597/3597/3597 3596/3596/3596
f 3589/3589/3589 3596/3596/3596 3590/3590/3590
f 3596/3596/3596 3595/3595/3595 3590/3590/3590
f 3590/3590/3590 3595/3595/3595 3594/3594/3594
f 3569/3569/3569 3592/3592/3592 3593/3593/3593
f 3569/3569/3569 3570/3570/3570 3592/3592/3592
f 3591/3591/3591 3592/3592/3592 3570/3570/3570
f 3591/3591/3591 3570/3570/3570 3586/3586/3586
f 3590/3590/3590 3591/3591/3591 3586/3586/3586
f 3590/3590/3590 3586/3586/3586 3589/3589/3589
f 3589/3589/3589 3586/3586/3586 3585/3585/3585
f 3589/3589/3589 3585/3585/3585 3587/3587/3587
f 3584/3584/3584 3587/3587/3587 3585/3585/3585
f 3584/3584/3584 3588/3588/3588 3587/3587/3587
f 3570/3570/3570 3585/3585/3585 3586/3586/3586
f 3570/3570/3570 3571/3571/3571 3585/3585/3585
f 3571/3571/3571 3584/3584/3584 3585/3585/3585
f 3571/3571/3571 3583/3583/3583 3584/3584/3584
f 3582/3582/3582 3583/3583/3583 3571/3571/3571
f 3582/3582/3582 3571/3571/3571 3568/3568/3568
f 3582/3582/3582 3568/3568/3568 3581/3581/3581
f 3582/3582/3582 3581/3581/3581 3580/3580/3580
f 3580/3580/3580 3581/3581/3581 3579/3579/3579
f 3580/3580/3580 3579/3579/3579 3578/3578/3578
f 3578/3578/3578 3579/3579/3579 3577/3577/3577
f 3578/3578/3578 3577/3577/3577 3576/3576/3576
f 3576/3576/3576 3577/3577/3577 3575/3575/3575
f 3576/3576/3576 3575/3575/3575 3574/3574/3574
f 3574/3574/3574 3575/3575/3575 3573/3573/3573
f 3574/3574/3574 3573/3573/3573 3572/3572/3572
f 3570/3570/3570 3568/3568/3568 3571/3571/3571
f 3570/3570/3570 3569/3569/3569 3568/3568/3568
f 3557/3557/3557 3565/3565/3565 3567/3567/3567
f 3566/3566/3566 3567/3567/3567 3565/3565/3565
f 3566/3566/3566 3565/3565/3565 3564/3564/3564
f 3561/3561/3561 3563/3563/3563 3562/3562/3562
f 3560/3560/3560 3561/3561/3561 3562/3562/3562
f 3560/3560/3560 3559/3559/3559 3561/3561/3561
f 3559/3559/3559 3560/3560/3560 3558/3558/3558
f 3559/3559/3559 3558/3558/3558 3555/3555/3555
f 3557/3557/3557 3555/3555/3555 3558/3558/3558
f 3557/3557/3557 3556/3556/3556 3555/3555/3555
f 3555/3555/3555 3556/3556/3556 3554/3554/3554
f 3555/3555/3555 3554/3554/3554 3552/3552/3552
f 3554/3554/3554 3553/3553/3553 3552/3552/3552
f 3551/3551/3551 3535/3535/3535 3540/3540/3540
f 3551/3551/3551 3540/3540/3540 3550/3550/3550
f 3550/3550/3550 3549/3549/3549 3551/3551/3551
f 3550/3550/3550 3548/3548/3548 3549/3549/3549
f 3548/3548/3548 3547/3547/3547 3549/3549/3549
f 3547/3547/3547 3548/3548/3548 3546/3546/3546
f 3545/3545/3545 3547/3547/3547 3546/3546/3546
f 3545/3545/3545 3546/3546/3546 3543/3543/3543
f 3544/3544/3544 3545/3545/3545 3543/3543/3543
f 3544/3544/3544 3543/3543/3543 3517/3517/3517
f 3541/3541/3541 3542/3542/3542 3536/3536/3536
f 3542/3542/3542 3541/3541/3541 3540/3540/3540
f 3538/3538/3538 3539/3539/3539 3537/3537/3537
f 3538/3538/3538 3537/3537/3537 3534/3534/3534
f 3533/3533/3533 3534/3534/3534 3537/3537/3537
f 3536/3536/3536 3534/3534/3534 3533/3533/3533
f 3536/3536/3536 3535/3535/3535 3534/3534/3534
f 3526/3526/3526 3533/3533/3533 3532/3532/3532
f 3531/3531/3531 3532/3532/3532 3533/3533/3533
f 3531/3531/3531 3530/3530/3530 3532/3532/3532
f 3530/3530/3530 3531/3531/3531 3529/3529/3529
f 3530/3530/3530 3529/3529/3529 3528/3528/3528
f 3526/3526/3526 3525/3525/3525 3527/3527/3527
f 3524/3524/3524 3525/3525/3525 3526/3526/3526
f 3524/3524/3524 3523/3523/3523 3525/3525/3525
f 3522/3522/3522 3523/3523/3523 3524/3524/3524
f 3522/3522/3522 3521/3521/3521 3523/3523/3523
f 3520/3520/3520 3521/3521/3521 3522/3522/3522
f 3520/3520/3520 3519/3519/3519 3521/3521/3521
f 3519/3519/3519 3520/3520/3520 3512/3512/3512
f 3519/3519/3519 3512/3512/3512 3518/3518/3518
f 3506/3506/3506 3517/3517/3517 3516/3516/3516
f 3506/3506/3506 3516/3516/3516 3515/3515/3515
f 3515/3515/3515 3516/3516/3516 3514/3514/3514
f 3515/3515/3515 3514/3514/3514 3511/3511/3511
f 3513/3513/3513 3511/3511/3511 3514/3514/3514
f 3513/3513/3513 3512/3512/3512 3511/3511/3511
f 3510/3510/3510 3509/3509/3509 3503/3503/3503
f 3509/3509/3509 3510/3510/3510 3508/3508/3508
f 3509/3509/3509 3508/3508/3508 3505/3505/3505
f 3507/3507/3507 3505/3505/3505 3508/3508/3508
f 3507/3507/3507 3506/3506/3506 3505/3505/3505
f 3504/3504/3504 3503/3503/3503 3502/3502/3502
f 3502/3502/3502 3503/3503/3503 3500/3500/3500
f 3502/3502/3502 3500/3500/3500 3501/3501/3501
f 3498/3498/3498 3501/3501/3501 3500/3500/3500
f 3499/3499/3499 3498/3498/3498 3488/3488/3488
f 3499/3499/3499 3497/3497/3497 3498/3498/3498
f 3498/3498/3498 3497/3497/3497 3496/3496/3496
f 3493/3493/3493 3495/3495/3495 3494/3494/3494
f 3493/3493/3493 3494/3494/3494 3492/3492/3492
f 3491/3491/3491 3493/3493/3493 3492/3492/3492
f 3491/3491/3491 3492/3492/3492 3490/3490/3490
f 3490/3490/3490 3488/3488/3488 3491/3491/3491
f 3490/3490/3490 3489/3489/3489 3488/3488/3488
f 3487/3487/3487 3474/3474/3474 3485/3485/3485
f 3487/3487/3487 3485/3485/3485 3486/3486/3486
f 3484/3484/3484 3486/3486/3486 3485/3485/3485
f 3484/3484/3484 3485/3485/3485 3483/3483/3483
f 3482/3482/3482 3484/3484/3484 3483/3483/3483
f 3482/3482/3482 3483/3483/3483 3480/3480/3480
f 3481/3481/3481 3482/3482/3482 3480/3480/3480
f 3481/3481/3481 3480/3480/3480 3479/3479/3479
f 3477/3477/3477 3475/3475/3475 3478/3478/3478
f 3477/3477/3477 3476/3476/3476 3475/3475/3475
f 3475/3475/3475 3476/3476/3476 3474/3474/3474
f 3475/3475/3475 3474/3474/3474 3473/3473/3473
f 3461/3461/3461 3471/3471/3471 3472/3472/3472
f 3461/3461/3461 3459/3459/3459 3471/3471/3471
f 3470/3470/3470 3471/3471/3471 3459/3459/3459
f 3470/3470/3470 3459/3459/3459 3469/3469/3469
f 3467/3467/3467 3470/3470/3470 3469/3469/3469
f 3467/3467/3467 3469/3469/3469 3468/3468/3468
f 3467/3467/3467 3468/3468/3468 3465/3465/3465
f 3467/3467/3467 3465/3465/3465 3466/3466/3466
f 3466/3466/3466 3465/3465/3465 3464/3464/3464
f 3461/3461/3461 3463/3463/3463 3462/3462/3462
f 3461/3461/3461 3462/3462/3462 3460/3460/3460
f 3461/3461/3461 3460/3460/3460 3459/3459/3459
f 3457/3457/3457 3452/3452/3452 3458/3458/3458
f 3457/3457/3457 3456/3456/3456 3452/3452/3452
f 3452/3452/3452 3456/3456/3456 3451/3451/3451
f 3451/3451/3451 3456/3456/3456 3454/3454/3454
f 3451/3451/3451 3454/3454/3454 3455/3455/3455
f 3455/3455/3455 3454/3454/3454 3453/3453/3453
f 3452/3452/3452 3451/3451/3451 3450/3450/3450
f 3449/3449/3449 3447/3447/3447 3442/3442/3442
f 3449/3449/3449 3448/3448/3448 3447/3447/3447
f 3447/3447/3447 3448/3448/3448 3445/3445/3445
f 3446/3446/3446 3447/3447/3447 3445/3445/3445
f 3446/3446/3446 3445/3445/3445 3444/3444/3444
f 3442/3442/3442 3443/3443/3443 3424/3424/3424
f 3443/3443/3443 3442/3442/3442 3441/3441/3441
f 3440/3440/3440 3441/3441/3441 3442/3442/3442
f 3440/3440/3440 3439/3439/3439 3441/3441/3441
f 3439/3439/3439 3440/3440/3440 3438/3438/3438
f 3439/3439/3439 3438/3438/3438 3437/3437/3437
f 3436/3436/3436 3437/3437/3437 3438/3438/3438
f 3437/3437/3437 3436/3436/3436 3435/3435/3435
f 3435/3435/3435 3436/3436/3436 3434/3434/3434
f 3435/3435/3435 3434/3434/3434 3432/3432/3432
f 3433/3433/3433 3432/3432/3432 3434/3434/3434
f 3433/3433/3433 3411/3411/3411 3432/3432/3432
f 3429/3429/3429 3431/3431/3431 3430/3430/3430
f 3429/3429/3429 3430/3430/3430 3428/3428/3428
f 3427/3427/3427 3429/3429/3429 3428/3428/3428
f 3427/3427/3427 3428/3428/3428 3426/3426/3426
f 3426/3426/3426 3425/3425/3425 3427/3427/3427
f 3426/3426/3426 3424/3424/3424 3425/3425/3425
f 3424/3424/3424 3423/3423/3423 3425/3425/3425
f 3424/3424/3424 3422/3422/3422 3423/3423/3423
f 3422/3422/3422 3421/3421/3421 3423/3423/3423
f 3422/3422/3422 3420/3420/3420 3421/3421/3421
f 3420/3420/3420 3418/3418/3418 3421/3421/3421
f 3420/3420/3420 3419/3419/3419 3418/3418/3418
f 3416/3416/3416 3418/3418/3418 3419/3419/3419
f 3416/3416/3416 3417/3417/3417 3418/3418/3418
f 3415/3415/3415 3417/3417/3417 3416/3416/3416
f 3415/3415/3415 3416/3416/3416 3414/3414/3414
f 3414/3414/3414 3413/3413/3413 3415/3415/3415
f 3414/3414/3414 3412/3412/3412 3413/3413/3413
f 3412/3412/3412 3410/3410/3410 3413/3413/3413
f 3412/3412/3412 3411/3411/3411 3410/3410/3410
f 3409/3409/3409 3408/3408/3408 3406/3406/3406
f 3406/3406/3406 3408/3408/3408 3407/3407/3407
f 3406/3406/3406 3407/3407/3407 3404/3404/3404
f 3406/3406/3406 3404/3404/3404 3405/3405/3405
f 3405/3405/3405 3404/3404/3404 3403/3403/3403
f 3402/3402/3402 3363/3363/3363 3401/3401/3401
f 3401/3401/3401 3363/3363/3363 3400/3400/3400
f 3363/3363/3363 3399/3399/3399 3400/3400/3400
f 3398/3398/3398 3399/3399/3399 3363/3363/3363
f 2272/2272/2272 3399/3399/3399 3398/3398/3398
f 2272/2272/2272 3398/3398/3398 3395/3395/3395
f 3397/3397/3397 2272/2272/2272 3395/3395/3395
f 3396/3396/3396 3397/3397/3397 3395/3395/3395
f 3396/3396/3396 3395/3395/3395 3390/3390/3390
f 3394/3394/3394 3390/3390/3390 3395/3395/3395
f 3394/3394/3394 3395/3395/3395 3392/3392/3392
f 3393/3393/3393 3394/3394/3394 3392/3392/3392
f 3393/3393/3393 3392/3392/3392 3391/3391/3391
f 3381/3381/3381 3383/3383/3383 3390/3390/3390
f 3379/3379/3379 3381/3381/3381 3390/3390/3390
f 3379/3379/3379 3380/3380/3380 3381/3381/3381
f 3387/3387/3387 3388/3388/3388 3386/3386/3386
f 3386/3386/3386 3388/3388/3388 3384/3384/3384
f 3388/3388/3388 3389/3389/3389 3384/3384/3384
f 3385/3385/3385 3382/3382/3382 3367/3367/3367
f 3372/3372/3372 3373/3373/3373 3389/3389/3389
f 3388/3388/3388 3372/3372/3372 3389/3389/3389
f 3372/3372/3372 3388/3388/3388 3371/3371/3371
f 3387/3387/3387 3371/3371/3371 3388/3388/3388
f 3370/3370/3370 3371/3371/3371 3387/3387/3387
f 3370/3370/3370 3387/3387/3387 3367/3367/3367
f 3387/3387/3387 3386/3386/3386 3367/3367/3367
f 3386/3386/3386 3385/3385/3385 3367/3367/3367
f 3386/3386/3386 3384/3384/3384 3385/3385/3385
f 3382/3382/3382 3385/3385/3385 3384/3384/3384
f 3382/3382/3382 3384/3384/3384 3383/3383/3383
f 3381/3381/3381 3382/3382/3382 3383/3383/3383
f 3382/3382/3382 3381/3381/3381 3367/3367/3367
f 3381/3381/3381 3380/3380/3380 3367/3367/3367
f 3380/3380/3380 3365/3365/3365 3367/3367/3367
f 3365/3365/3365 3380/3380/3380 3379/3379/3379
f 3365/3365/3365 3379/3379/3379 3364/3364/3364
f 3366/3366/3366 3362/3362/3362 3378/3378/3378
f 3366/3366/3366 3378/3378/3378 3368/3368/3368
f 3368/3368/3368 3378/3378/3378 3353/3353/3353
f 3367/3367/3367 3369/3369/3369 3370/3370/3370
f 3376/3376/3376 3358/3358/3358 3377/3377/3377
f 3376/3376/3376 3375/3375/3375 3358/3358/3358
f 3375/3375/3375 3350/3350/3350 3358/3358/3358
f 3375/3375/3375 3374/3374/3374 3350/3350/3350
f 3350/3350/3350 3374/3374/3374 3373/3373/3373
f 3350/3350/3350 3373/3373/3373 3349/3349/3349
f 3372/3372/3372 3349/3349/3349 3373/3373/3373
f 3351/3351/3351 3349/3349/3349 3372/3372/3372
f 3372/3372/3372 3371/3371/3371 3351/3351/3351
f 3351/3351/3351 3371/3371/3371 3354/3354/3354
f 3370/3370/3370 3354/3354/3354 3371/3371/3371
f 3370/3370/3370 3353/3353/3353 3354/3354/3354
f 3370/3370/3370 3369/3369/3369 3353/3353/3353
f 3368/3368/3368 3353/3353/3353 3369/3369/3369
f 3367/3367/3367 3368/3368/3368 3369/3369/3369
f 3367/3367/3367 3366/3366/3366 3368/3368/3368
f 3367/3367/3367 3365/3365/3365 3366/3366/3366
f 3365/3365/3365 3362/3362/3362 3366/3366/3366
f 3365/3365/3365 3364/3364/3364 3362/3362/3362
f 3364/3364/3364 3363/3363/3363 3362/3362/3362
f 3360/3360/3360 3352/3352/3352 3361/3361/3361
f 3360/3360/3360 3355/3355/3355 3352/3352/3352
f 3359/3359/3359 3355/3355/3355 3360/3360/3360
f 3356/3356/3356 3355/3355/3355 3359/3359/3359
f 3357/3357/3357 3356/3356/3356 3359/3359/3359
f 3350/3350/3350 3357/3357/3357 3358/3358/3358
f 3350/3350/3350 3356/3356/3356 3357/3357/3357
f 3350/3350/3350 3348/3348/3348 3356/3356/3356
f 3356/3356/3356 3348/3348/3348 3355/3355/3355
f 3351/3351/3351 3355/3355/3355 3348/3348/3348
f 3351/3351/3351 3352/3352/3352 3355/3355/3355
f 3351/3351/3351 3354/3354/3354 3352/3352/3352
f 3354/3354/3354 3353/3353/3353 3352/3352/3352
f 3351/3351/3351 3348/3348/3348 3349/3349/3349
f 3350/3350/3350 3349/3349/3349 3348/3348/3348
f 3347/3347/3347 3345/3345/3345 3346/3346/3346
f 3345/3345/3345 3343/3343/3343 3346/3346/3346
f 3345/3345/3345 3344/3344/3344 3343/3343/3343
f 3343/3343/3343 3344/3344/3344 3342/3342/3342
f 3343/3343/3343 3342/3342/3342 3341/3341/3341
f 3341/3341/3341 3342/3342/3342 3339/3339/3339
f 3341/3341/3341 3339/3339/3339 3340/3340/3340
f 3338/3338/3338 3340/3340/3340 3339/3339/3339
f 3338/3338/3338 3339/3339/3339 3337/3337/3337
f 3335/3335/3335 3338/3338/3338 3337/3337/3337
f 3335/3335/3335 3337/3337/3337 3336/3336/3336
f 3335/3335/3335 3336/3336/3336 3331/3331/3331
f 3335/3335/3335 3331/3331/3331 3334/3334/3334
f 3331/3331/3331 3332/3332/3332 3334/3334/3334
f 3333/3333/3333 3332/3332/3332 3331/3331/3331
f 3330/3330/3330 3328/3328/3328 3329/3329/3329
f 3326/3326/3326 3329/3329/3329 3328/3328/3328
f 3326/3326/3326 3328/3328/3328 3327/3327/3327
f 3326/3326/3326 3327/3327/3327 3325/3325/3325
f 3326/3326/3326 3325/3325/3325 3324/3324/3324
f 3323/3323/3323 3324/3324/3324 3325/3325/3325
f 3323/3323/3323 3321/3321/3321 3324/3324/3324
f 3323/3323/3323 3322/3322/3322 3321/3321/3321
f 3264/3264/3264 3265/3265/3265 3320/3320/3320
f 3264/3264/3264 3320/3320/3320 3319/3319/3319
f 3319/3319/3319 3320/3320/3320 3318/3318/3318
f 3319/3319/3319 3318/3318/3318 3317/3317/3317
f 3317/3317/3317 3318/3318/3318 3316/3316/3316
f 3317/3317/3317 3316/3316/3316 3315/3315/3315
f 3315/3315/3315 3316/3316/3316 3314/3314/3314
f 3315/3315/3315 3314/3314/3314 3313/3313/3313
f 3313/3313/3313 3314/3314/3314 3312/3312/3312
f 3313/3313/3313 3312/3312/3312 3311/3311/3311
f 3311/3311/3311 3312/3312/3312 3310/3310/3310
f 3311/3311/3311 3310/3310/3310 3309/3309/3309
f 3309/3309/3309 3310/3310/3310 3308/3308/3308
f 3309/3309/3309 3308/3308/3308 3307/3307/3307
f 3307/3307/3307 3308/3308/3308 3306/3306/3306
f 3307/3307/3307 3306/3306/3306 3305/3305/3305
f 3305/3305/3305 3306/3306/3306 3304/3304/3304
f 3305/3305/3305 3304/3304/3304 3297/3297/3297
f 3300/3300/3300 3303/3303/3303 3302/3302/3302
f 3300/3300/3300 3302/3302/3302 3301/3301/3301
f 3295/3295/3295 3298/3298/3298 3300/3300/3300
f 3299/3299/3299 3296/3296/3296 3298/3298/3298
f 3297/3297/3297 3285/3285/3285 3296/3296/3296
f 3297/3297/3297 3296/3296/3296 3295/3295/3295
f 3271/3271/3271 3272/3272/3272 3294/3294/3294
f 3294/3294/3294 3272/3272/3272 3293/3293/3293
f 3293/3293/3293 3272/3272/3272 3292/3292/3292
f 3292/3292/3292 3272/3272/3272 3291/3291/3291
f 3291/3291/3291 3272/3272/3272 3290/3290/3290
f 3290/3290/3290 3272/3272/3272 3289/3289/3289
f 3289/3289/3289 3272/3272/3272 3288/3288/3288
f 3288/3288/3288 3272/3272/3272 3287/3287/3287
f 3287/3287/3287 3272/3272/3272 3286/3286/3286
f 3286/3286/3286 3272/3272/3272 3285/3285/3285
f 3285/3285/3285 3272/3272/3272 3284/3284/3284
f 3284/3284/3284 3272/3272/3272 3283/3283/3283
f 3283/3283/3283 3272/3272/3272 3282/3282/3282
f 3282/3282/3282 3272/3272/3272 3281/3281/3281
f 3281/3281/3281 3272/3272/3272 3280/3280/3280
f 3280/3280/3280 3272/3272/3272 3279/3279/3279
f 3279/3279/3279 3272/3272/3272 3278/3278/3278
f 3278/3278/3278 3272/3272/3272 3277/3277/3277
f 3277/3277/3277 3272/3272/3272 3276/3276/3276
f 3276/3276/3276 3272/3272/3272 3275/3275/3275
f 3275/3275/3275 3272/3272/3272 3274/3274/3274
f 3274/3274/3274 3272/3272/3272 3270/3270/3270
f 3270/3270/3270 3272/3272/3272 3273/3273/3273
f 3273/3273/3273 3272/3272/3272 3271/3271/3271
f 3244/3244/3244 3270/3270/3270 3269/3269/3269
f 3244/3244/3244 3269/3269/3269 3268/3268/3268
f 3268/3268/3268 3269/3269/3269 3267/3267/3267
f 3268/3268/3268 3267/3267/3267 3266/3266/3266
f 3266/3266/3266 3267/3267/3267 3265/3265/3265
f 3266/3266/3266 3265/3265/3265 3264/3264/3264
f 3262/3262/3262 3263/3263/3263 3261/3261/3261
f 3262/3262/3262 3261/3261/3261 3260/3260/3260
f 3260/3260/3260 3261/3261/3261 3259/3259/3259
f 3260/3260/3260 3259/3259/3259 3258/3258/3258
f 3258/3258/3258 3259/3259/3259 3257/3257/3257
f 3258/3258/3258 3257/3257/3257 3256/3256/3256
f 3256/3256/3256 3257/3257/3257 3255/3255/3255
f 3256/3256/3256 3255/3255/3255 3254/3254/3254
f 3254/3254/3254 3255/3255/3255 3253/3253/3253
f 3254/3254/3254 3253/3253/3253 3252/3252/3252
f 3252/3252/3252 3253/3253/3253 3251/3251/3251
f 3252/3252/3252 3251/3251/3251 3250/3250/3250
f 3250/3250/3250 3251/3251/3251 3249/3249/3249
f 3250/3250/3250 3249/3249/3249 3248/3248/3248
f 3248/3248/3248 3249/3249/3249 3247/3247/3247
f 3248/3248/3248 3247/3247/3247 3246/3246/3246
f 3246/3246/3246 3247/3247/3247 3245/3245/3245
f 3246/3246/3246 3245/3245/3245 3244/3244/3244
f 3235/3235/3235 3243/3243/3243 3242/3242/3242
f 3235/3235/3235 3242/3242/3242 3237/3237/3237
f 3239/3239/3239 3241/3241/3241 3236/3236/3236
f 3234/3234/3234 3240/3240/3240 3232/3232/3232
f 3212/3212/3212 3213/3213/3213 3239/3239/3239
f 3212/3212/3212 3239/3239/3239 3238/3238/3238
f 3239/3239/3239 3236/3236/3236 3238/3238/3238
f 3236/3236/3236 3237/3237/3237 3238/3238/3238
f 3236/3236/3236 3235/3235/3235 3237/3237/3237
f 3236/3236/3236 3234/3234/3234 3235/3235/3235
f 3235/3235/3235 3234/3234/3234 3233/3233/3233
f 3234/3234/3234 3232/3232/3232 3233/3233/3233
f 3232/3232/3232 3231/3231/3231 3233/3233/3233
f 3232/3232/3232 3230/3230/3230 3231/3231/3231
f 3230/3230/3230 3229/3229/3229 3231/3231/3231
f 3230/3230/3230 3228/3228/3228 3229/3229/3229
f 3228/3228/3228 3227/3227/3227 3229/3229/3229
f 3228/3228/3228 3226/3226/3226 3227/3227/3227
f 3226/3226/3226 3225/3225/3225 3227/3227/3227
f 3226/3226/3226 3224/3224/3224 3225/3225/3225
f 3224/3224/3224 3222/3222/3222 3225/3225/3225
f 3224/3224/3224 3223/3223/3223 3222/3222/3222
f 3207/3207/3207 3221/3221/3221 3220/3220/3220
f 3207/3207/3207 3220/3220/3220 3206/3206/3206
f 3206/3206/3206 3220/3220/3220 3219/3219/3219
f 3206/3206/3206 3219/3219/3219 3218/3218/3218
f 3218/3218/3218 3219/3219/3219 3217/3217/3217
f 3218/3218/3218 3217/3217/3217 3216/3216/3216
f 3216/3216/3216 3217/3217/3217 3215/3215/3215
f 3216/3216/3216 3215/3215/3215 3214/3214/3214
f 3214/3214/3214 3215/3215/3215 3213/3213/3213
f 3214/3214/3214 3213/3213/3213 3212/3212/3212
f 3210/3210/3210 3211/3211/3211 3208/3208/3208
f 3210/3210/3210 3208/3208/3208 3209/3209/3209
f 3208/3208/3208 3196/3196/3196 3209/3209/3209
f 3196/3196/3196 3208/3208/3208 3207/3207/3207
f 3196/3196/3196 3207/3207/3207 3198/3198/3198
f 3198/3198/3198 3207/3207/3207 3206/3206/3206
f 3204/3204/3204 3202/3202/3202 3205/3205/3205
f 3204/3204/3204 3203/3203/3203 3202/3202/3202
f 3201/3201/3201 3202/3202/3202 3203/3203/3203
f 3201/3201/3201 3194/3194/3194 3202/3202/3202
f 3194/3194/3194 3201/3201/3201 3200/3200/3200
f 3194/3194/3194 3200/3200/3200 3193/3193/3193
f 3197/3197/3197 3193/3193/3193 3200/3200/3200
f 3197/3197/3197 3199/3199/3199 3193/3193/3193
f 3198/3198/3198 3199/3199/3199 3197/3197/3197
f 3198/3198/3198 3197/3197/3197 3196/3196/3196
f 3195/3195/3195 3194/3194/3194 3193/3193/3193
f 3189/3189/3189 3191/3191/3191 3192/3192/3192
f 3189/3189/3189 3190/3190/3190 3191/3191/3191
f 3189/3189/3189 3187/3187/3187 3190/3190/3190
f 3189/3189/3189 3188/3188/3188 3187/3187/3187
f 3187/3187/3187 3188/3188/3188 3186/3186/3186
f 3187/3187/3187 3186/3186/3186 3185/3185/3185
f 3184/3184/3184 3185/3185/3185 3186/3186/3186
f 3184/3184/3184 3183/3183/3183 3185/3185/3185
f 3181/3181/3181 3183/3183/3183 3184/3184/3184
f 3181/3181/3181 3182/3182/3182 3183/3183/3183
f 3181/3181/3181 3180/3180/3180 3182/3182/3182
f 3181/3181/3181 3179/3179/3179 3180/3180/3180
f 3179/3179/3179 3178/3178/3178 3180/3180/3180
f 3179/3179/3179 3177/3177/3177 3178/3178/3178
f 3177/3177/3177 3175/3175/3175 3178/3178/3178
f 3177/3177/3177 3176/3176/3176 3175/3175/3175
f 3174/3174/3174 3175/3175/3175 3176/3176/3176
f 3174/3174/3174 3171/3171/3171 3175/3175/3175
f 3173/3173/3173 3171/3171/3171 3174/3174/3174
f 3173/3173/3173 3172/3172/3172 3171/3171/3171
f 3167/3167/3167 3157/3157/3157 3170/3170/3170
f 3155/3155/3155 3157/3157/3157 3169/3169/3169
f 3157/3157/3157 3168/3168/3168 3169/3169/3169
f 3168/3168/3168 3157/3157/3157 3167/3167/3167
f 3168/3168/3168 3167/3167/3167 3166/3166/3166
f 3165/3165/3165 3164/3164/3164 3163/3163/3163
f 3163/3163/3163 3164/3164/3164 3160/3160/3160
f 3163/3163/3163 3160/3160/3160 3162/3162/3162
f 3162/3162/3162 3160/3160/3160 3161/3161/3161
f 3161/3161/3161 3160/3160/3160 3159/3159/3159
f 3159/3159/3159 3160/3160/3160 3157/3157/3157
f 3157/3157/3157 3158/3158/3158 3159/3159/3159
f 3157/3157/3157 3156/3156/3156 3158/3158/3158
f 3155/3155/3155 3156/3156/3156 3157/3157/3157
f 3154/3154/3154 3156/3156/3156 3155/3155/3155
f 3154/3154/3154 3155/3155/3155 3153/3153/3153
f 3150/3150/3150 3154/3154/3154 3153/3153/3153
f 3153/3153/3153 3152/3152/3152 3150/3150/3150
f 3150/3150/3150 3152/3152/3152 3149/3149/3149
f 3152/3152/3152 3151/3151/3151 3149/3149/3149
f 3150/3150/3150 3149/3149/3149 3148/3148/3148
f 3145/3145/3145 3146/3146/3146 3147/3147/3147
f 3145/3145/3145 3143/3143/3143 3146/3146/3146
f 3145/3145/3145 3144/3144/3144 3143/3143/3143
f 3142/3142/3142 3141/3141/3141 3140/3140/3140
f 3140/3140/3140 3141/3141/3141 3139/3139/3139
f 3140/3140/3140 3139/3139/3139 3138/3138/3138
f 3134/3134/3134 3128/3128/3128 2978/2978/2978
f 3137/3137/3137 3134/3134/3134 2978/2978/2978
f 3136/3136/3136 3134/3134/3134 3137/3137/3137
f 3135/3135/3135 3134/3134/3134 3136/3136/3136
f 3135/3135/3135 3133/3133/3133 3134/3134/3134
f 3133/3133/3133 3128/3128/3128 3134/3134/3134
f 3133/3133/3133 3132/3132/3132 3128/3128/3128
f 3132/3132/3132 3126/3126/3126 3128/3128/3128
f 3132/3132/3132 3131/3131/3131 3126/3126/3126
f 2977/2977/2977 2975/2975/2975 3130/3130/3130
f 2975/2975/2975 3128/3128/3128 3130/3130/3130
f 3129/3129/3129 3130/3130/3130 3128/3128/3128
f 3129/3129/3129 3128/3128/3128 3126/3126/3126
f 3123/3123/3123 3126/3126/3126 3127/3127/3127
f 3123/3123/3123 3124/3124/3124 3126/3126/3126
f 3124/3124/3124 3125/3125/3125 3126/3126/3126
f 3124/3124/3124 2779/2779/2779 3125/3125/3125
f 3117/3117/3117 2779/2779/2779 3124/3124/3124
f 3117/3117/3117 3124/3124/3124 3120/3120/3120
f 3123/3123/3123 3120/3120/3120 3124/3124/3124
f 3123/3123/3123 3122/3122/3122 3120/3120/3120
f 3121/3121/3121 3120/3120/3120 3122/3122/3122
f 3121/3121/3121 3119/3119/3119 3120/3120/3120
f 3120/3120/3120 3119/3119/3119 3117/3117/3117
f 3118/3118/3118 3117/3117/3117 3116/3116/3116
f 3101/3101/3101 3113/3113/3113 3115/3115/3115
f 3101/3101/3101 3102/3102/3102 3113/3113/3113
f 3102/3102/3102 3111/3111/3111 3113/3113/3113
f 3102/3102/3102 3105/3105/3105 3111/3111/3111
f 3105/3105/3105 3108/3108/3108 3111/3111/3111
f 3105/3105/3105 3107/3107/3107 3108/3108/3108
f 3116/3116/3116 3115/3115/3115 3114/3114/3114
f 3115/3115/3115 3113/3113/3113 3114/3114/3114
f 3113/3113/3113 3112/3112/3112 3114/3114/3114
f 3113/3113/3113 3111/3111/3111 3112/3112/3112
f 3110/3110/3110 3112/3112/3112 3111/3111/3111
f 3110/3110/3110 3111/3111/3111 3108/3108/3108
f 3108/3108/3108 3109/3109/3109 3110/3110/3110
f 3108/3108/3108 2768/2768/2768 3109/3109/3109
f 2768/2768/2768 3108/3108/3108 3107/3107/3107
f 3107/3107/3107 3097/3097/3097 2768/2768/2768
f 3107/3107/3107 3106/3106/3106 3097/3097/3097
f 3106/3106/3106 3107/3107/3107 3105/3105/3105
f 3104/3104/3104 3106/3106/3106 3105/3105/3105
f 3104/3104/3104 3105/3105/3105 3102/3102/3102
f 3103/3103/3103 3104/3104/3104 3102/3102/3102
f 3103/3103/3103 3102/3102/3102 3101/3101/3101
f 3093/3093/3093 3098/3098/3098 3096/3096/3096
f 3100/3100/3100 3098/3098/3098 3093/3093/3093
f 3100/3100/3100 3099/3099/3099 3098/3098/3098
f 3098/3098/3098 3099/3099/3099 3078/3078/3078
f 3098/3098/3098 3078/3078/3078 3096/3096/3096
f 3078/3078/3078 3083/3083/3083 3096/3096/3096
f 2716/2716/2716 2735/2735/2735 2715/2715/2715
f 2715/2715/2715 2735/2735/2735 3086/3086/3086
f 2754/2754/2754 3086/3086/3086 2735/2735/2735
f 2755/2755/2755 3086/3086/3086 2754/2754/2754
f 2755/2755/2755 3085/3085/3085 3086/3086/3086
f 2756/2756/2756 3085/3085/3085 2755/2755/2755
f 2756/2756/2756 3084/3084/3084 3085/3085/3085
f 3084/3084/3084 2756/2756/2756 2768/2768/2768
f 3084/3084/3084 2768/2768/2768 3083/3083/3083
f 3083/3083/3083 2768/2768/2768 3097/3097/3097
f 3083/3083/3083 3097/3097/3097 3096/3096/3096
f 3096/3096/3096 3097/3097/3097 3095/3095/3095
f 3093/3093/3093 3096/3096/3096 3095/3095/3095
f 3095/3095/3095 3094/3094/3094 3093/3093/3093
f 3094/3094/3094 3092/3092/3092 3093/3093/3093
f 3089/3089/3089 3093/3093/3093 3092/3092/3092
f 3092/3092/3092 3091/3091/3091 3089/3089/3089
f 3091/3091/3091 3090/3090/3090 3089/3089/3089
f 3074/3074/3074 3076/3076/3076 3088/3088/3088
f 3074/3074/3074 3088/3088/3088 3087/3087/3087
f 2714/2714/2714 3073/3073/3073 2718/2718/2718
f 2714/2714/2714 3082/3082/3082 3073/3073/3073
f 3082/3082/3082 2714/2714/2714 2715/2715/2715
f 3082/3082/3082 2715/2715/2715 3081/3081/3081
f 2715/2715/2715 3086/3086/3086 3081/3081/3081
f 3081/3081/3081 3086/3086/3086 3085/3085/3085
f 3081/3081/3081 3085/3085/3085 3080/3080/3080
f 3080/3080/3080 3085/3085/3085 3084/3084/3084
f 3080/3080/3080 3084/3084/3084 3083/3083/3083
f 3080/3080/3080 3083/3083/3083 3078/3078/3078
f 3080/3080/3080 3078/3078/3078 3077/3077/3077
f 3082/3082/3082 3075/3075/3075 3073/3073/3073
f 3082/3082/3082 3077/3077/3077 3075/3075/3075
f 3077/3077/3077 3082/3082/3082 3081/3081/3081
f 3077/3077/3077 3081/3081/3081 3080/3080/3080
f 2711/2711/2711 3070/3070/3070 3079/3079/3079
f 3070/3070/3070 2890/2890/2890 3079/3079/3079
f 3076/3076/3076 3077/3077/3077 3078/3078/3078
f 3076/3076/3076 3075/3075/3075 3077/3077/3077
f 3076/3076/3076 3074/3074/3074 3075/3075/3075
f 3073/3073/3073 3075/3075/3075 3074/3074/3074
f 3073/3073/3073 3074/3074/3074 3072/3072/3072
f 2718/2718/2718 3073/3073/3073 3072/3072/3072
f 2718/2718/2718 3072/3072/3072 3071/3071/3071
f 2718/2718/2718 3071/3071/3071 2711/2711/2711
f 3070/3070/3070 2711/2711/2711 3071/3071/3071
f 3070/3070/3070 3071/3071/3071 3069/3069/3069
f 3070/3070/3070 3069/3069/3069 2890/2890/2890
f 2890/2890/2890 3069/3069/3069 3068/3068/3068
f 2895/2895/2895 2890/2890/2890 3068/3068/3068
f 3067/3067/3067 2895/2895/2895 3068/3068/3068
f 3067/3067/3067 2896/2896/2896 2895/2895/2895
f 3067/3067/3067 3065/3065/3065 2896/2896/2896
f 2896/2896/2896 3065/3065/3065 3066/3066/3066
f 3066/3066/3066 3065/3065/3065 3064/3064/3064
f 2896/2896/2896 3063/3063/3063 3062/3062/3062
f 3062/3062/3062 3063/3063/3063 3061/3061/3061
f 3062/3062/3062 3061/3061/3061 3060/3060/3060
f 3056/3056/3056 3055/3055/3055 3059/3059/3059
f 3059/3059/3059 3055/3055/3055 3054/3054/3054
f 3059/3059/3059 3054/3054/3054 3058/3058/3058
f 3022/3022/3022 3032/3032/3032 3024/3024/3024
f 3015/3015/3015 3024/3024/3024 3032/3032/3032
f 3032/3032/3032 3057/3057/3057 3015/3015/3015
f 3032/3032/3032 3056/3056/3056 3057/3057/3057
f 3032/3032/3032 3031/3031/3031 3056/3056/3056
f 3056/3056/3056 3031/3031/3031 3055/3055/3055
f 3029/3029/3029 3055/3055/3055 3031/3031/3031
f 3054/3054/3054 3055/3055/3055 3029/3029/3029
f 3054/3054/3054 3029/3029/3029 3053/3053/3053
f 3030/3030/3030 3053/3053/3053 3029/3029/3029
f 3030/3030/3030 3052/3052/3052 3053/3053/3053
f 3051/3051/3051 3052/3052/3052 3030/3030/3030
f 3051/3051/3051 3030/3030/3030 3044/3044/3044
f 3044/3044/3044 3050/3050/3050 3051/3051/3051
f 3044/3044/3044 3049/3049/3049 3050/3050/3050
f 3049/3049/3049 3048/3048/3048 3050/3050/3050
f 3049/3049/3049 3047/3047/3047 3048/3048/3048
f 3046/3046/3046 3048/3048/3048 3047/3047/3047
f 3046/3046/3046 3047/3047/3047 2823/2823/2823
f 2823/2823/2823 2822/2822/2822 3046/3046/3046
f 3045/3045/3045 3033/3033/3033 3034/3034/3034
f 3045/3045/3045 3028/3028/3028 3033/3033/3033
f 3045/3045/3045 3043/3043/3043 3028/3028/3028
f 3045/3045/3045 3044/3044/3044 3043/3043/3043
f 2812/2812/2812 3042/3042/3042 2801/2801/2801
f 2797/2797/2797 2801/2801/2801 3042/3042/3042
f 2797/2797/2797 3042/3042/3042 3041/3041/3041
f 2788/2788/2788 2797/2797/2797 3041/3041/3041
f 2788/2788/2788 3041/3041/3041 3040/3040/3040
f 3039/3039/3039 2788/2788/2788 3040/3040/3040
f 3039/3039/3039 2790/2790/2790 2788/2788/2788
f 3038/3038/3038 2790/2790/2790 3039/3039/3039
f 3038/3038/3038 2798/2798/2798 2790/2790/2790
f 3037/3037/3037 2798/2798/2798 3038/3038/3038
f 3037/3037/3037 3022/3022/3022 2798/2798/2798
f 3037/3037/3037 3036/3036/3036 3022/3022/3022
f 3036/3036/3036 3035/3035/3035 3022/3022/3022
f 3022/3022/3022 3035/3035/3035 3034/3034/3034
f 3022/3022/3022 3034/3034/3034 3033/3033/3033
f 3022/3022/3022 3033/3033/3033 3032/3032/3032
f 3028/3028/3028 3032/3032/3032 3033/3033/3033
f 3032/3032/3032 3028/3028/3028 3031/3031/3031
f 3029/3029/3029 3031/3031/3031 3028/3028/3028
f 3030/3030/3030 3029/3029/3029 3028/3028/3028
f 3026/3026/3026 3015/3015/3015 3027/3027/3027
f 3025/3025/3025 3015/3015/3015 3026/3026/3026
f 3025/3025/3025 3024/3024/3024 3015/3015/3015
f 3023/3023/3023 3024/3024/3024 3025/3025/3025
f 3022/3022/3022 3024/3024/3024 3023/3023/3023
f 3022/3022/3022 3023/3023/3023 3021/3021/3021
f 3022/3022/3022 3021/3021/3021 2798/2798/2798
f 3021/3021/3021 3020/3020/3020 2798/2798/2798
f 2791/2791/2791 2798/2798/2798 3020/3020/3020
f 2791/2791/2791 3020/3020/3020 3013/3013/3013
f 3019/3019/3019 3018/3018/3018 3015/3015/3015
f 3015/3015/3015 3018/3018/3018 3014/3014/3014
f 3012/3012/3012 3013/3013/3013 3017/3017/3017
f 3016/3016/3016 3012/3012/3012 3017/3017/3017
f 3011/3011/3011 3012/3012/3012 3016/3016/3016
f 3011/3011/3011 3016/3016/3016 3015/3015/3015
f 3015/3015/3015 3014/3014/3014 3011/3011/3011
f 3011/3011/3011 3014/3014/3014 3010/3010/3010
f 2990/2990/2990 2981/2981/2981 3008/3008/3008
f 2981/2981/2981 2980/2980/2980 3008/3008/3008
f 2791/2791/2791 3013/3013/3013 2793/2793/2793
f 2793/2793/2793 3013/3013/3013 3012/3012/3012
f 2979/2979/2979 2793/2793/2793 3012/3012/3012
f 3011/3011/3011 2979/2979/2979 3012/3012/3012
f 3011/3011/3011 2980/2980/2980 2979/2979/2979
f 3011/3011/3011 3010/3010/3010 2980/2980/2980
f 3008/3008/3008 2980/2980/2980 3010/3010/3010
f 3009/3009/3009 3008/3008/3008 3010/3010/3010
f 3007/3007/3007 3008/3008/3008 3009/3009/3009
f 3007/3007/3007 2990/2990/2990 3008/3008/3008
f 3006/3006/3006 2990/2990/2990 3007/3007/3007
f 3005/3005/3005 2990/2990/2990 3006/3006/3006
f 2991/2991/2991 2990/2990/2990 3005/3005/3005
f 2991/2991/2991 3005/3005/3005 3004/3004/3004
f 3004/3004/3004 2992/2992/2992 2991/2991/2991
f 3004/3004/3004 3003/3003/3003 2992/2992/2992
f 2993/2993/2993 2992/2992/2992 3003/3003/3003
f 2993/2993/2993 3003/3003/3003 3002/3002/3002
f 3000/3000/3000 2999/2999/2999 3001/3001/3001
f 2996/2996/2996 3000/3000/3000 2997/2997/2997
f 3000/3000/3000 2996/2996/2996 2999/2999/2999
f 2996/2996/2996 2995/2995/2995 2999/2999/2999
f 2964/2964/2964 2984/2984/2984 2963/2963/2963
f 2984/2984/2984 2998/2998/2998 2963/2963/2963
f 2984/2984/2984 2987/2987/2987 2998/2998/2998
f 2987/2987/2987 2997/2997/2997 2998/2998/2998
f 2987/2987/2987 2988/2988/2988 2997/2997/2997
f 2996/2996/2996 2997/2997/2997 2988/2988/2988
f 2996/2996/2996 2988/2988/2988 2989/2989/2989
f 2996/2996/2996 2989/2989/2989 2995/2995/2995
f 2989/2989/2989 2994/2994/2994 2995/2995/2995
f 2994/2994/2994 2989/2989/2989 2986/2986/2986
f 2994/2994/2994 2986/2986/2986 2993/2993/2993
f 2986/2986/2986 2992/2992/2992 2993/2993/2993
f 2986/2986/2986 2985/2985/2985 2992/2992/2992
f 2991/2991/2991 2992/2992/2992 2985/2985/2985
f 2983/2983/2983 2991/2991/2991 2985/2985/2985
f 2990/2990/2990 2991/2991/2991 2983/2983/2983
f 2990/2990/2990 2983/2983/2983 2982/2982/2982
f 2982/2982/2982 2981/2981/2981 2990/2990/2990
f 2988/2988/2988 2986/2986/2986 2989/2989/2989
f 2988/2988/2988 2987/2987/2987 2986/2986/2986
f 2984/2984/2984 2986/2986/2986 2987/2987/2987
f 2984/2984/2984 2985/2985/2985 2986/2986/2986
f 2983/2983/2983 2985/2985/2985 2984/2984/2984
f 2983/2983/2983 2984/2984/2984 2964/2964/2964
f 2982/2982/2982 2983/2983/2983 2964/2964/2964
f 2982/2982/2982 2964/2964/2964 2965/2965/2965
f 2965/2965/2965 2966/2966/2966 2982/2982/2982
f 2966/2966/2966 2981/2981/2981 2982/2982/2982
f 2966/2966/2966 2980/2980/2980 2981/2981/2981
f 2980/2980/2980 2966/2966/2966 2968/2968/2968
f 2980/2980/2980 2968/2968/2968 2979/2979/2979
f 2971/2971/2971 2979/2979/2979 2968/2968/2968
f 2979/2979/2979 2971/2971/2971 2793/2793/2793
f 2974/2974/2974 2978/2978/2978 2977/2977/2977
f 2973/2973/2973 2974/2974/2974 2976/2976/2976
f 2972/2972/2972 2974/2974/2974 2973/2973/2973
f 2972/2972/2972 2975/2975/2975 2974/2974/2974
f 2972/2972/2972 2973/2973/2973 2793/2793/2793
f 2971/2971/2971 2972/2972/2972 2793/2793/2793
f 2971/2971/2971 2970/2970/2970 2972/2972/2972
f 2971/2971/2971 2968/2968/2968 2970/2970/2970
f 2968/2968/2968 2969/2969/2969 2970/2970/2970
f 2968/2968/2968 2967/2967/2967 2969/2969/2969
f 2966/2966/2966 2967/2967/2967 2968/2968/2968
f 2911/2911/2911 2967/2967/2967 2966/2966/2966
f 2911/2911/2911 2966/2966/2966 2965/2965/2965
f 2965/2965/2965 2910/2910/2910 2911/2911/2911
f 2965/2965/2965 2964/2964/2964 2910/2910/2910
f 2952/2952/2952 2910/2910/2910 2964/2964/2964
f 2964/2964/2964 2962/2962/2962 2952/2952/2952
f 2964/2964/2964 2963/2963/2963 2962/2962/2962
f 2961/2961/2961 2958/2958/2958 2960/2960/2960
f 2959/2959/2959 2954/2954/2954 2957/2957/2957
f 2954/2954/2954 2958/2958/2958 2957/2957/2957
f 2954/2954/2954 2956/2956/2956 2955/2955/2955
f 2912/2912/2912 2953/2953/2953 2954/2954/2954
f 2912/2912/2912 2910/2910/2910 2953/2953/2953
f 2953/2953/2953 2910/2910/2910 2951/2951/2951
f 2910/2910/2910 2952/2952/2952 2951/2951/2951
f 2950/2950/2950 2947/2947/2947 2933/2933/2933
f 2948/2948/2948 2949/2949/2949 2945/2945/2945
f 2942/2942/2942 2945/2945/2945 2949/2949/2949
f 2947/2947/2947 2948/2948/2948 2945/2945/2945
f 2946/2946/2946 2947/2947/2947 2945/2945/2945
f 2946/2946/2946 2945/2945/2945 2931/2931/2931
f 2942/2942/2942 2931/2931/2931 2945/2945/2945
f 2939/2939/2939 2931/2931/2931 2942/2942/2942
f 2929/2929/2929 2939/2939/2939 2942/2942/2942
f 2943/2943/2943 2944/2944/2944 2929/2929/2929
f 2929/2929/2929 2941/2941/2941 2943/2943/2943
f 2929/2929/2929 2942/2942/2942 2941/2941/2941
f 2938/2938/2938 2940/2940/2940 2937/2937/2937
f 2937/2937/2937 2940/2940/2940 2936/2936/2936
f 2929/2929/2929 2931/2931/2931 2939/2939/2939
f 2938/2938/2938 2937/2937/2937 2912/2912/2912
f 2913/2913/2913 2912/2912/2912 2937/2937/2937
f 2913/2913/2913 2937/2937/2937 2935/2935/2935
f 2937/2937/2937 2936/2936/2936 2935/2935/2935
f 2934/2934/2934 2935/2935/2935 2936/2936/2936
f 2934/2934/2934 2925/2925/2925 2935/2935/2935
f 2932/2932/2932 2925/2925/2925 2934/2934/2934
f 2932/2932/2932 2934/2934/2934 2933/2933/2933
f 2933/2933/2933 2931/2931/2931 2932/2932/2932
f 2932/2932/2932 2931/2931/2931 2917/2917/2917
f 2917/2917/2917 2931/2931/2931 2929/2929/2929
f 2917/2917/2917 2929/2929/2929 2930/2930/2930
f 2929/2929/2929 2927/2927/2927 2930/2930/2930
f 2926/2926/2926 2927/2927/2927 2929/2929/2929
f 2928/2928/2928 2927/2927/2927 2926/2926/2926
f 2924/2924/2924 2925/2925/2925 2914/2914/2914
f 2924/2924/2924 2914/2914/2914 2913/2913/2913
f 2923/2923/2923 2921/2921/2921 2920/2920/2920
f 2923/2923/2923 2920/2920/2920 2922/2922/2922
f 2922/2922/2922 2920/2920/2920 2919/2919/2919
f 2922/2922/2922 2919/2919/2919 2918/2918/2918
f 2875/2875/2875 2867/2867/2867 2869/2869/2869
f 2875/2875/2875 2886/2886/2886 2867/2867/2867
f 2921/2921/2921 2867/2867/2867 2886/2886/2886
f 2921/2921/2921 2886/2886/2886 2920/2920/2920
f 2920/2920/2920 2886/2886/2886 2887/2887/2887
f 2920/2920/2920 2887/2887/2887 2919/2919/2919
f 2901/2901/2901 2919/2919/2919 2887/2887/2887
f 2918/2918/2918 2919/2919/2919 2901/2901/2901
f 2904/2904/2904 2918/2918/2918 2901/2901/2901
f 2917/2917/2917 2918/2918/2918 2904/2904/2904
f 2916/2916/2916 2917/2917/2917 2904/2904/2904
f 2904/2904/2904 2915/2915/2915 2916/2916/2916
f 2914/2914/2914 2915/2915/2915 2904/2904/2904
f 2906/2906/2906 2914/2914/2914 2904/2904/2904
f 2913/2913/2913 2914/2914/2914 2906/2906/2906
f 2906/2906/2906 2908/2908/2908 2913/2913/2913
f 2908/2908/2908 2912/2912/2912 2913/2913/2913
f 2908/2908/2908 2910/2910/2910 2912/2912/2912
f 2911/2911/2911 2910/2910/2910 2909/2909/2909
f 2910/2910/2910 2908/2908/2908 2909/2909/2909
f 2909/2909/2909 2908/2908/2908 2907/2907/2907
f 2906/2906/2906 2907/2907/2907 2908/2908/2908
f 2905/2905/2905 2907/2907/2907 2906/2906/2906
f 2906/2906/2906 2904/2904/2904 2905/2905/2905
f 2905/2905/2905 2904/2904/2904 2903/2903/2903
f 2904/2904/2904 2901/2901/2901 2903/2903/2903
f 2903/2903/2903 2901/2901/2901 2900/2900/2900
f 2903/2903/2903 2900/2900/2900 2902/2902/2902
f 2895/2895/2895 2893/2893/2893 2890/2890/2890
f 2901/2901/2901 2887/2887/2887 2900/2900/2900
f 2899/2899/2899 2900/2900/2900 2887/2887/2887
f 2887/2887/2887 2875/2875/2875 2899/2899/2899
f 2898/2898/2898 2899/2899/2899 2875/2875/2875
f 2898/2898/2898 2875/2875/2875 2876/2876/2876
f 2897/2897/2897 2898/2898/2898 2876/2876/2876
f 2897/2897/2897 2876/2876/2876 2896/2896/2896
f 2896/2896/2896 2876/2876/2876 2877/2877/2877
f 2896/2896/2896 2877/2877/2877 2895/2895/2895
f 2877/2877/2877 2878/2878/2878 2895/2895/2895
f 2878/2878/2878 2893/2893/2893 2895/2895/2895
f 2878/2878/2878 2879/2879/2879 2893/2893/2893
f 2879/2879/2879 2894/2894/2894 2893/2893/2893
f 2893/2893/2893 2894/2894/2894 2892/2892/2892
f 2892/2892/2892 2890/2890/2890 2893/2893/2893
f 2891/2891/2891 2890/2890/2890 2892/2892/2892
f 2890/2890/2890 2891/2891/2891 2889/2889/2889
f 2890/2890/2890 2889/2889/2889 2888/2888/2888
f 2887/2887/2887 2886/2886/2886 2875/2875/2875
f 2865/2865/2865 2885/2885/2885 2881/2881/2881
f 2884/2884/2884 2871/2871/2871 2868/2868/2868
f 2866/2866/2866 2884/2884/2884 2868/2868/2868
f 2866/2866/2866 2883/2883/2883 2884/2884/2884
f 2883/2883/2883 2866/2866/2866 2865/2865/2865
f 2883/2883/2883 2865/2865/2865 2882/2882/2882
f 2882/2882/2882 2865/2865/2865 2881/2881/2881
f 2882/2882/2882 2881/2881/2881 2880/2880/2880
f 2878/2878/2878 2874/2874/2874 2879/2879/2879
f 2870/2870/2870 2874/2874/2874 2878/2878/2878
f 2877/2877/2877 2870/2870/2870 2878/2878/2878
f 2870/2870/2870 2877/2877/2877 2869/2869/2869
f 2876/2876/2876 2869/2869/2869 2877/2877/2877
f 2876/2876/2876 2875/2875/2875 2869/2869/2869
f 2870/2870/2870 2873/2873/2873 2874/2874/2874
f 2870/2870/2870 2872/2872/2872 2873/2873/2873
f 2871/2871/2871 2872/2872/2872 2870/2870/2870
f 2871/2871/2871 2870/2870/2870 2868/2868/2868
f 2870/2870/2870 2869/2869/2869 2868/2868/2868
f 2868/2868/2868 2869/2869/2869 2867/2867/2867
f 2868/2868/2868 2867/2867/2867 2866/2866/2866
f 2866/2866/2866 2867/2867/2867 2864/2864/2864
f 2866/2866/2866 2864/2864/2864 2865/2865/2865
f 2865/2865/2865 2864/2864/2864 2863/2863/2863
f 2689/2689/2689 2862/2862/2862 2861/2861/2861
f 2860/2860/2860 2861/2861/2861 2862/2862/2862
f 2860/2860/2860 2694/2694/2694 2861/2861/2861
f 2694/2694/2694 2860/2860/2860 2707/2707/2707
f 2859/2859/2859 2857/2857/2857 2845/2845/2845
f 2859/2859/2859 2858/2858/2858 2857/2857/2857
f 2857/2857/2857 2858/2858/2858 2856/2856/2856
f 2857/2857/2857 2856/2856/2856 2855/2855/2855
f 2855/2855/2855 2856/2856/2856 2854/2854/2854
f 2855/2855/2855 2854/2854/2854 2851/2851/2851
f 2853/2853/2853 2851/2851/2851 2854/2854/2854
f 2853/2853/2853 2852/2852/2852 2851/2851/2851
f 2847/2847/2847 2849/2849/2849 2850/2850/2850
f 2847/2847/2847 2848/2848/2848 2849/2849/2849
f 2847/2847/2847 2845/2845/2845 2848/2848/2848
f 2847/2847/2847 2846/2846/2846 2845/2845/2845
f 2843/2843/2843 2844/2844/2844 2839/2839/2839
f 2843/2843/2843 2839/2839/2839 2749/2749/2749
f 2841/2841/2841 2842/2842/2842 2840/2840/2840
f 2838/2838/2838 2761/2761/2761 2759/2759/2759
f 2838/2838/2838 2763/2763/2763 2761/2761/2761
f 2840/2840/2840 2763/2763/2763 2838/2838/2838
f 2840/2840/2840 2842/2842/2842 2763/2763/2763
f 2763/2763/2763 2842/2842/2842 2765/2765/2765
f 2765/2765/2765 2842/2842/2842 2771/2771/2771
f 2841/2841/2841 2771/2771/2771 2842/2842/2842
f 2830/2830/2830 2771/2771/2771 2841/2841/2841
f 2832/2832/2832 2830/2830/2830 2841/2841/2841
f 2832/2832/2832 2841/2841/2841 2834/2834/2834
f 2841/2841/2841 2835/2835/2835 2834/2834/2834
f 2841/2841/2841 2840/2840/2840 2835/2835/2835
f 2835/2835/2835 2840/2840/2840 2839/2839/2839
f 2839/2839/2839 2840/2840/2840 2838/2838/2838
f 2839/2839/2839 2838/2838/2838 2743/2743/2743
f 2743/2743/2743 2838/2838/2838 2759/2759/2759
f 2743/2743/2743 2759/2759/2759 2745/2745/2745
f 2836/2836/2836 2835/2835/2835 2837/2837/2837
f 2836/2836/2836 2742/2742/2742 2748/2748/2748
f 2748/2748/2748 2835/2835/2835 2836/2836/2836
f 2835/2835/2835 2748/2748/2748 2751/2751/2751
f 2834/2834/2834 2835/2835/2835 2751/2751/2751
f 2753/2753/2753 2834/2834/2834 2751/2751/2751
f 2832/2832/2832 2834/2834/2834 2753/2753/2753
f 2832/2832/2832 2753/2753/2753 2833/2833/2833
f 2832/2832/2832 2833/2833/2833 2831/2831/2831
f 2832/2832/2832 2831/2831/2831 2830/2830/2830
f 2830/2830/2830 2831/2831/2831 2829/2829/2829
f 2830/2830/2830 2829/2829/2829 2771/2771/2771
f 2828/2828/2828 2771/2771/2771 2829/2829/2829
f 2828/2828/2828 2770/2770/2770 2771/2771/2771
f 2828/2828/2828 2827/2827/2827 2770/2770/2770
f 2827/2827/2827 2826/2826/2826 2770/2770/2770
f 2826/2826/2826 2769/2769/2769 2770/2770/2770
f 2826/2826/2826 2825/2825/2825 2769/2769/2769
f 2769/2769/2769 2825/2825/2825 2810/2810/2810
f 2825/2825/2825 2824/2824/2824 2810/2810/2810
f 2811/2811/2811 2810/2810/2810 2824/2824/2824
f 2824/2824/2824 2813/2813/2813 2811/2811/2811
f 2823/2823/2823 2820/2820/2820 2822/2822/2822
f 2821/2821/2821 2822/2822/2822 2820/2820/2820
f 2819/2819/2819 2821/2821/2821 2820/2820/2820
f 2818/2818/2818 2819/2819/2819 2820/2820/2820
f 2818/2818/2818 2817/2817/2817 2819/2819/2819
f 2816/2816/2816 2817/2817/2817 2818/2818/2818
f 2816/2816/2816 2815/2815/2815 2817/2817/2817
f 2815/2815/2815 2816/2816/2816 2814/2814/2814
f 2814/2814/2814 2813/2813/2813 2815/2815/2815
f 2812/2812/2812 2813/2813/2813 2814/2814/2814
f 2811/2811/2811 2813/2813/2813 2812/2812/2812
f 2801/2801/2801 2811/2811/2811 2812/2812/2812
f 2811/2811/2811 2801/2801/2801 2810/2810/2810
f 2802/2802/2802 2810/2810/2810 2801/2801/2801
f 2810/2810/2810 2802/2802/2802 2769/2769/2769
f 2769/2769/2769 2802/2802/2802 2805/2805/2805
f 2805/2805/2805 2767/2767/2767 2769/2769/2769
f 2766/2766/2766 2767/2767/2767 2805/2805/2805
f 2786/2786/2786 2784/2784/2784 2809/2809/2809
f 2808/2808/2808 2809/2809/2809 2784/2784/2784
f 2808/2808/2808 2784/2784/2784 2806/2806/2806
f 2806/2806/2806 2784/2784/2784 2775/2775/2775
f 2806/2806/2806 2775/2775/2775 2774/2774/2774
f 2806/2806/2806 2774/2774/2774 2805/2805/2805
f 2766/2766/2766 2805/2805/2805 2774/2774/2774
f 2807/2807/2807 2803/2803/2803 2806/2806/2806
f 2802/2802/2802 2803/2803/2803 2805/2805/2805
f 2803/2803/2803 2797/2797/2797 2804/2804/2804
f 2803/2803/2803 2802/2802/2802 2797/2797/2797
f 2802/2802/2802 2801/2801/2801 2797/2797/2797
f 2800/2800/2800 2797/2797/2797 2799/2799/2799
f 2791/2791/2791 2790/2790/2790 2798/2798/2798
f 2786/2786/2786 2797/2797/2797 2788/2788/2788
f 2796/2796/2796 2781/2781/2781 2782/2782/2782
f 2782/2782/2782 2794/2794/2794 2796/2796/2796
f 2796/2796/2796 2794/2794/2794 2792/2792/2792
f 2794/2794/2794 2789/2789/2789 2792/2792/2792
f 2794/2794/2794 2787/2787/2787 2789/2789/2789
f 2794/2794/2794 2795/2795/2795 2787/2787/2787
f 2782/2782/2782 2783/2783/2783 2794/2794/2794
f 2794/2794/2794 2783/2783/2783 2785/2785/2785
f 2792/2792/2792 2791/2791/2791 2793/2793/2793
f 2792/2792/2792 2789/2789/2789 2791/2791/2791
f 2790/2790/2790 2791/2791/2791 2789/2789/2789
f 2790/2790/2790 2789/2789/2789 2788/2788/2788
f 2789/2789/2789 2787/2787/2787 2788/2788/2788
f 2787/2787/2787 2786/2786/2786 2788/2788/2788
f 2787/2787/2787 2785/2785/2785 2786/2786/2786
f 2786/2786/2786 2785/2785/2785 2784/2784/2784
f 2784/2784/2784 2785/2785/2785 2783/2783/2783
f 2784/2784/2784 2783/2783/2783 2775/2775/2775
f 2782/2782/2782 2775/2775/2775 2783/2783/2783
f 2782/2782/2782 2776/2776/2776 2775/2775/2775
f 2781/2781/2781 2776/2776/2776 2782/2782/2782
f 2781/2781/2781 2780/2780/2780 2776/2776/2776
f 2776/2776/2776 2780/2780/2780 2779/2779/2779
f 2776/2776/2776 2779/2779/2779 2773/2773/2773
f 2778/2778/2778 2773/2773/2773 2779/2779/2779
f 2778/2778/2778 2772/2772/2772 2773/2773/2773
f 2777/2777/2777 2772/2772/2772 2778/2778/2778
f 2777/2777/2777 2762/2762/2762 2772/2772/2772
f 2760/2760/2760 2762/2762/2762 2777/2777/2777
f 2775/2775/2775 2776/2776/2776 2773/2773/2773
f 2775/2775/2775 2773/2773/2773 2774/2774/2774
f 2774/2774/2774 2773/2773/2773 2766/2766/2766
f 2773/2773/2773 2772/2772/2772 2766/2766/2766
f 2766/2766/2766 2772/2772/2772 2762/2762/2762
f 2766/2766/2766 2762/2762/2762 2764/2764/2764
f 2771/2771/2771 2770/2770/2770 2765/2765/2765
f 2767/2767/2767 2765/2765/2765 2770/2770/2770
f 2767/2767/2767 2770/2770/2770 2769/2769/2769
f 2756/2756/2756 2757/2757/2757 2768/2768/2768
f 2766/2766/2766 2765/2765/2765 2767/2767/2767
f 2766/2766/2766 2764/2764/2764 2765/2765/2765
f 2763/2763/2763 2765/2765/2765 2764/2764/2764
f 2763/2763/2763 2764/2764/2764 2762/2762/2762
f 2763/2763/2763 2762/2762/2762 2761/2761/2761
f 2760/2760/2760 2761/2761/2761 2762/2762/2762
f 2759/2759/2759 2761/2761/2761 2760/2760/2760
f 2759/2759/2759 2760/2760/2760 2758/2758/2758
f 2745/2745/2745 2759/2759/2759 2758/2758/2758
f 2745/2745/2745 2758/2758/2758 2757/2757/2757
f 2746/2746/2746 2745/2745/2745 2757/2757/2757
f 2756/2756/2756 2746/2746/2746 2757/2757/2757
f 2756/2756/2756 2744/2744/2744 2746/2746/2746
f 2756/2756/2756 2755/2755/2755 2744/2744/2744
f 2755/2755/2755 2739/2739/2739 2744/2744/2744
f 2755/2755/2755 2754/2754/2754 2739/2739/2739
f 2739/2739/2739 2754/2754/2754 2736/2736/2736
f 2754/2754/2754 2735/2735/2735 2736/2736/2736
f 2751/2751/2751 2748/2748/2748 2750/2750/2750
f 2753/2753/2753 2751/2751/2751 2752/2752/2752
f 2751/2751/2751 2740/2740/2740 2752/2752/2752
f 2750/2750/2750 2740/2740/2740 2751/2751/2751
f 2740/2740/2740 2750/2750/2750 2741/2741/2741
f 2750/2750/2750 2748/2748/2748 2741/2741/2741
f 2749/2749/2749 2741/2741/2741 2748/2748/2748
f 2742/2742/2742 2747/2747/2747 2743/2743/2743
f 2745/2745/2745 2746/2746/2746 2744/2744/2744
f 2745/2745/2745 2744/2744/2744 2743/2743/2743
f 2739/2739/2739 2743/2743/2743 2744/2744/2744
f 2739/2739/2739 2742/2742/2742 2743/2743/2743
f 2739/2739/2739 2738/2738/2738 2742/2742/2742
f 2742/2742/2742 2738/2738/2738 2741/2741/2741
f 2738/2738/2738 2737/2737/2737 2741/2741/2741
f 2741/2741/2741 2737/2737/2737 2740/2740/2740
f 2734/2734/2734 2740/2740/2740 2737/2737/2737
f 2734/2734/2734 2733/2733/2733 2740/2740/2740
f 2739/2739/2739 2736/2736/2736 2738/2738/2738
f 2738/2738/2738 2736/2736/2736 2737/2737/2737
f 2736/2736/2736 2734/2734/2734 2737/2737/2737
f 2736/2736/2736 2735/2735/2735 2734/2734/2734
f 2716/2716/2716 2734/2734/2734 2735/2735/2735
f 2733/2733/2733 2734/2734/2734 2716/2716/2716
f 2733/2733/2733 2716/2716/2716 2727/2727/2727
f 2727/2727/2727 2732/2732/2732 2733/2733/2733
f 2731/2731/2731 2732/2732/2732 2727/2727/2727
f 2731/2731/2731 2727/2727/2727 2722/2722/2722
f 2730/2730/2730 2731/2731/2731 2722/2722/2722
f 2730/2730/2730 2722/2722/2722 2723/2723/2723
f 2730/2730/2730 2723/2723/2723 2703/2703/2703
f 2703/2703/2703 2723/2723/2723 2724/2724/2724
f 2703/2703/2703 2724/2724/2724 2702/2702/2702
f 2724/2724/2724 2725/2725/2725 2702/2702/2702
f 2699/2699/2699 2702/2702/2702 2725/2725/2725
f 2699/2699/2699 2725/2725/2725 2726/2726/2726
f 2691/2691/2691 2699/2699/2699 2726/2726/2726
f 2697/2697/2697 2691/2691/2691 2726/2726/2726
f 2729/2729/2729 2691/2691/2691 2697/2697/2697
f 2728/2728/2728 2716/2716/2716 2717/2717/2717
f 2720/2720/2720 2717/2717/2717 2719/2719/2719
f 2720/2720/2720 2721/2721/2721 2717/2717/2717
f 2728/2728/2728 2717/2717/2717 2721/2721/2721
f 2722/2722/2722 2728/2728/2728 2721/2721/2721
f 2722/2722/2722 2716/2716/2716 2728/2728/2728
f 2716/2716/2716 2722/2722/2722 2727/2727/2727
f 2697/2697/2697 2726/2726/2726 2725/2725/2725
f 2725/2725/2725 2710/2710/2710 2697/2697/2697
f 2724/2724/2724 2710/2710/2710 2725/2725/2725
f 2710/2710/2710 2724/2724/2724 2723/2723/2723
f 2710/2710/2710 2723/2723/2723 2709/2709/2709
f 2723/2723/2723 2722/2722/2722 2709/2709/2709
f 2709/2709/2709 2722/2722/2722 2697/2697/2697
f 2697/2697/2697 2722/2722/2722 2721/2721/2721
f 2721/2721/2721 2712/2712/2712 2697/2697/2697
f 2721/2721/2721 2720/2720/2720 2712/2712/2712
f 2711/2711/2711 2712/2712/2712 2720/2720/2720
f 2711/2711/2711 2720/2720/2720 2719/2719/2719
f 2718/2718/2718 2711/2711/2711 2719/2719/2719
f 2718/2718/2718 2719/2719/2719 2717/2717/2717
f 2718/2718/2718 2717/2717/2717 2714/2714/2714
f 2716/2716/2716 2714/2714/2714 2717/2717/2717
f 2716/2716/2716 2715/2715/2715 2714/2714/2714
f 2697/2697/2697 2712/2712/2712 2713/2713/2713
f 2712/2712/2712 2711/2711/2711 2698/2698/2698
f 2710/2710/2710 2709/2709/2709 2697/2697/2697
f 2701/2701/2701 2708/2708/2708 2707/2707/2707
f 2700/2700/2700 2701/2701/2701 2707/2707/2707
f 2700/2700/2700 2707/2707/2707 2706/2706/2706
f 2700/2700/2700 2706/2706/2706 2705/2705/2705
f 2700/2700/2700 2705/2705/2705 2699/2699/2699
f 2705/2705/2705 2704/2704/2704 2699/2699/2699
f 2699/2699/2699 2704/2704/2704 2702/2702/2702
f 2704/2704/2704 2703/2703/2703 2702/2702/2702
f 2701/2701/2701 2700/2700/2700 2691/2691/2691
f 2700/2700/2700 2699/2699/2699 2691/2691/2691
f 2698/2698/2698 2695/2695/2695 2697/2697/2697
f 2697/2697/2697 2695/2695/2695 2693/2693/2693
f 2697/2697/2697 2693/2693/2693 2696/2696/2696
f 2687/2687/2687 2688/2688/2688 2695/2695/2695
f 2694/2694/2694 2695/2695/2695 2688/2688/2688
f 2694/2694/2694 2693/2693/2693 2695/2695/2695
f 2692/2692/2692 2693/2693/2693 2694/2694/2694
f 2692/2692/2692 2690/2690/2690 2693/2693/2693
f 2692/2692/2692 2691/2691/2691 2690/2690/2690
f 2689/2689/2689 2688/2688/2688 2687/2687/2687
f 2683/2683/2683 2685/2685/2685 2686/2686/2686
f 2683/2683/2683 2684/2684/2684 2685/2685/2685
f 2683/2683/2683 2668/2668/2668 2684/2684/2684
f 2670/2670/2670 2668/2668/2668 2683/2683/2683
f 2681/2681/2681 2670/2670/2670 2683/2683/2683
f 2681/2681/2681 2682/2682/2682 2670/2670/2670
f 2680/2680/2680 2682/2682/2682 2681/2681/2681
f 2680/2680/2680 2681/2681/2681 2679/2679/2679
f 2678/2678/2678 2680/2680/2680 2679/2679/2679
f 2678/2678/2678 2679/2679/2679 2677/2677/2677
f 2676/2676/2676 2678/2678/2678 2677/2677/2677
f 2676/2676/2676 2677/2677/2677 2675/2675/2675
f 2675/2675/2675 2674/2674/2674 2676/2676/2676
f 2675/2675/2675 2673/2673/2673 2674/2674/2674
f 2673/2673/2673 2671/2671/2671 2674/2674/2674
f 2673/2673/2673 2672/2672/2672 2671/2671/2671
f 2670/2670/2670 2669/2669/2669 2668/2668/2668
f 595/595/595 2666/2666/2666 2667/2667/2667
f 2666/2666/2666 2664/2664/2664 2667/2667/2667
f 2666/2666/2666 2665/2665/2665 2664/2664/2664
f 2662/2662/2662 2661/2661/2661 2663/2663/2663
f 2648/2648/2648 2661/2661/2661 2662/2662/2662
f 2648/2648/2648 2646/2646/2646 2661/2661/2661
f 2646/2646/2646 2659/2659/2659 2661/2661/2661
f 2646/2646/2646 2660/2660/2660 2659/2659/2659
f 2658/2658/2658 2659/2659/2659 2660/2660/2660
f 2658/2658/2658 2657/2657/2657 2659/2659/2659
f 2656/2656/2656 2657/2657/2657 2658/2658/2658
f 2656/2656/2656 2655/2655/2655 2657/2657/2657
f 2654/2654/2654 2655/2655/2655 2656/2656/2656
f 2654/2654/2654 2653/2653/2653 2655/2655/2655
f 2653/2653/2653 2654/2654/2654 2652/2652/2652
f 2653/2653/2653 2652/2652/2652 2649/2649/2649
f 2651/2651/2651 2649/2649/2649 2652/2652/2652
f 2651/2651/2651 2650/2650/2650 2649/2649/2649
f 2648/2648/2648 2647/2647/2647 2646/2646/2646
f 2610/2610/2610 2611/2611/2611 2645/2645/2645
f 2610/2610/2610 2645/2645/2645 2644/2644/2644
f 2644/2644/2644 2645/2645/2645 2643/2643/2643
f 2644/2644/2644 2643/2643/2643 2642/2642/2642
f 2642/2642/2642 2643/2643/2643 2641/2641/2641
f 2642/2642/2642 2641/2641/2641 2640/2640/2640
f 2640/2640/2640 2641/2641/2641 2639/2639/2639
f 2640/2640/2640 2639/2639/2639 2638/2638/2638
f 2638/2638/2638 2639/2639/2639 2637/2637/2637
f 2638/2638/2638 2637/2637/2637 2636/2636/2636
f 2636/2636/2636 2637/2637/2637 2635/2635/2635
f 2636/2636/2636 2635/2635/2635 2634/2634/2634
f 2634/2634/2634 2635/2635/2635 2633/2633/2633
f 2634/2634/2634 2633/2633/2633 2632/2632/2632
f 2632/2632/2632 2633/2633/2633 2631/2631/2631
f 2632/2632/2632 2631/2631/2631 2630/2630/2630
f 2630/2630/2630 2631/2631/2631 2629/2629/2629
f 2630/2630/2630 2629/2629/2629 2628/2628/2628
f 2596/2596/2596 2597/2597/2597 2627/2627/2627
f 2596/2596/2596 2627/2627/2627 2626/2626/2626
f 2626/2626/2626 2627/2627/2627 2625/2625/2625
f 2626/2626/2626 2625/2625/2625 2624/2624/2624
f 2624/2624/2624 2625/2625/2625 2623/2623/2623
f 2624/2624/2624 2623/2623/2623 2622/2622/2622
f 2622/2622/2622 2623/2623/2623 2621/2621/2621
f 2622/2622/2622 2621/2621/2621 2620/2620/2620
f 2620/2620/2620 2621/2621/2621 2619/2619/2619
f 2620/2620/2620 2619/2619/2619 2618/2618/2618
f 2618/2618/2618 2619/2619/2619 2617/2617/2617
f 2618/2618/2618 2617/2617/2617 2616/2616/2616
f 2616/2616/2616 2617/2617/2617 2615/2615/2615
f 2616/2616/2616 2615/2615/2615 2614/2614/2614
f 2614/2614/2614 2615/2615/2615 2613/2613/2613
f 2614/2614/2614 2613/2613/2613 2612/2612/2612
f 2612/2612/2612 2613/2613/2613 2611/2611/2611
f 2612/2612/2612 2611/2611/2611 2610/2610/2610
f 2608/2608/2608 2609/2609/2609 2607/2607/2607
f 2608/2608/2608 2607/2607/2607 2606/2606/2606
f 2606/2606/2606 2607/2607/2607 2605/2605/2605
f 2606/2606/2606 2605/2605/2605 2604/2604/2604
f 2604/2604/2604 2605/2605/2605 2603/2603/2603
f 2604/2604/2604 2603/2603/2603 2602/2602/2602
f 2602/2602/2602 2603/2603/2603 2601/2601/2601
f 2602/2602/2602 2601/2601/2601 2600/2600/2600
f 2600/2600/2600 2601/2601/2601 2599/2599/2599
f 2600/2600/2600 2599/2599/2599 2598/2598/2598
f 2598/2598/2598 2599/2599/2599 2597/2597/2597
f 2598/2598/2598 2597/2597/2597 2596/2596/2596
f 2594/2594/2594 2595/2595/2595 2593/2593/2593
f 2594/2594/2594 2593/2593/2593 2592/2592/2592
f 2592/2592/2592 2593/2593/2593 2591/2591/2591
f 2592/2592/2592 2591/2591/2591 2590/2590/2590
f 2590/2590/2590 2591/2591/2591 2589/2589/2589
f 2590/2590/2590 2589/2589/2589 2586/2586/2586
f 2588/2588/2588 2586/2586/2586 2589/2589/2589
f 2588/2588/2588 2587/2587/2587 2586/2586/2586
f 2585/2585/2585 2584/2584/2584 2583/2583/2583
f 2581/2581/2581 2582/2582/2582 2580/2580/2580
f 2581/2581/2581 2580/2580/2580 2578/2578/2578
f 2580/2580/2580 2579/2579/2579 2578/2578/2578
f 2573/2573/2573 2577/2577/2577 2576/2576/2576
f 2573/2573/2573 2576/2576/2576 2575/2575/2575
f 2575/2575/2575 2574/2574/2574 2573/2573/2573
f 2566/2566/2566 2572/2572/2572 2567/2567/2567
f 2551/2551/2551 2571/2571/2571 2560/2560/2560
f 2551/2551/2551 2552/2552/2552 2571/2571/2571
f 2570/2570/2570 2571/2571/2571 2552/2552/2552
f 2570/2570/2570 2552/2552/2552 2555/2555/2555
f 2569/2569/2569 2570/2570/2570 2555/2555/2555
f 2555/2555/2555 2556/2556/2556 2569/2569/2569
f 2568/2568/2568 2569/2569/2569 2556/2556/2556
f 2567/2567/2567 2568/2568/2568 2556/2556/2556
f 2566/2566/2566 2567/2567/2567 2556/2556/2556
f 2566/2566/2566 2556/2556/2556 2554/2554/2554
f 2566/2566/2566 2554/2554/2554 2565/2565/2565
f 2565/2565/2565 2554/2554/2554 2553/2553/2553
f 2565/2565/2565 2553/2553/2553 2564/2564/2564
f 2553/2553/2553 2563/2563/2563 2564/2564/2564
f 2553/2553/2553 2551/2551/2551 2563/2563/2563
f 2562/2562/2562 2563/2563/2563 2551/2551/2551
f 2562/2562/2562 2551/2551/2551 2560/2560/2560
f 2562/2562/2562 2560/2560/2560 2561/2561/2561
f 2559/2559/2559 2561/2561/2561 2560/2560/2560
f 2559/2559/2559 2560/2560/2560 2558/2558/2558
f 2559/2559/2559 2558/2558/2558 2557/2557/2557
f 2556/2556/2556 2555/2555/2555 2554/2554/2554
f 2552/2552/2552 2554/2554/2554 2555/2555/2555
f 2552/2552/2552 2553/2553/2553 2554/2554/2554
f 2553/2553/2553 2552/2552/2552 2551/2551/2551
f 2547/2547/2547 2550/2550/2550 2549/2549/2549
f 2547/2547/2547 2549/2549/2549 2548/2548/2548
f 2547/2547/2547 2548/2548/2548 2546/2546/2546
f 2547/2547/2547 2546/2546/2546 2545/2545/2545
f 2540/2540/2540 2543/2543/2543 2544/2544/2544
f 2540/2540/2540 2542/2542/2542 2543/2543/2543
f 2541/2541/2541 2542/2542/2542 2540/2540/2540
f 2541/2541/2541 2540/2540/2540 2539/2539/2539
f 2528/2528/2528 2537/2537/2537 2538/2538/2538
f 2529/2529/2529 2537/2537/2537 2528/2528/2528
f 2536/2536/2536 2537/2537/2537 2529/2529/2529
f 2535/2535/2535 2536/2536/2536 2529/2529/2529
f 2535/2535/2535 2534/2534/2534 2536/2536/2536
f 2535/2535/2535 2532/2532/2532 2534/2534/2534
f 2533/2533/2533 2534/2534/2534 2532/2532/2532
f 2533/2533/2533 2532/2532/2532 2531/2531/2531
f 2530/2530/2530 2529/2529/2529 2528/2528/2528
f 2526/2526/2526 2527/2527/2527 2524/2524/2524
f 2526/2526/2526 2524/2524/2524 2525/2525/2525
f 2525/2525/2525 2524/2524/2524 2523/2523/2523
f 2524/2524/2524 2522/2522/2522 2523/2523/2523
f 2523/2523/2523 2522/2522/2522 2521/2521/2521
f 2521/2521/2521 2522/2522/2522 2520/2520/2520
f 2521/2521/2521 2520/2520/2520 2518/2518/2518
f 2520/2520/2520 2519/2519/2519 2518/2518/2518
f 2500/2500/2500 2517/2517/2517 2502/2502/2502
f 2502/2502/2502 2517/2517/2517 2516/2516/2516
f 2502/2502/2502 2516/2516/2516 2505/2505/2505
f 2514/2514/2514 2505/2505/2505 2516/2516/2516
f 2514/2514/2514 2516/2516/2516 2515/2515/2515
f 2513/2513/2513 2514/2514/2514 2515/2515/2515
f 2513/2513/2513 2512/2512/2512 2514/2514/2514
f 2512/2512/2512 2513/2513/2513 2510/2510/2510
f 2512/2512/2512 2510/2510/2510 2511/2511/2511
f 2506/2506/2506 2511/2511/2511 2510/2510/2510
f 2506/2506/2506 2510/2510/2510 2509/2509/2509
f 2508/2508/2508 2506/2506/2506 2509/2509/2509
f 2508/2508/2508 2507/2507/2507 2506/2506/2506
f 2502/2502/2502 2504/2504/2504 2503/2503/2503
f 2502/2502/2502 2505/2505/2505 2504/2504/2504
f 2504/2504/2504 2469/2469/2469 2470/2470/2470
f 2504/2504/2504 2470/2470/2470 2503/2503/2503
f 2487/2487/2487 2503/2503/2503 2470/2470/2470
f 2487/2487/2487 2502/2502/2502 2503/2503/2503
f 2487/2487/2487 2501/2501/2501 2502/2502/2502
f 2500/2500/2500 2502/2502/2502 2501/2501/2501
f 2500/2500/2500 2501/2501/2501 2498/2498/2498
f 2500/2500/2500 2498/2498/2498 2499/2499/2499
f 2498/2498/2498 2497/2497/2497 2499/2499/2499
f 2498/2498/2498 2496/2496/2496 2497/2497/2497
f 2496/2496/2496 2494/2494/2494 2497/2497/2497
f 2496/2496/2496 2495/2495/2495 2494/2494/2494
f 2494/2494/2494 2495/2495/2495 2492/2492/2492
f 2494/2494/2494 2492/2492/2492 2493/2493/2493
f 2492/2492/2492 2491/2491/2491 2493/2493/2493
f 2492/2492/2492 2490/2490/2490 2491/2491/2491
f 2490/2490/2490 2488/2488/2488 2491/2491/2491
f 2490/2490/2490 2489/2489/2489 2488/2488/2488
f 2487/2487/2487 2470/2470/2470 2486/2486/2486
f 2470/2470/2470 2485/2485/2485 2486/2486/2486
f 2470/2470/2470 2472/2472/2472 2485/2485/2485
f 2484/2484/2484 2485/2485/2485 2472/2472/2472
f 2484/2484/2484 2472/2472/2472 2474/2474/2474
f 2483/2483/2483 2484/2484/2484 2474/2474/2474
f 2483/2483/2483 2474/2474/2474 2476/2476/2476
f 2478/2478/2478 2483/2483/2483 2476/2476/2476
f 2478/2478/2478 2476/2476/2476 2477/2477/2477
f 2482/2482/2482 2456/2456/2456 2461/2461/2461
f 2482/2482/2482 2453/2453/2453 2456/2456/2456
f 2482/2482/2482 2481/2481/2481 2453/2453/2453
f 2453/2453/2453 2481/2481/2481 2480/2480/2480
f 2453/2453/2453 2480/2480/2480 2451/2451/2451
f 2479/2479/2479 2451/2451/2451 2480/2480/2480
f 2479/2479/2479 2450/2450/2450 2451/2451/2451
f 2478/2478/2478 2450/2450/2450 2479/2479/2479
f 2478/2478/2478 2477/2477/2477 2450/2450/2450
f 2450/2450/2450 2477/2477/2477 2449/2449/2449
f 2476/2476/2476 2449/2449/2449 2477/2477/2477
f 2476/2476/2476 2475/2475/2475 2449/2449/2449
f 2474/2474/2474 2475/2475/2475 2476/2476/2476
f 2474/2474/2474 2473/2473/2473 2475/2475/2475
f 2472/2472/2472 2473/2473/2473 2474/2474/2474
f 2472/2472/2472 2471/2471/2471 2473/2473/2473
f 2471/2471/2471 2472/2472/2472 2470/2470/2470
f 2471/2471/2471 2470/2470/2470 2469/2469/2469
f 2468/2468/2468 2463/2463/2463 2464/2464/2464
f 2466/2466/2466 2459/2459/2459 2467/2467/2467
f 2466/2466/2466 2460/2460/2460 2459/2459/2459
f 2466/2466/2466 2465/2465/2465 2460/2460/2460
f 2460/2460/2460 2465/2465/2465 2464/2464/2464
f 2460/2460/2460 2464/2464/2464 2463/2463/2463
f 2463/2463/2463 2458/2458/2458 2460/2460/2460
f 2462/2462/2462 2458/2458/2458 2463/2463/2463
f 2458/2458/2458 2462/2462/2462 2461/2461/2461
f 2458/2458/2458 2461/2461/2461 2456/2456/2456
f 2458/2458/2458 2459/2459/2459 2460/2460/2460
f 2458/2458/2458 2457/2457/2457 2459/2459/2459
f 2457/2457/2457 2458/2458/2458 2456/2456/2456
f 2457/2457/2457 2456/2456/2456 2455/2455/2455
f 2453/2453/2453 2455/2455/2455 2456/2456/2456
f 2453/2453/2453 2454/2454/2454 2455/2455/2455
f 2452/2452/2452 2454/2454/2454 2453/2453/2453
f 2452/2452/2452 2453/2453/2453 2451/2451/2451
f 2451/2451/2451 2448/2448/2448 2452/2452/2452
f 2451/2451/2451 2450/2450/2450 2448/2448/2448
f 2450/2450/2450 2449/2449/2449 2448/2448/2448
f 1950/1950/1950 1946/1946/1946 1945/1945/1945
f 1946/1946/1946 1950/1950/1950 1966/1966/1966
f 1946/1946/1946 1966/1966/1966 1947/1947/1947
f 2447/2447/2447 1947/1947/1947 1966/1966/1966
f 2447/2447/2447 1948/1948/1948 1947/1947/1947
f 1948/1948/1948 2447/2447/2447 2446/2446/2446
f 1948/1948/1948 2446/2446/2446 1858/1858/1858
f 2445/2445/2445 1858/1858/1858 2446/2446/2446
f 2445/2445/2445 1860/1860/1860 1858/1858/1858
f 1860/1860/1860 2445/2445/2445 2444/2444/2444
f 1860/1860/1860 2444/2444/2444 1862/1862/1862
f 1862/1862/1862 2444/2444/2444 1834/1834/1834
f 1862/1862/1862 1834/1834/1834 1864/1864/1864
f 1835/1835/1835 1864/1864/1864 1834/1834/1834
f 1866/1866/1866 1864/1864/1864 1835/1835/1835
f 1836/1836/1836 1866/1866/1866 1835/1835/1835
f 1856/1856/1856 1866/1866/1866 1836/1836/1836
f 1837/1837/1837 1856/1856/1856 1836/1836/1836
f 2442/2442/2442 2440/2440/2440 2443/2443/2443
f 2441/2441/2441 2440/2440/2440 2442/2442/2442
f 2441/2441/2441 2438/2438/2438 2440/2440/2440
f 2440/2440/2440 2438/2438/2438 2439/2439/2439
f 2438/2438/2438 2437/2437/2437 2439/2439/2439
f 2437/2437/2437 2438/2438/2438 2435/2435/2435
f 2437/2437/2437 2435/2435/2435 2436/2436/2436
f 2435/2435/2435 2434/2434/2434 2436/2436/2436
f 2435/2435/2435 2433/2433/2433 2434/2434/2434
f 2433/2433/2433 2432/2432/2432 2434/2434/2434
f 2433/2433/2433 2431/2431/2431 2432/2432/2432
f 2431/2431/2431 2430/2430/2430 2432/2432/2432
f 2431/2431/2431 2429/2429/2429 2430/2430/2430
f 2429/2429/2429 2427/2427/2427 2430/2430/2430
f 2429/2429/2429 2428/2428/2428 2427/2427/2427
f 2428/2428/2428 2425/2425/2425 2427/2427/2427
f 2427/2427/2427 2425/2425/2425 2426/2426/2426
f 2425/2425/2425 2423/2423/2423 2426/2426/2426
f 2425/2425/2425 2424/2424/2424 2423/2423/2423
f 2422/2422/2422 2421/2421/2421 2404/2404/2404
f 2404/2404/2404 2421/2421/2421 2403/2403/2403
f 2403/2403/2403 2421/2421/2421 2420/2420/2420
f 2403/2403/2403 2420/2420/2420 2240/2240/2240
f 2420/2420/2420 2266/2266/2266 2240/2240/2240
f 2418/2418/2418 2419/2419/2419 2414/2414/2414
f 2418/2418/2418 2414/2414/2414 2417/2417/2417
f 2414/2414/2414 2416/2416/2416 2417/2417/2417
f 2415/2415/2415 2416/2416/2416 2414/2414/2414
f 2413/2413/2413 2415/2415/2415 2414/2414/2414
f 2413/2413/2413 2414/2414/2414 2412/2412/2412
f 2411/2411/2411 2413/2413/2413 2412/2412/2412
f 2411/2411/2411 2412/2412/2412 2409/2409/2409
f 2409/2409/2409 2410/2410/2410 2411/2411/2411
f 2409/2409/2409 2408/2408/2408 2410/2410/2410
f 2409/2409/2409 2407/2407/2407 2408/2408/2408
f 2406/2406/2406 2408/2408/2408 2407/2407/2407
f 2407/2407/2407 2405/2405/2405 2406/2406/2406
f 2405/2405/2405 2403/2403/2403 2406/2406/2406
f 2405/2405/2405 2404/2404/2404 2403/2403/2403
f 2402/2402/2402 2401/2401/2401 2396/2396/2396
f 2401/2401/2401 2398/2398/2398 2396/2396/2396
f 2398/2398/2398 2401/2401/2401 2400/2400/2400
f 2398/2398/2398 2400/2400/2400 2399/2399/2399
f 2398/2398/2398 2397/2397/2397 2396/2396/2396
f 2394/2394/2394 2395/2395/2395 2392/2392/2392
f 2394/2394/2394 2392/2392/2392 2393/2393/2393
f 2391/2391/2391 2393/2393/2393 2392/2392/2392
f 2391/2391/2391 2392/2392/2392 2388/2388/2388
f 2391/2391/2391 2388/2388/2388 2390/2390/2390
f 2389/2389/2389 2390/2390/2390 2388/2388/2388
f 2389/2389/2389 2388/2388/2388 2387/2387/2387
f 2297/2297/2297 2289/2289/2289 2386/2386/2386
f 2297/2297/2297 2386/2386/2386 2304/2304/2304
f 2311/2311/2311 2304/2304/2304 2386/2386/2386
f 2311/2311/2311 2386/2386/2386 2144/2144/2144
f 2386/2386/2386 2145/2145/2145 2144/2144/2144
f 2386/2386/2386 2146/2146/2146 2145/2145/2145
f 2289/2289/2289 2146/2146/2146 2386/2386/2386
f 2289/2289/2289 2148/2148/2148 2146/2146/2146
f 2168/2168/2168 2148/2148/2148 2289/2289/2289
f 2168/2168/2168 2289/2289/2289 2287/2287/2287
f 2169/2169/2169 2168/2168/2168 2287/2287/2287
f 2287/2287/2287 2290/2290/2290 2169/2169/2169
f 2290/2290/2290 2170/2170/2170 2169/2169/2169
f 2385/2385/2385 2170/2170/2170 2290/2290/2290
f 2385/2385/2385 2384/2384/2384 2170/2170/2170
f 2384/2384/2384 2179/2179/2179 2170/2170/2170
f 2384/2384/2384 2383/2383/2383 2179/2179/2179
f 2383/2383/2383 2180/2180/2180 2179/2179/2179
f 2383/2383/2383 2382/2382/2382 2180/2180/2180
f 2382/2382/2382 2181/2181/2181 2180/2180/2180
f 2382/2382/2382 2381/2381/2381 2181/2181/2181
f 2379/2379/2379 2380/2380/2380 2362/2362/2362
f 2378/2378/2378 2380/2380/2380 2379/2379/2379
f 2378/2378/2378 2379/2379/2379 2377/2377/2377
f 2376/2376/2376 2378/2378/2378 2377/2377/2377
f 2376/2376/2376 2377/2377/2377 2375/2375/2375
f 2375/2375/2375 2351/2351/2351 2376/2376/2376
f 2375/2375/2375 2365/2365/2365 2351/2351/2351
f 2334/2334/2334 2332/2332/2332 2335/2335/2335
f 2332/2332/2332 2374/2374/2374 2335/2335/2335
f 2361/2361/2361 2335/2335/2335 2374/2374/2374
f 2361/2361/2361 2374/2374/2374 2373/2373/2373
f 2360/2360/2360 2361/2361/2361 2373/2373/2373
f 2372/2372/2372 2360/2360/2360 2373/2373/2373
f 2372/2372/2372 2371/2371/2371 2360/2360/2360
f 2359/2359/2359 2360/2360/2360 2371/2371/2371
f 2359/2359/2359 2371/2371/2371 2370/2370/2370
f 2370/2370/2370 2363/2363/2363 2359/2359/2359
f 2370/2370/2370 2369/2369/2369 2363/2363/2363
f 2368/2368/2368 2363/2363/2363 2369/2369/2369
f 2367/2367/2367 2368/2368/2368 2369/2369/2369
f 2364/2364/2364 2368/2368/2368 2367/2367/2367
f 2364/2364/2364 2367/2367/2367 2366/2366/2366
f 2366/2366/2366 2365/2365/2365 2364/2364/2364
f 2363/2363/2363 2362/2362/2362 2359/2359/2359
f 2335/2335/2335 2361/2361/2361 2336/2336/2336
f 2361/2361/2361 2357/2357/2357 2336/2336/2336
f 2360/2360/2360 2357/2357/2357 2361/2361/2361
f 2360/2360/2360 2359/2359/2359 2357/2357/2357
f 2357/2357/2357 2358/2358/2358 2356/2356/2356
f 2356/2356/2356 2336/2336/2336 2357/2357/2357
f 2355/2355/2355 2336/2336/2336 2356/2356/2356
f 2355/2355/2355 2354/2354/2354 2336/2336/2336
f 2337/2337/2337 2336/2336/2336 2354/2354/2354
f 2352/2352/2352 2337/2337/2337 2354/2354/2354
f 2352/2352/2352 2338/2338/2338 2337/2337/2337
f 2352/2352/2352 2339/2339/2339 2338/2338/2338
f 2353/2353/2353 2339/2339/2339 2352/2352/2352
f 2353/2353/2353 2352/2352/2352 2348/2348/2348
f 2348/2348/2348 2352/2352/2352 2351/2351/2351
f 2350/2350/2350 2348/2348/2348 2351/2351/2351
f 2350/2350/2350 2349/2349/2349 2348/2348/2348
f 2342/2342/2342 2347/2347/2347 2322/2322/2322
f 2342/2342/2342 2346/2346/2346 2347/2347/2347
f 2342/2342/2342 2345/2345/2345 2346/2346/2346
f 2340/2340/2340 2345/2345/2345 2341/2341/2341
f 2339/2339/2339 2344/2344/2344 2340/2340/2340
f 2342/2342/2342 2341/2341/2341 2343/2343/2343
f 2210/2210/2210 2323/2323/2323 2342/2342/2342
f 2323/2323/2323 2341/2341/2341 2342/2342/2342
f 2327/2327/2327 2341/2341/2341 2323/2323/2323
f 2341/2341/2341 2327/2327/2327 2340/2340/2340
f 2327/2327/2327 2328/2328/2328 2340/2340/2340
f 2328/2328/2328 2329/2329/2329 2340/2340/2340
f 2339/2339/2339 2340/2340/2340 2329/2329/2329
f 2339/2339/2339 2329/2329/2329 2330/2330/2330
f 2339/2339/2339 2330/2330/2330 2338/2338/2338
f 2330/2330/2330 2150/2150/2150 2338/2338/2338
f 2338/2338/2338 2150/2150/2150 2337/2337/2337
f 2150/2150/2150 2137/2137/2137 2337/2337/2337
f 2336/2336/2336 2337/2337/2337 2137/2137/2137
f 2137/2137/2137 2138/2138/2138 2336/2336/2336
f 2138/2138/2138 2335/2335/2335 2336/2336/2336
f 2134/2134/2134 2335/2335/2335 2138/2138/2138
f 2335/2335/2335 2134/2134/2134 2334/2334/2334
f 2134/2134/2134 2123/2123/2123 2334/2334/2334
f 2333/2333/2333 2334/2334/2334 2123/2123/2123
f 2334/2334/2334 2333/2333/2333 2332/2332/2332
f 2327/2327/2327 2323/2323/2323 2325/2325/2325
f 2150/2150/2150 2152/2152/2152 2331/2331/2331
f 2150/2150/2150 2316/2316/2316 2152/2152/2152
f 2265/2265/2265 2316/2316/2316 2150/2150/2150
f 2330/2330/2330 2265/2265/2265 2150/2150/2150
f 2253/2253/2253 2265/2265/2265 2330/2330/2330
f 2253/2253/2253 2330/2330/2330 2329/2329/2329
f 2253/2253/2253 2329/2329/2329 2252/2252/2252
f 2328/2328/2328 2252/2252/2252 2329/2329/2329
f 2251/2251/2251 2252/2252/2252 2328/2328/2328
f 2251/2251/2251 2328/2328/2328 2327/2327/2327
f 2251/2251/2251 2327/2327/2327 2221/2221/2221
f 2325/2325/2325 2221/2221/2221 2327/2327/2327
f 2325/2325/2325 2203/2203/2203 2221/2221/2221
f 2326/2326/2326 2203/2203/2203 2325/2325/2325
f 2325/2325/2325 2324/2324/2324 2326/2326/2326
f 2325/2325/2325 2323/2323/2323 2324/2324/2324
f 2324/2324/2324 2323/2323/2323 2322/2322/2322
f 2315/2315/2315 2317/2317/2317 2321/2321/2321
f 2321/2321/2321 2317/2317/2317 2277/2277/2277
f 2321/2321/2321 2277/2277/2277 2320/2320/2320
f 2320/2320/2320 2277/2277/2277 2278/2278/2278
f 2320/2320/2320 2278/2278/2278 2319/2319/2319
f 2319/2319/2319 2278/2278/2278 2279/2279/2279
f 2319/2319/2319 2279/2279/2279 2318/2318/2318
f 2280/2280/2280 2318/2318/2318 2279/2279/2279
f 2263/2263/2263 2277/2277/2277 2254/2254/2254
f 2254/2254/2254 2277/2277/2277 2317/2317/2317
f 2254/2254/2254 2317/2317/2317 2265/2265/2265
f 2265/2265/2265 2317/2317/2317 2316/2316/2316
f 2315/2315/2315 2316/2316/2316 2317/2317/2317
f 2315/2315/2315 2152/2152/2152 2316/2316/2316
f 2315/2315/2315 2314/2314/2314 2152/2152/2152
f 2314/2314/2314 2140/2140/2140 2152/2152/2152
f 2314/2314/2314 2313/2313/2313 2140/2140/2140
f 2313/2313/2313 2141/2141/2141 2140/2140/2140
f 2313/2313/2313 2312/2312/2312 2141/2141/2141
f 2310/2310/2310 2141/2141/2141 2312/2312/2312
f 2310/2310/2310 2142/2142/2142 2141/2141/2141
f 2310/2310/2310 2308/2308/2308 2142/2142/2142
f 2308/2308/2308 2143/2143/2143 2142/2142/2142
f 2308/2308/2308 2311/2311/2311 2143/2143/2143
f 2311/2311/2311 2308/2308/2308 2303/2303/2303
f 2311/2311/2311 2303/2303/2303 2304/2304/2304
f 2310/2310/2310 2309/2309/2309 2308/2308/2308
f 2307/2307/2307 2308/2308/2308 2309/2309/2309
f 2307/2307/2307 2303/2303/2303 2308/2308/2308
f 2306/2306/2306 2303/2303/2303 2307/2307/2307
f 2306/2306/2306 2298/2298/2298 2303/2303/2303
f 2299/2299/2299 2298/2298/2298 2306/2306/2306
f 2304/2304/2304 2298/2298/2298 2305/2305/2305
f 2304/2304/2304 2303/2303/2303 2298/2298/2298
f 2282/2282/2282 2283/2283/2283 2302/2302/2302
f 2302/2302/2302 2283/2283/2283 2293/2293/2293
f 2302/2302/2302 2293/2293/2293 2301/2301/2301
f 2301/2301/2301 2293/2293/2293 2294/2294/2294
f 2301/2301/2301 2294/2294/2294 2300/2300/2300
f 2299/2299/2299 2300/2300/2300 2294/2294/2294
f 2299/2299/2299 2294/2294/2294 2295/2295/2295
f 2299/2299/2299 2295/2295/2295 2298/2298/2298
f 2298/2298/2298 2295/2295/2295 2296/2296/2296
f 2298/2298/2298 2296/2296/2296 2297/2297/2297
f 2297/2297/2297 2296/2296/2296 2289/2289/2289
f 2288/2288/2288 2289/2289/2289 2296/2296/2296
f 2295/2295/2295 2288/2288/2288 2296/2296/2296
f 2295/2295/2295 2294/2294/2294 2288/2288/2288
f 2294/2294/2294 2286/2286/2286 2288/2288/2288
f 2294/2294/2294 2293/2293/2293 2286/2286/2286
f 2293/2293/2293 2284/2284/2284 2286/2286/2286
f 2293/2293/2293 2283/2283/2283 2284/2284/2284
f 2285/2285/2285 2292/2292/2292 2287/2287/2287
f 2292/2292/2292 2291/2291/2291 2287/2287/2287
f 2291/2291/2291 2290/2290/2290 2287/2287/2287
f 2289/2289/2289 2288/2288/2288 2287/2287/2287
f 2286/2286/2286 2287/2287/2287 2288/2288/2288
f 2286/2286/2286 2285/2285/2285 2287/2287/2287
f 2286/2286/2286 2284/2284/2284 2285/2285/2285
f 2284/2284/2284 2274/2274/2274 2285/2285/2285
f 2284/2284/2284 2275/2275/2275 2274/2274/2274
f 2283/2283/2283 2275/2275/2275 2284/2284/2284
f 2283/2283/2283 2276/2276/2276 2275/2275/2275
f 2282/2282/2282 2276/2276/2276 2283/2283/2283
f 2282/2282/2282 2261/2261/2261 2276/2276/2276
f 2282/2282/2282 2281/2281/2281 2261/2261/2261
f 2281/2281/2281 2260/2260/2260 2261/2261/2261
f 2281/2281/2281 2280/2280/2280 2260/2260/2260
f 2280/2280/2280 2279/2279/2279 2260/2260/2260
f 2260/2260/2260 2279/2279/2279 2262/2262/2262
f 2278/2278/2278 2262/2262/2262 2279/2279/2279
f 2278/2278/2278 2263/2263/2263 2262/2262/2262
f 2263/2263/2263 2278/2278/2278 2277/2277/2277
f 2261/2261/2261 2259/2259/2259 2258/2258/2258
f 2276/2276/2276 2261/2261/2261 2258/2258/2258
f 2276/2276/2276 2258/2258/2258 2275/2275/2275
f 2257/2257/2257 2275/2275/2275 2258/2258/2258
f 2257/2257/2257 2274/2274/2274 2275/2275/2275
f 2257/2257/2257 2273/2273/2273 2274/2274/2274
f 2257/2257/2257 2255/2255/2255 2273/2273/2273
f 2255/2255/2255 2272/2272/2272 2273/2273/2273
f 2255/2255/2255 2250/2250/2250 2272/2272/2272
f 2250/2250/2250 2271/2271/2271 2272/2272/2272
f 2249/2249/2249 2271/2271/2271 2250/2250/2250
f 2249/2249/2249 2270/2270/2270 2271/2271/2271
f 2249/2249/2249 2239/2239/2239 2270/2270/2270
f 2269/2269/2269 2270/2270/2270 2239/2239/2239
f 2269/2269/2269 2239/2239/2239 2240/2240/2240
f 2267/2267/2267 2269/2269/2269 2240/2240/2240
f 2266/2266/2266 2267/2267/2267 2240/2240/2240
f 2268/2268/2268 2267/2267/2267 2266/2266/2266
f 2253/2253/2253 2264/2264/2264 2265/2265/2265
f 2264/2264/2264 2241/2241/2241 2263/2263/2263
f 2242/2242/2242 2263/2263/2263 2241/2241/2241
f 2242/2242/2242 2262/2262/2262 2263/2263/2263
f 2259/2259/2259 2262/2262/2262 2242/2242/2242
f 2260/2260/2260 2262/2262/2262 2259/2259/2259
f 2261/2261/2261 2260/2260/2260 2259/2259/2259
f 2244/2244/2244 2256/2256/2256 2242/2242/2242
f 2259/2259/2259 2242/2242/2242 2256/2256/2256
f 2258/2258/2258 2259/2259/2259 2256/2256/2256
f 2258/2258/2258 2256/2256/2256 2257/2257/2257
f 2256/2256/2256 2255/2255/2255 2257/2257/2257
f 2256/2256/2256 2244/2244/2244 2255/2255/2255
f 2244/2244/2244 2250/2250/2250 2255/2255/2255
f 2244/2244/2244 2245/2245/2245 2250/2250/2250
f 2247/2247/2247 2250/2250/2250 2245/2245/2245
f 2247/2247/2247 2245/2245/2245 2246/2246/2246
f 2254/2254/2254 2253/2253/2253 2241/2241/2241
f 2241/2241/2241 2253/2253/2253 2252/2252/2252
f 2241/2241/2241 2252/2252/2252 2243/2243/2243
f 2251/2251/2251 2243/2243/2243 2252/2252/2252
f 2251/2251/2251 2222/2222/2222 2243/2243/2243
f 2222/2222/2222 2251/2251/2251 2221/2221/2221
f 2249/2249/2249 2250/2250/2250 2247/2247/2247
f 2248/2248/2248 2239/2239/2239 2249/2249/2249
f 2248/2248/2248 2249/2249/2249 2247/2247/2247
f 2228/2228/2228 2248/2248/2248 2247/2247/2247
f 2228/2228/2228 2247/2247/2247 2246/2246/2246
f 2228/2228/2228 2246/2246/2246 2225/2225/2225
f 2245/2245/2245 2225/2225/2225 2246/2246/2246
f 2245/2245/2245 2220/2220/2220 2225/2225/2225
f 2220/2220/2220 2245/2245/2245 2244/2244/2244
f 2220/2220/2220 2244/2244/2244 2222/2222/2222
f 2244/2244/2244 2242/2242/2242 2222/2222/2222
f 2243/2243/2243 2222/2222/2222 2242/2242/2242
f 2243/2243/2243 2242/2242/2242 2241/2241/2241
f 2240/2240/2240 2239/2239/2239 2238/2238/2238
f 2238/2238/2238 2239/2239/2239 2237/2237/2237
f 2238/2238/2238 2237/2237/2237 2236/2236/2236
f 2236/2236/2236 2237/2237/2237 2235/2235/2235
f 2236/2236/2236 2235/2235/2235 2234/2234/2234
f 2227/2227/2227 2234/2234/2234 2235/2235/2235
f 2233/2233/2233 2234/2234/2234 2227/2227/2227
f 2232/2232/2232 2233/2233/2233 2227/2227/2227
f 2232/2232/2232 2227/2227/2227 2231/2231/2231
f 2231/2231/2231 2227/2227/2227 2218/2218/2218
f 2231/2231/2231 2218/2218/2218 2230/2230/2230
f 2218/2218/2218 2223/2223/2223 2230/2230/2230
f 2223/2223/2223 2217/2217/2217 2230/2230/2230
f 2229/2229/2229 2230/2230/2230 2217/2217/2217
f 2229/2229/2229 2217/2217/2217 2216/2216/2216
f 2228/2228/2228 2225/2225/2225 2227/2227/2227
f 2218/2218/2218 2226/2226/2226 2225/2225/2225
f 2218/2218/2218 2224/2224/2224 2223/2223/2223
f 2222/2222/2222 2221/2221/2221 2220/2220/2220
f 2203/2203/2203 2220/2220/2220 2221/2221/2221
f 2203/2203/2203 2219/2219/2219 2220/2220/2220
f 2203/2203/2203 2218/2218/2218 2219/2219/2219
f 2203/2203/2203 2217/2217/2217 2218/2218/2218
f 2204/2204/2204 2217/2217/2217 2203/2203/2203
f 2216/2216/2216 2217/2217/2217 2204/2204/2204
f 2215/2215/2215 2216/2216/2216 2204/2204/2204
f 2215/2215/2215 2204/2204/2204 2205/2205/2205
f 2205/2205/2205 2214/2214/2214 2215/2215/2215
f 2205/2205/2205 2213/2213/2213 2214/2214/2214
f 2214/2214/2214 2213/2213/2213 2212/2212/2212
f 2212/2212/2212 2213/2213/2213 2210/2210/2210
f 2211/2211/2211 2212/2212/2212 2210/2210/2210
f 2207/2207/2207 2211/2211/2211 2210/2210/2210
f 2210/2210/2210 2209/2209/2209 2207/2207/2207
f 2206/2206/2206 2207/2207/2207 2209/2209/2209
f 2208/2208/2208 2207/2207/2207 2206/2206/2206
f 2205/2205/2205 2204/2204/2204 2203/2203/2203
f 2200/2200/2200 2202/2202/2202 2201/2201/2201
f 2165/2165/2165 2201/2201/2201 2202/2202/2202
f 2165/2165/2165 2164/2164/2164 2201/2201/2201
f 2201/2201/2201 2164/2164/2164 2167/2167/2167
f 2200/2200/2200 2201/2201/2201 2167/2167/2167
f 2200/2200/2200 2167/2167/2167 2199/2199/2199
f 2200/2200/2200 2199/2199/2199 2198/2198/2198
f 2197/2197/2197 2198/2198/2198 2199/2199/2199
f 2196/2196/2196 2198/2198/2198 2197/2197/2197
f 2196/2196/2196 2197/2197/2197 2195/2195/2195
f 2194/2194/2194 2196/2196/2196 2195/2195/2195
f 2194/2194/2194 2195/2195/2195 2192/2192/2192
f 2193/2193/2193 2194/2194/2194 2192/2192/2192
f 2191/2191/2191 2193/2193/2193 2192/2192/2192
f 2190/2190/2190 2191/2191/2191 2192/2192/2192
f 2190/2190/2190 2189/2189/2189 2191/2191/2191
f 2188/2188/2188 2189/2189/2189 2190/2190/2190
f 2188/2188/2188 2187/2187/2187 2189/2189/2189
f 2187/2187/2187 2188/2188/2188 2186/2186/2186
f 2187/2187/2187 2186/2186/2186 2185/2185/2185
f 2185/2185/2185 2186/2186/2186 2176/2176/2176
f 2185/2185/2185 2176/2176/2176 2184/2184/2184
f 2177/2177/2177 2184/2184/2184 2176/2176/2176
f 2177/2177/2177 2183/2183/2183 2184/2184/2184
f 2182/2182/2182 2183/2183/2183 2177/2177/2177
f 2182/2182/2182 2177/2177/2177 2178/2178/2178
f 2181/2181/2181 2182/2182/2182 2178/2178/2178
f 2181/2181/2181 2178/2178/2178 2180/2180/2180
f 2174/2174/2174 2180/2180/2180 2178/2178/2178
f 2174/2174/2174 2179/2179/2179 2180/2180/2180
f 2179/2179/2179 2174/2174/2174 2171/2171/2171
f 2179/2179/2179 2171/2171/2171 2170/2170/2170
f 2178/2178/2178 2177/2177/2177 2174/2174/2174
f 2176/2176/2176 2173/2173/2173 2175/2175/2175
f 2175/2175/2175 2173/2173/2173 2174/2174/2174
f 2171/2171/2171 2174/2174/2174 2173/2173/2173
f 2171/2171/2171 2173/2173/2173 2172/2172/2172
f 2155/2155/2155 2171/2171/2171 2172/2172/2172
f 2155/2155/2155 2153/2153/2153 2171/2171/2171
f 2170/2170/2170 2171/2171/2171 2153/2153/2153
f 2170/2170/2170 2153/2153/2153 2157/2157/2157
f 2170/2170/2170 2157/2157/2157 2169/2169/2169
f 2159/2159/2159 2169/2169/2169 2157/2157/2157
f 2159/2159/2159 2168/2168/2168 2169/2169/2169
f 2168/2168/2168 2159/2159/2159 2149/2149/2149
f 2168/2168/2168 2149/2149/2149 2148/2148/2148
f 2163/2163/2163 2167/2167/2167 2164/2164/2164
f 2166/2166/2166 2127/2127/2127 2125/2125/2125
f 2135/2135/2135 2166/2166/2166 2125/2125/2125
f 2165/2165/2165 2166/2166/2166 2135/2135/2135
f 2165/2165/2165 2135/2135/2135 2136/2136/2136
f 2165/2165/2165 2136/2136/2136 2164/2164/2164
f 2147/2147/2147 2164/2164/2164 2136/2136/2136
f 2163/2163/2163 2164/2164/2164 2147/2147/2147
f 2163/2163/2163 2147/2147/2147 2162/2162/2162
f 2162/2162/2162 2147/2147/2147 2149/2149/2149
f 2162/2162/2162 2149/2149/2149 2161/2161/2161
f 2149/2149/2149 2160/2160/2160 2161/2161/2161
f 2149/2149/2149 2159/2159/2159 2160/2160/2160
f 2158/2158/2158 2160/2160/2160 2159/2159/2159
f 2158/2158/2158 2159/2159/2159 2157/2157/2157
f 2156/2156/2156 2158/2158/2158 2157/2157/2157
f 2156/2156/2156 2157/2157/2157 2153/2153/2153
f 2154/2154/2154 2156/2156/2156 2153/2153/2153
f 2155/2155/2155 2154/2154/2154 2153/2153/2153
f 2140/2140/2140 2139/2139/2139 2152/2152/2152
f 2151/2151/2151 2144/2144/2144 2143/2143/2143
f 2150/2150/2150 2139/2139/2139 2137/2137/2137
f 2147/2147/2147 2148/2148/2148 2149/2149/2149
f 2147/2147/2147 2146/2146/2146 2148/2148/2148
f 2136/2136/2136 2146/2146/2146 2147/2147/2147
f 2136/2136/2136 2145/2145/2145 2146/2146/2146
f 2145/2145/2145 2136/2136/2136 2129/2129/2129
f 2144/2144/2144 2145/2145/2145 2129/2129/2129
f 2144/2144/2144 2129/2129/2129 2130/2130/2130
f 2143/2143/2143 2144/2144/2144 2130/2130/2130
f 2143/2143/2143 2130/2130/2130 2131/2131/2131
f 2131/2131/2131 2142/2142/2142 2143/2143/2143
f 2131/2131/2131 2141/2141/2141 2142/2142/2142
f 2132/2132/2132 2141/2141/2141 2131/2131/2131
f 2132/2132/2132 2140/2140/2140 2141/2141/2141
f 2140/2140/2140 2132/2132/2132 2139/2139/2139
f 2139/2139/2139 2132/2132/2132 2133/2133/2133
f 2139/2139/2139 2133/2133/2133 2137/2137/2137
f 2134/2134/2134 2137/2137/2137 2133/2133/2133
f 2134/2134/2134 2138/2138/2138 2137/2137/2137
f 2128/2128/2128 2129/2129/2129 2125/2125/2125
f 2129/2129/2129 2135/2135/2135 2125/2125/2125
f 2129/2129/2129 2136/2136/2136 2135/2135/2135
f 2134/2134/2134 2122/2122/2122 2123/2123/2123
f 2122/2122/2122 2134/2134/2134 2133/2133/2133
f 2133/2133/2133 2114/2114/2114 2122/2122/2122
f 2133/2133/2133 2132/2132/2132 2114/2114/2114
f 2131/2131/2131 2114/2114/2114 2132/2132/2132
f 2131/2131/2131 2130/2130/2130 2114/2114/2114
f 2113/2113/2113 2114/2114/2114 2130/2130/2130
f 2113/2113/2113 2130/2130/2130 2129/2129/2129
f 2113/2113/2113 2129/2129/2129 2115/2115/2115
f 2128/2128/2128 2115/2115/2115 2129/2129/2129
f 2116/2116/2116 2115/2115/2115 2128/2128/2128
f 2116/2116/2116 2128/2128/2128 2126/2126/2126
f 2125/2125/2125 2126/2126/2126 2128/2128/2128
f 2127/2127/2127 2126/2126/2126 2125/2125/2125
f 2121/2121/2121 2120/2120/2120 2124/2124/2124
f 2120/2120/2120 2119/2119/2119 2124/2124/2124
f 2114/2114/2114 2112/2112/2112 2122/2122/2122
f 2121/2121/2121 2123/2123/2123 2122/2122/2122
f 2121/2121/2121 2122/2122/2122 2112/2112/2112
f 2112/2112/2112 2120/2120/2120 2121/2121/2121
f 2112/2112/2112 2110/2110/2110 2120/2120/2120
f 2120/2120/2120 2110/2110/2110 2108/2108/2108
f 2120/2120/2120 2108/2108/2108 2119/2119/2119
f 2109/2109/2109 2119/2119/2119 2108/2108/2108
f 2109/2109/2109 2118/2118/2118 2119/2119/2119
f 2117/2117/2117 2118/2118/2118 2109/2109/2109
f 2117/2117/2117 2109/2109/2109 2111/2111/2111
f 2116/2116/2116 2117/2117/2117 2111/2111/2111
f 2116/2116/2116 2111/2111/2111 2115/2115/2115
f 2115/2115/2115 2111/2111/2111 2110/2110/2110
f 2115/2115/2115 2110/2110/2110 2113/2113/2113
f 2113/2113/2113 2110/2110/2110 2112/2112/2112
f 2114/2114/2114 2113/2113/2113 2112/2112/2112
f 2111/2111/2111 2109/2109/2109 2110/2110/2110
f 2110/2110/2110 2109/2109/2109 2108/2108/2108
f 2104/2104/2104 2106/2106/2106 2107/2107/2107
f 2104/2104/2104 2105/2105/2105 2106/2106/2106
f 2104/2104/2104 2102/2102/2102 2105/2105/2105
f 2104/2104/2104 2103/2103/2103 2102/2102/2102
f 2100/2100/2100 2098/2098/2098 2101/2101/2101
f 2100/2100/2100 2099/2099/2099 2098/2098/2098
f 2098/2098/2098 2099/2099/2099 2097/2097/2097
f 2098/2098/2098 2097/2097/2097 2096/2096/2096
f 2094/2094/2094 2095/2095/2095 2089/2089/2089
f 2094/2094/2094 2089/2089/2089 2093/2093/2093
f 2093/2093/2093 2089/2089/2089 2092/2092/2092
f 2092/2092/2092 2089/2089/2089 2091/2091/2091
f 2091/2091/2091 2089/2089/2089 2090/2090/2090
f 2090/2090/2090 2089/2089/2089 2088/2088/2088
f 2087/2087/2087 2077/2077/2077 2079/2079/2079
f 2085/2085/2085 2082/2082/2082 2086/2086/2086
f 2084/2084/2084 2082/2082/2082 2085/2085/2085
f 2083/2083/2083 2082/2082/2082 2084/2084/2084
f 2081/2081/2081 2082/2082/2082 2083/2083/2083
f 2081/2081/2081 2078/2078/2078 2082/2082/2082
f 2080/2080/2080 2078/2078/2078 2081/2081/2081
f 2079/2079/2079 2078/2078/2078 2080/2080/2080
f 2077/2077/2077 2078/2078/2078 2079/2079/2079
f 2077/2077/2077 2075/2075/2075 2078/2078/2078
f 2077/2077/2077 2076/2076/2076 2075/2075/2075
f 2073/2073/2073 2074/2074/2074 2072/2072/2072
f 2074/2074/2074 1925/1925/1925 1927/1927/1927
f 2073/2073/2073 1925/1925/1925 2074/2074/2074
f 1925/1925/1925 2073/2073/2073 1923/1923/1923
f 2065/2065/2065 1923/1923/1923 2073/2073/2073
f 2073/2073/2073 2072/2072/2072 2065/2065/2065
f 2072/2072/2072 2064/2064/2064 2065/2065/2065
f 2072/2072/2072 2071/2071/2071 2064/2064/2064
f 2071/2071/2071 2063/2063/2063 2064/2064/2064
f 2071/2071/2071 2070/2070/2070 2063/2063/2063
f 2069/2069/2069 2063/2063/2063 2070/2070/2070
f 2069/2069/2069 2062/2062/2062 2063/2063/2063
f 2062/2062/2062 2069/2069/2069 2068/2068/2068
f 2062/2062/2062 2068/2068/2068 2066/2066/2066
f 2067/2067/2067 2066/2066/2066 2068/2068/2068
f 2057/2057/2057 2066/2066/2066 2067/2067/2067
f 2057/2057/2057 2067/2067/2067 2056/2056/2056
f 2057/2057/2057 2059/2059/2059 2060/2060/2060
f 2057/2057/2057 2060/2060/2060 2066/2066/2066
f 2066/2066/2066 2060/2060/2060 2061/2061/2061
f 2066/2066/2066 2061/2061/2061 2062/2062/2062
f 2045/2045/2045 1918/1918/1918 2048/2048/2048
f 1918/1918/1918 1921/1921/1921 2048/2048/2048
f 2048/2048/2048 1921/1921/1921 2047/2047/2047
f 1921/1921/1921 1923/1923/1923 2047/2047/2047
f 2065/2065/2065 2047/2047/2047 1923/1923/1923
f 2046/2046/2046 2047/2047/2047 2065/2065/2065
f 2046/2046/2046 2065/2065/2065 2064/2064/2064
f 2058/2058/2058 2046/2046/2046 2064/2064/2064
f 2058/2058/2058 2064/2064/2064 2063/2063/2063
f 2062/2062/2062 2058/2058/2058 2063/2063/2063
f 2062/2062/2062 2061/2061/2061 2058/2058/2058
f 2058/2058/2058 2061/2061/2061 2050/2050/2050
f 2060/2060/2060 2050/2050/2050 2061/2061/2061
f 2060/2060/2060 2051/2051/2051 2050/2050/2050
f 2051/2051/2051 2060/2060/2060 2059/2059/2059
f 2051/2051/2051 2059/2059/2059 2052/2052/2052
f 2052/2052/2052 2059/2059/2059 2053/2053/2053
f 2059/2059/2059 2054/2054/2054 2053/2053/2053
f 2059/2059/2059 2057/2057/2057 2054/2054/2054
f 2058/2058/2058 2050/2050/2050 2049/2049/2049
f 2049/2049/2049 2046/2046/2046 2058/2058/2058
f 2056/2056/2056 2054/2054/2054 2057/2057/2057
f 2056/2056/2056 2055/2055/2055 2054/2054/2054
f 2038/2038/2038 2054/2054/2054 2055/2055/2055
f 2039/2039/2039 2054/2054/2054 2038/2038/2038
f 2039/2039/2039 2053/2053/2053 2054/2054/2054
f 2039/2039/2039 2040/2040/2040 2053/2053/2053
f 2040/2040/2040 2041/2041/2041 2053/2053/2053
f 2052/2052/2052 2053/2053/2053 2041/2041/2041
f 2041/2041/2041 2042/2042/2042 2052/2052/2052
f 2052/2052/2052 2042/2042/2042 2043/2043/2043
f 2052/2052/2052 2043/2043/2043 2051/2051/2051
f 2051/2051/2051 2043/2043/2043 2044/2044/2044
f 2051/2051/2051 2044/2044/2044 2050/2050/2050
f 2050/2050/2050 2044/2044/2044 2045/2045/2045
f 2050/2050/2050 2045/2045/2045 2049/2049/2049
f 2045/2045/2045 2048/2048/2048 2049/2049/2049
f 2049/2049/2049 2048/2048/2048 2046/2046/2046
f 2048/2048/2048 2047/2047/2047 2046/2046/2046
f 2045/2045/2045 1917/1917/1917 1918/1918/1918
f 2045/2045/2045 1985/1985/1985 1917/1917/1917
f 1983/1983/1983 1985/1985/1985 2045/2045/2045
f 1983/1983/1983 2045/2045/2045 2044/2044/2044
f 2044/2044/2044 1981/1981/1981 1983/1983/1983
f 2044/2044/2044 2043/2043/2043 1981/1981/1981
f 2043/2043/2043 1979/1979/1979 1981/1981/1981
f 2043/2043/2043 2042/2042/2042 1979/1979/1979
f 2042/2042/2042 1976/1976/1976 1979/1979/1979
f 2042/2042/2042 1972/1972/1972 1976/1976/1976
f 2041/2041/2041 1972/1972/1972 2042/2042/2042
f 1974/1974/1974 1972/1972/1972 2041/2041/2041
f 2040/2040/2040 1974/1974/1974 2041/2041/2041
f 1974/1974/1974 2040/2040/2040 2036/2036/2036
f 2039/2039/2039 2036/2036/2036 2040/2040/2040
f 2039/2039/2039 2034/2034/2034 2036/2036/2036
f 2038/2038/2038 2034/2034/2034 2039/2039/2039
f 2038/2038/2038 2033/2033/2033 2034/2034/2034
f 1993/1993/1993 1973/1973/1973 1974/1974/1974
f 1974/1974/1974 2036/2036/2036 1993/1993/1993
f 2036/2036/2036 2007/2007/2007 1993/1993/1993
f 2036/2036/2036 2037/2037/2037 2007/2007/2007
f 2035/2035/2035 2037/2037/2037 2036/2036/2036
f 2035/2035/2035 2036/2036/2036 2034/2034/2034
f 2034/2034/2034 2032/2032/2032 2035/2035/2035
f 2032/2032/2032 2034/2034/2034 2033/2033/2033
f 2032/2032/2032 2033/2033/2033 2031/2031/2031
f 2032/2032/2032 2031/2031/2031 2030/2030/2030
f 2030/2030/2030 2031/2031/2031 2029/2029/2029
f 2030/2030/2030 2029/2029/2029 2028/2028/2028
f 2027/2027/2027 2028/2028/2028 2029/2029/2029
f 2027/2027/2027 2026/2026/2026 2028/2028/2028
f 2024/2024/2024 2026/2026/2026 2027/2027/2027
f 2024/2024/2024 2025/2025/2025 2026/2026/2026
f 2024/2024/2024 2022/2022/2022 2025/2025/2025
f 2024/2024/2024 2023/2023/2023 2022/2022/2022
f 2021/2021/2021 2018/2018/2018 2020/2020/2020
f 2020/2020/2020 2018/2018/2018 2019/2019/2019
f 2017/2017/2017 2019/2019/2019 2018/2018/2018
f 2017/2017/2017 2018/2018/2018 2016/2016/2016
f 2015/2015/2015 2017/2017/2017 2016/2016/2016
f 2015/2015/2015 2016/2016/2016 2014/2014/2014
f 2014/2014/2014 2013/2013/2013 2015/2015/2015
f 2014/2014/2014 2012/2012/2012 2013/2013/2013
f 2012/2012/2012 2011/2011/2011 2013/2013/2013
f 2012/2012/2012 2002/2002/2002 2011/2011/2011
f 2001/2001/2001 2011/2011/2011 2002/2002/2002
f 2011/2011/2011 2001/2001/2001 2010/2010/2010
f 1990/1990/1990 2010/2010/2010 2001/2001/2001
f 1990/1990/1990 2009/2009/2009 2010/2010/2010
f 2008/2008/2008 2009/2009/2009 1990/1990/1990
f 2008/2008/2008 1990/1990/1990 1991/1991/1991
f 1991/1991/1991 2006/2006/2006 2008/2008/2008
f 1993/1993/1993 2007/2007/2007 2006/2006/2006
f 2005/2005/2005 2003/2003/2003 1992/1992/1992
f 2004/2004/2004 1992/1992/1992 2003/2003/2003
f 2001/2001/2001 2002/2002/2002 2000/2000/2000
f 1990/1990/1990 2001/2001/2001 1989/1989/1989
f 2001/2001/2001 2000/2000/2000 1989/1989/1989
f 1988/1988/1988 1989/1989/1989 2000/2000/2000
f 1988/1988/1988 2000/2000/2000 1999/1999/1999
f 1988/1988/1988 1999/1999/1999 1998/1998/1998
f 1988/1988/1988 1998/1998/1998 1987/1987/1987
f 1997/1997/1997 1987/1987/1987 1998/1998/1998
f 1997/1997/1997 1986/1986/1986 1987/1987/1987
f 1986/1986/1986 1997/1997/1997 1996/1996/1996
f 1996/1996/1996 1962/1962/1962 1986/1986/1986
f 1996/1996/1996 1995/1995/1995 1962/1962/1962
f 1995/1995/1995 1960/1960/1960 1962/1962/1962
f 1995/1995/1995 1994/1994/1994 1960/1960/1960
f 1960/1960/1960 1994/1994/1994 1959/1959/1959
f 1993/1993/1993 1992/1992/1992 1973/1973/1973
f 1991/1991/1991 1973/1973/1973 1992/1992/1992
f 1991/1991/1991 1975/1975/1975 1973/1973/1973
f 1975/1975/1975 1991/1991/1991 1990/1990/1990
f 1975/1975/1975 1990/1990/1990 1977/1977/1977
f 1990/1990/1990 1989/1989/1989 1977/1977/1977
f 1978/1978/1978 1977/1977/1977 1989/1989/1989
f 1978/1978/1978 1989/1989/1989 1988/1988/1988
f 1988/1988/1988 1980/1980/1980 1978/1978/1978
f 1988/1988/1988 1987/1987/1987 1980/1980/1980
f 1982/1982/1982 1980/1980/1980 1987/1987/1987
f 1982/1982/1982 1987/1987/1987 1986/1986/1986
f 1984/1984/1984 1982/1982/1982 1986/1986/1986
f 1984/1984/1984 1986/1986/1986 1962/1962/1962
f 1962/1962/1962 1961/1961/1961 1984/1984/1984
f 1940/1940/1940 1916/1916/1916 1963/1963/1963
f 1917/1917/1917 1963/1963/1963 1916/1916/1916
f 1917/1917/1917 1964/1964/1964 1963/1963/1963
f 1985/1985/1985 1964/1964/1964 1917/1917/1917
f 1985/1985/1985 1961/1961/1961 1964/1964/1964
f 1983/1983/1983 1961/1961/1961 1985/1985/1985
f 1983/1983/1983 1984/1984/1984 1961/1961/1961
f 1983/1983/1983 1982/1982/1982 1984/1984/1984
f 1983/1983/1983 1981/1981/1981 1982/1982/1982
f 1980/1980/1980 1982/1982/1982 1981/1981/1981
f 1980/1980/1980 1981/1981/1981 1979/1979/1979
f 1978/1978/1978 1980/1980/1980 1979/1979/1979
f 1978/1978/1978 1979/1979/1979 1976/1976/1976
f 1976/1976/1976 1977/1977/1977 1978/1978/1978
f 1976/1976/1976 1975/1975/1975 1977/1977/1977
f 1972/1972/1972 1975/1975/1975 1976/1976/1976
f 1972/1972/1972 1973/1973/1973 1975/1975/1975
f 1974/1974/1974 1973/1973/1973 1972/1972/1972
f 1957/1957/1957 1971/1971/1971 1955/1955/1955
f 1954/1954/1954 1955/1955/1955 1971/1971/1971
f 1954/1954/1954 1971/1971/1971 1970/1970/1970
f 1953/1953/1953 1954/1954/1954 1970/1970/1970
f 1969/1969/1969 1953/1953/1953 1970/1970/1970
f 1969/1969/1969 1952/1952/1952 1953/1953/1953
f 1969/1969/1969 1951/1951/1951 1952/1952/1952
f 1969/1969/1969 1968/1968/1968 1951/1951/1951
f 1949/1949/1949 1951/1951/1951 1968/1968/1968
f 1949/1949/1949 1968/1968/1968 1967/1967/1967
f 1967/1967/1967 1950/1950/1950 1949/1949/1949
f 1967/1967/1967 1965/1965/1965 1950/1950/1950
f 1966/1966/1966 1950/1950/1950 1965/1965/1965
f 1961/1961/1961 1958/1958/1958 1964/1964/1964
f 1964/1964/1964 1958/1958/1958 1956/1956/1956
f 1964/1964/1964 1956/1956/1956 1963/1963/1963
f 1940/1940/1940 1963/1963/1963 1956/1956/1956
f 1962/1962/1962 1960/1960/1960 1961/1961/1961
f 1961/1961/1961 1960/1960/1960 1958/1958/1958
f 1960/1960/1960 1959/1959/1959 1958/1958/1958
f 1957/1957/1957 1958/1958/1958 1959/1959/1959
f 1957/1957/1957 1956/1956/1956 1958/1958/1958
f 1957/1957/1957 1955/1955/1955 1956/1956/1956
f 1940/1940/1940 1956/1956/1956 1955/1955/1955
f 1954/1954/1954 1940/1940/1940 1955/1955/1955
f 1954/1954/1954 1941/1941/1941 1940/1940/1940
f 1953/1953/1953 1941/1941/1941 1954/1954/1954
f 1953/1953/1953 1942/1942/1942 1941/1941/1941
f 1952/1952/1952 1942/1942/1942 1953/1953/1953
f 1952/1952/1952 1943/1943/1943 1942/1942/1942
f 1951/1951/1951 1943/1943/1943 1952/1952/1952
f 1951/1951/1951 1944/1944/1944 1943/1943/1943
f 1944/1944/1944 1951/1951/1951 1949/1949/1949
f 1944/1944/1944 1949/1949/1949 1945/1945/1945
f 1950/1950/1950 1945/1945/1945 1949/1949/1949
f 1859/1859/1859 1948/1948/1948 1858/1858/1858
f 1948/1948/1948 1859/1859/1859 1889/1889/1889
f 1948/1948/1948 1889/1889/1889 1947/1947/1947
f 1887/1887/1887 1947/1947/1947 1889/1889/1889
f 1887/1887/1887 1946/1946/1946 1947/1947/1947
f 1885/1885/1885 1946/1946/1946 1887/1887/1887
f 1885/1885/1885 1945/1945/1945 1946/1946/1946
f 1945/1945/1945 1885/1885/1885 1884/1884/1884
f 1945/1945/1945 1884/1884/1884 1944/1944/1944
f 1939/1939/1939 1944/1944/1944 1884/1884/1884
f 1939/1939/1939 1943/1943/1943 1944/1944/1944
f 1938/1938/1938 1943/1943/1943 1939/1939/1939
f 1938/1938/1938 1942/1942/1942 1943/1943/1943
f 1937/1937/1937 1942/1942/1942 1938/1938/1938
f 1937/1937/1937 1941/1941/1941 1942/1942/1942
f 1941/1941/1941 1937/1937/1937 1936/1936/1936
f 1941/1941/1941 1936/1936/1936 1940/1940/1940
f 1940/1940/1940 1936/1936/1936 1916/1916/1916
f 1883/1883/1883 1939/1939/1939 1884/1884/1884
f 1935/1935/1935 1939/1939/1939 1883/1883/1883
f 1935/1935/1935 1938/1938/1938 1939/1939/1939
f 1933/1933/1933 1938/1938/1938 1935/1935/1935
f 1933/1933/1933 1937/1937/1937 1938/1938/1938
f 1920/1920/1920 1937/1937/1937 1933/1933/1933
f 1920/1920/1920 1936/1936/1936 1937/1937/1937
f 1920/1920/1920 1916/1916/1916 1936/1936/1936
f 1932/1932/1932 1934/1934/1934 1931/1931/1931
f 1929/1929/1929 1931/1931/1931 1934/1934/1934
f 1929/1929/1929 1934/1934/1934 1930/1930/1930
f 1935/1935/1935 1883/1883/1883 1930/1930/1930
f 1935/1935/1935 1930/1930/1930 1934/1934/1934
f 1933/1933/1933 1935/1935/1935 1934/1934/1934
f 1933/1933/1933 1934/1934/1934 1932/1932/1932
f 1932/1932/1932 1920/1920/1920 1933/1933/1933
f 1932/1932/1932 1922/1922/1922 1920/1920/1920
f 1924/1924/1924 1922/1922/1922 1932/1932/1932
f 1932/1932/1932 1931/1931/1931 1924/1924/1924
f 1924/1924/1924 1931/1931/1931 1926/1926/1926
f 1931/1931/1931 1928/1928/1928 1926/1926/1926
f 1931/1931/1931 1929/1929/1929 1928/1928/1928
f 1918/1918/1918 1919/1919/1919 1921/1921/1921
f 1883/1883/1883 1881/1881/1881 1930/1930/1930
f 1930/1930/1930 1881/1881/1881 1900/1900/1900
f 1930/1930/1930 1900/1900/1900 1929/1929/1929
f 1929/1929/1929 1900/1900/1900 1902/1902/1902
f 1929/1929/1929 1902/1902/1902 1928/1928/1928
f 1904/1904/1904 1928/1928/1928 1902/1902/1902
f 1926/1926/1926 1928/1928/1928 1904/1904/1904
f 1926/1926/1926 1904/1904/1904 1927/1927/1927
f 1925/1925/1925 1926/1926/1926 1927/1927/1927
f 1924/1924/1924 1926/1926/1926 1925/1925/1925
f 1925/1925/1925 1923/1923/1923 1924/1924/1924
f 1924/1924/1924 1923/1923/1923 1922/1922/1922
f 1921/1921/1921 1922/1922/1922 1923/1923/1923
f 1921/1921/1921 1920/1920/1920 1922/1922/1922
f 1921/1921/1921 1919/1919/1919 1920/1920/1920
f 1920/1920/1920 1919/1919/1919 1916/1916/1916
f 1918/1918/1918 1916/1916/1916 1919/1919/1919
f 1918/1918/1918 1917/1917/1917 1916/1916/1916
f 1894/1894/1894 1872/1872/1872 1915/1915/1915
f 1915/1915/1915 1905/1905/1905 1894/1894/1894
f 1915/1915/1915 1914/1914/1914 1905/1905/1905
f 1906/1906/1906 1905/1905/1905 1914/1914/1914
f 1906/1906/1906 1914/1914/1914 1913/1913/1913
f 1907/1907/1907 1906/1906/1906 1913/1913/1913
f 1907/1907/1907 1913/1913/1913 1912/1912/1912
f 1908/1908/1908 1907/1907/1907 1912/1912/1912
f 1908/1908/1908 1912/1912/1912 1909/1909/1909
f 1909/1909/1909 1912/1912/1912 1911/1911/1911
f 1910/1910/1910 1909/1909/1909 1911/1911/1911
f 1903/1903/1903 1901/1901/1901 1910/1910/1910
f 1910/1910/1910 1901/1901/1901 1909/1909/1909
f 1899/1899/1899 1909/1909/1909 1901/1901/1901
f 1899/1899/1899 1908/1908/1908 1909/1909/1909
f 1908/1908/1908 1899/1899/1899 1898/1898/1898
f 1908/1908/1908 1898/1898/1898 1897/1897/1897
f 1897/1897/1897 1907/1907/1907 1908/1908/1908
f 1897/1897/1897 1896/1896/1896 1907/1907/1907
f 1896/1896/1896 1906/1906/1906 1907/1907/1907
f 1896/1896/1896 1895/1895/1895 1906/1906/1906
f 1905/1905/1905 1906/1906/1906 1895/1895/1895
f 1905/1905/1905 1895/1895/1895 1893/1893/1893
f 1893/1893/1893 1894/1894/1894 1905/1905/1905
f 1904/1904/1904 1902/1902/1902 1903/1903/1903
f 1903/1903/1903 1902/1902/1902 1901/1901/1901
f 1900/1900/1900 1901/1901/1901 1902/1902/1902
f 1900/1900/1900 1899/1899/1899 1901/1901/1901
f 1881/1881/1881 1899/1899/1899 1900/1900/1900
f 1881/1881/1881 1898/1898/1898 1899/1899/1899
f 1882/1882/1882 1898/1898/1898 1881/1881/1881
f 1882/1882/1882 1886/1886/1886 1898/1898/1898
f 1897/1897/1897 1898/1898/1898 1886/1886/1886
f 1897/1897/1897 1886/1886/1886 1888/1888/1888
f 1888/1888/1888 1896/1896/1896 1897/1897/1897
f 1888/1888/1888 1890/1890/1890 1896/1896/1896
f 1890/1890/1890 1895/1895/1895 1896/1896/1896
f 1890/1890/1890 1891/1891/1891 1895/1895/1895
f 1891/1891/1891 1893/1893/1893 1895/1895/1895
f 1891/1891/1891 1892/1892/1892 1893/1893/1893
f 1894/1894/1894 1873/1873/1873 1872/1872/1872
f 1880/1880/1880 1873/1873/1873 1894/1894/1894
f 1893/1893/1893 1880/1880/1880 1894/1894/1894
f 1893/1893/1893 1878/1878/1878 1880/1880/1880
f 1893/1893/1893 1892/1892/1892 1878/1878/1878
f 1878/1878/1878 1892/1892/1892 1857/1857/1857
f 1857/1857/1857 1892/1892/1892 1891/1891/1891
f 1857/1857/1857 1891/1891/1891 1859/1859/1859
f 1890/1890/1890 1859/1859/1859 1891/1891/1891
f 1890/1890/1890 1889/1889/1889 1859/1859/1859
f 1888/1888/1888 1889/1889/1889 1890/1890/1890
f 1888/1888/1888 1887/1887/1887 1889/1889/1889
f 1886/1886/1886 1887/1887/1887 1888/1888/1888
f 1886/1886/1886 1885/1885/1885 1887/1887/1887
f 1882/1882/1882 1885/1885/1885 1886/1886/1886
f 1882/1882/1882 1884/1884/1884 1885/1885/1885
f 1883/1883/1883 1884/1884/1884 1882/1882/1882
f 1883/1883/1883 1882/1882/1882 1881/1881/1881
f 1880/1880/1880 1879/1879/1879 1873/1873/1873
f 1877/1877/1877 1880/1880/1880 1878/1878/1878
f 1877/1877/1877 1879/1879/1879 1880/1880/1880
f 1879/1879/1879 1877/1877/1877 1876/1876/1876
f 1879/1879/1879 1876/1876/1876 1875/1875/1875
f 1879/1879/1879 1875/1875/1875 1874/1874/1874
f 1879/1879/1879 1874/1874/1874 1873/1873/1873
f 1878/1878/1878 1857/1857/1857 1861/1861/1861
f 1861/1861/1861 1877/1877/1877 1878/1878/1878
f 1861/1861/1861 1863/1863/1863 1877/1877/1877
f 1876/1876/1876 1877/1877/1877 1863/1863/1863
f 1876/1876/1876 1863/1863/1863 1865/1865/1865
f 1867/1867/1867 1876/1876/1876 1865/1865/1865
f 1875/1875/1875 1876/1876/1876 1867/1867/1867
f 1875/1875/1875 1867/1867/1867 1868/1868/1868
f 1874/1874/1874 1875/1875/1875 1868/1868/1868
f 1874/1874/1874 1868/1868/1868 1869/1869/1869
f 1871/1871/1871 1874/1874/1874 1869/1869/1869
f 1873/1873/1873 1874/1874/1874 1871/1871/1871
f 1873/1873/1873 1871/1871/1871 1872/1872/1872
f 1871/1871/1871 1869/1869/1869 1870/1870/1870
f 1870/1870/1870 1854/1854/1854 1853/1853/1853
f 1870/1870/1870 1869/1869/1869 1854/1854/1854
f 1869/1869/1869 1855/1855/1855 1854/1854/1854
f 1869/1869/1869 1868/1868/1868 1855/1855/1855
f 1868/1868/1868 1856/1856/1856 1855/1855/1855
f 1868/1868/1868 1867/1867/1867 1856/1856/1856
f 1856/1856/1856 1867/1867/1867 1866/1866/1866
f 1867/1867/1867 1865/1865/1865 1866/1866/1866
f 1866/1866/1866 1865/1865/1865 1864/1864/1864
f 1863/1863/1863 1864/1864/1864 1865/1865/1865
f 1863/1863/1863 1862/1862/1862 1864/1864/1864
f 1861/1861/1861 1862/1862/1862 1863/1863/1863
f 1861/1861/1861 1860/1860/1860 1862/1862/1862
f 1857/1857/1857 1860/1860/1860 1861/1861/1861
f 1857/1857/1857 1858/1858/1858 1860/1860/1860
f 1859/1859/1859 1858/1858/1858 1857/1857/1857
f 1855/1855/1855 1856/1856/1856 1837/1837/1837
f 1855/1855/1855 1837/1837/1837 1838/1838/1838
f 1854/1854/1854 1855/1855/1855 1838/1838/1838
f 1854/1854/1854 1838/1838/1838 1839/1839/1839
f 1853/1853/1853 1854/1854/1854 1839/1839/1839
f 1853/1853/1853 1839/1839/1839 1852/1852/1852
f 1852/1852/1852 1839/1839/1839 1840/1840/1840
f 1852/1852/1852 1840/1840/1840 1851/1851/1851
f 1851/1851/1851 1840/1840/1840 1841/1841/1841
f 1851/1851/1851 1841/1841/1841 1850/1850/1850
f 1842/1842/1842 1850/1850/1850 1841/1841/1841
f 1842/1842/1842 1849/1849/1849 1850/1850/1850
f 1849/1849/1849 1842/1842/1842 1843/1843/1843
f 1849/1849/1849 1843/1843/1843 1848/1848/1848
f 1848/1848/1848 1843/1843/1843 1844/1844/1844
f 1848/1848/1848 1844/1844/1844 1846/1846/1846
f 1845/1845/1845 1846/1846/1846 1844/1844/1844
f 1845/1845/1845 1847/1847/1847 1846/1846/1846
f 1844/1844/1844 1824/1824/1824 1845/1845/1845
f 1844/1844/1844 1825/1825/1825 1824/1824/1824
f 1843/1843/1843 1825/1825/1825 1844/1844/1844
f 1843/1843/1843 1826/1826/1826 1825/1825/1825
f 1826/1826/1826 1843/1843/1843 1842/1842/1842
f 1826/1826/1826 1842/1842/1842 1827/1827/1827
f 1841/1841/1841 1827/1827/1827 1842/1842/1842
f 1841/1841/1841 1828/1828/1828 1827/1827/1827
f 1840/1840/1840 1828/1828/1828 1841/1841/1841
f 1840/1840/1840 1829/1829/1829 1828/1828/1828
f 1839/1839/1839 1829/1829/1829 1840/1840/1840
f 1839/1839/1839 1838/1838/1838 1829/1829/1829
f 1838/1838/1838 1830/1830/1830 1829/1829/1829
f 1838/1838/1838 1837/1837/1837 1830/1830/1830
f 1830/1830/1830 1837/1837/1837 1831/1831/1831
f 1837/1837/1837 1836/1836/1836 1831/1831/1831
f 1831/1831/1831 1836/1836/1836 1832/1832/1832
f 1836/1836/1836 1835/1835/1835 1832/1832/1832
f 1832/1832/1832 1835/1835/1835 1833/1833/1833
f 1835/1835/1835 1834/1834/1834 1833/1833/1833
f 1832/1832/1832 1833/1833/1833 1817/1817/1817
f 1817/1817/1817 1816/1816/1816 1832/1832/1832
f 1831/1831/1831 1832/1832/1832 1816/1816/1816
f 1818/1818/1818 1831/1831/1831 1816/1816/1816
f 1830/1830/1830 1831/1831/1831 1818/1818/1818
f 1819/1819/1819 1830/1830/1830 1818/1818/1818
f 1829/1829/1829 1830/1830/1830 1819/1819/1819
f 1829/1829/1829 1819/1819/1819 1828/1828/1828
f 1828/1828/1828 1819/1819/1819 1820/1820/1820
f 1828/1828/1828 1820/1820/1820 1827/1827/1827
f 1827/1827/1827 1820/1820/1820 1821/1821/1821
f 1827/1827/1827 1821/1821/1821 1826/1826/1826
f 1826/1826/1826 1821/1821/1821 1822/1822/1822
f 1826/1826/1826 1822/1822/1822 1825/1825/1825
f 1825/1825/1825 1822/1822/1822 1823/1823/1823
f 1825/1825/1825 1823/1823/1823 1824/1824/1824
f 1823/1823/1823 1810/1810/1810 1809/1809/1809
f 1823/1823/1823 1822/1822/1822 1810/1810/1810
f 1822/1822/1822 1811/1811/1811 1810/1810/1810
f 1822/1822/1822 1821/1821/1821 1811/1811/1811
f 1821/1821/1821 1812/1812/1812 1811/1811/1811
f 1821/1821/1821 1820/1820/1820 1812/1812/1812
f 1820/1820/1820 1813/1813/1813 1812/1812/1812
f 1820/1820/1820 1819/1819/1819 1813/1813/1813
f 1819/1819/1819 1818/1818/1818 1813/1813/1813
f 1813/1813/1813 1818/1818/1818 1814/1814/1814
f 1818/1818/1818 1816/1816/1816 1814/1814/1814
f 1815/1815/1815 1814/1814/1814 1816/1816/1816
f 1817/1817/1817 1815/1815/1815 1816/1816/1816
f 1815/1815/1815 1806/1806/1806 1814/1814/1814
f 1806/1806/1806 1805/1805/1805 1814/1814/1814
f 1813/1813/1813 1814/1814/1814 1805/1805/1805
f 1812/1812/1812 1813/1813/1813 1805/1805/1805
f 1812/1812/1812 1805/1805/1805 1803/1803/1803
f 1803/1803/1803 1811/1811/1811 1812/1812/1812
f 1803/1803/1803 1801/1801/1801 1811/1811/1811
f 1810/1810/1810 1811/1811/1811 1801/1801/1801
f 1810/1810/1810 1801/1801/1801 1800/1800/1800
f 1809/1809/1809 1810/1810/1810 1800/1800/1800
f 1809/1809/1809 1800/1800/1800 1807/1807/1807
f 1798/1798/1798 1807/1807/1807 1800/1800/1800
f 1798/1798/1798 1808/1808/1808 1807/1807/1807
f 1806/1806/1806 1804/1804/1804 1805/1805/1805
f 1803/1803/1803 1805/1805/1805 1804/1804/1804
f 1803/1803/1803 1804/1804/1804 1802/1802/1802
f 1801/1801/1801 1803/1803/1803 1802/1802/1802
f 1801/1801/1801 1802/1802/1802 1799/1799/1799
f 1800/1800/1800 1801/1801/1801 1799/1799/1799
f 1800/1800/1800 1799/1799/1799 1798/1798/1798
f 1675/1675/1675 1787/1787/1787 1649/1649/1649
f 1675/1675/1675 1797/1797/1797 1787/1787/1787
f 1797/1797/1797 1785/1785/1785 1787/1787/1787
f 1797/1797/1797 1796/1796/1796 1785/1785/1785
f 1796/1796/1796 1783/1783/1783 1785/1785/1785
f 1796/1796/1796 1795/1795/1795 1783/1783/1783
f 1795/1795/1795 1781/1781/1781 1783/1783/1783
f 1795/1795/1795 1794/1794/1794 1781/1781/1781
f 1794/1794/1794 1779/1779/1779 1781/1781/1781
f 1794/1794/1794 1793/1793/1793 1779/1779/1779
f 1793/1793/1793 1777/1777/1777 1779/1779/1779
f 1793/1793/1793 1792/1792/1792 1777/1777/1777
f 1792/1792/1792 1775/1775/1775 1777/1777/1777
f 1792/1792/1792 1791/1791/1791 1775/1775/1775
f 1791/1791/1791 1773/1773/1773 1775/1775/1775
f 1791/1791/1791 1790/1790/1790 1773/1773/1773
f 1790/1790/1790 1772/1772/1772 1773/1773/1773
f 1790/1790/1790 1789/1789/1789 1772/1772/1772
f 1649/1649/1649 1788/1788/1788 1648/1648/1648
f 1649/1649/1649 1787/1787/1787 1788/1788/1788
f 1787/1787/1787 1786/1786/1786 1788/1788/1788
f 1787/1787/1787 1785/1785/1785 1786/1786/1786
f 1785/1785/1785 1784/1784/1784 1786/1786/1786
f 1785/1785/1785 1783/1783/1783 1784/1784/1784
f 1783/1783/1783 1782/1782/1782 1784/1784/1784
f 1783/1783/1783 1781/1781/1781 1782/1782/1782
f 1781/1781/1781 1780/1780/1780 1782/1782/1782
f 1781/1781/1781 1779/1779/1779 1780/1780/1780
f 1779/1779/1779 1778/1778/1778 1780/1780/1780
f 1779/1779/1779 1777/1777/1777 1778/1778/1778
f 1777/1777/1777 1776/1776/1776 1778/1778/1778
f 1777/1777/1777 1775/1775/1775 1776/1776/1776
f 1775/1775/1775 1774/1774/1774 1776/1776/1776
f 1775/1775/1775 1773/1773/1773 1774/1774/1774
f 1773/1773/1773 1771/1771/1771 1774/1774/1774
f 1773/1773/1773 1772/1772/1772 1771/1771/1771
f 1765/1765/1765 1770/1770/1770 1769/1769/1769
f 1765/1765/1765 1769/1769/1769 1768/1768/1768
f 1765/1765/1765 1768/1768/1768 1767/1767/1767
f 1765/1765/1765 1767/1767/1767 1766/1766/1766
f 1765/1765/1765 1766/1766/1766 1764/1764/1764
f 1765/1765/1765 1764/1764/1764 1763/1763/1763
f 1729/1729/1729 1760/1760/1760 1761/1761/1761
f 1729/1729/1729 1761/1761/1761 1762/1762/1762
f 1729/1729/1729 1762/1762/1762 1758/1758/1758
f 1758/1758/1758 1762/1762/1762 1757/1757/1757
f 1761/1761/1761 1757/1757/1757 1762/1762/1762
f 1761/1761/1761 1756/1756/1756 1757/1757/1757
f 1760/1760/1760 1756/1756/1756 1761/1761/1761
f 1760/1760/1760 1754/1754/1754 1756/1756/1756
f 1759/1759/1759 1754/1754/1754 1760/1760/1760
f 1729/1729/1729 1759/1759/1759 1760/1760/1760
f 1729/1729/1729 1730/1730/1730 1759/1759/1759
f 1730/1730/1730 1749/1749/1749 1752/1752/1752
f 1730/1730/1730 1752/1752/1752 1759/1759/1759
f 1759/1759/1759 1752/1752/1752 1754/1754/1754
f 1729/1729/1729 1733/1733/1733 1731/1731/1731
f 1729/1729/1729 1743/1743/1743 1733/1733/1733
f 1729/1729/1729 1758/1758/1758 1743/1743/1743
f 1743/1743/1743 1758/1758/1758 1744/1744/1744
f 1758/1758/1758 1757/1757/1757 1744/1744/1744
f 1744/1744/1744 1757/1757/1757 1746/1746/1746
f 1756/1756/1756 1746/1746/1746 1757/1757/1757
f 1756/1756/1756 1755/1755/1755 1746/1746/1746
f 1754/1754/1754 1755/1755/1755 1756/1756/1756
f 1754/1754/1754 1753/1753/1753 1755/1755/1755
f 1752/1752/1752 1753/1753/1753 1754/1754/1754
f 1752/1752/1752 1751/1751/1751 1753/1753/1753
f 1749/1749/1749 1751/1751/1751 1752/1752/1752
f 1749/1749/1749 1750/1750/1750 1751/1751/1751
f 1749/1749/1749 1708/1708/1708 1750/1750/1750
f 1749/1749/1749 1709/1709/1709 1708/1708/1708
f 1730/1730/1730 1709/1709/1709 1749/1749/1749
f 1730/1730/1730 1710/1710/1710 1709/1709/1709
f 1742/1742/1742 1745/1745/1745 1748/1748/1748
f 1741/1741/1741 1742/1742/1742 1748/1748/1748
f 1741/1741/1741 1748/1748/1748 1747/1747/1747
f 1741/1741/1741 1747/1747/1747 1740/1740/1740
f 1744/1744/1744 1746/1746/1746 1745/1745/1745
f 1742/1742/1742 1744/1744/1744 1745/1745/1745
f 1743/1743/1743 1744/1744/1744 1742/1742/1742
f 1733/1733/1733 1743/1743/1743 1742/1742/1742
f 1733/1733/1733 1742/1742/1742 1741/1741/1741
f 1733/1733/1733 1741/1741/1741 1732/1732/1732
f 1741/1741/1741 1740/1740/1740 1732/1732/1732
f 1732/1732/1732 1740/1740/1740 1735/1735/1735
f 1729/1729/1729 1731/1731/1731 1736/1736/1736
f 1731/1731/1731 1734/1734/1734 1736/1736/1736
f 1729/1729/1729 1738/1738/1738 1739/1739/1739
f 1729/1729/1729 1737/1737/1737 1738/1738/1738
f 1729/1729/1729 1727/1727/1727 1728/1728/1728
f 1729/1729/1729 1739/1739/1739 1727/1727/1727
f 1727/1727/1727 1739/1739/1739 1726/1726/1726
f 1738/1738/1738 1726/1726/1726 1739/1739/1739
f 1738/1738/1738 1725/1725/1725 1726/1726/1726
f 1737/1737/1737 1725/1725/1725 1738/1738/1738
f 1737/1737/1737 1723/1723/1723 1725/1725/1725
f 1718/1718/1718 1723/1723/1723 1737/1737/1737
f 1729/1729/1729 1718/1718/1718 1737/1737/1737
f 1729/1729/1729 1717/1717/1717 1718/1718/1718
f 1729/1729/1729 1736/1736/1736 1717/1717/1717
f 1736/1736/1736 1716/1716/1716 1717/1717/1717
f 1736/1736/1736 1734/1734/1734 1716/1716/1716
f 1734/1734/1734 1720/1720/1720 1716/1716/1716
f 1734/1734/1734 1735/1735/1735 1720/1720/1720
f 1732/1732/1732 1735/1735/1735 1734/1734/1734
f 1731/1731/1731 1732/1732/1732 1734/1734/1734
f 1733/1733/1733 1732/1732/1732 1731/1731/1731
f 1718/1718/1718 1719/1719/1719 1723/1723/1723
f 1729/1729/1729 1710/1710/1710 1730/1730/1730
f 1729/1729/1729 1711/1711/1711 1710/1710/1710
f 1729/1729/1729 1728/1728/1728 1711/1711/1711
f 1711/1711/1711 1728/1728/1728 1712/1712/1712
f 1727/1727/1727 1712/1712/1712 1728/1728/1728
f 1727/1727/1727 1713/1713/1713 1712/1712/1712
f 1727/1727/1727 1726/1726/1726 1713/1713/1713
f 1713/1713/1713 1726/1726/1726 1715/1715/1715
f 1725/1725/1725 1715/1715/1715 1726/1726/1726
f 1725/1725/1725 1724/1724/1724 1715/1715/1715
f 1723/1723/1723 1724/1724/1724 1725/1725/1725
f 1723/1723/1723 1722/1722/1722 1724/1724/1724
f 1719/1719/1719 1722/1722/1722 1723/1723/1723
f 1719/1719/1719 1721/1721/1721 1722/1722/1722
f 1719/1719/1719 1720/1720/1720 1721/1721/1721
f 1719/1719/1719 1716/1716/1716 1720/1720/1720
f 1718/1718/1718 1716/1716/1716 1719/1719/1719
f 1718/1718/1718 1717/1717/1717 1716/1716/1716
f 1713/1713/1713 1715/1715/1715 1714/1714/1714
f 1713/1713/1713 1714/1714/1714 1706/1706/1706
f 1713/1713/1713 1706/1706/1706 1712/1712/1712
f 1707/1707/1707 1712/1712/1712 1706/1706/1706
f 1711/1711/1711 1712/1712/1712 1707/1707/1707
f 1710/1710/1710 1711/1711/1711 1707/1707/1707
f 1710/1710/1710 1707/1707/1707 1709/1709/1709
f 1709/1709/1709 1707/1707/1707 1705/1705/1705
f 1709/1709/1709 1705/1705/1705 1708/1708/1708
f 1707/1707/1707 1706/1706/1706 1705/1705/1705
f 1684/1684/1684 1685/1685/1685 1704/1704/1704
f 1704/1704/1704 1685/1685/1685 1703/1703/1703
f 1703/1703/1703 1685/1685/1685 1702/1702/1702
f 1702/1702/1702 1685/1685/1685 1701/1701/1701
f 1701/1701/1701 1685/1685/1685 1700/1700/1700
f 1700/1700/1700 1685/1685/1685 1699/1699/1699
f 1699/1699/1699 1685/1685/1685 1698/1698/1698
f 1698/1698/1698 1685/1685/1685 1697/1697/1697
f 1697/1697/1697 1685/1685/1685 1696/1696/1696
f 1696/1696/1696 1685/1685/1685 1695/1695/1695
f 1695/1695/1695 1685/1685/1685 1694/1694/1694
f 1694/1694/1694 1685/1685/1685 1693/1693/1693
f 1693/1693/1693 1685/1685/1685 1692/1692/1692
f 1692/1692/1692 1685/1685/1685 1691/1691/1691
f 1691/1691/1691 1685/1685/1685 1690/1690/1690
f 1690/1690/1690 1685/1685/1685 1689/1689/1689
f 1689/1689/1689 1685/1685/1685 1688/1688/1688
f 1688/1688/1688 1685/1685/1685 1687/1687/1687
f 1687/1687/1687 1685/1685/1685 1686/1686/1686
f 1686/1686/1686 1685/1685/1685 1684/1684/1684
f 1670/1670/1670 1664/1664/1664 1666/1666/1666
f 1670/1670/1670 1683/1683/1683 1664/1664/1664
f 1683/1683/1683 1662/1662/1662 1664/1664/1664
f 1683/1683/1683 1682/1682/1682 1662/1662/1662
f 1682/1682/1682 1660/1660/1660 1662/1662/1662
f 1682/1682/1682 1681/1681/1681 1660/1660/1660
f 1681/1681/1681 1658/1658/1658 1660/1660/1660
f 1681/1681/1681 1680/1680/1680 1658/1658/1658
f 1680/1680/1680 1656/1656/1656 1658/1658/1658
f 1680/1680/1680 1679/1679/1679 1656/1656/1656
f 1679/1679/1679 1654/1654/1654 1656/1656/1656
f 1679/1679/1679 1678/1678/1678 1654/1654/1654
f 1678/1678/1678 1652/1652/1652 1654/1654/1654
f 1678/1678/1678 1677/1677/1677 1652/1652/1652
f 1677/1677/1677 1650/1650/1650 1652/1652/1652
f 1677/1677/1677 1676/1676/1676 1650/1650/1650
f 1676/1676/1676 1649/1649/1649 1650/1650/1650
f 1676/1676/1676 1675/1675/1675 1649/1649/1649
f 1673/1673/1673 1669/1669/1669 1674/1674/1674
f 1673/1673/1673 1668/1668/1668 1669/1669/1669
f 1672/1672/1672 1668/1668/1668 1673/1673/1673
f 1672/1672/1672 1671/1671/1671 1668/1668/1668
f 1671/1671/1671 1666/1666/1666 1668/1668/1668
f 1671/1671/1671 1670/1670/1670 1666/1666/1666
f 1668/1668/1668 1667/1667/1667 1669/1669/1669
f 1668/1668/1668 1666/1666/1666 1667/1667/1667
f 1666/1666/1666 1665/1665/1665 1667/1667/1667
f 1666/1666/1666 1664/1664/1664 1665/1665/1665
f 1664/1664/1664 1663/1663/1663 1665/1665/1665
f 1664/1664/1664 1662/1662/1662 1663/1663/1663
f 1662/1662/1662 1661/1661/1661 1663/1663/1663
f 1662/1662/1662 1660/1660/1660 1661/1661/1661
f 1660/1660/1660 1659/1659/1659 1661/1661/1661
f 1660/1660/1660 1658/1658/1658 1659/1659/1659
f 1658/1658/1658 1657/1657/1657 1659/1659/1659
f 1658/1658/1658 1656/1656/1656 1657/1657/1657
f 1656/1656/1656 1655/1655/1655 1657/1657/1657
f 1656/1656/1656 1654/1654/1654 1655/1655/1655
f 1654/1654/1654 1653/1653/1653 1655/1655/1655
f 1654/1654/1654 1652/1652/1652 1653/1653/1653
f 1652/1652/1652 1651/1651/1651 1653/1653/1653
f 1652/1652/1652 1650/1650/1650 1651/1651/1651
f 1650/1650/1650 1648/1648/1648 1651/1651/1651
f 1650/1650/1650 1649/1649/1649 1648/1648/1648
f 1642/1642/1642 1647/1647/1647 1645/1645/1645
f 1644/1644/1644 1645/1645/1645 1646/1646/1646
f 1642/1642/1642 1645/1645/1645 1644/1644/1644
f 1644/1644/1644 1643/1643/1643 1642/1642/1642
f 1568/1568/1568 1571/1571/1571 1633/1633/1633
f 1568/1568/1568 1633/1633/1633 1569/1569/1569
f 1569/1569/1569 1633/1633/1633 1635/1635/1635
f 1569/1569/1569 1635/1635/1635 1570/1570/1570
f 1635/1635/1635 1636/1636/1636 1570/1570/1570
f 1570/1570/1570 1636/1636/1636 1538/1538/1538
f 1637/1637/1637 1538/1538/1538 1636/1636/1636
f 1637/1637/1637 1537/1537/1537 1538/1538/1538
f 1637/1637/1637 1641/1641/1641 1537/1537/1537
f 1641/1641/1641 1541/1541/1541 1537/1537/1537
f 1641/1641/1641 1640/1640/1640 1541/1541/1541
f 1640/1640/1640 1543/1543/1543 1541/1541/1541
f 1640/1640/1640 1639/1639/1639 1543/1543/1543
f 1639/1639/1639 1545/1545/1545 1543/1543/1543
f 1639/1639/1639 1638/1638/1638 1545/1545/1545
f 1638/1638/1638 1547/1547/1547 1545/1545/1545
f 1638/1638/1638 1536/1536/1536 1547/1547/1547
f 1536/1536/1536 1535/1535/1535 1547/1547/1547
f 1634/1634/1634 1635/1635/1635 1633/1633/1633
f 1637/1637/1637 1636/1636/1636 1624/1624/1624
f 1624/1624/1624 1636/1636/1636 1623/1623/1623
f 1635/1635/1635 1623/1623/1623 1636/1636/1636
f 1625/1625/1625 1623/1623/1623 1635/1635/1635
f 1625/1625/1625 1635/1635/1635 1634/1634/1634
f 1627/1627/1627 1625/1625/1625 1634/1634/1634
f 1627/1627/1627 1634/1634/1634 1630/1630/1630
f 1630/1630/1630 1634/1634/1634 1631/1631/1631
f 1634/1634/1634 1633/1633/1633 1631/1631/1631
f 1631/1631/1631 1633/1633/1633 1571/1571/1571
f 1629/1629/1629 1632/1632/1632 1628/1628/1628
f 1599/1599/1599 1600/1600/1600 1573/1573/1573
f 1600/1600/1600 1609/1609/1609 1573/1573/1573
f 1573/1573/1573 1609/1609/1609 1572/1572/1572
f 1620/1620/1620 1572/1572/1572 1609/1609/1609
f 1620/1620/1620 1571/1571/1571 1572/1572/1572
f 1620/1620/1620 1621/1621/1621 1571/1571/1571
f 1631/1631/1631 1571/1571/1571 1621/1621/1621
f 1618/1618/1618 1631/1631/1631 1621/1621/1621
f 1630/1630/1630 1631/1631/1631 1618/1618/1618
f 1619/1619/1619 1630/1630/1630 1618/1618/1618
f 1629/1629/1629 1630/1630/1630 1619/1619/1619
f 1629/1629/1629 1627/1627/1627 1630/1630/1630
f 1629/1629/1629 1628/1628/1628 1627/1627/1627
f 1627/1627/1627 1628/1628/1628 1626/1626/1626
f 1627/1627/1627 1626/1626/1626 1625/1625/1625
f 1625/1625/1625 1626/1626/1626 1622/1622/1622
f 1625/1625/1625 1622/1622/1622 1623/1623/1623
f 1624/1624/1624 1623/1623/1623 1622/1622/1622
f 1618/1618/1618 1621/1621/1621 1616/1616/1616
f 1616/1616/1616 1621/1621/1621 1620/1620/1620
f 1616/1616/1616 1620/1620/1620 1614/1614/1614
f 1614/1614/1614 1620/1620/1620 1610/1610/1610
f 1614/1614/1614 1610/1610/1610 1611/1611/1611
f 1620/1620/1620 1609/1609/1609 1610/1610/1610
f 1619/1619/1619 1618/1618/1618 1617/1617/1617
f 1617/1617/1617 1618/1618/1618 1616/1616/1616
f 1617/1617/1617 1616/1616/1616 1615/1615/1615
f 1615/1615/1615 1616/1616/1616 1614/1614/1614
f 1615/1615/1615 1614/1614/1614 1613/1613/1613
f 1613/1613/1613 1614/1614/1614 1611/1611/1611
f 1613/1613/1613 1611/1611/1611 1612/1612/1612
f 1167/1167/1167 1612/1612/1612 1611/1611/1611
f 1167/1167/1167 1611/1611/1611 1166/1166/1166
f 1166/1166/1166 1611/1611/1611 1610/1610/1610
f 1166/1166/1166 1610/1610/1610 1164/1164/1164
f 1164/1164/1164 1610/1610/1610 1609/1609/1609
f 1164/1164/1164 1609/1609/1609 1160/1160/1160
f 1600/1600/1600 1160/1160/1160 1609/1609/1609
f 1162/1162/1162 1160/1160/1160 1600/1600/1600
f 1601/1601/1601 1162/1162/1162 1600/1600/1600
f 1174/1174/1174 1162/1162/1162 1601/1601/1601
f 1602/1602/1602 1174/1174/1174 1601/1601/1601
f 1176/1176/1176 1174/1174/1174 1602/1602/1602
f 1603/1603/1603 1176/1176/1176 1602/1602/1602
f 1178/1178/1178 1176/1176/1176 1603/1603/1603
f 1604/1604/1604 1178/1178/1178 1603/1603/1603
f 1604/1604/1604 1180/1180/1180 1178/1178/1178
f 1604/1604/1604 1605/1605/1605 1180/1180/1180
f 1216/1216/1216 1180/1180/1180 1605/1605/1605
f 1216/1216/1216 1605/1605/1605 1606/1606/1606
f 1217/1217/1217 1216/1216/1216 1606/1606/1606
f 1217/1217/1217 1606/1606/1606 1607/1607/1607
f 1608/1608/1608 1217/1217/1217 1607/1607/1607
f 1217/1217/1217 1608/1608/1608 1218/1218/1218
f 1608/1608/1608 1242/1242/1242 1218/1218/1218
f 1218/1218/1218 1242/1242/1242 1219/1219/1219
f 1240/1240/1240 1219/1219/1219 1242/1242/1242
f 1220/1220/1220 1219/1219/1219 1240/1240/1240
f 1241/1241/1241 1242/1242/1242 1257/1257/1257
f 1608/1608/1608 1257/1257/1257 1242/1242/1242
f 1255/1255/1255 1257/1257/1257 1608/1608/1608
f 1608/1608/1608 1607/1607/1607 1255/1255/1255
f 1255/1255/1255 1607/1607/1607 1296/1296/1296
f 1607/1607/1607 1606/1606/1606 1296/1296/1296
f 1606/1606/1606 1298/1298/1298 1296/1296/1296
f 1606/1606/1606 1605/1605/1605 1298/1298/1298
f 1595/1595/1595 1298/1298/1298 1605/1605/1605
f 1595/1595/1595 1605/1605/1605 1604/1604/1604
f 1595/1595/1595 1604/1604/1604 1596/1596/1596
f 1604/1604/1604 1603/1603/1603 1596/1596/1596
f 1596/1596/1596 1603/1603/1603 1597/1597/1597
f 1603/1603/1603 1602/1602/1602 1597/1597/1597
f 1597/1597/1597 1602/1602/1602 1598/1598/1598
f 1602/1602/1602 1601/1601/1601 1598/1598/1598
f 1598/1598/1598 1601/1601/1601 1599/1599/1599
f 1601/1601/1601 1600/1600/1600 1599/1599/1599
f 1599/1599/1599 1573/1573/1573 1574/1574/1574
f 1583/1583/1583 1599/1599/1599 1574/1574/1574
f 1598/1598/1598 1599/1599/1599 1583/1583/1583
f 1581/1581/1581 1598/1598/1598 1583/1583/1583
f 1597/1597/1597 1598/1598/1598 1581/1581/1581
f 1594/1594/1594 1597/1597/1597 1581/1581/1581
f 1596/1596/1596 1597/1597/1597 1594/1594/1594
f 1593/1593/1593 1596/1596/1596 1594/1594/1594
f 1595/1595/1595 1596/1596/1596 1593/1593/1593
f 1592/1592/1592 1595/1595/1595 1593/1593/1593
f 1592/1592/1592 1298/1298/1298 1595/1595/1595
f 1592/1592/1592 1297/1297/1297 1298/1298/1298
f 1322/1322/1322 1297/1297/1297 1592/1592/1592
f 1322/1322/1322 1299/1299/1299 1297/1297/1297
f 1314/1314/1314 1299/1299/1299 1322/1322/1322
f 1314/1314/1314 1300/1300/1300 1299/1299/1299
f 1594/1594/1594 1581/1581/1581 1582/1582/1582
f 1585/1585/1585 1594/1594/1594 1582/1582/1582
f 1593/1593/1593 1594/1594/1594 1585/1585/1585
f 1590/1590/1590 1593/1593/1593 1585/1585/1585
f 1592/1592/1592 1593/1593/1593 1590/1590/1590
f 1322/1322/1322 1592/1592/1592 1590/1590/1590
f 1322/1322/1322 1590/1590/1590 1591/1591/1591
f 1312/1312/1312 1322/1322/1322 1591/1591/1591
f 1312/1312/1312 1591/1591/1591 1309/1309/1309
f 1591/1591/1591 1589/1589/1589 1309/1309/1309
f 1308/1308/1308 1309/1309/1309 1589/1589/1589
f 1308/1308/1308 1589/1589/1589 1588/1588/1588
f 1308/1308/1308 1588/1588/1588 1579/1579/1579
f 1588/1588/1588 1587/1587/1587 1579/1579/1579
f 1579/1579/1579 1587/1587/1587 1578/1578/1578
f 1587/1587/1587 1577/1577/1577 1578/1578/1578
f 1587/1587/1587 1586/1586/1586 1577/1577/1577
f 1586/1586/1586 1576/1576/1576 1577/1577/1577
f 1591/1591/1591 1590/1590/1590 1589/1589/1589
f 1590/1590/1590 1585/1585/1585 1589/1589/1589
f 1588/1588/1588 1589/1589/1589 1585/1585/1585
f 1588/1588/1588 1585/1585/1585 1584/1584/1584
f 1588/1588/1588 1584/1584/1584 1587/1587/1587
f 1584/1584/1584 1586/1586/1586 1587/1587/1587
f 1584/1584/1584 1582/1582/1582 1586/1586/1586
f 1582/1582/1582 1580/1580/1580 1586/1586/1586
f 1586/1586/1586 1580/1580/1580 1576/1576/1576
f 1580/1580/1580 1575/1575/1575 1576/1576/1576
f 1585/1585/1585 1582/1582/1582 1584/1584/1584
f 1583/1583/1583 1574/1574/1574 1575/1575/1575
f 1580/1580/1580 1583/1583/1583 1575/1575/1575
f 1581/1581/1581 1583/1583/1583 1580/1580/1580
f 1582/1582/1582 1581/1581/1581 1580/1580/1580
f 1310/1310/1310 1308/1308/1308 1338/1338/1338
f 1308/1308/1308 1579/1579/1579 1338/1338/1338
f 1338/1338/1338 1579/1579/1579 1339/1339/1339
f 1579/1579/1579 1578/1578/1578 1339/1339/1339
f 1339/1339/1339 1578/1578/1578 1340/1340/1340
f 1577/1577/1577 1340/1340/1340 1578/1578/1578
f 1577/1577/1577 1563/1563/1563 1340/1340/1340
f 1576/1576/1576 1563/1563/1563 1577/1577/1577
f 1576/1576/1576 1564/1564/1564 1563/1563/1563
f 1575/1575/1575 1564/1564/1564 1576/1576/1576
f 1575/1575/1575 1565/1565/1565 1564/1564/1564
f 1574/1574/1574 1565/1565/1565 1575/1575/1575
f 1574/1574/1574 1566/1566/1566 1565/1565/1565
f 1573/1573/1573 1566/1566/1566 1574/1574/1574
f 1573/1573/1573 1567/1567/1567 1566/1566/1566
f 1573/1573/1573 1572/1572/1572 1567/1567/1567
f 1568/1568/1568 1567/1567/1567 1572/1572/1572
f 1568/1568/1568 1572/1572/1572 1571/1571/1571
f 1570/1570/1570 1538/1538/1538 1539/1539/1539
f 1558/1558/1558 1570/1570/1570 1539/1539/1539
f 1558/1558/1558 1569/1569/1569 1570/1570/1570
f 1557/1557/1557 1569/1569/1569 1558/1558/1558
f 1557/1557/1557 1568/1568/1568 1569/1569/1569
f 1557/1557/1557 1567/1567/1567 1568/1568/1568
f 1557/1557/1557 1566/1566/1566 1567/1567/1567
f 1555/1555/1555 1566/1566/1566 1557/1557/1557
f 1555/1555/1555 1565/1565/1565 1566/1566/1566
f 1553/1553/1553 1565/1565/1565 1555/1555/1555
f 1553/1553/1553 1564/1564/1564 1565/1565/1565
f 1551/1551/1551 1564/1564/1564 1553/1553/1553
f 1551/1551/1551 1563/1563/1563 1564/1564/1564
f 1563/1563/1563 1551/1551/1551 1562/1562/1562
f 1563/1563/1563 1562/1562/1562 1340/1340/1340
f 1561/1561/1561 1340/1340/1340 1562/1562/1562
f 1561/1561/1561 1336/1336/1336 1340/1340/1340
f 1335/1335/1335 1336/1336/1336 1561/1561/1561
f 1551/1551/1551 1552/1552/1552 1559/1559/1559
f 1551/1551/1551 1559/1559/1559 1562/1562/1562
f 1562/1562/1562 1559/1559/1559 1560/1560/1560
f 1562/1562/1562 1560/1560/1560 1561/1561/1561
f 1561/1561/1561 1550/1550/1550 1335/1335/1335
f 1561/1561/1561 1560/1560/1560 1550/1550/1550
f 1549/1549/1549 1550/1550/1550 1560/1560/1560
f 1549/1549/1549 1560/1560/1560 1548/1548/1548
f 1548/1548/1548 1560/1560/1560 1559/1559/1559
f 1548/1548/1548 1559/1559/1559 1546/1546/1546
f 1552/1552/1552 1546/1546/1546 1559/1559/1559
f 1552/1552/1552 1544/1544/1544 1546/1546/1546
f 1544/1544/1544 1552/1552/1552 1554/1554/1554
f 1544/1544/1544 1554/1554/1554 1542/1542/1542
f 1542/1542/1542 1554/1554/1554 1556/1556/1556
f 1542/1542/1542 1556/1556/1556 1540/1540/1540
f 1556/1556/1556 1539/1539/1539 1540/1540/1540
f 1556/1556/1556 1558/1558/1558 1539/1539/1539
f 1557/1557/1557 1558/1558/1558 1556/1556/1556
f 1557/1557/1557 1556/1556/1556 1555/1555/1555
f 1555/1555/1555 1556/1556/1556 1554/1554/1554
f 1555/1555/1555 1554/1554/1554 1553/1553/1553
f 1553/1553/1553 1554/1554/1554 1552/1552/1552
f 1553/1553/1553 1552/1552/1552 1551/1551/1551
f 1335/1335/1335 1531/1531/1531 1333/1333/1333
f 1335/1335/1335 1550/1550/1550 1531/1531/1531
f 1532/1532/1532 1531/1531/1531 1550/1550/1550
f 1532/1532/1532 1550/1550/1550 1549/1549/1549
f 1549/1549/1549 1533/1533/1533 1532/1532/1532
f 1549/1549/1549 1535/1535/1535 1533/1533/1533
f 1548/1548/1548 1535/1535/1535 1549/1549/1549
f 1548/1548/1548 1547/1547/1547 1535/1535/1535
f 1546/1546/1546 1547/1547/1547 1548/1548/1548
f 1546/1546/1546 1545/1545/1545 1547/1547/1547
f 1544/1544/1544 1545/1545/1545 1546/1546/1546
f 1544/1544/1544 1543/1543/1543 1545/1545/1545
f 1542/1542/1542 1543/1543/1543 1544/1544/1544
f 1542/1542/1542 1541/1541/1541 1543/1543/1543
f 1540/1540/1540 1541/1541/1541 1542/1542/1542
f 1540/1540/1540 1537/1537/1537 1541/1541/1541
f 1539/1539/1539 1537/1537/1537 1540/1540/1540
f 1539/1539/1539 1538/1538/1538 1537/1537/1537
f 1536/1536/1536 1534/1534/1534 1535/1535/1535
f 1534/1534/1534 1533/1533/1533 1535/1535/1535
f 1534/1534/1534 1524/1524/1524 1533/1533/1533
f 1524/1524/1524 1523/1523/1523 1533/1533/1533
f 1532/1532/1532 1533/1533/1533 1523/1523/1523
f 1532/1532/1532 1523/1523/1523 1525/1525/1525
f 1525/1525/1525 1531/1531/1531 1532/1532/1532
f 1525/1525/1525 1526/1526/1526 1531/1531/1531
f 1333/1333/1333 1531/1531/1531 1526/1526/1526
f 1333/1333/1333 1526/1526/1526 1527/1527/1527
f 1331/1331/1331 1333/1333/1333 1527/1527/1527
f 1528/1528/1528 1331/1331/1331 1527/1527/1527
f 1330/1330/1330 1331/1331/1331 1528/1528/1528
f 1330/1330/1330 1528/1528/1528 1529/1529/1529
f 1529/1529/1529 1328/1328/1328 1330/1330/1330
f 1529/1529/1529 1530/1530/1530 1328/1328/1328
f 1345/1345/1345 1328/1328/1328 1530/1530/1530
f 1356/1356/1356 1345/1345/1345 1530/1530/1530
f 1356/1356/1356 1530/1530/1530 1514/1514/1514
f 1516/1516/1516 1514/1514/1514 1530/1530/1530
f 1516/1516/1516 1530/1530/1530 1529/1529/1529
f 1529/1529/1529 1517/1517/1517 1516/1516/1516
f 1529/1529/1529 1528/1528/1528 1517/1517/1517
f 1517/1517/1517 1528/1528/1528 1518/1518/1518
f 1528/1528/1528 1527/1527/1527 1518/1518/1518
f 1527/1527/1527 1519/1519/1519 1518/1518/1518
f 1527/1527/1527 1526/1526/1526 1519/1519/1519
f 1520/1520/1520 1519/1519/1519 1526/1526/1526
f 1520/1520/1520 1526/1526/1526 1525/1525/1525
f 1525/1525/1525 1521/1521/1521 1520/1520/1520
f 1525/1525/1525 1523/1523/1523 1521/1521/1521
f 1524/1524/1524 1522/1522/1522 1523/1523/1523
f 1522/1522/1522 1521/1521/1521 1523/1523/1523
f 1522/1522/1522 1502/1502/1502 1521/1521/1521
f 1502/1502/1502 1500/1500/1500 1521/1521/1521
f 1520/1520/1520 1521/1521/1521 1500/1500/1500
f 1520/1520/1520 1500/1500/1500 1505/1505/1505
f 1505/1505/1505 1519/1519/1519 1520/1520/1520
f 1505/1505/1505 1507/1507/1507 1519/1519/1519
f 1518/1518/1518 1519/1519/1519 1507/1507/1507
f 1518/1518/1518 1507/1507/1507 1509/1509/1509
f 1517/1517/1517 1518/1518/1518 1509/1509/1509
f 1509/1509/1509 1511/1511/1511 1517/1517/1517
f 1516/1516/1516 1517/1517/1517 1511/1511/1511
f 1516/1516/1516 1511/1511/1511 1515/1515/1515
f 1514/1514/1514 1516/1516/1516 1515/1515/1515
f 1514/1514/1514 1515/1515/1515 1513/1513/1513
f 1356/1356/1356 1514/1514/1514 1513/1513/1513
f 1356/1356/1356 1513/1513/1513 1512/1512/1512
f 1356/1356/1356 1512/1512/1512 1355/1355/1355
f 1509/1509/1509 1510/1510/1510 1511/1511/1511
f 1509/1509/1509 1508/1508/1508 1510/1510/1510
f 1509/1509/1509 1507/1507/1507 1508/1508/1508
f 1507/1507/1507 1506/1506/1506 1508/1508/1508
f 1507/1507/1507 1505/1505/1505 1506/1506/1506
f 1505/1505/1505 1504/1504/1504 1506/1506/1506
f 1505/1505/1505 1500/1500/1500 1504/1504/1504
f 1500/1500/1500 1503/1503/1503 1504/1504/1504
f 1500/1500/1500 1501/1501/1501 1503/1503/1503
f 1502/1502/1502 1501/1501/1501 1500/1500/1500
f 1475/1475/1475 1476/1476/1476 1499/1499/1499
f 1499/1499/1499 1476/1476/1476 1498/1498/1498
f 1498/1498/1498 1476/1476/1476 1497/1497/1497
f 1497/1497/1497 1476/1476/1476 1496/1496/1496
f 1496/1496/1496 1476/1476/1476 1495/1495/1495
f 1495/1495/1495 1476/1476/1476 1494/1494/1494
f 1494/1494/1494 1476/1476/1476 1493/1493/1493
f 1493/1493/1493 1476/1476/1476 1492/1492/1492
f 1492/1492/1492 1476/1476/1476 1491/1491/1491
f 1491/1491/1491 1476/1476/1476 1490/1490/1490
f 1490/1490/1490 1476/1476/1476 1489/1489/1489
f 1489/1489/1489 1476/1476/1476 1488/1488/1488
f 1488/1488/1488 1476/1476/1476 1487/1487/1487
f 1487/1487/1487 1476/1476/1476 1486/1486/1486
f 1486/1486/1486 1476/1476/1476 1485/1485/1485
f 1485/1485/1485 1476/1476/1476 1484/1484/1484
f 1484/1484/1484 1476/1476/1476 1483/1483/1483
f 1483/1483/1483 1476/1476/1476 1482/1482/1482
f 1482/1482/1482 1476/1476/1476 1481/1481/1481
f 1481/1481/1481 1476/1476/1476 1480/1480/1480
f 1480/1480/1480 1476/1476/1476 1479/1479/1479
f 1479/1479/1479 1476/1476/1476 1478/1478/1478
f 1478/1478/1478 1476/1476/1476 1477/1477/1477
f 1477/1477/1477 1476/1476/1476 1475/1475/1475
f 1471/1471/1471 1472/1472/1472 1474/1474/1474
f 1471/1471/1471 1474/1474/1474 1473/1473/1473
f 1471/1471/1471 1473/1473/1473 1470/1470/1470
f 1470/1470/1470 1473/1473/1473 1469/1469/1469
f 1230/1230/1230 1472/1472/1472 1204/1204/1204
f 1471/1471/1471 1204/1204/1204 1472/1472/1472
f 1202/1202/1202 1204/1204/1204 1471/1471/1471
f 1471/1471/1471 1200/1200/1200 1202/1202/1202
f 1198/1198/1198 1200/1200/1200 1471/1471/1471
f 1198/1198/1198 1471/1471/1471 1470/1470/1470
f 1470/1470/1470 1196/1196/1196 1198/1198/1198
f 1470/1470/1470 1190/1190/1190 1196/1196/1196
f 1190/1190/1190 1470/1470/1470 1189/1189/1189
f 1470/1470/1470 1469/1469/1469 1189/1189/1189
f 1469/1469/1469 1188/1188/1188 1189/1189/1189
f 1469/1469/1469 1468/1468/1468 1188/1188/1188
f 1468/1468/1468 1187/1187/1187 1188/1188/1188
f 1468/1468/1468 1467/1467/1467 1187/1187/1187
f 1467/1467/1467 1170/1170/1170 1187/1187/1187
f 1467/1467/1467 1169/1169/1169 1170/1170/1170
f 1452/1452/1452 1466/1466/1466 1450/1450/1450
f 1466/1466/1466 1431/1431/1431 1450/1450/1450
f 1466/1466/1466 1465/1465/1465 1431/1431/1431
f 1465/1465/1465 1464/1464/1464 1431/1431/1431
f 1465/1465/1465 1463/1463/1463 1464/1464/1464
f 1463/1463/1463 1462/1462/1462 1464/1464/1464
f 1463/1463/1463 1459/1459/1459 1462/1462/1462
f 1459/1459/1459 1427/1427/1427 1462/1462/1462
f 1461/1461/1461 1448/1448/1448 1460/1460/1460
f 1447/1447/1447 1460/1460/1460 1449/1449/1449
f 1459/1459/1459 1458/1458/1458 1427/1427/1427
f 1458/1458/1458 1457/1457/1457 1427/1427/1427
f 1458/1458/1458 1456/1456/1456 1457/1457/1457
f 1456/1456/1456 1441/1441/1441 1457/1457/1457
f 1456/1456/1456 1455/1455/1455 1441/1441/1441
f 1455/1455/1455 1439/1439/1439 1441/1441/1441
f 1455/1455/1455 1454/1454/1454 1439/1439/1439
f 1454/1454/1454 1445/1445/1445 1439/1439/1439
f 1454/1454/1454 1453/1453/1453 1445/1445/1445
f 1453/1453/1453 1451/1451/1451 1445/1445/1445
f 1453/1453/1453 1452/1452/1452 1451/1451/1451
f 1452/1452/1452 1450/1450/1450 1451/1451/1451
f 1449/1449/1449 1451/1451/1451 1450/1450/1450
f 1449/1449/1449 1450/1450/1450 1440/1440/1440
f 1434/1434/1434 1449/1449/1449 1440/1440/1440
f 1434/1434/1434 1447/1447/1447 1449/1449/1449
f 1434/1434/1434 1438/1438/1438 1447/1447/1447
f 1438/1438/1438 1448/1448/1448 1447/1447/1447
f 1438/1438/1438 1446/1446/1446 1445/1445/1445
f 1443/1443/1443 1444/1444/1444 1428/1428/1428
f 1443/1443/1443 1442/1442/1442 1444/1444/1444
f 1433/1433/1433 1442/1442/1442 1443/1443/1443
f 1433/1433/1433 1430/1430/1430 1442/1442/1442
f 1437/1437/1437 1441/1441/1441 1439/1439/1439
f 1432/1432/1432 1434/1434/1434 1440/1440/1440
f 1437/1437/1437 1439/1439/1439 1438/1438/1438
f 1434/1434/1434 1437/1437/1437 1438/1438/1438
f 1434/1434/1434 1436/1436/1436 1437/1437/1437
f 1434/1434/1434 1428/1428/1428 1436/1436/1436
f 1434/1434/1434 1435/1435/1435 1428/1428/1428
f 1434/1434/1434 1433/1433/1433 1435/1435/1435
f 1434/1434/1434 1432/1432/1432 1433/1433/1433
f 1432/1432/1432 1430/1430/1430 1433/1433/1433
f 1432/1432/1432 1431/1431/1431 1430/1430/1430
f 1429/1429/1429 1426/1426/1426 1424/1424/1424
f 1428/1428/1428 1426/1426/1426 1429/1429/1429
f 1428/1428/1428 1427/1427/1427 1426/1426/1426
f 1425/1425/1425 1424/1424/1424 1423/1423/1423
f 1403/1403/1403 1392/1392/1392 1390/1390/1390
f 1403/1403/1403 1390/1390/1390 1422/1422/1422
f 1405/1405/1405 1403/1403/1403 1422/1422/1422
f 1405/1405/1405 1422/1422/1422 1421/1421/1421
f 1407/1407/1407 1405/1405/1405 1421/1421/1421
f 1407/1407/1407 1421/1421/1421 1420/1420/1420
f 1409/1409/1409 1407/1407/1407 1420/1420/1420
f 1409/1409/1409 1420/1420/1420 1419/1419/1419
f 1418/1418/1418 1409/1409/1409 1419/1419/1419
f 1418/1418/1418 1410/1410/1410 1409/1409/1409
f 1417/1417/1417 1410/1410/1410 1418/1418/1418
f 1417/1417/1417 1412/1412/1412 1410/1410/1410
f 1416/1416/1416 1412/1412/1412 1417/1417/1417
f 1416/1416/1416 1415/1415/1415 1412/1412/1412
f 1413/1413/1413 1412/1412/1412 1415/1415/1415
f 1413/1413/1413 1415/1415/1415 1414/1414/1414
f 1250/1250/1250 1413/1413/1413 1414/1414/1414
f 1250/1250/1250 1414/1414/1414 1251/1251/1251
f 1267/1267/1267 1286/1286/1286 1400/1400/1400
f 1265/1265/1265 1267/1267/1267 1400/1400/1400
f 1265/1265/1265 1400/1400/1400 1401/1401/1401
f 1263/1263/1263 1265/1265/1265 1401/1401/1401
f 1263/1263/1263 1401/1401/1401 1402/1402/1402
f 1252/1252/1252 1263/1263/1263 1402/1402/1402
f 1252/1252/1252 1402/1402/1402 1404/1404/1404
f 1247/1247/1247 1252/1252/1252 1404/1404/1404
f 1247/1247/1247 1404/1404/1404 1406/1406/1406
f 1248/1248/1248 1247/1247/1247 1406/1406/1406
f 1248/1248/1248 1406/1406/1406 1408/1408/1408
f 1248/1248/1248 1408/1408/1408 1411/1411/1411
f 1248/1248/1248 1411/1411/1411 1249/1249/1249
f 1249/1249/1249 1411/1411/1411 1413/1413/1413
f 1411/1411/1411 1412/1412/1412 1413/1413/1413
f 1411/1411/1411 1410/1410/1410 1412/1412/1412
f 1408/1408/1408 1410/1410/1410 1411/1411/1411
f 1408/1408/1408 1409/1409/1409 1410/1410/1410
f 1408/1408/1408 1407/1407/1407 1409/1409/1409
f 1408/1408/1408 1406/1406/1406 1407/1407/1407
f 1406/1406/1406 1405/1405/1405 1407/1407/1407
f 1406/1406/1406 1404/1404/1404 1405/1405/1405
f 1404/1404/1404 1403/1403/1403 1405/1405/1405
f 1404/1404/1404 1402/1402/1402 1403/1403/1403
f 1402/1402/1402 1392/1392/1392 1403/1403/1403
f 1402/1402/1402 1401/1401/1401 1392/1392/1392
f 1401/1401/1401 1393/1393/1393 1392/1392/1392
f 1401/1401/1401 1400/1400/1400 1393/1393/1393
f 1400/1400/1400 1395/1395/1395 1393/1393/1393
f 1400/1400/1400 1286/1286/1286 1395/1395/1395
f 1286/1286/1286 1397/1397/1397 1395/1395/1395
f 1286/1286/1286 1287/1287/1287 1397/1397/1397
f 1287/1287/1287 1398/1398/1398 1397/1397/1397
f 1287/1287/1287 1399/1399/1399 1398/1398/1398
f 1288/1288/1288 1399/1399/1399 1287/1287/1287
f 1288/1288/1288 1307/1307/1307 1399/1399/1399
f 1347/1347/1347 1305/1305/1305 1304/1304/1304
f 1347/1347/1347 1374/1374/1374 1305/1305/1305
f 1305/1305/1305 1374/1374/1374 1306/1306/1306
f 1374/1374/1374 1378/1378/1378 1306/1306/1306
f 1306/1306/1306 1378/1378/1378 1307/1307/1307
f 1307/1307/1307 1378/1378/1378 1379/1379/1379
f 1307/1307/1307 1379/1379/1379 1399/1399/1399
f 1399/1399/1399 1379/1379/1379 1380/1380/1380
f 1399/1399/1399 1380/1380/1380 1398/1398/1398
f 1382/1382/1382 1398/1398/1398 1380/1380/1380
f 1397/1397/1397 1398/1398/1398 1382/1382/1382
f 1397/1397/1397 1382/1382/1382 1396/1396/1396
f 1395/1395/1395 1397/1397/1397 1396/1396/1396
f 1395/1395/1395 1396/1396/1396 1394/1394/1394
f 1393/1393/1393 1395/1395/1395 1394/1394/1394
f 1393/1393/1393 1394/1394/1394 1391/1391/1391
f 1392/1392/1392 1393/1393/1393 1391/1391/1391
f 1392/1392/1392 1391/1391/1391 1390/1390/1390
f 1386/1386/1386 1384/1384/1384 1385/1385/1385
f 1386/1386/1386 1383/1383/1383 1384/1384/1384
f 1376/1376/1376 1358/1358/1358 1389/1389/1389
f 1376/1376/1376 1389/1389/1389 1388/1388/1388
f 1376/1376/1376 1388/1388/1388 1375/1375/1375
f 1388/1388/1388 1377/1377/1377 1375/1375/1375
f 1388/1388/1388 1387/1387/1387 1377/1377/1377
f 1386/1386/1386 1377/1377/1377 1387/1387/1387
f 1386/1386/1386 1385/1385/1385 1377/1377/1377
f 1373/1373/1373 1377/1377/1377 1385/1385/1385
f 1373/1373/1373 1385/1385/1385 1371/1371/1371
f 1385/1385/1385 1369/1369/1369 1371/1371/1371
f 1385/1385/1385 1384/1384/1384 1369/1369/1369
f 1366/1366/1366 1369/1369/1369 1384/1384/1384
f 1366/1366/1366 1384/1384/1384 1364/1364/1364
f 1383/1383/1383 1364/1364/1364 1384/1384/1384
f 1383/1383/1383 1362/1362/1362 1364/1364/1364
f 1382/1382/1382 1380/1380/1380 1381/1381/1381
f 1381/1381/1381 1368/1368/1368 1367/1367/1367
f 1381/1381/1381 1380/1380/1380 1368/1368/1368
f 1380/1380/1380 1370/1370/1370 1368/1368/1368
f 1380/1380/1380 1379/1379/1379 1370/1370/1370
f 1378/1378/1378 1370/1370/1370 1379/1379/1379
f 1378/1378/1378 1372/1372/1372 1370/1370/1370
f 1374/1374/1374 1372/1372/1372 1378/1378/1378
f 1375/1375/1375 1377/1377/1377 1373/1373/1373
f 1376/1376/1376 1357/1357/1357 1358/1358/1358
f 1346/1346/1346 1357/1357/1357 1376/1376/1376
f 1375/1375/1375 1346/1346/1346 1376/1376/1376
f 1375/1375/1375 1347/1347/1347 1346/1346/1346
f 1375/1375/1375 1373/1373/1373 1347/1347/1347
f 1347/1347/1347 1373/1373/1373 1374/1374/1374
f 1373/1373/1373 1372/1372/1372 1374/1374/1374
f 1373/1373/1373 1371/1371/1371 1372/1372/1372
f 1371/1371/1371 1370/1370/1370 1372/1372/1372
f 1371/1371/1371 1369/1369/1369 1370/1370/1370
f 1368/1368/1368 1370/1370/1370 1369/1369/1369
f 1368/1368/1368 1369/1369/1369 1366/1366/1366
f 1367/1367/1367 1368/1368/1368 1366/1366/1366
f 1367/1367/1367 1366/1366/1366 1365/1365/1365
f 1365/1365/1365 1366/1366/1366 1364/1364/1364
f 1365/1365/1365 1364/1364/1364 1363/1363/1363
f 1363/1363/1363 1364/1364/1364 1362/1362/1362
f 1363/1363/1363 1362/1362/1362 1361/1361/1361
f 1360/1360/1360 1351/1351/1351 1352/1352/1352
f 1360/1360/1360 1350/1350/1350 1351/1351/1351
f 1359/1359/1359 1350/1350/1350 1360/1360/1360
f 1359/1359/1359 1349/1349/1349 1350/1350/1350
f 1359/1359/1359 1357/1357/1357 1349/1349/1349
f 1359/1359/1359 1358/1358/1358 1357/1357/1357
f 1346/1346/1346 1348/1348/1348 1357/1357/1357
f 1348/1348/1348 1349/1349/1349 1357/1357/1357
f 1344/1344/1344 1345/1345/1345 1356/1356/1356
f 1356/1356/1356 1355/1355/1355 1344/1344/1344
f 1343/1343/1343 1344/1344/1344 1355/1355/1355
f 1343/1343/1343 1355/1355/1355 1354/1354/1354
f 1342/1342/1342 1343/1343/1343 1354/1354/1354
f 1342/1342/1342 1354/1354/1354 1353/1353/1353
f 1352/1352/1352 1342/1342/1342 1353/1353/1353
f 1352/1352/1352 1351/1351/1351 1342/1342/1342
f 1342/1342/1342 1351/1351/1351 1321/1321/1321
f 1321/1321/1321 1351/1351/1351 1350/1350/1350
f 1321/1321/1321 1350/1350/1350 1320/1320/1320
f 1320/1320/1320 1350/1350/1350 1349/1349/1349
f 1320/1320/1320 1349/1349/1349 1319/1319/1319
f 1348/1348/1348 1319/1319/1319 1349/1349/1349
f 1303/1303/1303 1319/1319/1319 1348/1348/1348
f 1303/1303/1303 1348/1348/1348 1346/1346/1346
f 1303/1303/1303 1346/1346/1346 1304/1304/1304
f 1347/1347/1347 1304/1304/1304 1346/1346/1346
f 1345/1345/1345 1326/1326/1326 1328/1328/1328
f 1341/1341/1341 1326/1326/1326 1345/1345/1345
f 1344/1344/1344 1341/1341/1341 1345/1345/1345
f 1324/1324/1324 1341/1341/1341 1344/1344/1344
f 1324/1324/1324 1344/1344/1344 1343/1343/1343
f 1343/1343/1343 1323/1323/1323 1324/1324/1324
f 1343/1343/1343 1342/1342/1342 1323/1323/1323
f 1342/1342/1342 1321/1321/1321 1323/1323/1323
f 1324/1324/1324 1325/1325/1325 1341/1341/1341
f 1341/1341/1341 1325/1325/1325 1326/1326/1326
f 1339/1339/1339 1340/1340/1340 1336/1336/1336
f 1338/1338/1338 1339/1339/1339 1337/1337/1337
f 1337/1337/1337 1339/1339/1339 1336/1336/1336
f 1337/1337/1337 1336/1336/1336 1334/1334/1334
f 1310/1310/1310 1338/1338/1338 1327/1327/1327
f 1327/1327/1327 1338/1338/1338 1337/1337/1337
f 1327/1327/1327 1337/1337/1337 1329/1329/1329
f 1329/1329/1329 1337/1337/1337 1334/1334/1334
f 1329/1329/1329 1334/1334/1334 1332/1332/1332
f 1335/1335/1335 1334/1334/1334 1336/1336/1336
f 1333/1333/1333 1334/1334/1334 1335/1335/1335
f 1333/1333/1333 1332/1332/1332 1334/1334/1334
f 1331/1331/1331 1332/1332/1332 1333/1333/1333
f 1329/1329/1329 1332/1332/1332 1331/1331/1331
f 1329/1329/1329 1331/1331/1331 1330/1330/1330
f 1328/1328/1328 1329/1329/1329 1330/1330/1330
f 1328/1328/1328 1327/1327/1327 1329/1329/1329
f 1326/1326/1326 1327/1327/1327 1328/1328/1328
f 1326/1326/1326 1310/1310/1310 1327/1327/1327
f 1325/1325/1325 1310/1310/1310 1326/1326/1326
f 1325/1325/1325 1311/1311/1311 1310/1310/1310
f 1313/1313/1313 1311/1311/1311 1325/1325/1325
f 1324/1324/1324 1313/1313/1313 1325/1325/1325
f 1324/1324/1324 1315/1315/1315 1313/1313/1313
f 1324/1324/1324 1323/1323/1323 1315/1315/1315
f 1323/1323/1323 1316/1316/1316 1315/1315/1315
f 1323/1323/1323 1321/1321/1321 1316/1316/1316
f 1312/1312/1312 1314/1314/1314 1322/1322/1322
f 1317/1317/1317 1316/1316/1316 1321/1321/1321
f 1317/1317/1317 1321/1321/1321 1320/1320/1320
f 1318/1318/1318 1317/1317/1317 1320/1320/1320
f 1318/1318/1318 1320/1320/1320 1319/1319/1319
f 1303/1303/1303 1318/1318/1318 1319/1319/1319
f 1302/1302/1302 1318/1318/1318 1303/1303/1303
f 1302/1302/1302 1317/1317/1317 1318/1318/1318
f 1302/1302/1302 1301/1301/1301 1317/1317/1317
f 1301/1301/1301 1316/1316/1316 1317/1317/1317
f 1301/1301/1301 1300/1300/1300 1316/1316/1316
f 1315/1315/1315 1316/1316/1316 1300/1300/1300
f 1315/1315/1315 1300/1300/1300 1314/1314/1314
f 1313/1313/1313 1315/1315/1315 1314/1314/1314
f 1313/1313/1313 1314/1314/1314 1312/1312/1312
f 1313/1313/1313 1312/1312/1312 1311/1311/1311
f 1312/1312/1312 1309/1309/1309 1311/1311/1311
f 1310/1310/1310 1311/1311/1311 1309/1309/1309
f 1310/1310/1310 1309/1309/1309 1308/1308/1308
f 1289/1289/1289 1307/1307/1307 1288/1288/1288
f 1306/1306/1306 1307/1307/1307 1289/1289/1289
f 1290/1290/1290 1306/1306/1306 1289/1289/1289
f 1305/1305/1305 1306/1306/1306 1290/1290/1290
f 1305/1305/1305 1290/1290/1290 1291/1291/1291
f 1305/1305/1305 1291/1291/1291 1304/1304/1304
f 1292/1292/1292 1304/1304/1304 1291/1291/1291
f 1292/1292/1292 1303/1303/1303 1304/1304/1304
f 1302/1302/1302 1303/1303/1303 1292/1292/1292
f 1293/1293/1293 1302/1302/1302 1292/1292/1292
f 1293/1293/1293 1301/1301/1301 1302/1302/1302
f 1293/1293/1293 1294/1294/1294 1301/1301/1301
f 1294/1294/1294 1300/1300/1300 1301/1301/1301
f 1294/1294/1294 1299/1299/1299 1300/1300/1300
f 1295/1295/1295 1299/1299/1299 1294/1294/1294
f 1295/1295/1295 1297/1297/1297 1299/1299/1299
f 1296/1296/1296 1297/1297/1297 1295/1295/1295
f 1296/1296/1296 1298/1298/1298 1297/1297/1297
f 1255/1255/1255 1296/1296/1296 1254/1254/1254
f 1254/1254/1254 1296/1296/1296 1295/1295/1295
f 1254/1254/1254 1295/1295/1295 1285/1285/1285
f 1285/1285/1285 1295/1295/1295 1294/1294/1294
f 1285/1285/1285 1294/1294/1294 1293/1293/1293
f 1285/1285/1285 1293/1293/1293 1284/1284/1284
f 1293/1293/1293 1292/1292/1292 1284/1284/1284
f 1284/1284/1284 1292/1292/1292 1291/1291/1291
f 1284/1284/1284 1291/1291/1291 1283/1283/1283
f 1290/1290/1290 1283/1283/1283 1291/1291/1291
f 1290/1290/1290 1282/1282/1282 1283/1283/1283
f 1290/1290/1290 1289/1289/1289 1282/1282/1282
f 1282/1282/1282 1289/1289/1289 1281/1281/1281
f 1289/1289/1289 1288/1288/1288 1281/1281/1281
f 1281/1281/1281 1288/1288/1288 1280/1280/1280
f 1280/1280/1280 1288/1288/1288 1287/1287/1287
f 1280/1280/1280 1287/1287/1287 1286/1286/1286
f 1267/1267/1267 1280/1280/1280 1286/1286/1286
f 1259/1259/1259 1278/1278/1278 1268/1268/1268
f 1258/1258/1258 1278/1278/1278 1259/1259/1259
f 1258/1258/1258 1279/1279/1279 1278/1278/1278
f 1256/1256/1256 1279/1279/1279 1258/1258/1258
f 1279/1279/1279 1256/1256/1256 1254/1254/1254
f 1279/1279/1279 1254/1254/1254 1276/1276/1276
f 1276/1276/1276 1254/1254/1254 1285/1285/1285
f 1276/1276/1276 1285/1285/1285 1277/1277/1277
f 1285/1285/1285 1284/1284/1284 1277/1277/1277
f 1277/1277/1277 1284/1284/1284 1283/1283/1283
f 1277/1277/1277 1283/1283/1283 1275/1275/1275
f 1282/1282/1282 1275/1275/1275 1283/1283/1283
f 1282/1282/1282 1273/1273/1273 1275/1275/1275
f 1282/1282/1282 1281/1281/1281 1273/1273/1273
f 1273/1273/1273 1281/1281/1281 1272/1272/1272
f 1281/1281/1281 1280/1280/1280 1272/1272/1272
f 1272/1272/1272 1280/1280/1280 1267/1267/1267
f 1272/1272/1272 1267/1267/1267 1266/1266/1266
f 1278/1278/1278 1279/1279/1279 1276/1276/1276
f 1278/1278/1278 1276/1276/1276 1274/1274/1274
f 1278/1278/1278 1274/1274/1274 1268/1268/1268
f 1271/1271/1271 1268/1268/1268 1274/1274/1274
f 1271/1271/1271 1270/1270/1270 1268/1268/1268
f 1269/1269/1269 1268/1268/1268 1270/1270/1270
f 1276/1276/1276 1277/1277/1277 1275/1275/1275
f 1276/1276/1276 1275/1275/1275 1274/1274/1274
f 1273/1273/1273 1274/1274/1274 1275/1275/1275
f 1273/1273/1273 1271/1271/1271 1274/1274/1274
f 1273/1273/1273 1272/1272/1272 1271/1271/1271
f 1271/1271/1271 1272/1272/1272 1266/1266/1266
f 1271/1271/1271 1266/1266/1266 1270/1270/1270
f 1270/1270/1270 1266/1266/1266 1264/1264/1264
f 1270/1270/1270 1264/1264/1264 1269/1269/1269
f 1269/1269/1269 1264/1264/1264 1262/1262/1262
f 1269/1269/1269 1262/1262/1262 1261/1261/1261
f 1261/1261/1261 1260/1260/1260 1269/1269/1269
f 1269/1269/1269 1260/1260/1260 1268/1268/1268
f 1259/1259/1259 1268/1268/1268 1260/1260/1260
f 1266/1266/1266 1267/1267/1267 1265/1265/1265
f 1266/1266/1266 1265/1265/1265 1264/1264/1264
f 1264/1264/1264 1265/1265/1265 1263/1263/1263
f 1264/1264/1264 1263/1263/1263 1262/1262/1262
f 1262/1262/1262 1263/1263/1263 1252/1252/1252
f 1262/1262/1262 1252/1252/1252 1246/1246/1246
f 1261/1261/1261 1262/1262/1262 1246/1246/1246
f 1261/1261/1261 1246/1246/1246 1245/1245/1245
f 1245/1245/1245 1244/1244/1244 1261/1261/1261
f 1261/1261/1261 1244/1244/1244 1260/1260/1260
f 1243/1243/1243 1260/1260/1260 1244/1244/1244
f 1243/1243/1243 1259/1259/1259 1260/1260/1260
f 1241/1241/1241 1259/1259/1259 1243/1243/1243
f 1241/1241/1241 1258/1258/1258 1259/1259/1259
f 1241/1241/1241 1257/1257/1257 1258/1258/1258
f 1256/1256/1256 1258/1258/1258 1257/1257/1257
f 1255/1255/1255 1256/1256/1256 1257/1257/1257
f 1256/1256/1256 1255/1255/1255 1254/1254/1254
f 1249/1249/1249 1253/1253/1253 1250/1250/1250
f 1246/1246/1246 1252/1252/1252 1247/1247/1247
f 1250/1250/1250 1251/1251/1251 1232/1232/1232
f 1250/1250/1250 1232/1232/1232 1233/1233/1233
f 1249/1249/1249 1250/1250/1250 1233/1233/1233
f 1249/1249/1249 1233/1233/1233 1234/1234/1234
f 1248/1248/1248 1249/1249/1249 1234/1234/1234
f 1248/1248/1248 1234/1234/1234 1235/1235/1235
f 1235/1235/1235 1247/1247/1247 1248/1248/1248
f 1235/1235/1235 1236/1236/1236 1247/1247/1247
f 1246/1246/1246 1247/1247/1247 1236/1236/1236
f 1237/1237/1237 1246/1246/1246 1236/1236/1236
f 1237/1237/1237 1245/1245/1245 1246/1246/1246
f 1237/1237/1237 1238/1238/1238 1245/1245/1245
f 1245/1245/1245 1238/1238/1238 1244/1244/1244
f 1244/1244/1244 1238/1238/1238 1239/1239/1239
f 1244/1244/1244 1239/1239/1239 1243/1243/1243
f 1240/1240/1240 1243/1243/1243 1239/1239/1239
f 1240/1240/1240 1241/1241/1241 1243/1243/1243
f 1240/1240/1240 1242/1242/1242 1241/1241/1241
f 1220/1220/1220 1240/1240/1240 1239/1239/1239
f 1220/1220/1220 1239/1239/1239 1229/1229/1229
f 1229/1229/1229 1239/1239/1239 1238/1238/1238
f 1229/1229/1229 1238/1238/1238 1228/1228/1228
f 1237/1237/1237 1228/1228/1228 1238/1238/1238
f 1227/1227/1227 1228/1228/1228 1237/1237/1237
f 1227/1227/1227 1237/1237/1237 1236/1236/1236
f 1227/1227/1227 1236/1236/1236 1235/1235/1235
f 1235/1235/1235 1225/1225/1225 1227/1227/1227
f 1235/1235/1235 1234/1234/1234 1225/1225/1225
f 1234/1234/1234 1224/1224/1224 1225/1225/1225
f 1234/1234/1234 1233/1233/1233 1224/1224/1224
f 1224/1224/1224 1233/1233/1233 1232/1232/1232
f 1224/1224/1224 1232/1232/1232 1231/1231/1231
f 1230/1230/1230 1224/1224/1224 1231/1231/1231
f 1230/1230/1230 1223/1223/1223 1224/1224/1224
f 1230/1230/1230 1204/1204/1204 1223/1223/1223
f 1203/1203/1203 1223/1223/1223 1204/1204/1204
f 1220/1220/1220 1229/1229/1229 1221/1221/1221
f 1226/1226/1226 1221/1221/1221 1229/1229/1229
f 1226/1226/1226 1229/1229/1229 1228/1228/1228
f 1227/1227/1227 1226/1226/1226 1228/1228/1228
f 1221/1221/1221 1226/1226/1226 1222/1222/1222
f 1226/1226/1226 1227/1227/1227 1225/1225/1225
f 1226/1226/1226 1225/1225/1225 1222/1222/1222
f 1222/1222/1222 1225/1225/1225 1224/1224/1224
f 1222/1222/1222 1224/1224/1224 1223/1223/1223
f 1203/1203/1203 1222/1222/1222 1223/1223/1223
f 1221/1221/1221 1222/1222/1222 1203/1203/1203
f 1201/1201/1201 1221/1221/1221 1203/1203/1203
f 1220/1220/1220 1221/1221/1221 1201/1201/1201
f 1199/1199/1199 1220/1220/1220 1201/1201/1201
f 1199/1199/1199 1207/1207/1207 1220/1220/1220
f 1220/1220/1220 1207/1207/1207 1219/1219/1219
f 1208/1208/1208 1219/1219/1219 1207/1207/1207
f 1218/1218/1218 1219/1219/1219 1208/1208/1208
f 1208/1208/1208 1210/1210/1210 1218/1218/1218
f 1217/1217/1217 1218/1218/1218 1210/1210/1210
f 1210/1210/1210 1216/1216/1216 1217/1217/1217
f 1210/1210/1210 1181/1181/1181 1216/1216/1216
f 1181/1181/1181 1180/1180/1180 1216/1216/1216
f 1205/1205/1205 1206/1206/1206 1209/1209/1209
f 1206/1206/1206 1211/1211/1211 1209/1209/1209
f 1206/1206/1206 1215/1215/1215 1211/1211/1211
f 1215/1215/1215 1212/1212/1212 1211/1211/1211
f 1215/1215/1215 1214/1214/1214 1212/1212/1212
f 1213/1213/1213 1212/1212/1212 1214/1214/1214
f 1194/1194/1194 1206/1206/1206 1195/1195/1195
f 1194/1194/1194 1215/1215/1215 1206/1206/1206
f 1193/1193/1193 1215/1215/1215 1194/1194/1194
f 1193/1193/1193 1214/1214/1214 1215/1215/1215
f 1192/1192/1192 1214/1214/1214 1193/1193/1193
f 1213/1213/1213 1214/1214/1214 1192/1192/1192
f 1213/1213/1213 1192/1192/1192 1191/1191/1191
f 1213/1213/1213 1191/1191/1191 1175/1175/1175
f 1177/1177/1177 1213/1213/1213 1175/1175/1175
f 1177/1177/1177 1212/1212/1212 1213/1213/1213
f 1177/1177/1177 1179/1179/1179 1212/1212/1212
f 1211/1211/1211 1212/1212/1212 1179/1179/1179
f 1211/1211/1211 1179/1179/1179 1181/1181/1181
f 1181/1181/1181 1209/1209/1209 1211/1211/1211
f 1181/1181/1181 1210/1210/1210 1209/1209/1209
f 1208/1208/1208 1209/1209/1209 1210/1210/1210
f 1205/1205/1205 1209/1209/1209 1208/1208/1208
f 1208/1208/1208 1207/1207/1207 1205/1205/1205
f 1197/1197/1197 1207/1207/1207 1199/1199/1199
f 1197/1197/1197 1205/1205/1205 1207/1207/1207
f 1195/1195/1195 1205/1205/1205 1197/1197/1197
f 1195/1195/1195 1206/1206/1206 1205/1205/1205
f 1202/1202/1202 1203/1203/1203 1204/1204/1204
f 1201/1201/1201 1203/1203/1203 1202/1202/1202
f 1201/1201/1201 1202/1202/1202 1200/1200/1200
f 1201/1201/1201 1200/1200/1200 1199/1199/1199
f 1199/1199/1199 1200/1200/1200 1198/1198/1198
f 1199/1199/1199 1198/1198/1198 1197/1197/1197
f 1197/1197/1197 1198/1198/1198 1196/1196/1196
f 1197/1197/1197 1196/1196/1196 1195/1195/1195
f 1195/1195/1195 1196/1196/1196 1190/1190/1190
f 1195/1195/1195 1190/1190/1190 1194/1194/1194
f 1194/1194/1194 1190/1190/1190 1186/1186/1186
f 1194/1194/1194 1186/1186/1186 1193/1193/1193
f 1186/1186/1186 1184/1184/1184 1193/1193/1193
f 1192/1192/1192 1193/1193/1193 1184/1184/1184
f 1192/1192/1192 1184/1184/1184 1182/1182/1182
f 1192/1192/1192 1182/1182/1182 1191/1191/1191
f 1182/1182/1182 1173/1173/1173 1191/1191/1191
f 1175/1175/1175 1191/1191/1191 1173/1173/1173
f 1189/1189/1189 1186/1186/1186 1190/1190/1190
f 1189/1189/1189 1185/1185/1185 1186/1186/1186
f 1189/1189/1189 1188/1188/1188 1185/1185/1185
f 1188/1188/1188 1183/1183/1183 1185/1185/1185
f 1188/1188/1188 1187/1187/1187 1183/1183/1183
f 1187/1187/1187 1171/1171/1171 1183/1183/1183
f 1187/1187/1187 1170/1170/1170 1171/1171/1171
f 1186/1186/1186 1185/1185/1185 1184/1184/1184
f 1183/1183/1183 1184/1184/1184 1185/1185/1185
f 1183/1183/1183 1182/1182/1182 1184/1184/1184
f 1183/1183/1183 1172/1172/1172 1182/1182/1182
f 1183/1183/1183 1171/1171/1171 1172/1172/1172
f 1182/1182/1182 1172/1172/1172 1173/1173/1173
f 1181/1181/1181 1179/1179/1179 1180/1180/1180
f 1178/1178/1178 1180/1180/1180 1179/1179/1179
f 1178/1178/1178 1179/1179/1179 1177/1177/1177
f 1178/1178/1178 1177/1177/1177 1176/1176/1176
f 1177/1177/1177 1175/1175/1175 1176/1176/1176
f 1176/1176/1176 1175/1175/1175 1174/1174/1174
f 1175/1175/1175 1173/1173/1173 1174/1174/1174
f 1174/1174/1174 1173/1173/1173 1162/1162/1162
f 1162/1162/1162 1173/1173/1173 1172/1172/1172
f 1162/1162/1162 1172/1172/1172 1161/1161/1161
f 1171/1171/1171 1161/1161/1161 1172/1172/1172
f 1171/1171/1171 1163/1163/1163 1161/1161/1161
f 1170/1170/1170 1163/1163/1163 1171/1171/1171
f 1170/1170/1170 1165/1165/1165 1163/1163/1163
f 1169/1169/1169 1165/1165/1165 1170/1170/1170
f 1169/1169/1169 1168/1168/1168 1165/1165/1165
f 1168/1168/1168 1166/1166/1166 1165/1165/1165
f 1168/1168/1168 1167/1167/1167 1166/1166/1166
f 1165/1165/1165 1166/1166/1166 1164/1164/1164
f 1165/1165/1165 1164/1164/1164 1163/1163/1163
f 1163/1163/1163 1164/1164/1164 1160/1160/1160
f 1163/1163/1163 1160/1160/1160 1161/1161/1161
f 1162/1162/1162 1161/1161/1161 1160/1160/1160
f 1152/1152/1152 1159/1159/1159 1151/1151/1151
f 1159/1159/1159 1150/1150/1150 1151/1151/1151
f 1159/1159/1159 1158/1158/1158 1150/1150/1150
f 1158/1158/1158 1148/1148/1148 1150/1150/1150
f 1158/1158/1158 1157/1157/1157 1148/1148/1148
f 1157/1157/1157 1146/1146/1146 1148/1148/1148
f 1157/1157/1157 1156/1156/1156 1146/1146/1146
f 1156/1156/1156 1144/1144/1144 1146/1146/1146
f 1156/1156/1156 1155/1155/1155 1144/1144/1144
f 1155/1155/1155 1141/1141/1141 1144/1144/1144
f 1155/1155/1155 1140/1140/1140 1141/1141/1141
f 1138/1138/1138 1154/1154/1154 1142/1142/1142
f 1152/1152/1152 1136/1136/1136 1153/1153/1153
f 1152/1152/1152 1135/1135/1135 1136/1136/1136
f 1152/1152/1152 1151/1151/1151 1135/1135/1135
f 1135/1135/1135 1151/1151/1151 1134/1134/1134
f 1150/1150/1150 1134/1134/1134 1151/1151/1151
f 1150/1150/1150 1149/1149/1149 1134/1134/1134
f 1148/1148/1148 1149/1149/1149 1150/1150/1150
f 1148/1148/1148 1147/1147/1147 1149/1149/1149
f 1146/1146/1146 1147/1147/1147 1148/1148/1148
f 1146/1146/1146 1145/1145/1145 1147/1147/1147
f 1144/1144/1144 1145/1145/1145 1146/1146/1146
f 1144/1144/1144 1143/1143/1143 1145/1145/1145
f 1141/1141/1141 1143/1143/1143 1144/1144/1144
f 1141/1141/1141 1142/1142/1142 1143/1143/1143
f 1138/1138/1138 1142/1142/1142 1141/1141/1141
f 1140/1140/1140 1138/1138/1138 1141/1141/1141
f 1140/1140/1140 1139/1139/1139 1138/1138/1138
f 1136/1136/1136 1133/1133/1133 1137/1137/1137
f 1136/1136/1136 1135/1135/1135 1133/1133/1133
f 1135/1135/1135 1134/1134/1134 1133/1133/1133
f 1125/1125/1125 1127/1127/1127 1132/1132/1132
f 1131/1131/1131 1130/1130/1130 1124/1124/1124
f 1124/1124/1124 1130/1130/1130 1123/1123/1123
f 1128/1128/1128 1123/1123/1123 1130/1130/1130
f 1128/1128/1128 1130/1130/1130 1129/1129/1129
f 1128/1128/1128 1129/1129/1129 1127/1127/1127
f 1128/1128/1128 1127/1127/1127 1126/1126/1126
f 1125/1125/1125 1126/1126/1126 1127/1127/1127
f 1118/1118/1118 1126/1126/1126 1125/1125/1125
f 1124/1124/1124 1123/1123/1123 1122/1122/1122
f 1108/1108/1108 1109/1109/1109 1122/1122/1122
f 1108/1108/1108 1122/1122/1122 1121/1121/1121
f 1107/1107/1107 1108/1108/1108 1121/1121/1121
f 1107/1107/1107 1121/1121/1121 1120/1120/1120
f 1106/1106/1106 1107/1107/1107 1120/1120/1120
f 1106/1106/1106 1120/1120/1120 1119/1119/1119
f 1118/1118/1118 1106/1106/1106 1119/1119/1119
f 1097/1097/1097 1106/1106/1106 1118/1118/1118
f 1097/1097/1097 1118/1118/1118 1117/1117/1117
f 1091/1091/1091 1092/1092/1092 1116/1116/1116
f 1091/1091/1091 1116/1116/1116 1104/1104/1104
f 1104/1104/1104 1116/1116/1116 1115/1115/1115
f 1104/1104/1104 1115/1115/1115 1105/1105/1105
f 1114/1114/1114 1105/1105/1105 1115/1115/1115
f 1114/1114/1114 1113/1113/1113 1105/1105/1105
f 1112/1112/1112 1105/1105/1105 1113/1113/1113
f 1112/1112/1112 1102/1102/1102 1105/1105/1105
f 1111/1111/1111 1102/1102/1102 1112/1112/1112
f 1111/1111/1111 1101/1101/1101 1102/1102/1102
f 1101/1101/1101 1111/1111/1111 1110/1110/1110
f 1101/1101/1101 1110/1110/1110 1100/1100/1100
f 1100/1100/1100 1110/1110/1110 1109/1109/1109
f 1100/1100/1100 1109/1109/1109 1108/1108/1108
f 1098/1098/1098 1100/1100/1100 1108/1108/1108
f 1098/1098/1098 1108/1108/1108 1107/1107/1107
f 1107/1107/1107 1097/1097/1097 1098/1098/1098
f 1107/1107/1107 1106/1106/1106 1097/1097/1097
f 1102/1102/1102 1104/1104/1104 1105/1105/1105
f 1103/1103/1103 1099/1099/1099 1096/1096/1096
f 1103/1103/1103 1096/1096/1096 1093/1093/1093
f 1103/1103/1103 1093/1093/1093 1091/1091/1091
f 1103/1103/1103 1091/1091/1091 1104/1104/1104
f 1102/1102/1102 1103/1103/1103 1104/1104/1104
f 1099/1099/1099 1103/1103/1103 1102/1102/1102
f 1099/1099/1099 1102/1102/1102 1101/1101/1101
f 1099/1099/1099 1101/1101/1101 1100/1100/1100
f 1099/1099/1099 1100/1100/1100 1098/1098/1098
f 1096/1096/1096 1099/1099/1099 1098/1098/1098
f 1096/1096/1096 1098/1098/1098 1097/1097/1097
f 1096/1096/1096 1097/1097/1097 1095/1095/1095
f 1095/1095/1095 1093/1093/1093 1096/1096/1096
f 1095/1095/1095 1094/1094/1094 1093/1093/1093
f 1093/1093/1093 1094/1094/1094 1090/1090/1090
f 1091/1091/1091 1093/1093/1093 1090/1090/1090
f 1092/1092/1092 1091/1091/1091 1090/1090/1090
f 1087/1087/1087 1089/1089/1089 1086/1086/1086
f 1081/1081/1081 1088/1088/1088 1087/1087/1087
f 1087/1087/1087 1086/1086/1086 1081/1081/1081
f 1080/1080/1080 1084/1084/1084 1085/1085/1085
f 1084/1084/1084 1080/1080/1080 1078/1078/1078
f 1083/1083/1083 1082/1082/1082 1081/1081/1081
f 1082/1082/1082 1072/1072/1072 1081/1081/1081
f 1080/1080/1080 1081/1081/1081 1072/1072/1072
f 1072/1072/1072 1073/1073/1073 1080/1080/1080
f 1080/1080/1080 1073/1073/1073 1079/1079/1079
f 1080/1080/1080 1079/1079/1079 1078/1078/1078
f 1076/1076/1076 1078/1078/1078 1079/1079/1079
f 1078/1078/1078 1076/1076/1076 1077/1077/1077
f 1076/1076/1076 1074/1074/1074 1077/1077/1077
f 1076/1076/1076 1075/1075/1075 1074/1074/1074
f 1073/1073/1073 1072/1072/1072 1071/1071/1071
f 1062/1062/1062 1070/1070/1070 1069/1069/1069
f 1062/1062/1062 1069/1069/1069 1065/1065/1065
f 1065/1065/1065 1069/1069/1069 1068/1068/1068
f 1065/1065/1065 1068/1068/1068 1067/1067/1067
f 1066/1066/1066 1065/1065/1065 1067/1067/1067
f 1066/1066/1066 1064/1064/1064 1065/1065/1065
f 1064/1064/1064 1062/1062/1062 1065/1065/1065
f 1064/1064/1064 1063/1063/1063 1062/1062/1062
f 1061/1061/1061 1060/1060/1060 1059/1059/1059
f 1035/1035/1035 1058/1058/1058 1034/1034/1034
f 1035/1035/1035 1054/1054/1054 1058/1058/1058
f 1057/1057/1057 1058/1058/1058 1054/1054/1054
f 1057/1057/1057 1054/1054/1054 1056/1056/1056
f 1055/1055/1055 1056/1056/1056 1054/1054/1054
f 1055/1055/1055 1054/1054/1054 1053/1053/1053
f 1035/1035/1035 1053/1053/1053 1054/1054/1054
f 1035/1035/1035 1052/1052/1052 1053/1053/1053
f 1036/1036/1036 1052/1052/1052 1035/1035/1035
f 1036/1036/1036 1051/1051/1051 1052/1052/1052
f 1038/1038/1038 1051/1051/1051 1036/1036/1036
f 1038/1038/1038 1050/1050/1050 1051/1051/1051
f 1040/1040/1040 1050/1050/1050 1038/1038/1038
f 1040/1040/1040 1049/1049/1049 1050/1050/1050
f 1042/1042/1042 1049/1049/1049 1040/1040/1040
f 1042/1042/1042 1048/1048/1048 1049/1049/1049
f 1033/1033/1033 1048/1048/1048 1042/1042/1042
f 1033/1033/1033 1032/1032/1032 1048/1048/1048
f 1009/1009/1009 1047/1047/1047 1008/1008/1008
f 1009/1009/1009 1027/1027/1027 1047/1047/1047
f 1027/1027/1027 1046/1046/1046 1047/1047/1047
f 1027/1027/1027 1029/1029/1029 1046/1046/1046
f 1029/1029/1029 1045/1045/1045 1046/1046/1046
f 1029/1029/1029 1031/1031/1031 1045/1045/1045
f 1031/1031/1031 1044/1044/1044 1045/1045/1045
f 1031/1031/1031 1033/1033/1033 1044/1044/1044
f 1033/1033/1033 1043/1043/1043 1044/1044/1044
f 1033/1033/1033 1042/1042/1042 1043/1043/1043
f 1042/1042/1042 1041/1041/1041 1043/1043/1043
f 1042/1042/1042 1040/1040/1040 1041/1041/1041
f 1040/1040/1040 1039/1039/1039 1041/1041/1041
f 1040/1040/1040 1038/1038/1038 1039/1039/1039
f 1038/1038/1038 1037/1037/1037 1039/1039/1039
f 1038/1038/1038 1036/1036/1036 1037/1037/1037
f 1036/1036/1036 1034/1034/1034 1037/1037/1037
f 1036/1036/1036 1035/1035/1035 1034/1034/1034
f 1031/1031/1031 1032/1032/1032 1033/1033/1033
f 1031/1031/1031 1030/1030/1030 1032/1032/1032
f 1029/1029/1029 1030/1030/1030 1031/1031/1031
f 1029/1029/1029 1028/1028/1028 1030/1030/1030
f 1027/1027/1027 1028/1028/1028 1029/1029/1029
f 1027/1027/1027 1026/1026/1026 1028/1028/1028
f 1009/1009/1009 1026/1026/1026 1027/1027/1027
f 1009/1009/1009 1025/1025/1025 1026/1026/1026
f 1010/1010/1010 1025/1025/1025 1009/1009/1009
f 1010/1010/1010 1024/1024/1024 1025/1025/1025
f 1012/1012/1012 1024/1024/1024 1010/1010/1010
f 1012/1012/1012 1023/1023/1023 1024/1024/1024
f 1023/1023/1023 1012/1012/1012 1015/1015/1015
f 1023/1023/1023 1015/1015/1015 1022/1022/1022
f 1022/1022/1022 1015/1015/1015 1017/1017/1017
f 1022/1022/1022 1017/1017/1017 1021/1021/1021
f 1021/1021/1021 1017/1017/1017 1018/1018/1018
f 1021/1021/1021 1018/1018/1018 1020/1020/1020
f 1016/1016/1016 1019/1019/1019 1018/1018/1018
f 1016/1016/1016 1018/1018/1018 1017/1017/1017
f 1016/1016/1016 1017/1017/1017 1015/1015/1015
f 1016/1016/1016 1015/1015/1015 1014/1014/1014
f 1012/1012/1012 1014/1014/1014 1015/1015/1015
f 1012/1012/1012 1013/1013/1013 1014/1014/1014
f 1012/1012/1012 1011/1011/1011 1013/1013/1013
f 1012/1012/1012 1010/1010/1010 1011/1011/1011
f 1010/1010/1010 1008/1008/1008 1011/1011/1011
f 1010/1010/1010 1009/1009/1009 1008/1008/1008
f 1007/1007/1007 1006/1006/1006 1005/1005/1005
f 989/989/989 1004/1004/1004 1003/1003/1003
f 989/989/989 990/990/990 1004/1004/1004
f 1004/1004/1004 990/990/990 991/991/991
f 1003/1003/1003 1004/1004/1004 991/991/991
f 992/992/992 1003/1003/1003 991/991/991
f 1000/1000/1000 1003/1003/1003 992/992/992
f 989/989/989 1003/1003/1003 1000/1000/1000
f 989/989/989 1000/1000/1000 999/999/999
f 989/989/989 999/999/999 988/988/988
f 988/988/988 999/999/999 996/996/996
f 998/998/998 996/996/996 999/999/999
f 998/998/998 1002/1002/1002 996/996/996
f 1001/1001/1001 1002/1002/1002 998/998/998
f 1001/1001/1001 998/998/998 995/995/995
f 998/998/998 994/994/994 995/995/995
f 1000/1000/1000 992/992/992 994/994/994
f 999/999/999 1000/1000/1000 994/994/994
f 999/999/999 994/994/994 998/998/998
f 986/986/986 984/984/984 997/997/997
f 988/988/988 996/996/996 987/987/987
f 987/987/987 996/996/996 983/983/983
f 987/987/987 983/983/983 985/985/985
f 994/994/994 993/993/993 995/995/995
f 994/994/994 992/992/992 993/993/993
f 992/992/992 981/981/981 993/993/993
f 992/992/992 980/980/980 981/981/981
f 992/992/992 991/991/991 980/980/980
f 991/991/991 977/977/977 980/980/980
f 991/991/991 990/990/990 977/977/977
f 977/977/977 990/990/990 976/976/976
f 989/989/989 976/976/976 990/990/990
f 974/974/974 976/976/976 989/989/989
f 974/974/974 989/989/989 988/988/988
f 973/973/973 974/974/974 988/988/988
f 973/973/973 988/988/988 987/987/987
f 986/986/986 973/973/973 987/987/987
f 986/986/986 987/987/987 985/985/985
f 986/986/986 985/985/985 984/984/984
f 984/984/984 985/985/985 983/983/983
f 984/984/984 983/983/983 982/982/982
f 981/981/981 980/980/980 977/977/977
f 978/978/978 975/975/975 971/971/971
f 971/971/971 975/975/975 970/970/970
f 979/979/979 977/977/977 978/978/978
f 978/978/978 977/977/977 975/975/975
f 977/977/977 976/976/976 975/975/975
f 975/975/975 976/976/976 974/974/974
f 975/975/975 974/974/974 970/970/970
f 970/970/970 974/974/974 973/973/973
f 970/970/970 973/973/973 972/972/972
f 970/970/970 972/972/972 969/969/969
f 971/971/971 970/970/970 969/969/969
f 882/882/882 863/863/863 937/937/937
f 937/937/937 863/863/863 968/968/968
f 937/937/937 968/968/968 967/967/967
f 967/967/967 968/968/968 966/966/966
f 967/967/967 966/966/966 965/965/965
f 965/965/965 966/966/966 964/964/964
f 965/965/965 964/964/964 963/963/963
f 963/963/963 964/964/964 867/867/867
f 963/963/963 867/867/867 941/941/941
f 941/941/941 867/867/867 868/868/868
f 941/941/941 868/868/868 942/942/942
f 942/942/942 868/868/868 962/962/962
f 942/942/942 962/962/962 961/961/961
f 961/961/961 962/962/962 960/960/960
f 961/961/961 960/960/960 959/959/959
f 959/959/959 960/960/960 958/958/958
f 959/959/959 958/958/958 899/899/899
f 899/899/899 958/958/958 872/872/872
f 957/957/957 956/956/956 955/955/955
f 910/910/910 916/916/916 954/954/954
f 909/909/909 910/910/910 954/954/954
f 909/909/909 954/954/954 953/953/953
f 907/907/907 909/909/909 953/953/953
f 907/907/907 953/953/953 952/952/952
f 905/905/905 907/907/907 952/952/952
f 905/905/905 952/952/952 951/951/951
f 903/903/903 905/905/905 951/951/951
f 903/903/903 951/951/951 950/950/950
f 902/902/902 903/903/903 950/950/950
f 902/902/902 950/950/950 949/949/949
f 901/901/901 902/902/902 949/949/949
f 901/901/901 949/949/949 948/948/948
f 946/946/946 901/901/901 948/948/948
f 946/946/946 948/948/948 947/947/947
f 944/944/944 946/946/946 947/947/947
f 944/944/944 947/947/947 936/936/936
f 935/935/935 944/944/944 936/936/936
f 900/900/900 901/901/901 946/946/946
f 900/900/900 946/946/946 945/945/945
f 945/945/945 946/946/946 944/944/944
f 945/945/945 944/944/944 943/943/943
f 943/943/943 944/944/944 935/935/935
f 943/943/943 935/935/935 942/942/942
f 942/942/942 935/935/935 933/933/933
f 942/942/942 933/933/933 941/941/941
f 941/941/941 933/933/933 931/931/931
f 941/941/941 931/931/931 940/940/940
f 940/940/940 931/931/931 929/929/929
f 940/940/940 929/929/929 939/939/939
f 939/939/939 929/929/929 927/927/927
f 939/939/939 927/927/927 938/938/938
f 938/938/938 927/927/927 925/925/925
f 938/938/938 925/925/925 937/937/937
f 937/937/937 925/925/925 923/923/923
f 937/937/937 923/923/923 882/882/882
f 935/935/935 936/936/936 934/934/934
f 933/933/933 935/935/935 934/934/934
f 933/933/933 934/934/934 932/932/932
f 931/931/931 933/933/933 932/932/932
f 931/931/931 932/932/932 930/930/930
f 929/929/929 931/931/931 930/930/930
f 929/929/929 930/930/930 928/928/928
f 927/927/927 929/929/929 928/928/928
f 927/927/927 928/928/928 926/926/926
f 925/925/925 927/927/927 926/926/926
f 925/925/925 926/926/926 924/924/924
f 923/923/923 925/925/925 924/924/924
f 923/923/923 924/924/924 921/921/921
f 920/920/920 923/923/923 921/921/921
f 882/882/882 923/923/923 920/920/920
f 882/882/882 920/920/920 922/922/922
f 922/922/922 920/920/920 915/915/915
f 922/922/922 915/915/915 914/914/914
f 920/920/920 921/921/921 919/919/919
f 915/915/915 920/920/920 919/919/919
f 915/915/915 919/919/919 918/918/918
f 913/913/913 915/915/915 918/918/918
f 913/913/913 918/918/918 917/917/917
f 911/911/911 913/913/913 917/917/917
f 911/911/911 917/917/917 916/916/916
f 910/910/910 911/911/911 916/916/916
f 914/914/914 915/915/915 913/913/913
f 914/914/914 913/913/913 912/912/912
f 912/912/912 913/913/913 911/911/911
f 912/912/912 911/911/911 889/889/889
f 889/889/889 911/911/911 910/910/910
f 889/889/889 910/910/910 890/890/890
f 890/890/890 910/910/910 909/909/909
f 890/890/890 909/909/909 908/908/908
f 908/908/908 909/909/909 907/907/907
f 908/908/908 907/907/907 906/906/906
f 906/906/906 907/907/907 905/905/905
f 906/906/906 905/905/905 904/904/904
f 904/904/904 905/905/905 903/903/903
f 904/904/904 903/903/903 897/897/897
f 897/897/897 903/903/903 902/902/902
f 897/897/897 902/902/902 898/898/898
f 898/898/898 902/902/902 901/901/901
f 898/898/898 901/901/901 900/900/900
f 899/899/899 872/872/872 898/898/898
f 898/898/898 872/872/872 873/873/873
f 898/898/898 873/873/873 897/897/897
f 897/897/897 873/873/873 896/896/896
f 897/897/897 896/896/896 895/895/895
f 895/895/895 896/896/896 894/894/894
f 895/895/895 894/894/894 893/893/893
f 893/893/893 894/894/894 892/892/892
f 893/893/893 892/892/892 891/891/891
f 891/891/891 892/892/892 877/877/877
f 891/891/891 877/877/877 890/890/890
f 890/890/890 877/877/877 878/878/878
f 890/890/890 878/878/878 889/889/889
f 889/889/889 878/878/878 888/888/888
f 889/889/889 888/888/888 887/887/887
f 887/887/887 888/888/888 886/886/886
f 887/887/887 886/886/886 885/885/885
f 885/885/885 886/886/886 884/884/884
f 885/885/885 884/884/884 883/883/883
f 883/883/883 884/884/884 862/862/862
f 883/883/883 862/862/862 882/882/882
f 882/882/882 862/862/862 863/863/863
f 862/862/862 881/881/881 861/861/861
f 881/881/881 880/880/880 861/861/861
f 880/880/880 879/879/879 861/861/861
f 879/879/879 878/878/878 861/861/861
f 878/878/878 877/877/877 861/861/861
f 877/877/877 876/876/876 861/861/861
f 876/876/876 875/875/875 861/861/861
f 875/875/875 874/874/874 861/861/861
f 874/874/874 873/873/873 861/861/861
f 873/873/873 872/872/872 861/861/861
f 872/872/872 871/871/871 861/861/861
f 871/871/871 870/870/870 861/861/861
f 870/870/870 869/869/869 861/861/861
f 869/869/869 868/868/868 861/861/861
f 868/868/868 867/867/867 861/861/861
f 867/867/867 866/866/866 861/861/861
f 866/866/866 865/865/865 861/861/861
f 865/865/865 864/864/864 861/861/861
f 864/864/864 863/863/863 861/861/861
f 863/863/863 862/862/862 861/861/861
f 860/860/860 859/859/859 858/858/858
f 812/812/812 810/810/810 857/857/857
f 857/857/857 810/810/810 856/856/856
f 857/857/857 856/856/856 855/855/855
f 855/855/855 856/856/856 854/854/854
f 855/855/855 854/854/854 853/853/853
f 853/853/853 854/854/854 852/852/852
f 853/853/853 852/852/852 851/851/851
f 851/851/851 852/852/852 850/850/850
f 851/851/851 850/850/850 849/849/849
f 849/849/849 850/850/850 848/848/848
f 849/849/849 848/848/848 847/847/847
f 847/847/847 848/848/848 846/846/846
f 847/847/847 846/846/846 845/845/845
f 845/845/845 846/846/846 844/844/844
f 845/845/845 844/844/844 843/843/843
f 843/843/843 844/844/844 842/842/842
f 843/843/843 842/842/842 841/841/841
f 841/841/841 842/842/842 840/840/840
f 841/841/841 840/840/840 839/839/839
f 839/839/839 840/840/840 838/838/838
f 839/839/839 838/838/838 837/837/837
f 837/837/837 838/838/838 836/836/836
f 837/837/837 836/836/836 835/835/835
f 835/835/835 836/836/836 834/834/834
f 835/835/835 834/834/834 833/833/833
f 833/833/833 834/834/834 832/832/832
f 833/833/833 832/832/832 831/831/831
f 831/831/831 832/832/832 830/830/830
f 831/831/831 830/830/830 829/829/829
f 829/829/829 830/830/830 828/828/828
f 829/829/829 828/828/828 827/827/827
f 827/827/827 828/828/828 826/826/826
f 827/827/827 826/826/826 825/825/825
f 825/825/825 826/826/826 824/824/824
f 825/825/825 824/824/824 823/823/823
f 823/823/823 824/824/824 822/822/822
f 823/823/823 822/822/822 821/821/821
f 821/821/821 822/822/822 820/820/820
f 821/821/821 820/820/820 819/819/819
f 819/819/819 820/820/820 818/818/818
f 819/819/819 818/818/818 817/817/817
f 817/817/817 818/818/818 816/816/816
f 817/817/817 816/816/816 815/815/815
f 815/815/815 816/816/816 814/814/814
f 815/815/815 814/814/814 813/813/813
f 813/813/813 814/814/814 811/811/811
f 813/813/813 811/811/811 812/812/812
f 812/812/812 811/811/811 810/810/810
f 790/790/790 801/801/801 789/789/789
f 790/790/790 809/809/809 801/801/801
f 809/809/809 800/800/800 801/801/801
f 809/809/809 808/808/808 800/800/800
f 808/808/808 799/799/799 800/800/800
f 808/808/808 807/807/807 799/799/799
f 807/807/807 798/798/798 799/799/799
f 807/807/807 806/806/806 798/798/798
f 806/806/806 797/797/797 798/798/798
f 806/806/806 805/805/805 797/797/797
f 805/805/805 796/796/796 797/797/797
f 805/805/805 804/804/804 796/796/796
f 804/804/804 795/795/795 796/796/796
f 804/804/804 803/803/803 795/795/795
f 803/803/803 794/794/794 795/795/795
f 803/803/803 802/802/802 794/794/794
f 802/802/802 792/792/792 794/794/794
f 802/802/802 791/791/791 792/792/792
f 789/789/789 801/801/801 793/793/793
f 801/801/801 800/800/800 793/793/793
f 800/800/800 799/799/799 793/793/793
f 799/799/799 798/798/798 793/793/793
f 798/798/798 797/797/797 793/793/793
f 797/797/797 796/796/796 793/793/793
f 796/796/796 795/795/795 793/793/793
f 795/795/795 794/794/794 793/793/793
f 794/794/794 792/792/792 793/793/793
f 792/792/792 789/789/789 793/793/793
f 791/791/791 789/789/789 792/792/792
f 791/791/791 790/790/790 789/789/789
f 780/780/780 769/769/769 770/770/770
f 780/780/780 788/788/788 769/769/769
f 779/779/779 788/788/788 780/780/780
f 779/779/779 787/787/787 788/788/788
f 778/778/778 787/787/787 779/779/779
f 778/778/778 786/786/786 787/787/787
f 777/777/777 786/786/786 778/778/778
f 777/777/777 785/785/785 786/786/786
f 776/776/776 785/785/785 777/777/777
f 776/776/776 784/784/784 785/785/785
f 775/775/775 784/784/784 776/776/776
f 775/775/775 783/783/783 784/784/784
f 774/774/774 783/783/783 775/775/775
f 774/774/774 782/782/782 783/783/783
f 773/773/773 782/782/782 774/774/774
f 773/773/773 781/781/781 782/782/782
f 771/771/771 781/781/781 773/773/773
f 771/771/771 768/768/768 781/781/781
f 780/780/780 770/770/770 772/772/772
f 779/779/779 780/780/780 772/772/772
f 778/778/778 779/779/779 772/772/772
f 777/777/777 778/778/778 772/772/772
f 776/776/776 777/777/777 772/772/772
f 775/775/775 776/776/776 772/772/772
f 774/774/774 775/775/775 772/772/772
f 773/773/773 774/774/774 772/772/772
f 771/771/771 773/773/773 772/772/772
f 770/770/770 771/771/771 772/772/772
f 770/770/770 768/768/768 771/771/771
f 770/770/770 769/769/769 768/768/768
f 740/740/740 734/734/734 733/733/733
f 740/740/740 733/733/733 767/767/767
f 767/767/767 733/733/733 731/731/731
f 767/767/767 731/731/731 766/766/766
f 766/766/766 731/731/731 732/732/732
f 766/766/766 732/732/732 765/765/765
f 765/765/765 732/732/732 758/758/758
f 765/765/765 758/758/758 764/764/764
f 764/764/764 758/758/758 757/757/757
f 764/764/764 757/757/757 763/763/763
f 763/763/763 757/757/757 756/756/756
f 763/763/763 756/756/756 762/762/762
f 762/762/762 756/756/756 755/755/755
f 762/762/762 755/755/755 761/761/761
f 761/761/761 755/755/755 759/759/759
f 761/761/761 759/759/759 760/760/760
f 760/760/760 759/759/759 752/752/752
f 760/760/760 752/752/752 751/751/751
f 753/753/753 752/752/752 759/759/759
f 754/754/754 753/753/753 759/759/759
f 754/754/754 759/759/759 755/755/755
f 711/711/711 712/712/712 732/732/732
f 712/712/712 758/758/758 732/732/732
f 712/712/712 713/713/713 758/758/758
f 713/713/713 757/757/757 758/758/758
f 713/713/713 714/714/714 757/757/757
f 714/714/714 756/756/756 757/757/757
f 714/714/714 715/715/715 756/756/756
f 715/715/715 755/755/755 756/756/756
f 715/715/715 754/754/754 755/755/755
f 715/715/715 708/708/708 754/754/754
f 754/754/754 708/708/708 753/753/753
f 753/753/753 708/708/708 725/725/725
f 753/753/753 725/725/725 752/752/752
f 725/725/725 724/724/724 752/752/752
f 751/751/751 752/752/752 724/724/724
f 751/751/751 724/724/724 750/750/750
f 750/750/750 724/724/724 722/722/722
f 750/750/750 722/722/722 749/749/749
f 749/749/749 722/722/722 720/720/720
f 749/749/749 720/720/720 748/748/748
f 748/748/748 720/720/720 716/716/716
f 748/748/748 716/716/716 747/747/747
f 747/747/747 716/716/716 717/717/717
f 747/747/747 717/717/717 746/746/746
f 746/746/746 717/717/717 739/739/739
f 746/746/746 739/739/739 745/745/745
f 745/745/745 739/739/739 738/738/738
f 745/745/745 738/738/738 744/744/744
f 744/744/744 738/738/738 737/737/737
f 744/744/744 737/737/737 743/743/743
f 743/743/743 737/737/737 736/736/736
f 743/743/743 736/736/736 742/742/742
f 742/742/742 736/736/736 735/735/735
f 742/742/742 735/735/735 741/741/741
f 741/741/741 735/735/735 734/734/734
f 741/741/741 734/734/734 740/740/740
f 718/718/718 726/726/726 717/717/717
f 726/726/726 739/739/739 717/717/717
f 726/726/726 727/727/727 739/739/739
f 727/727/727 738/738/738 739/739/739
f 727/727/727 728/728/728 738/738/738
f 728/728/728 737/737/737 738/738/738
f 728/728/728 729/729/729 737/737/737
f 729/729/729 736/736/736 737/737/737
f 729/729/729 730/730/730 736/736/736
f 730/730/730 735/735/735 736/736/736
f 730/730/730 709/709/709 735/735/735
f 709/709/709 734/734/734 735/735/735
f 709/709/709 707/707/707 734/734/734
f 707/707/707 733/733/733 734/734/734
f 707/707/707 710/710/710 733/733/733
f 710/710/710 731/731/731 733/733/733
f 710/710/710 711/711/711 731/731/731
f 711/711/711 732/732/732 731/731/731
f 730/730/730 708/708/708 709/709/709
f 729/729/729 708/708/708 730/730/730
f 728/728/728 708/708/708 729/729/729
f 727/727/727 708/708/708 728/728/728
f 726/726/726 708/708/708 727/727/727
f 718/718/718 708/708/708 726/726/726
f 719/719/719 708/708/708 718/718/718
f 721/721/721 708/708/708 719/719/719
f 723/723/723 708/708/708 721/721/721
f 725/725/725 708/708/708 723/723/723
f 725/725/725 723/723/723 724/724/724
f 723/723/723 722/722/722 724/724/724
f 723/723/723 721/721/721 722/722/722
f 721/721/721 720/720/720 722/722/722
f 721/721/721 719/719/719 720/720/720
f 719/719/719 716/716/716 720/720/720
f 719/719/719 718/718/718 716/716/716
f 718/718/718 717/717/717 716/716/716
f 714/714/714 708/708/708 715/715/715
f 713/713/713 708/708/708 714/714/714
f 712/712/712 708/708/708 713/713/713
f 711/711/711 708/708/708 712/712/712
f 710/710/710 708/708/708 711/711/711
f 707/707/707 708/708/708 710/710/710
f 709/709/709 708/708/708 707/707/707
f 706/706/706 705/705/705 704/704/704
f 703/703/703 661/661/661 659/659/659
f 703/703/703 702/702/702 661/661/661
f 701/701/701 702/702/702 703/703/703
f 701/701/701 700/700/700 702/702/702
f 699/699/699 700/700/700 701/701/701
f 699/699/699 698/698/698 700/700/700
f 697/697/697 698/698/698 699/699/699
f 697/697/697 696/696/696 698/698/698
f 695/695/695 696/696/696 697/697/697
f 695/695/695 694/694/694 696/696/696
f 693/693/693 694/694/694 695/695/695
f 693/693/693 692/692/692 694/694/694
f 691/691/691 692/692/692 693/693/693
f 691/691/691 690/690/690 692/692/692
f 689/689/689 690/690/690 691/691/691
f 689/689/689 686/686/686 690/690/690
f 688/688/688 686/686/686 689/689/689
f 688/688/688 687/687/687 686/686/686
f 685/685/685 684/684/684 683/683/683
f 680/680/680 681/681/681 682/682/682
f 680/680/680 679/679/679 681/681/681
f 678/678/678 679/679/679 680/680/680
f 678/678/678 677/677/677 679/679/679
f 676/676/676 677/677/677 678/678/678
f 676/676/676 675/675/675 677/677/677
f 674/674/674 675/675/675 676/676/676
f 674/674/674 673/673/673 675/675/675
f 672/672/672 673/673/673 674/674/674
f 672/672/672 671/671/671 673/673/673
f 670/670/670 671/671/671 672/672/672
f 670/670/670 669/669/669 671/671/671
f 668/668/668 669/669/669 670/670/670
f 668/668/668 667/667/667 669/669/669
f 666/666/666 667/667/667 668/668/668
f 666/666/666 665/665/665 667/667/667
f 663/663/663 665/665/665 666/666/666
f 663/663/663 664/664/664 665/665/665
f 662/662/662 664/664/664 663/663/663
f 662/662/662 663/663/663 660/660/660
f 661/661/661 662/662/662 660/660/660
f 661/661/661 660/660/660 659/659/659
f 658/658/658 657/657/657 656/656/656
f 655/655/655 653/653/653 651/651/651
f 655/655/655 654/654/654 653/653/653
f 651/651/651 652/652/652 650/650/650
f 651/651/651 650/650/650 649/649/649
f 647/647/647 648/648/648 645/645/645
f 646/646/646 647/647/647 645/645/645
f 645/645/645 644/644/644 646/646/646
f 645/645/645 643/643/643 644/644/644
f 644/644/644 643/643/643 641/641/641
f 643/643/643 642/642/642 641/641/641
f 640/640/640 635/635/635 636/636/636
f 628/628/628 630/630/630 639/639/639
f 639/639/639 630/630/630 638/638/638
f 639/639/639 638/638/638 637/637/637
f 637/637/637 638/638/638 636/636/636
f 637/637/637 636/636/636 633/633/633
f 636/636/636 635/635/635 633/633/633
f 635/635/635 634/634/634 633/633/633
f 629/629/629 632/632/632 631/631/631
f 628/628/628 629/629/629 630/630/630
f 629/629/629 628/628/628 626/626/626
f 628/628/628 627/627/627 626/626/626
f 625/625/625 623/623/623 624/624/624
f 625/625/625 622/622/622 623/623/623
f 622/622/622 625/625/625 619/619/619
f 622/622/622 619/619/619 620/620/620
f 612/612/612 614/614/614 624/624/624
f 612/612/612 624/624/624 623/623/623
f 610/610/610 612/612/612 623/623/623
f 610/610/610 623/623/623 607/607/607
f 606/606/606 607/607/607 623/623/623
f 606/606/606 623/623/623 622/622/622
f 622/622/622 604/604/604 606/606/606
f 622/622/622 620/620/620 604/604/604
f 620/620/620 617/617/617 604/604/604
f 620/620/620 621/621/621 617/617/617
f 620/620/620 618/618/618 621/621/621
f 620/620/620 619/619/619 618/618/618
f 604/604/604 617/617/617 603/603/603
f 611/611/611 609/609/609 616/616/616
f 613/613/613 615/615/615 614/614/614
f 613/613/613 614/614/614 612/612/612
f 611/611/611 613/613/613 612/612/612
f 611/611/611 612/612/612 610/610/610
f 610/610/610 609/609/609 611/611/611
f 607/607/607 609/609/609 610/610/610
f 607/607/607 608/608/608 609/609/609
f 607/607/607 588/588/588 608/608/608
f 607/607/607 606/606/606 588/588/588
f 590/590/590 588/588/588 606/606/606
f 590/590/590 606/606/606 604/604/604
f 590/590/590 604/604/604 597/597/597
f 604/604/604 605/605/605 597/597/597
f 604/604/604 602/602/602 605/605/605
f 604/604/604 603/603/603 602/602/602
f 601/601/601 602/602/602 603/603/603
f 599/599/599 602/602/602 601/601/601
f 598/598/598 599/599/599 601/601/601
f 598/598/598 600/600/600 599/599/599
f 595/595/595 597/597/597 598/598/598
f 597/597/597 595/595/595 594/594/594
f 590/590/590 597/597/597 594/594/594
f 594/594/594 589/589/589 590/590/590
f 593/593/593 596/596/596 592/592/592
f 595/595/595 593/593/593 594/594/594
f 594/594/594 593/593/593 589/589/589
f 593/593/593 592/592/592 589/589/589
f 589/589/589 592/592/592 591/591/591
f 589/589/589 591/591/591 587/587/587
f 591/591/591 586/586/586 587/587/587
f 591/591/591 585/585/585 586/586/586
f 585/585/585 582/582/582 583/583/583
f 582/582/582 585/585/585 581/581/581
f 589/589/589 588/588/588 590/590/590
f 589/589/589 587/587/587 588/588/588
f 587/587/587 578/578/578 588/588/588
f 587/587/587 586/586/586 578/578/578
f 576/576/576 578/578/578 586/586/586
f 585/585/585 576/576/576 586/586/586
f 585/585/585 572/572/572 576/576/576
f 585/585/585 583/583/583 572/572/572
f 571/571/571 572/572/572 583/583/583
f 571/571/571 583/583/583 584/584/584
f 583/583/583 505/505/505 584/584/584
f 583/583/583 582/582/582 505/505/505
f 505/505/505 582/582/582 504/504/504
f 582/582/582 581/581/581 504/504/504
f 503/503/503 504/504/504 581/581/581
f 503/503/503 581/581/581 580/580/580
f 580/580/580 514/514/514 503/503/503
f 580/580/580 579/579/579 514/514/514
f 576/576/576 577/577/577 578/578/578
f 576/576/576 574/574/574 577/577/577
f 572/572/572 574/574/574 576/576/576
f 572/572/572 575/575/575 574/574/574
f 573/573/573 572/572/572 571/571/571
f 566/566/566 565/565/565 436/436/436
f 436/436/436 565/565/565 433/433/433
f 552/552/552 548/548/548 570/570/570
f 570/570/570 548/548/548 567/567/567
f 567/567/567 569/569/569 570/570/570
f 567/567/567 568/568/568 569/569/569
f 567/567/567 566/566/566 568/568/568
f 567/567/567 548/548/548 566/566/566
f 566/566/566 548/548/548 565/565/565
f 548/548/548 549/549/549 565/565/565
f 549/549/549 564/564/564 565/565/565
f 564/564/564 433/433/433 565/565/565
f 433/433/433 564/564/564 563/563/563
f 550/550/550 551/551/551 562/562/562
f 553/553/553 562/562/562 551/551/551
f 553/553/553 558/558/558 562/562/562
f 435/435/435 433/433/433 561/561/561
f 560/560/560 435/435/435 561/561/561
f 545/545/545 435/435/435 560/560/560
f 545/545/545 560/560/560 559/559/559
f 545/545/545 559/559/559 546/546/546
f 558/558/558 546/546/546 559/559/559
f 558/558/558 553/553/553 546/546/546
f 546/546/546 553/553/553 547/547/547
f 553/553/553 555/555/555 547/547/547
f 547/547/547 555/555/555 557/557/557
f 556/556/556 557/557/557 555/555/555
f 556/556/556 555/555/555 554/554/554
f 553/553/553 554/554/554 555/555/555
f 553/553/553 552/552/552 554/554/554
f 553/553/553 551/551/551 552/552/552
f 552/552/552 551/551/551 548/548/548
f 550/550/550 548/548/548 551/551/551
f 550/550/550 549/549/549 548/548/548
f 546/546/546 547/547/547 543/543/543
f 546/546/546 543/543/543 545/545/545
f 545/545/545 543/543/543 542/542/542
f 545/545/545 542/542/542 435/435/435
f 540/540/540 435/435/435 542/542/542
f 540/540/540 451/451/451 435/435/435
f 454/454/454 451/451/451 540/540/540
f 540/540/540 538/538/538 454/454/454
f 456/456/456 454/454/454 538/538/538
f 541/541/541 543/543/543 544/544/544
f 541/541/541 542/542/542 543/543/543
f 540/540/540 542/542/542 541/541/541
f 540/540/540 541/541/541 539/539/539
f 540/540/540 539/539/539 538/538/538
f 537/537/537 536/536/536 534/534/534
f 533/533/533 534/534/534 532/532/532
f 535/535/535 534/534/534 533/533/533
f 533/533/533 532/532/532 513/513/513
f 532/532/532 531/531/531 513/513/513
f 531/531/531 532/532/532 530/530/530
f 529/529/529 531/531/531 530/530/530
f 529/529/529 530/530/530 528/528/528
f 527/527/527 529/529/529 528/528/528
f 527/527/527 517/517/517 519/519/519
f 526/526/526 517/517/517 527/527/527
f 525/525/525 517/517/517 526/526/526
f 525/525/525 518/518/518 517/517/517
f 525/525/525 524/524/524 518/518/518
f 518/518/518 524/524/524 523/523/523
f 518/518/518 523/523/523 522/522/522
f 515/515/515 518/518/518 522/522/522
f 515/515/515 522/522/522 521/521/521
f 510/510/510 515/515/515 521/521/521
f 510/510/510 521/521/521 520/520/520
f 509/509/509 510/510/510 520/520/520
f 509/509/509 520/520/520 507/507/507
f 519/519/519 517/517/517 516/516/516
f 515/515/515 517/517/517 518/518/518
f 515/515/515 511/511/511 517/517/517
f 511/511/511 512/512/512 517/517/517
f 516/516/516 517/517/517 512/512/512
f 516/516/516 512/512/512 513/513/513
f 511/511/511 515/515/515 510/510/510
f 503/503/503 514/514/514 513/513/513
f 503/503/503 513/513/513 512/512/512
f 502/502/502 503/503/503 512/512/512
f 511/511/511 502/502/502 512/512/512
f 502/502/502 511/511/511 500/500/500
f 511/511/511 510/510/510 500/500/500
f 498/498/498 500/500/500 510/510/510
f 498/498/498 510/510/510 509/509/509
f 497/497/497 498/498/498 509/509/509
f 497/497/497 509/509/509 508/508/508
f 508/508/508 509/509/509 507/507/507
f 508/508/508 507/507/507 506/506/506
f 505/505/505 504/504/504 502/502/502
f 502/502/502 504/504/504 503/503/503
f 502/502/502 500/500/500 501/501/501
f 500/500/500 499/499/499 501/501/501
f 500/500/500 498/498/498 499/499/499
f 499/499/499 498/498/498 496/496/496
f 498/498/498 497/497/497 496/496/496
f 494/494/494 492/492/492 495/495/495
f 494/494/494 493/493/493 492/492/492
f 491/491/491 492/492/492 493/493/493
f 491/491/491 488/488/488 492/492/492
f 490/490/490 488/488/488 491/491/491
f 490/490/490 489/489/489 488/488/488
f 483/483/483 487/487/487 486/486/486
f 484/484/484 485/485/485 482/482/482
f 484/484/484 482/482/482 483/483/483
f 483/483/483 482/482/482 479/479/479
f 480/480/480 478/478/478 481/481/481
f 480/480/480 479/479/479 478/478/478
f 473/473/473 477/477/477 475/475/475
f 474/474/474 460/460/460 462/462/462
f 474/474/474 476/476/476 460/460/460
f 460/460/460 476/476/476 458/458/458
f 458/458/458 476/476/476 464/464/464
f 464/464/464 476/476/476 474/474/474
f 464/464/464 474/474/474 475/475/475
f 473/473/473 475/475/475 474/474/474
f 473/473/473 474/474/474 462/462/462
f 473/473/473 462/462/462 472/472/472
f 462/462/462 471/471/471 472/472/472
f 462/462/462 463/463/463 471/471/471
f 452/452/452 470/470/470 430/430/430
f 452/452/452 469/469/469 470/470/470
f 453/453/453 469/469/469 452/452/452
f 453/453/453 464/464/464 469/469/469
f 461/461/461 459/459/459 468/468/468
f 459/459/459 467/467/467 468/468/468
f 459/459/459 466/466/466 467/467/467
f 459/459/459 457/457/457 466/466/466
f 455/455/455 465/465/465 453/453/453
f 458/458/458 464/464/464 455/455/455
f 462/462/462 461/461/461 463/463/463
f 462/462/462 460/460/460 461/461/461
f 461/461/461 460/460/460 459/459/459
f 460/460/460 458/458/458 459/459/459
f 459/459/459 458/458/458 457/457/457
f 455/455/455 457/457/457 458/458/458
f 455/455/455 456/456/456 457/457/457
f 456/456/456 455/455/455 454/454/454
f 455/455/455 453/453/453 454/454/454
f 454/454/454 453/453/453 451/451/451
f 451/451/451 453/453/453 452/452/452
f 451/451/451 452/452/452 450/450/450
f 430/430/430 450/450/450 452/452/452
f 430/430/430 449/449/449 450/450/450
f 449/449/449 430/430/430 428/428/428
f 449/449/449 428/428/428 448/448/448
f 448/448/448 428/428/428 423/423/423
f 448/448/448 423/423/423 424/424/424
f 435/435/435 451/451/451 450/450/450
f 435/435/435 450/450/450 434/434/434
f 450/450/450 437/437/437 434/434/434
f 450/450/450 449/449/449 437/437/437
f 448/448/448 437/437/437 449/449/449
f 448/448/448 439/439/439 437/437/437
f 439/439/439 448/448/448 424/424/424
f 439/439/439 424/424/424 425/425/425
f 384/384/384 387/387/387 392/392/392
f 392/392/392 387/387/387 447/447/447
f 445/445/445 447/447/447 387/387/387
f 445/445/445 387/387/387 446/446/446
f 445/445/445 446/446/446 443/443/443
f 445/445/445 443/443/443 444/444/444
f 443/443/443 426/426/426 444/444/444
f 425/425/425 426/426/426 443/443/443
f 425/425/425 443/443/443 442/442/442
f 442/442/442 441/441/441 425/425/425
f 440/440/440 425/425/425 441/441/441
f 440/440/440 439/439/439 425/425/425
f 439/439/439 440/440/440 438/438/438
f 439/439/439 438/438/438 437/437/437
f 436/436/436 437/437/437 438/438/438
f 436/436/436 434/434/434 437/437/437
f 436/436/436 433/433/433 434/434/434
f 435/435/435 434/434/434 433/433/433
f 431/431/431 429/429/429 432/432/432
f 431/431/431 427/427/427 429/429/429
f 427/427/427 431/431/431 422/422/422
f 429/429/429 428/428/428 430/430/430
f 429/429/429 427/427/427 428/428/428
f 427/427/427 423/423/423 428/428/428
f 427/427/427 422/422/422 423/423/423
f 421/421/421 426/426/426 425/425/425
f 421/421/421 425/425/425 424/424/424
f 424/424/424 412/412/412 421/421/421
f 424/424/424 423/423/423 412/412/412
f 413/413/413 412/412/412 423/423/423
f 413/413/413 423/423/423 422/422/422
f 414/414/414 413/413/413 422/422/422
f 414/414/414 422/422/422 420/420/420
f 412/412/412 411/411/411 421/421/421
f 420/420/420 415/415/415 414/414/414
f 420/420/420 419/419/419 415/415/415
f 418/418/418 415/415/415 419/419/419
f 418/418/418 416/416/416 415/415/415
f 416/416/416 418/418/418 417/417/417
f 416/416/416 417/417/417 410/410/410
f 403/403/403 416/416/416 410/410/410
f 403/403/403 415/415/415 416/416/416
f 403/403/403 401/401/401 415/415/415
f 414/414/414 415/415/415 401/401/401
f 414/414/414 401/401/401 400/400/400
f 400/400/400 413/413/413 414/414/414
f 400/400/400 398/398/398 413/413/413
f 398/398/398 412/412/412 413/413/413
f 398/398/398 399/399/399 412/412/412
f 412/412/412 399/399/399 411/411/411
f 394/394/394 411/411/411 399/399/399
f 394/394/394 393/393/393 411/411/411
f 405/405/405 403/403/403 409/409/409
f 403/403/403 410/410/410 409/409/409
f 402/402/402 389/389/389 396/396/396
f 402/402/402 408/408/408 389/389/389
f 402/402/402 407/407/407 408/408/408
f 402/402/402 404/404/404 407/407/407
f 406/406/406 407/407/407 404/404/404
f 406/406/406 404/404/404 405/405/405
f 405/405/405 404/404/404 403/403/403
f 403/403/403 404/404/404 402/402/402
f 403/403/403 402/402/402 401/401/401
f 401/401/401 402/402/402 396/396/396
f 401/401/401 396/396/396 400/400/400
f 395/395/395 400/400/400 396/396/396
f 395/395/395 398/398/398 400/400/400
f 394/394/394 399/399/399 398/398/398
f 394/394/394 398/398/398 395/395/395
f 388/388/388 396/396/396 397/397/397
f 388/388/388 395/395/395 396/396/396
f 390/390/390 395/395/395 388/388/388
f 390/390/390 394/394/394 395/395/395
f 391/391/391 394/394/394 390/390/390
f 391/391/391 393/393/393 394/394/394
f 393/393/393 391/391/391 384/384/384
f 393/393/393 384/384/384 392/392/392
f 381/381/381 384/384/384 391/391/391
f 381/381/381 391/391/391 379/379/379
f 379/379/379 391/391/391 390/390/390
f 379/379/379 390/390/390 376/376/376
f 375/375/375 376/376/376 390/390/390
f 375/375/375 390/390/390 388/388/388
f 389/389/389 375/375/375 388/388/388
f 384/384/384 386/386/386 387/387/387
f 385/385/385 386/386/386 384/384/384
f 384/384/384 383/383/383 385/385/385
f 384/384/384 381/381/381 383/383/383
f 382/382/382 383/383/383 381/381/381
f 382/382/382 381/381/381 380/380/380
f 380/380/380 381/381/381 379/379/379
f 380/380/380 379/379/379 378/378/378
f 376/376/376 378/378/378 379/379/379
f 376/376/376 377/377/377 378/378/378
f 365/365/365 377/377/377 376/376/376
f 365/365/365 376/376/376 375/375/375
f 365/365/365 375/375/375 366/366/366
f 373/373/373 374/374/374 372/372/372
f 373/373/373 368/368/368 367/367/367
f 373/373/373 372/372/372 368/368/368
f 372/372/372 369/369/369 368/368/368
f 369/369/369 370/370/370 368/368/368
f 371/371/371 370/370/370 369/369/369
f 367/367/367 368/368/368 363/363/363
f 367/367/367 363/363/363 366/366/366
f 365/365/365 364/364/364 363/363/363

o saw_protection
v 0.5181562 0.5915854 0.2488978
v 0.5181562 0.6073394 0.2488978
v 0.5155817 0.5915854 0.2488978
v 0.5155817 0.6144230 0.2490377
v 0.5402238 0.6139428 0.3923643
v 0.5402238 0.6231845 0.3938280
v 0.5433595 0.6231845 0.3938280
v 0.5433595 0.6139428 0.3923643
v 0.5402238 0.6056058 0.3881164
v 0.5433595 0.6056058 0.3881164
v 0.5402238 0.5989895 0.3815001
v 0.5433595 0.5989895 0.3815001
v 0.5402238 0.5947415 0.3731631
v 0.5433595 0.5947415 0.3731631
v 0.5402238 0.5932778 0.3639213
v 0.5433595 0.5932778 0.3639213
v 0.5402238 0.5947415 0.3546797
v 0.5433595 0.5947415 0.3546797
v 0.5402238 0.5989895 0.3463426
v 0.5433595 0.5989895 0.3463426
v 0.5402238 0.6056058 0.3397263
v 0.5433595 0.6056058 0.3397263
v 0.5402238 0.6139428 0.3354782
v 0.5433595 0.6139428 0.3354782
v 0.5402238 0.6231845 0.3340145
v 0.5433595 0.6231845 0.3340145
v 0.5402238 0.6324261 0.3354782
v 0.5433595 0.6324261 0.3354782
v 0.5402238 0.6407633 0.3397263
v 0.5433595 0.6407633 0.3397263
v 0.5402238 0.6473795 0.3463426
v 0.5433595 0.6473795 0.3463426
v 0.5402238 0.6516275 0.3546797
v 0.5433595 0.6516275 0.3546797
v 0.5402238 0.6530911 0.3639213
v 0.5433595 0.6530911 0.3639213
v 0.5402238 0.6516274 0.3731631
v 0.5433595 0.6516274 0.3731631
v 0.5402238 0.6473795 0.3815001
v 0.5433595 0.6473795 0.3815001
v 0.5402238 0.6407633 0.3881164
v 0.5433595 0.6407633 0.3881164
v 0.5402238 0.6324261 0.3923643
v 0.5433595 0.6324261 0.3923643
v 0.5433595 0.6231845 0.3938280
v 0.4936042 0.3523293 0.4042216
v 0.4914795 0.3358400 0.3847006
v 0.4914795 0.3429795 0.3802042
v 0.4921004 0.3211499 0.3642296
v 0.4921004 0.3290566 0.3611901
v 0.5279693 0.3542091 0.3578098
v 0.5279940 0.3681630 0.3739592
v 0.4936042 0.3587016 0.3982683
v 0.4995406 0.3671954 0.4176052
v 0.5115388 0.4929745 0.4715853
v 0.5115388 0.4695114 0.4678513
v 0.5115388 0.4920626 0.4629568
v 0.5115388 0.4697656 0.4592575
v 0.5115388 0.4489965 0.4626610
v 0.5115388 0.4504170 0.4541017
v 0.5115388 0.4269844 0.4546346
v 0.5115388 0.4295710 0.4461100
v 0.5113835 0.4038947 0.4431434
v 0.5107837 0.4074526 0.4352485
v 0.5083796 0.3834324 0.4302650
v 0.5071800 0.3879614 0.4229999
v 0.4989408 0.3726461 0.4109960
v 0.5280191 0.3839165 0.3891587
v 0.5323038 0.5168182 0.2564390
v 0.5279441 0.3423039 0.3349310
v 0.5280873 0.4517423 0.4352561
v 0.5280707 0.4310139 0.4244985
v 0.5280532 0.4129129 0.4123537
v 0.5280366 0.3977292 0.4011182
v 0.5280873 0.4706841 0.4401437
v 0.5280873 0.4881287 0.4421953
v 0.5280873 0.5092295 0.4430536
v 0.5280873 0.5287691 0.4409544
v 0.5280707 0.5507128 0.4408793
v 0.5277000 0.5713000 0.4382344
v 0.5276834 0.5923246 0.4317428
v 0.5276659 0.6118196 0.4223538
v 0.5266017 0.6400219 0.4084582
v 0.5261609 0.6651713 0.3896431
v 0.5115388 0.6687926 0.3940491
v 0.5115388 0.6687926 0.3940491
v 0.5115388 0.6442921 0.4167497
v 0.5115388 0.6172708 0.4346755
v 0.5115388 0.5931820 0.4467571
v 0.5115388 0.5675634 0.4559416
v 0.5115388 0.5408590 0.4611050
v 0.5115388 0.5127978 0.4636987
v 0.5115388 0.7032657 0.3384916
v 0.5115388 0.7095388 0.3423653
v 0.5115388 0.6869341 0.3679844
v 0.5115388 0.6931652 0.3724841
v 0.5115388 0.6749817 0.3991748
v 0.5115388 0.6504391 0.4225013
v 0.5115388 0.6233760 0.4410532
v 0.5115388 0.5982803 0.4537060
v 0.5115388 0.5716552 0.4634620
v 0.5115388 0.5439439 0.4691966
v 0.5115388 0.5148762 0.4723616
v 0.5335371 0.6719443 0.3933193
v 0.5324263 0.6918990 0.3696214
v 0.5393170 0.6638349 0.3842085
v 0.5388396 0.6834853 0.3624869
v 0.5115388 0.5148762 0.4723616
v 0.5115388 0.5439439 0.4691966
v 0.5304760 0.5233024 0.4561547
v 0.5315941 0.5469003 0.4540148
v 0.5115388 0.5716552 0.4634620
v 0.5327106 0.5691413 0.4493052
v 0.5115388 0.5982803 0.4537060
v 0.5329365 0.5943254 0.4419586
v 0.5115388 0.6233760 0.4410532
v 0.5331615 0.6179799 0.4317151
v 0.5115388 0.6504391 0.4225013
v 0.5333493 0.6465510 0.4145444
v 0.5115388 0.6749817 0.3991748
v 0.5115388 0.6931652 0.3724841
v 0.5115388 0.7095388 0.3423653
v 0.5313154 0.7089319 0.3423535
v 0.5383627 0.7013258 0.3373376
v 0.5402708 0.5478571 0.4424511
v 0.5402708 0.5678467 0.4391948
v 0.5458135 0.5167900 0.2565262
v 0.5397935 0.6395648 0.4058598
v 0.5402708 0.6127740 0.4227371
v 0.5402708 0.5910751 0.4324145
v 0.5402708 0.5265110 0.4431376
v 0.5402708 0.5075297 0.4446419
v 0.5308503 0.5033412 0.4568041
v 0.5402708 0.4869871 0.4431890
v 0.5402708 0.4690234 0.4408546
v 0.5402708 0.4495625 0.4356845
v 0.5402708 0.4292052 0.4259730
v 0.5402708 0.4114753 0.4148744
v 0.5402708 0.3968477 0.4029646
v 0.5402708 0.3835908 0.3903309
v 0.5402708 0.3686236 0.3741323
v 0.5402708 0.3554559 0.3569836
v 0.5402708 0.3429877 0.3338321
v 0.5402708 0.3341280 0.3087755
v 0.5402708 0.3274710 0.2828623
v 0.5402708 0.3244543 0.2550271
v 0.5402708 0.3265531 0.2219070
v 0.5402708 0.3286518 0.1887869
v 0.5312254 0.4818183 0.4544960
v 0.5303162 0.4603480 0.4512284
v 0.5294069 0.4370711 0.4445388
v 0.5301508 0.4165321 0.4337563
v 0.5308945 0.3987719 0.4218737
v 0.5308945 0.3835586 0.4094733
v 0.5308945 0.3697160 0.3963491
v 0.5308945 0.3540494 0.3784569
v 0.5308945 0.3401822 0.3596146
v 0.5308945 0.3273726 0.3345678
v 0.5308945 0.3181714 0.3076158
v 0.5304971 0.3122318 0.2826256
v 0.5301000 0.3099326 0.2557134
v 0.5291860 0.3108985 0.2197053
v 0.5282714 0.3140393 0.1833539
v 0.4925659 0.2924849 0.2158329
v 0.4925659 0.2960310 0.1797142
v 0.4914795 0.3358400 0.3847006
v 0.4921004 0.3211499 0.3642296
v 0.4924937 0.3080166 0.3372784
v 0.4925659 0.2984914 0.3084216
v 0.4925659 0.2926561 0.2807457
v 0.4925659 0.2904612 0.2511479
v 0.4936042 0.3523293 0.4042216
v 0.4995406 0.3671954 0.4176052
v 0.5083796 0.3834324 0.4302650
v 0.5113835 0.4038947 0.4431434
v 0.5115388 0.4269844 0.4546346
v 0.5115388 0.4489965 0.4626610
v 0.5115388 0.4695114 0.4678513
v 0.5115388 0.4929745 0.4715853
v 0.5269591 0.6144230 0.2490377
v 0.5155817 0.6144230 0.2490377
v 0.5181562 0.6073394 0.2488978
v 0.5269591 0.6073394 0.2488978
v 0.5155817 0.5685453 0.3333006
v 0.5155817 0.5803958 0.3243149
v 0.5286461 0.5803958 0.3243149
v 0.5286461 0.5685453 0.3333006
v 0.5034987 0.5069784 0.2631883
v 0.5018279 0.5109975 0.2562270
v 0.5080328 0.5109975 0.2562270
v 0.5080328 0.5069784 0.2631883
v 0.5034987 0.5069784 0.2631883
v 0.5080328 0.5069784 0.2631883
v 0.5080328 0.5049082 0.2619930
v 0.5034987 0.5049082 0.2619930
v 0.5034987 0.5049082 0.2619930
v 0.5080328 0.5049082 0.2619930
v 0.5080328 0.5089273 0.2550318
v 0.5018279 0.5089273 0.2550318
v 0.5080328 0.5089273 0.2550318
v 0.5080328 0.5049082 0.2619930
v 0.5080328 0.5069784 0.2631883
v 0.5080328 0.5109975 0.2562270
v 0.5034987 0.5049082 0.2619930
v 0.5018279 0.5089273 0.2550318
v 0.5018279 0.5109975 0.2562270
v 0.5034987 0.5069784 0.2631883
v 0.5034987 0.5296599 0.2477026
v 0.5018279 0.5216218 0.2477026
v 0.5080328 0.5216218 0.2477026
v 0.5080328 0.5296599 0.2477026
v 0.5034987 0.5296599 0.2477026
v 0.5080328 0.5296599 0.2477026
v 0.5080328 0.5296599 0.2500930
v 0.5034987 0.5296599 0.2500930
v 0.5034987 0.5296599 0.2500930
v 0.5080328 0.5296599 0.2500930
v 0.5080328 0.5216218 0.2500930
v 0.5018279 0.5216218 0.2500930
v 0.5080328 0.5216218 0.2500930
v 0.5080328 0.5296599 0.2500930
v 0.5080328 0.5296599 0.2477026
v 0.5080328 0.5216218 0.2477026
v 0.5034987 0.5296599 0.2500930
v 0.5018279 0.5216218 0.2500930
v 0.5018279 0.5216218 0.2477026
v 0.5034987 0.5296599 0.2477026
v 0.5034987 0.5049082 0.2358026
v 0.5018279 0.5089272 0.2427638
v 0.5080328 0.5089272 0.2427638
v 0.5080328 0.5049082 0.2358026
v 0.5034987 0.5049082 0.2358026
v 0.5080328 0.5049082 0.2358026
v 0.5080328 0.5069783 0.2346074
v 0.5034987 0.5069783 0.2346074
v 0.5034987 0.5069783 0.2346074
v 0.5080328 0.5069783 0.2346074
v 0.5080328 0.5109974 0.2415687
v 0.5018279 0.5109974 0.2415687
v 0.5080328 0.5109974 0.2415687
v 0.5080328 0.5069783 0.2346074
v 0.5080328 0.5049082 0.2358026
v 0.5080328 0.5089272 0.2427638
v 0.5034987 0.5069783 0.2346074
v 0.5018279 0.5109974 0.2415687
v 0.5018279 0.5089272 0.2427638
v 0.5034987 0.5049082 0.2358026
v 0.5155817 0.5847996 0.3283376
v 0.5286461 0.5847996 0.3283376
v 0.5286461 0.5803958 0.3243149
v 0.5155817 0.5803958 0.3243149
v 0.5286461 0.6129276 0.2880176
v 0.5155817 0.6129276 0.2880176
v 0.5155817 0.6076925 0.2851595
v 0.5286461 0.6076925 0.2851595
v 0.5155817 0.6076925 0.2851595
v 0.5155817 0.6129276 0.2880176
v 0.5155817 0.5999279 0.3116485
v 0.5155817 0.5803958 0.3243149
v 0.5155817 0.5847996 0.3283376
v 0.5155817 0.5860748 0.2769724
v 0.5155817 0.5915854 0.2488978
v 0.5155817 0.6144230 0.2490377
v 0.5155817 0.6142882 0.2643952
v 0.5155817 0.6109775 0.2790271
v 0.5155817 0.5768936 0.2947029
v 0.5155817 0.5636222 0.3280370
v 0.5155817 0.5685453 0.3333006
v 0.4925659 0.3072008 0.3086527
v 0.4925659 0.3007935 0.2819123
v 0.5279437 0.3271667 0.2848524
v 0.5279194 0.3340071 0.3101471
v 0.4924937 0.3163247 0.3358740
v 0.5279673 0.3239664 0.2576361
v 0.4925659 0.2980264 0.2532501
v 0.5279916 0.3269492 0.2244335
v 0.4925659 0.2999386 0.2185300
v 0.5280151 0.3299320 0.1912310
v 0.4925659 0.3018507 0.1838098
v 0.4924937 0.3080166 0.3372784
v 0.4925659 0.2984914 0.3084216
v 0.4925659 0.2926561 0.2807457
v 0.4925659 0.2904612 0.2511479
v 0.4925659 0.2924849 0.2158329
v 0.4925659 0.2960310 0.1797142
v 0.5266954 0.6833788 0.3646343
v 0.5262550 0.6992443 0.3360521
v 0.5115388 0.6869341 0.3679844
v 0.5261609 0.6651713 0.3896431
v 0.5266954 0.6833788 0.3646343
v 0.5115388 0.7032657 0.3384916
v 0.5262550 0.6992443 0.3360521
v 0.5159853 0.5060352 0.2728821
v 0.5112626 0.5060352 0.2728821
v 0.5159853 0.5138282 0.2741165
v 0.5112626 0.5138282 0.2741165
v 0.5159853 0.5216211 0.2728821
v 0.5112626 0.5216211 0.2728821
v 0.5159853 0.5272544 0.2702454
v 0.5112626 0.5272544 0.2702454
v 0.5159853 0.5333678 0.2648189
v 0.5112626 0.5333678 0.2648189
v 0.5159853 0.5373842 0.2571642
v 0.5112626 0.5373842 0.2571642
v 0.5159853 0.5389055 0.2491152
v 0.5112626 0.5389055 0.2491152
v 0.5159853 0.5378127 0.2411047
v 0.5112626 0.5378127 0.2411047
v 0.5159853 0.5342304 0.2340746
v 0.5112626 0.5342304 0.2340746
v 0.5159853 0.5286513 0.2284953
v 0.5112626 0.5286513 0.2284953
v 0.5159853 0.5216211 0.2249133
v 0.5112626 0.5216211 0.2249133
v 0.5159853 0.5216211 0.2249133
v 0.5159853 0.5138282 0.2236790
v 0.5112626 0.5138282 0.2236790
v 0.5159853 0.5060352 0.2249133
v 0.5112626 0.5060352 0.2249133
v 0.5159853 0.4990050 0.2284953
v 0.5112626 0.4990050 0.2284953
v 0.5159853 0.4934258 0.2340746
v 0.5112626 0.4934258 0.2340746
v 0.5159853 0.4898436 0.2411047
v 0.5112626 0.4898436 0.2411047
v 0.5159853 0.4886092 0.2488978
v 0.5112626 0.4886092 0.2488978
v 0.5159853 0.4898436 0.2566907
v 0.5112626 0.4898436 0.2566907
v 0.5159853 0.4934258 0.2637211
v 0.5112626 0.4934258 0.2637211
v 0.5159853 0.4990050 0.2693002
v 0.5112626 0.4990050 0.2693002
v 0.5159853 0.5060352 0.2728821
v 0.5181562 0.4588966 0.1732625
v 0.5181562 0.4382136 0.1939457
v 0.5269591 0.4382136 0.1939457
v 0.5269591 0.4588966 0.1732625
v 0.5181562 0.4849589 0.1599831
v 0.5269591 0.4849589 0.1599831
v 0.5181562 0.5138485 0.1554074
v 0.5269591 0.5138485 0.1554074
v 0.5181562 0.5427386 0.1599831
v 0.5269591 0.5427386 0.1599831
v 0.5181562 0.5688008 0.1732625
v 0.5269591 0.5688008 0.1732625
v 0.5181562 0.5894837 0.1939457
v 0.5269591 0.5894837 0.1939457
v 0.5181562 0.6027633 0.2200077
v 0.5269591 0.6027633 0.2200077
v 0.5181562 0.6073394 0.2488978
v 0.5269591 0.6073394 0.2488978
v 0.5181562 0.5427386 0.3378122
v 0.5181562 0.5636222 0.3280370
v 0.5269591 0.5636222 0.3280370
v 0.5269591 0.5427386 0.3378122
v 0.5181562 0.5138485 0.3423881
v 0.5269591 0.5138485 0.3423881
v 0.5181562 0.4849589 0.3378122
v 0.5269591 0.4849589 0.3378122
v 0.5181562 0.4588966 0.3245329
v 0.5269591 0.4588966 0.3245329
v 0.5181562 0.4382137 0.3038501
v 0.5269591 0.4382137 0.3038501
v 0.5181562 0.4249341 0.2777879
v 0.5269591 0.4249341 0.2777879
v 0.5181562 0.4203581 0.2488978
v 0.5269591 0.4203581 0.2488978
v 0.5181562 0.4249341 0.2200077
v 0.5269591 0.4249341 0.2200077
v 0.5155817 0.5768936 0.2947029
v 0.5155817 0.5636222 0.3280370
v 0.5181562 0.5636222 0.3280370
v 0.5181562 0.5768936 0.2947029
v 0.5155817 0.5860748 0.2769724
v 0.5181562 0.5860748 0.2769724
v 0.5155817 0.5915854 0.2488978
v 0.5181562 0.5915854 0.2488978
v 0.5435700 0.5457866 0.2049390
v 0.5269591 0.5457866 0.2049390
v 0.5435700 0.5306394 0.1972211
v 0.5269591 0.5306394 0.1972211
v 0.5435700 0.5138486 0.1945617
v 0.5269591 0.5138486 0.1945617
v 0.5435700 0.4970581 0.1972211
v 0.5269591 0.4970581 0.1972211
v 0.5269591 0.4819109 0.2049390
v 0.5435700 0.4819109 0.2049390
v 0.5435700 0.4698900 0.2169598
v 0.5269591 0.4698900 0.2169598
v 0.5435700 0.4698900 0.2169598
v 0.5269591 0.4698900 0.2169598
v 0.5435700 0.4621721 0.2321070
v 0.5269591 0.4621721 0.2321070
v 0.5435700 0.4595125 0.2488978
v 0.5269591 0.4595125 0.2488978
v 0.5435700 0.4698900 0.2808358
v 0.5269591 0.4698900 0.2808358
v 0.5435700 0.4970581 0.3005744
v 0.5269591 0.4970581 0.3005744
v 0.5435700 0.5306394 0.3005744
v 0.5269591 0.5306394 0.3005744
v 0.5435700 0.5578074 0.2808358
v 0.5269591 0.5578074 0.2808358
v 0.5435700 0.5681850 0.2488978
v 0.5269591 0.5681850 0.2488978
v 0.5435700 0.5578074 0.2169598
v 0.5269591 0.5578074 0.2169598
v 0.5269591 0.4698900 0.2169598
v 0.5269591 0.4382136 0.1939457
v 0.5269591 0.4621721 0.2321070
v 0.5269591 0.4249341 0.2200077
v 0.5269591 0.4595125 0.2488978
v 0.5269591 0.4203581 0.2488978
v 0.5269591 0.4249341 0.2777879
v 0.5269591 0.4698900 0.2808358
v 0.5269591 0.4382137 0.3038501
v 0.5269591 0.4588966 0.3245329
v 0.5269591 0.4970581 0.3005744
v 0.5269591 0.4849589 0.3378122
v 0.5269591 0.5138485 0.3423881
v 0.5269591 0.5306394 0.3005744
v 0.5269591 0.5427386 0.3378122
v 0.5269591 0.5636222 0.3280370
v 0.5269591 0.6073394 0.2488978
v 0.5285630 0.6140110 0.2643952
v 0.5269591 0.6144230 0.2490377
v 0.5285630 0.6106694 0.2791288
v 0.5286461 0.6076925 0.2851595
v 0.5286461 0.5803958 0.3243149
v 0.5286461 0.5685453 0.3333006
v 0.5286461 0.5847996 0.3283376
v 0.5286461 0.5999279 0.3116485
v 0.5286461 0.6129276 0.2880176
v 0.5269591 0.5578074 0.2808358
v 0.5269591 0.5681850 0.2488978
v 0.5269591 0.6027633 0.2200077
v 0.5269591 0.5578074 0.2169598
v 0.5269591 0.5894837 0.1939457
v 0.5269591 0.5457866 0.2049390
v 0.5269591 0.5688008 0.1732625
v 0.5269591 0.5306394 0.1972211
v 0.5269591 0.5427386 0.1599831
v 0.5269591 0.5138486 0.1945617
v 0.5269591 0.5138485 0.1554074
v 0.5269591 0.4970581 0.1972211
v 0.5269591 0.4849589 0.1599831
v 0.5269591 0.4819109 0.2049390
v 0.5269591 0.4588966 0.1732625
v 0.5155817 0.6142882 0.2643952
v 0.5155817 0.6144230 0.2490377
v 0.5269591 0.6144230 0.2490377
v 0.5285630 0.6140110 0.2643952
v 0.5155817 0.6109775 0.2790271
v 0.5285630 0.6106694 0.2791288
v 0.5155817 0.6076925 0.2851595
v 0.5286461 0.6076925 0.2851595
v 0.5433595 0.5989895 0.3463426
v 0.5433595 0.5947415 0.3546797
v 0.5433595 0.6102228 0.3597098
v 0.5433595 0.6095557 0.3639213
v 0.5433595 0.5932778 0.3639213
v 0.5433595 0.6102228 0.3681328
v 0.5433595 0.5947415 0.3731631
v 0.5433595 0.6121586 0.3719322
v 0.5433595 0.5989895 0.3815001
v 0.5433595 0.6151737 0.3749472
v 0.5433595 0.6056058 0.3881164
v 0.5433595 0.6189730 0.3768831
v 0.5433595 0.6139428 0.3923643
v 0.5433595 0.6231845 0.3775501
v 0.5433595 0.6231845 0.3938280
v 0.5433595 0.6273960 0.3768831
v 0.5433595 0.6324261 0.3923643
v 0.5433595 0.6311952 0.3749472
v 0.5433595 0.6407633 0.3881164
v 0.5433595 0.6342104 0.3719322
v 0.5433595 0.6139428 0.3354782
v 0.5433595 0.6056058 0.3397263
v 0.5433595 0.6151737 0.3528954
v 0.5433595 0.6121586 0.3559105
v 0.5433595 0.6473795 0.3815001
v 0.5433595 0.6361462 0.3681328
v 0.5433595 0.6516274 0.3731631
v 0.5433595 0.6368133 0.3639213
v 0.5433595 0.6530911 0.3639213
v 0.5433595 0.6361462 0.3597098
v 0.5433595 0.6516275 0.3546797
v 0.5433595 0.6342104 0.3559105
v 0.5433595 0.6473795 0.3463426
v 0.5433595 0.6311953 0.3528954
v 0.5433595 0.6407633 0.3397263
v 0.5433595 0.6273960 0.3509596
v 0.5433595 0.6324261 0.3354782
v 0.5433595 0.6231845 0.3502926
v 0.5433595 0.6231845 0.3340145
v 0.5433595 0.6189730 0.3509596
v 0.5155817 0.5999279 0.3116485
v 0.5155817 0.6129276 0.2880176
v 0.5286461 0.6129276 0.2880176
v 0.5286461 0.5999279 0.3116485
v 0.5155817 0.5847996 0.3283376
v 0.5286461 0.5847996 0.3283376
v 0.5161560 0.5447863 0.2388456
v 0.5161560 0.5401655 0.2297774
v 0.5181562 0.5401655 0.2297774
v 0.5181562 0.5329691 0.2225806
v 0.5161560 0.5329691 0.2225806
v 0.5181562 0.5239008 0.2179602
v 0.5161560 0.5239008 0.2179602
v 0.5181562 0.5138486 0.2163680
v 0.5161560 0.5138486 0.2163680
v 0.5181562 0.5037965 0.2179602
v 0.5161560 0.5037965 0.2179602
v 0.5181562 0.4947282 0.2225806
v 0.5161560 0.4947282 0.2225806
v 0.5181562 0.4875318 0.2297774
v 0.5161560 0.4875318 0.2297774
v 0.5181562 0.4829111 0.2388456
v 0.5161560 0.4829111 0.2388456
v 0.5181562 0.4813188 0.2488978
v 0.5161560 0.4813188 0.2488978
v 0.5181562 0.4829111 0.2589499
v 0.5161560 0.5442336 0.2595607
v 0.5161560 0.5461960 0.2491783
v 0.5181562 0.5461960 0.2491783
v 0.5181562 0.5447863 0.2388456
v 0.5161560 0.4829111 0.2589499
v 0.5181562 0.4875318 0.2680183
v 0.5161560 0.4875318 0.2680183
v 0.5181562 0.4947282 0.2752149
v 0.5161560 0.4947282 0.2752149
v 0.5181562 0.5037965 0.2798352
v 0.5161560 0.5037965 0.2798352
v 0.5181562 0.5138486 0.2814274
v 0.5161560 0.5138486 0.2814274
v 0.5181562 0.5239008 0.2798352
v 0.5161560 0.5239008 0.2798352
v 0.5181562 0.5311672 0.2764341
v 0.5161560 0.5311672 0.2764341
v 0.5181562 0.5390528 0.2694344
v 0.5161560 0.5390528 0.2694344
v 0.5181562 0.5442336 0.2595607
v 0.5181562 0.5636222 0.3280370
v 0.5155817 0.5636222 0.3280370
v 0.5155817 0.5685453 0.3333006
v 0.5286461 0.5685453 0.3333006
v 0.5269591 0.5636222 0.3280370
v 0.4925659 0.3018507 0.1838098
v 0.4925659 0.2960310 0.1797142
v 0.5282714 0.3140393 0.1833539
v 0.5280151 0.3299320 0.1912310
v 0.5402708 0.3286518 0.1887869
v 0.5458135 0.5167900 0.2565262
v 0.5323038 0.5168182 0.2564390
v 0.5262550 0.6992443 0.3360521
v 0.5383627 0.7013258 0.3373376
v 0.5313154 0.7089319 0.3423535
v 0.5115388 0.7095388 0.3423653
v 0.5115388 0.7032657 0.3384916
v 0.5181562 0.5688008 0.1732625
v 0.5181562 0.5329691 0.2225806
v 0.5181562 0.5427386 0.1599831
v 0.5181562 0.5401655 0.2297774
v 0.5181562 0.5894837 0.1939457
v 0.5181562 0.5447863 0.2388456
v 0.5181562 0.6027633 0.2200077
v 0.5181562 0.6073394 0.2488978
v 0.5181562 0.5915854 0.2488978
v 0.5181562 0.5461960 0.2491783
v 0.5181562 0.5442336 0.2595607
v 0.5181562 0.5860748 0.2769724
v 0.5181562 0.5390528 0.2694344
v 0.5181562 0.5768936 0.2947029
v 0.5181562 0.5311672 0.2764341
v 0.5181562 0.5636222 0.3280370
v 0.5181562 0.5239008 0.2798352
v 0.5181562 0.5427386 0.3378122
v 0.5181562 0.5138486 0.2814274
v 0.5181562 0.5138485 0.3423881
v 0.5181562 0.5037965 0.2798352
v 0.5181562 0.4849589 0.3378122
v 0.5181562 0.4947282 0.2752149
v 0.5181562 0.4588966 0.3245329
v 0.5181562 0.4875318 0.2680183
v 0.5181562 0.4382137 0.3038501
v 0.5181562 0.4829111 0.2589499
v 0.5181562 0.4249341 0.2777879
v 0.5181562 0.4813188 0.2488978
v 0.5181562 0.4203581 0.2488978
v 0.5181562 0.4829111 0.2388456
v 0.5181562 0.4249341 0.2200077
v 0.5181562 0.4875318 0.2297774
v 0.5181562 0.4382136 0.1939457
v 0.5181562 0.4947282 0.2225806
v 0.5181562 0.4588966 0.1732625
v 0.5181562 0.5037965 0.2179602
v 0.5181562 0.4849589 0.1599831
v 0.5181562 0.5138486 0.2163680
v 0.5181562 0.5138485 0.1554074
v 0.5181562 0.5239008 0.2179602
v 0.5112626 0.5217128 0.2553566
v 0.5112626 0.5233423 0.2522513
v 0.5112626 0.5373842 0.2571642
v 0.5112626 0.5333678 0.2648189
v 0.5112626 0.5192328 0.2575580
v 0.5112626 0.5272544 0.2702454
v 0.5112626 0.5216211 0.2728821
v 0.5112626 0.5169475 0.2586277
v 0.5112626 0.5138282 0.2741165
v 0.5112626 0.5137861 0.2591285
v 0.5112626 0.5060352 0.2728821
v 0.5112626 0.5106246 0.2586277
v 0.5112626 0.4990050 0.2693002
v 0.5112626 0.5077727 0.2571746
v 0.5112626 0.4934258 0.2637211
v 0.5112626 0.5055094 0.2549112
v 0.5112626 0.4898436 0.2566907
v 0.5112626 0.5040561 0.2520592
v 0.5112626 0.5035554 0.2488978
v 0.5112626 0.4886092 0.2488978
v 0.5112626 0.5040561 0.2457363
v 0.5112626 0.4898436 0.2411047
v 0.5112626 0.5055094 0.2428844
v 0.5112626 0.4934258 0.2340746
v 0.5112626 0.5077727 0.2406210
v 0.5112626 0.4990050 0.2284953
v 0.5112626 0.5106246 0.2391679
v 0.5112626 0.5060352 0.2249133
v 0.5112626 0.5137861 0.2386671
v 0.5112626 0.5138282 0.2236790
v 0.5112626 0.5169475 0.2391679
v 0.5112626 0.5216211 0.2249133
v 0.5112626 0.5197995 0.2406210
v 0.5112626 0.5286513 0.2284953
v 0.5112626 0.5220628 0.2428844
v 0.5112626 0.5342304 0.2340746
v 0.5112626 0.5235161 0.2457363
v 0.5112626 0.5378127 0.2411047
v 0.5112626 0.5389055 0.2491152
v 0.5112626 0.5239594 0.2489859
v 0.5010638 0.5137839 0.2488978
v 0.5010638 0.5214257 0.2433456
v 0.5010638 0.5227675 0.2459788
v 0.5010638 0.5231768 0.2489792
v 0.5010638 0.5226070 0.2519940
v 0.5010638 0.5211026 0.2548611
v 0.5010638 0.5188128 0.2568936
v 0.5010638 0.5167028 0.2578813
v 0.5010638 0.5137839 0.2583438
v 0.5010638 0.5108650 0.2578813
v 0.5010638 0.5082318 0.2565396
v 0.5010638 0.5061421 0.2544499
v 0.5010638 0.5048003 0.2518167
v 0.5010638 0.5043380 0.2488978
v 0.5010638 0.5048003 0.2459788
v 0.5010638 0.5061421 0.2433456
v 0.5010638 0.5082318 0.2412558
v 0.5010638 0.5108650 0.2399142
v 0.5010638 0.5137839 0.2394519
v 0.5010638 0.5167028 0.2399142
v 0.5010638 0.5193360 0.2412558
v 0.5161560 0.5461960 0.2491783
v 0.5159853 0.5389055 0.2491152
v 0.5159853 0.5378127 0.2411047
v 0.5161560 0.5447863 0.2388456
v 0.5161560 0.5401655 0.2297774
v 0.5159853 0.5342304 0.2340746
v 0.5161560 0.5329691 0.2225806
v 0.5159853 0.5286513 0.2284953
v 0.5161560 0.5239008 0.2179602
v 0.5159853 0.5216211 0.2249133
v 0.5161560 0.5138486 0.2163680
v 0.5159853 0.5138282 0.2236790
v 0.5161560 0.5037965 0.2179602
v 0.5159853 0.5060352 0.2249133
v 0.5161560 0.4947282 0.2225806
v 0.5159853 0.4990050 0.2284953
v 0.5161560 0.4875318 0.2297774
v 0.5159853 0.4934258 0.2340746
v 0.5161560 0.4829111 0.2388456
v 0.5159853 0.4898436 0.2411047
v 0.5161560 0.4813188 0.2488978
v 0.5159853 0.4886092 0.2488978
v 0.5161560 0.4829111 0.2589499
v 0.5159853 0.4898436 0.2566907
v 0.5159853 0.4934258 0.2637211
v 0.5161560 0.4875318 0.2680183
v 0.5159853 0.4990050 0.2693002
v 0.5161560 0.4947282 0.2752149
v 0.5159853 0.5060352 0.2728821
v 0.5161560 0.5037965 0.2798352
v 0.5159853 0.5138282 0.2741165
v 0.5161560 0.5138486 0.2814274
v 0.5159853 0.5216211 0.2728821
v 0.5161560 0.5239008 0.2798352
v 0.5159853 0.5272544 0.2702454
v 0.5161560 0.5311672 0.2764341
v 0.5161560 0.5390528 0.2694344
v 0.5159853 0.5333678 0.2648189
v 0.5161560 0.5442336 0.2595607
v 0.5159853 0.5373842 0.2571642
v 0.5576625 0.6102228 0.3681328
v 0.5433595 0.6102228 0.3681328
v 0.5576625 0.6121586 0.3719322
v 0.5433595 0.6121586 0.3719322
v 0.5576625 0.6151737 0.3749472
v 0.5433595 0.6151737 0.3749472
v 0.5576625 0.6342104 0.3559105
v 0.5433595 0.6342104 0.3559105
v 0.5576625 0.6311953 0.3528954
v 0.5433595 0.6311953 0.3528954
v 0.5576625 0.6273960 0.3509596
v 0.5433595 0.6273960 0.3509596
v 0.5576625 0.6231845 0.3502926
v 0.5433595 0.6231845 0.3502926
v 0.5576625 0.6189730 0.3509596
v 0.5433595 0.6189730 0.3509596
v 0.5576625 0.6151737 0.3528954
v 0.5433595 0.6151737 0.3528954
v 0.5576625 0.6121586 0.3559105
v 0.5433595 0.6121586 0.3559105
v 0.5576625 0.6102228 0.3597098
v 0.5433595 0.6102228 0.3597098
v 0.5576625 0.6095557 0.3639213
v 0.5433595 0.6095557 0.3639213
v 0.5576625 0.6151737 0.3749472
v 0.5433595 0.6151737 0.3749472
v 0.5576625 0.6189730 0.3768831
v 0.5433595 0.6189730 0.3768831
v 0.5576625 0.6231845 0.3775501
v 0.5433595 0.6231845 0.3775501
v 0.5576625 0.6273960 0.3768831
v 0.5433595 0.6273960 0.3768831
v 0.5576625 0.6311952 0.3749472
v 0.5433595 0.6311952 0.3749472
v 0.5576625 0.6342104 0.3719322
v 0.5433595 0.6342104 0.3719322
v 0.5576625 0.6361462 0.3681328
v 0.5433595 0.6361462 0.3681328
v 0.5576625 0.6368133 0.3639213
v 0.5433595 0.6368133 0.3639213
v 0.5576625 0.6361462 0.3597098
v 0.5433595 0.6361462 0.3597098
v 0.5010638 0.5108650 0.2578813
v 0.5010638 0.5137839 0.2583438
v 0.5112626 0.5137861 0.2591285
v 0.5112626 0.5106246 0.2586277
v 0.5010638 0.5082318 0.2565396
v 0.5112626 0.5077727 0.2571746
v 0.5010638 0.5193360 0.2412558
v 0.5010638 0.5167028 0.2399142
v 0.5112626 0.5169475 0.2391679
v 0.5112626 0.5197995 0.2406210
v 0.5010638 0.5214257 0.2433456
v 0.5112626 0.5220628 0.2428844
v 0.5010638 0.5227675 0.2459788
v 0.5112626 0.5235161 0.2457363
v 0.5112626 0.5239594 0.2489859
v 0.5010638 0.5231768 0.2489792
v 0.5112626 0.5233423 0.2522513
v 0.5010638 0.5226070 0.2519940
v 0.5010638 0.5211026 0.2548611
v 0.5112626 0.5217128 0.2553566
v 0.5010638 0.5188128 0.2568936
v 0.5112626 0.5192328 0.2575580
v 0.5010638 0.5167028 0.2578813
v 0.5112626 0.5169475 0.2586277
v 0.5010638 0.5061421 0.2544499
v 0.5010638 0.5082318 0.2565396
v 0.5112626 0.5077727 0.2571746
v 0.5112626 0.5055094 0.2549112
v 0.5010638 0.5048003 0.2518167
v 0.5112626 0.5040561 0.2520592
v 0.5010638 0.5043380 0.2488978
v 0.5112626 0.5035554 0.2488978
v 0.5010638 0.5048003 0.2459788
v 0.5112626 0.5040561 0.2457363
v 0.5010638 0.5061421 0.2433456
v 0.5112626 0.5055094 0.2428844
v 0.5010638 0.5082318 0.2412558
v 0.5112626 0.5077727 0.2406210
v 0.5010638 0.5108650 0.2399142
v 0.5112626 0.5106246 0.2391679
v 0.5010638 0.5137839 0.2394519
v 0.5112626 0.5137861 0.2386671
v 0.5576625 0.6342104 0.3559105
v 0.5576625 0.6311953 0.3528954
v 0.5594010 0.6292143 0.3605259
v 0.5576625 0.6361462 0.3597098
v 0.5594010 0.6300362 0.3639213
v 0.5576625 0.6368133 0.3639213
v 0.5576625 0.6361462 0.3681328
v 0.5594010 0.6292143 0.3673167
v 0.5576625 0.6342104 0.3719322
v 0.5576625 0.6311952 0.3749472
v 0.5594010 0.6265377 0.3699511
v 0.5576625 0.6273960 0.3768831
v 0.5594010 0.6231845 0.3707730
v 0.5576625 0.6231845 0.3775501
v 0.5576625 0.6189730 0.3768831
v 0.5594010 0.6198313 0.3699511
v 0.5576625 0.6151737 0.3749472
v 0.5594010 0.6171548 0.3673167
v 0.5576625 0.6121586 0.3719322
v 0.5576625 0.6102228 0.3681328
v 0.5594010 0.6231845 0.3639213
v 0.5594010 0.6163328 0.3639213
v 0.5594010 0.6171547 0.3605260
v 0.5594010 0.6198313 0.3578915
v 0.5594010 0.6231845 0.3570696
v 0.5594010 0.6265378 0.3578915
v 0.5576625 0.6095557 0.3639213
v 0.5576625 0.6102228 0.3597098
v 0.5576625 0.6121586 0.3559105
v 0.5576625 0.6151737 0.3528954
v 0.5576625 0.6189730 0.3509596
v 0.5576625 0.6231845 0.3502926
v 0.5576625 0.6273960 0.3509596
vt 0.0092170 0.9988860
vt 0.0084090 0.9826920
vt 0.0036340 0.9989430
vt 0.0021990 0.9752760
vt 0.2698740 0.3504110
vt 0.2321250 0.3474600
vt 0.2323580 0.3532600
vt 0.2665160 0.3559670
vt 0.3039270 0.3590780
vt 0.2972860 0.3638410
vt 0.3308770 0.3726380
vt 0.3215970 0.3761280
vt 0.3479910 0.3897190
vt 0.3369990 0.3915950
vt 0.3538390 0.4085530
vt 0.3422270 0.4086700
vt 0.3481500 0.4273820
vt 0.3370110 0.4257330
vt 0.3311220 0.4444500
vt 0.3215450 0.4411640
vt 0.3042860 0.4580500
vt 0.2972250 0.4534470
vt 0.2703100 0.4668300
vt 0.2664730 0.4613530
vt 0.2325420 0.4698310
vt 0.2323060 0.4640290
vt 0.1947910 0.4668320
vt 0.1981520 0.4612790
vt 0.1607040 0.4581720
vt 0.1673410 0.4534120
vt 0.1337000 0.4446410
vt 0.1429730 0.4411460
vt 0.1164790 0.4275950
vt 0.1274690 0.4257110
vt 0.1106780 0.4087470
vt 0.1222910 0.4086380
vt 0.1165180 0.3899180
vt 0.1276460 0.3915710
vt 0.1334500 0.3728230
vt 0.1430370 0.3760990
vt 0.1602820 0.3591960
vt 0.1673390 0.3638040
vt 0.1943510 0.3504720
vt 0.1981710 0.3559490
vt 0.2323580 0.3532600
vt 0.3808660 0.4623770
vt 0.4124520 0.4976460
vt 0.4320010 0.4908420
vt 0.4536570 0.5290460
vt 0.4699380 0.5201460
vt 0.5487380 0.4730230
vt 0.5215250 0.4465350
vt 0.4040950 0.4583750
vt 0.3693720 0.4316360
vt 0.3841920 0.2254680
vt 0.3664030 0.2596900
vt 0.4055270 0.2316970
vt 0.3890890 0.2643100
vt 0.3566400 0.2908190
vt 0.3806490 0.2937640
vt 0.3535720 0.3256480
vt 0.3788490 0.3270370
vt 0.3580060 0.3637100
vt 0.3827940 0.3639180
vt 0.3645190 0.3989980
vt 0.3892030 0.3988640
vt 0.3933420 0.4302090
vt 0.4980810 0.4179520
vt 0.9902400 0.3193150
vt 0.5944650 0.5006320
vt 0.4501990 0.3036260
vt 0.4555160 0.3368910
vt 0.4676380 0.3673690
vt 0.4810050 0.3934590
vt 0.4581670 0.2759260
vt 0.4720320 0.2515970
vt 0.4934640 0.2230410
vt 0.5213350 0.1982430
vt 0.5474900 0.1694150
vt 0.5787250 0.1440360
vt 0.6204270 0.1204470
vt 0.6677670 0.1005740
vt 0.7372140 0.0722410
vt 0.8151120 0.0509610
vt 0.7986710 0.0306300
vt 0.7986710 0.0306300
vt 0.7089610 0.0514970
vt 0.6290710 0.0778610
vt 0.5682190 0.1034780
vt 0.5134570 0.1330140
vt 0.4680000 0.1663360
vt 0.4280100 0.2030730
vt 0.9871670 0.0155790
vt 0.9840250 0.0054030
vt 0.8902050 0.0202400
vt 0.8853280 0.0096690
vt 0.7919460 0.0196880
vt 0.7007880 0.0402100
vt 0.6194510 0.0662660
vt 0.5559030 0.0929080
vt 0.4984770 0.1234190
vt 0.4504110 0.1576870
vt 0.4078280 0.1953940
vt 0.1888370 0.4961320
vt 0.1267930 0.4843920
vt 0.1758510 0.5088760
vt 0.1169630 0.4970650
vt 0.4937960 0.6206930
vt 0.4646010 0.5911380
vt 0.4377430 0.6219070
vt 0.4130830 0.5988850
vt 0.4315250 0.5636400
vt 0.3850360 0.5782030
vt 0.3907080 0.5377620
vt 0.3497990 0.5553170
vt 0.3429330 0.5149740
vt 0.3095480 0.5352750
vt 0.2815580 0.4929890
vt 0.2513220 0.5132810
vt 0.2132330 0.4744980
vt 0.1426550 0.4629160
vt 0.0692670 0.4553260
vt 0.0596820 0.4761690
vt 0.0525120 0.4885110
vt 0.3846080 0.6038790
vt 0.3620020 0.5848280
vt 0.0345930 0.7106180
vt 0.2381770 0.5253740
vt 0.2930230 0.5457800
vt 0.3296920 0.5638180
vt 0.4031720 0.6251990
vt 0.4212220 0.6436850
vt 0.4545270 0.6422460
vt 0.4348530 0.6651420
vt 0.4444890 0.6843060
vt 0.4496850 0.7061200
vt 0.4466630 0.7305930
vt 0.4391950 0.7530940
vt 0.4275840 0.7728530
vt 0.4129270 0.7912290
vt 0.3917520 0.8124690
vt 0.3672060 0.8320850
vt 0.3305880 0.8534080
vt 0.2879880 0.8721240
vt 0.2425150 0.8894220
vt 0.1912910 0.9046560
vt 0.1255710 0.9180310
vt 0.0577000 0.9313830
vt 0.4670360 0.6651860
vt 0.4783710 0.6884500
vt 0.4840160 0.7152140
vt 0.4784830 0.7409510
vt 0.4686930 0.7642590
vt 0.4562080 0.7850650
vt 0.4401800 0.8045410
vt 0.4150650 0.8273650
vt 0.3862900 0.8480430
vt 0.3456560 0.8700170
vt 0.3000450 0.8897500
vt 0.2568330 0.9061170
vt 0.2081430 0.9206240
vt 0.1399410 0.9375360
vt 0.0680740 0.9546940
vt 0.1745580 0.9781290
vt 0.1060450 0.9963790
vt 0.4798590 0.8601930
vt 0.4425040 0.8824010
vt 0.3950090 0.9056500
vt 0.3441360 0.9272710
vt 0.2939050 0.9453220
vt 0.2396800 0.9613160
vt 0.5095700 0.8334220
vt 0.5202070 0.8086000
vt 0.5212700 0.7810480
vt 0.5260890 0.7518530
vt 0.5304070 0.7219300
vt 0.5291350 0.6947670
vt 0.5227820 0.6705380
vt 0.5103610 0.6441180
vt 0.0272370 0.9751300
vt 0.0021990 0.9752760
vt 0.0084090 0.9826920
vt 0.0273680 0.9828700
vt 0.0021190 0.8582240
vt 0.0020390 0.8733930
vt 0.0302590 0.8734250
vt 0.0304310 0.8582150
vt 0.5747590 0.0446690
vt 0.4917990 0.0535020
vt 0.5174510 0.0831780
vt 0.5942220 0.0662790
vt 0.5747590 0.0446690
vt 0.6211090 0.0395730
vt 0.6155350 0.0274180
vt 0.5694780 0.0324820
vt 0.5694780 0.0324820
vt 0.5697610 0.0087840
vt 0.4858800 0.0089640
vt 0.4865980 0.0413000
vt 0.6970140 0.0176890
vt 0.6155350 0.0274180
vt 0.6211090 0.0395730
vt 0.7028070 0.0298200
vt 0.5694780 0.0324820
vt 0.4865980 0.0413000
vt 0.4917990 0.0535020
vt 0.5747590 0.0446690
vt -0.4252410 0.0446690
vt -0.5082010 0.0535020
vt -0.4825520 0.0831760
vt -0.4057780 0.0662790
vt -0.4252410 0.0446690
vt -0.3788900 0.0395740
vt -0.3844650 0.0274180
vt -0.4305210 0.0324820
vt -0.4305210 0.0324820
vt -0.4302390 0.0087840
vt -0.5141200 0.0089640
vt -0.5134030 0.0412990
vt -0.3029850 0.0176890
vt -0.3844650 0.0274180
vt -0.3788900 0.0395740
vt -0.2971930 0.0298200
vt -0.4305210 0.0324820
vt -0.5134030 0.0412990
vt -0.5082010 0.0535020
vt -0.4252410 0.0446690
vt -0.4252410 0.0446690
vt -0.5082010 0.0535020
vt -0.4825490 0.0831780
vt -0.4057780 0.0662790
vt -0.4252410 0.0446690
vt -0.3788910 0.0395730
vt -0.3844640 0.0274180
vt -0.4305210 0.0324820
vt -0.4305210 0.0324820
vt -0.4302390 0.0087840
vt -0.5141200 0.0089640
vt -0.5134020 0.0413000
vt -0.3029880 0.0176890
vt -0.3844640 0.0274180
vt -0.3788910 0.0395730
vt -0.2971920 0.0298210
vt -0.4305210 0.0324820
vt -0.5134020 0.0413000
vt -0.5082010 0.0535020
vt -0.4252410 0.0446690
vt 0.0020290 0.8798040
vt 0.0301810 0.8798470
vt 0.0302590 0.8734250
vt 0.0020390 0.8733930
vt 0.0300560 0.9307300
vt 0.0019320 0.9307350
vt 0.0018320 0.9371050
vt 0.0301690 0.9370960
vt 0.6766680 0.7019210
vt 0.6702760 0.7147520
vt 0.7864030 0.7290190
vt 0.8863690 0.7161710
vt 0.8862720 0.7293940
vt 0.7147640 0.6537900
vt 0.6043380 0.6213690
vt 0.5369180 0.6595130
vt 0.5884800 0.6820510
vt 0.6467310 0.6982640
vt 0.8002690 0.6661290
vt 0.9487630 0.6942930
vt 0.9512530 0.7102280
vt 0.5898880 0.5803820
vt 0.6558880 0.6045400
vt 0.7056780 0.5475420
vt 0.6486300 0.5248730
vt 0.5257330 0.5519740
vt 0.7713740 0.5668390
vt 0.7303610 0.6252420
vt 0.8596070 0.5821610
vt 0.8248410 0.6438370
vt 0.9488470 0.5972470
vt 0.9188450 0.6614070
vt 0.5130240 0.5621780
vt 0.5810220 0.5919950
vt 0.6500580 0.6158670
vt 0.7271730 0.6363050
vt 0.8232970 0.6550760
vt 0.9223340 0.6712990
vt 0.9001150 0.0417790
vt 0.9918890 0.0370670
vt 0.8902050 0.0202400
vt 0.8151120 0.0509610
vt 0.9001150 0.0417790
vt 0.9871670 0.0155790
vt 0.9918890 0.0370670
vt 0.2787230 0.1692620
vt 0.2816830 0.1578200
vt 0.2355680 0.1627080
vt 0.2454610 0.1522530
vt 0.1986030 0.1498310
vt 0.2145760 0.1414270
vt 0.1765250 0.1360090
vt 0.1960050 0.1296790
vt 0.1586870 0.1145400
vt 0.1813170 0.1117640
vt 0.1563550 0.0899460
vt 0.1795950 0.0912310
vt 0.1687600 0.0674880
vt 0.1900480 0.0723130
vt 0.1944230 0.0483980
vt 0.2116980 0.0562890
vt 0.2300600 0.0347300
vt 0.2416560 0.0448730
vt 0.2724580 0.0273610
vt 0.2772350 0.0387870
vt 0.3173450 0.0268440
vt 0.3147800 0.0384300
vt 0.3173450 0.0268440
vt 0.3604140 0.0332330
vt 0.3507470 0.0437950
vt 0.3974770 0.0459640
vt 0.3817870 0.0544770
vt 0.4248950 0.0638360
vt 0.4048000 0.0695240
vt 0.4399340 0.0851110
vt 0.4173800 0.0874370
vt 0.4410640 0.1076850
vt 0.4182200 0.1064060
vt 0.4281200 0.1293000
vt 0.4071860 0.1245250
vt 0.4025020 0.1478620
vt 0.3856310 0.1400470
vt 0.3664760 0.1614340
vt 0.3553690 0.1513550
vt 0.3238780 0.1688330
vt 0.3195610 0.1575430
vt 0.2787230 0.1692620
vt 0.0079710 0.5467140
vt 0.0077330 0.5787300
vt 0.0266380 0.5787540
vt 0.0267800 0.5467360
vt 0.0081250 0.5142790
vt 0.0268430 0.5142840
vt 0.0081610 0.4814630
vt 0.0267760 0.4814570
vt 0.0081320 0.4482700
vt 0.0266350 0.4482590
vt 0.0081110 0.4146520
vt 0.0264680 0.4146370
vt 0.0080730 0.3805530
vt 0.0262810 0.3805390
vt 0.0080850 0.3460010
vt 0.0260860 0.3459860
vt 0.0078010 0.3115440
vt 0.0262670 0.3115450
vt 0.0078050 0.8266550
vt 0.0078600 0.8505000
vt 0.0270460 0.8504830
vt 0.0270000 0.8266690
vt 0.0079180 0.7961880
vt 0.0270490 0.7961960
vt 0.0079450 0.7655520
vt 0.0270480 0.7655480
vt 0.0078700 0.7347970
vt 0.0269680 0.7347780
vt 0.0077050 0.7039280
vt 0.0267810 0.7039020
vt 0.0075560 0.6729320
vt 0.0266000 0.6729150
vt 0.0075130 0.6417710
vt 0.0265280 0.6417680
vt 0.0075670 0.6103920
vt 0.0265410 0.6104030
vt 0.8002690 0.6661290
vt 0.9487630 0.6942930
vt 0.9528090 0.6889520
vt 0.8039820 0.6607720
vt 0.7147640 0.6537900
vt 0.7195190 0.6485820
vt 0.6043380 0.6213690
vt 0.6101220 0.6164460
vt 0.9959920 0.7883960
vt 0.9627010 0.7883970
vt 0.9959960 0.8054250
vt 0.9627110 0.8054300
vt 0.9960060 0.8224560
vt 0.9627220 0.8224610
vt 0.9960160 0.8394870
vt 0.9627330 0.8394920
vt 0.9627440 0.8565230
vt 0.9960260 0.8565170
vt 0.9960370 0.8735480
vt 0.9627560 0.8735530
vt 0.9960990 0.5351330
vt 0.9627640 0.5351300
vt 0.9960920 0.5521910
vt 0.9627570 0.5521890
vt 0.9960850 0.5692500
vt 0.9627510 0.5692460
vt 0.9960710 0.6029450
vt 0.9627370 0.6029410
vt 0.9960560 0.6366370
vt 0.9627260 0.6366340
vt 0.9960410 0.6703270
vt 0.9627140 0.6703240
vt 0.9960250 0.7040110
vt 0.9627040 0.7040090
vt 0.9960110 0.7376890
vt 0.9626970 0.7376870
vt 0.9959990 0.7713580
vt 0.9626950 0.7713570
vt 0.2591180 0.2323730
vt 0.2953270 0.2074550
vt 0.2352860 0.2263020
vt 0.2543230 0.1970080
vt 0.2088690 0.2242100
vt 0.2088690 0.1934090
vt 0.1634150 0.1970080
vt 0.1586200 0.2323730
vt 0.1224110 0.2074550
vt 0.0898700 0.2237250
vt 0.1275640 0.2537460
vt 0.0689770 0.2442270
vt 0.0617770 0.2669540
vt 0.1275640 0.2801630
vt 0.0689770 0.2896810
vt 0.0843570 0.3061090
vt 0.2088690 0.3405000
vt 0.1844860 0.3457480
vt 0.2086490 0.3460720
vt 0.1613060 0.3431200
vt 0.1518170 0.3407780
vt 0.0902130 0.3193040
vt 0.0760750 0.3099820
vt 0.0838840 0.3227690
vt 0.1101410 0.3346700
vt 0.1473200 0.3448960
vt 0.1586200 0.3015350
vt 0.2088690 0.3096990
vt 0.2543230 0.3369000
vt 0.2591180 0.3015350
vt 0.2953270 0.3264530
vt 0.2780300 0.2920790
vt 0.3278680 0.3101830
vt 0.2901730 0.2801630
vt 0.3487610 0.2896810
vt 0.2943570 0.2669540
vt 0.3559600 0.2669540
vt 0.2901730 0.2537460
vt 0.3487610 0.2442270
vt 0.2780300 0.2418300
vt 0.3278680 0.2237250
vt 0.0021620 0.9596800
vt 0.0021990 0.9752760
vt 0.0272370 0.9751300
vt 0.0301480 0.9595430
vt 0.0018990 0.9444260
vt 0.0299660 0.9441710
vt 0.0018320 0.9371050
vt 0.0301690 0.9370960
vt 0.3215450 0.4411640
vt 0.3370110 0.4257330
vt 0.2792660 0.4164490
vt 0.2816120 0.4087080
vt 0.3422270 0.4086700
vt 0.2793130 0.4009640
vt 0.3369990 0.3915950
vt 0.2724910 0.3939450
vt 0.3215970 0.3761280
vt 0.2616510 0.3883560
vt 0.2972860 0.3638410
vt 0.2478300 0.3847740
vt 0.2665160 0.3559670
vt 0.2324500 0.3835320
vt 0.2323580 0.3532600
vt 0.2170540 0.3847230
vt 0.1981710 0.3559490
vt 0.2031730 0.3882600
vt 0.1673390 0.3638040
vt 0.1922470 0.3938310
vt 0.2664730 0.4613530
vt 0.2972250 0.4534470
vt 0.2614430 0.4290190
vt 0.2723620 0.4234560
vt 0.1430370 0.3760990
vt 0.1853440 0.4008530
vt 0.1276460 0.3915710
vt 0.1829410 0.4085980
vt 0.1222910 0.4086380
vt 0.1852100 0.4163400
vt 0.1274690 0.4257110
vt 0.1920780 0.4233450
vt 0.1429730 0.4411460
vt 0.2029870 0.4289110
vt 0.1673410 0.4534120
vt 0.2168380 0.4324790
vt 0.1981520 0.4612790
vt 0.2322090 0.4337380
vt 0.2323060 0.4640290
vt 0.2475910 0.4325630
vt 0.0020410 0.9030370
vt 0.0019320 0.9307350
vt 0.0300560 0.9307300
vt 0.0300030 0.9030520
vt 0.0020290 0.8798040
vt 0.0301810 0.8798470
vt 0.1682800 0.0357660
vt 0.2130070 0.0188050
vt 0.2081980 0.0145170
vt 0.2643160 0.0047590
vt 0.2661640 0.0095840
vt 0.3235130 0.0041990
vt 0.3222900 0.0090780
vt 0.3800990 0.0127760
vt 0.3759380 0.0172240
vt 0.4286920 0.0295880
vt 0.4220420 0.0331920
vt 0.4646940 0.0531420
vt 0.4561240 0.0555240
vt 0.4842610 0.0810810
vt 0.4746230 0.0820170
vt 0.4855630 0.1105940
vt 0.4758180 0.1100300
vt 0.4685960 0.1389250
vt 0.4596770 0.1368940
vt 0.4347850 0.1632570
vt 0.1209770 0.0879600
vt 0.1362760 0.0597160
vt 0.1272580 0.0577650
vt 0.1610000 0.0324630
vt 0.4275880 0.1599320
vt 0.3876540 0.1811980
vt 0.3828920 0.1769140
vt 0.3318030 0.1909350
vt 0.3299040 0.1861250
vt 0.2727330 0.1916390
vt 0.2738510 0.1867630
vt 0.2160050 0.1831360
vt 0.2200880 0.1786770
vt 0.1673010 0.1662260
vt 0.1739290 0.1626110
vt 0.1380150 0.1483510
vt 0.1462580 0.1456730
vt 0.1143880 0.1200610
vt 0.1239170 0.1188420
vt 0.1112010 0.0875120
vt 0.0078600 0.8505000
vt 0.0023060 0.8504240
vt 0.0021190 0.8582240
vt 0.0304310 0.8582150
vt 0.0270460 0.8504830
vt 0.1325800 0.0114650
vt 0.1318750 0.0043450
vt 0.0605680 0.0229770
vt 0.0618370 0.0407400
vt 0.0369660 0.0387680
vt 0.0280910 0.2392020
vt 0.0551710 0.2391330
vt 0.0690640 0.4386010
vt 0.0448040 0.4410830
vt 0.0589780 0.4501970
vt 0.0986260 0.4506640
vt 0.0985860 0.4432750
vt 0.8240390 0.9916480
vt 0.7787090 0.9145280
vt 0.7475400 0.9966000
vt 0.8029590 0.9087760
vt 0.8937320 0.9751170
vt 0.8224680 0.8995590
vt 0.9498000 0.9486290
vt 0.9867520 0.9147730
vt 0.9476190 0.9077970
vt 0.8351190 0.8873500
vt 0.8394400 0.8735870
vt 0.9587940 0.8704890
vt 0.8353150 0.8590290
vt 0.9516890 0.8444020
vt 0.8219260 0.8468440
vt 0.9482440 0.7971250
vt 0.8068890 0.8394020
vt 0.9050260 0.7757360
vt 0.7833290 0.8329740
vt 0.8373150 0.7572600
vt 0.7569490 0.8305000
vt 0.7615020 0.7501510
vt 0.7303320 0.8322230
vt 0.6850030 0.7551040
vt 0.7060820 0.8379750
vt 0.6153090 0.7716330
vt 0.6865740 0.8471910
vt 0.5592410 0.7981220
vt 0.6737160 0.8589710
vt 0.5222910 0.8319780
vt 0.6687690 0.8721610
vt 0.5080710 0.8698850
vt 0.6722160 0.8854700
vt 0.5179780 0.9081350
vt 0.6837180 0.8975950
vt 0.5510370 0.9429820
vt 0.7021530 0.9073490
vt 0.6040150 0.9710150
vt 0.7257120 0.9137780
vt 0.6717250 0.9894910
vt 0.7520920 0.9162510
vt 0.2526230 0.1036320
vt 0.2524490 0.0955130
vt 0.1795950 0.0912310
vt 0.1813170 0.1117640
vt 0.2584010 0.1108350
vt 0.1960050 0.1296790
vt 0.2145760 0.1414270
vt 0.2661940 0.1154800
vt 0.2454610 0.1522530
vt 0.2785500 0.1196340
vt 0.2816830 0.1578200
vt 0.2928010 0.1217560
vt 0.3195610 0.1575430
vt 0.3076310 0.1217330
vt 0.3553690 0.1513550
vt 0.3214400 0.1191890
vt 0.3856310 0.1400470
vt 0.3327440 0.1145130
vt 0.3417310 0.1087140
vt 0.4071860 0.1245250
vt 0.3463250 0.1016930
vt 0.4182200 0.1064060
vt 0.3459720 0.0942590
vt 0.4173800 0.0874370
vt 0.3410930 0.0872120
vt 0.4048000 0.0695240
vt 0.3321300 0.0812300
vt 0.3817870 0.0544770
vt 0.3198380 0.0769730
vt 0.3507470 0.0437950
vt 0.3055790 0.0747480
vt 0.3147800 0.0384300
vt 0.2906140 0.0747800
vt 0.2772350 0.0387870
vt 0.2763810 0.0771200
vt 0.2416560 0.0448730
vt 0.2640760 0.0814310
vt 0.2116980 0.0562890
vt 0.1900480 0.0723130
vt 0.2560410 0.0879780
vt 0.7546620 0.8722200
vt 0.8069560 0.8912180
vt 0.8161380 0.8822080
vt 0.8189380 0.8719420
vt 0.8150390 0.8616270
vt 0.8047450 0.8518170
vt 0.7890750 0.8448620
vt 0.7746360 0.8414830
vt 0.7546620 0.8399000
vt 0.7346870 0.8414830
vt 0.7166670 0.8460730
vt 0.7023670 0.8532240
vt 0.6931850 0.8622330
vt 0.6900210 0.8722200
vt 0.6931850 0.8822080
vt 0.7023670 0.8912180
vt 0.7166670 0.8983690
vt 0.7346870 0.9029590
vt 0.7546620 0.9045410
vt 0.7746360 0.9029590
vt 0.7926560 0.8983690
vt 0.1362760 0.0597160
vt 0.1687600 0.0674880
vt 0.1944230 0.0483980
vt 0.1682800 0.0357660
vt 0.2130070 0.0188050
vt 0.2300600 0.0347300
vt 0.2661640 0.0095840
vt 0.2724580 0.0273610
vt 0.3222900 0.0090780
vt 0.3173450 0.0268440
vt 0.3759380 0.0172240
vt 0.3604140 0.0332330
vt 0.4220420 0.0331920
vt 0.3974770 0.0459640
vt 0.4561240 0.0555240
vt 0.4248950 0.0638360
vt 0.4746230 0.0820170
vt 0.4399340 0.0851110
vt 0.4758180 0.1100300
vt 0.4410640 0.1076850
vt 0.4596770 0.1368940
vt 0.4281200 0.1293000
vt 0.4275880 0.1599320
vt 0.4025020 0.1478620
vt 0.3664760 0.1614340
vt 0.3828920 0.1769140
vt 0.3238780 0.1688330
vt 0.3299040 0.1861250
vt 0.2787230 0.1692620
vt 0.2738510 0.1867630
vt 0.2355680 0.1627080
vt 0.2200880 0.1786770
vt 0.1986030 0.1498310
vt 0.1739290 0.1626110
vt 0.1765250 0.1360090
vt 0.1462580 0.1456730
vt 0.1239170 0.1188420
vt 0.1586870 0.1145400
vt 0.1209770 0.0879600
vt 0.1563550 0.0899460
vt 0.5346710 0.9703360
vt 0.5346730 0.9978000
vt 0.5510470 0.9703360
vt 0.5510500 0.9978000
vt 0.5674240 0.9703360
vt 0.5674250 0.9978000
vt 0.3873100 0.9703440
vt 0.3873110 0.9977990
vt 0.4036800 0.9703430
vt 0.4036820 0.9977990
vt 0.4200510 0.9703420
vt 0.4200540 0.9977990
vt 0.4364240 0.9703410
vt 0.4364260 0.9977990
vt 0.4527960 0.9703400
vt 0.4527980 0.9978000
vt 0.4691690 0.9703390
vt 0.4691720 0.9978000
vt 0.4855440 0.9703380
vt 0.4855460 0.9978000
vt 0.5019200 0.9703370
vt 0.5019220 0.9978010
vt 0.5182950 0.9703360
vt 0.5182970 0.9978010
vt 0.2399970 0.9703490
vt 0.2400010 0.9977990
vt 0.2563640 0.9703490
vt 0.2563670 0.9977990
vt 0.2727320 0.9703480
vt 0.2727340 0.9977980
vt 0.2890990 0.9703480
vt 0.2891010 0.9977980
vt 0.3054670 0.9703470
vt 0.3054690 0.9977980
vt 0.3218340 0.9703470
vt 0.3218360 0.9977980
vt 0.3382030 0.9703460
vt 0.3382040 0.9977980
vt 0.3545700 0.9703450
vt 0.3545730 0.9977980
vt 0.3709390 0.9703450
vt 0.3709420 0.9977980
vt 0.0658870 0.0571770
vt 0.0658870 0.0634030
vt 0.1069110 0.0634030
vt 0.1069110 0.0571780
vt 0.0658870 0.0509770
vt 0.1069110 0.0509770
vt 0.0658870 0.1135780
vt 0.0658870 0.1198690
vt 0.1069110 0.1198690
vt 0.1069110 0.1135780
vt 0.0658870 0.1072800
vt 0.1069110 0.1072790
vt 0.0658870 0.1009780
vt 0.1069110 0.1009780
vt 0.1069110 0.0945210
vt 0.0658870 0.0945210
vt 0.1069110 0.0879830
vt 0.0658870 0.0879830
vt 0.0658870 0.0810920
vt 0.1069110 0.0810920
vt 0.0658870 0.0745880
vt 0.1069110 0.0745880
vt 0.0658870 0.0696500
vt 0.1069110 0.0696500
vt 0.0658870 0.1695000
vt 0.0658870 0.1755640
vt 0.1069110 0.1755640
vt 0.1069110 0.1695000
vt 0.0658870 0.1633970
vt 0.1069110 0.1633970
vt 0.0658870 0.1572580
vt 0.1069110 0.1572570
vt 0.0658870 0.1510860
vt 0.1069110 0.1510860
vt 0.0658870 0.1448860
vt 0.1069110 0.1448860
vt 0.0658870 0.1386600
vt 0.1069110 0.1386600
vt 0.0658870 0.1324140
vt 0.1069110 0.1324130
vt 0.0658870 0.1261480
vt 0.1069110 0.1261480
vt 0.3941500 0.9517140
vt 0.4080830 0.9586800
vt 0.4172360 0.9410500
vt 0.3852050 0.9429360
vt 0.4134380 0.9332060
vt 0.3821230 0.9332060
vt 0.3852050 0.9234760
vt 0.4172360 0.9253620
vt 0.3941500 0.9146980
vt 0.4080830 0.9077320
vt 0.4296040 0.9192750
vt 0.4256370 0.9032590
vt 0.4450980 0.9173760
vt 0.4450980 0.9017190
vt 0.4645590 0.9032590
vt 0.4605930 0.9192750
vt 0.4821140 0.9077320
vt 0.4729600 0.9253620
vt 0.4960470 0.9146980
vt 0.5049910 0.9234760
vt 0.4450980 0.9332060
vt 0.4767580 0.9332060
vt 0.4729610 0.9410500
vt 0.4605930 0.9471370
vt 0.4450980 0.9490360
vt 0.4296040 0.9471370
vt 0.5080740 0.9332060
vt 0.5049910 0.9429360
vt 0.4960470 0.9517140
vt 0.4821140 0.9586800
vt 0.4645590 0.9631520
vt 0.4450980 0.9646930
vt 0.4256370 0.9631520
vn 0.0000000 0.0000000 -0.9999999
vn -0.0352860 0.0057650 -0.9993606
vn -0.0038650 0.0006320 -0.9999923
vn -0.0374570 0.0061200 -0.9992795
vn 0.0000000 -0.3090138 0.9510574
vn 0.0000080 -0.0000170 0.9999999
vn 0.0000000 -0.1564319 0.9876886
vn 0.0000000 -0.3090138 0.9510574
vn 0.0000000 -0.5877851 0.8090171
vn 0.0000000 -0.5877851 0.8090171
vn 0.0000000 -0.8090158 0.5877868
vn 0.0000000 -0.8090158 0.5877868
vn 0.0000000 -0.9510565 0.3090168
vn 0.0000000 -0.9510565 0.3090168
vn 0.0000000 -0.9999999 -0.0000010
vn 0.0000000 -0.9999999 -0.0000010
vn 0.0000000 -0.9510567 -0.3090159
vn 0.0000000 -0.9510567 -0.3090159
vn 0.0000000 -0.8090166 -0.5877857
vn 0.0000000 -0.8090171 -0.5877851
vn 0.0000000 -0.5877908 -0.8090128
vn 0.0000000 -0.5877908 -0.8090128
vn 0.0000000 -0.3090211 -0.9510552
vn 0.0000000 -0.3090219 -0.9510548
vn 0.0000000 0.0000010 -0.9999999
vn 0.0000000 -0.0000010 -0.9999999
vn 0.0000000 0.3090202 -0.9510555
vn 0.0000000 0.3090198 -0.9510555
vn 0.0000000 0.5877908 -0.8090128
vn 0.0000000 0.5877908 -0.8090128
vn 0.0000000 0.8090171 -0.5877851
vn 0.0000000 0.8090171 -0.5877851
vn 0.0000000 0.9510567 -0.3090159
vn 0.0000000 0.9510567 -0.3090159
vn 0.0000000 0.9999999 -0.0000010
vn 0.0000000 0.9999999 -0.0000010
vn 0.0000000 0.9510565 0.3090168
vn 0.0000000 0.9510565 0.3090168
vn 0.0000000 0.8090166 0.5877857
vn 0.0000000 0.8090163 0.5877863
vn 0.0000000 0.5877839 0.8090179
vn 0.0000000 0.5877851 0.8090171
vn 0.0000000 0.3090129 0.9510577
vn 0.0000000 0.3090129 0.9510577
vn 0.0000000 0.1564319 0.9876886
vn -0.9825200 0.1258150 0.1372040
vn -0.9996809 0.0139220 0.0210720
vn -0.8853986 0.3780819 -0.2704129
vn -0.9998195 -0.0065720 -0.0178200
vn -0.8875015 0.3862208 -0.2513449
vn -0.8583260 0.4226000 -0.2910080
vn -0.8702978 0.3640549 -0.3317309
vn -0.8879491 0.4190771 -0.1895280
vn -0.9404292 0.2173200 0.2614671
vn -0.9999999 0.0000000 -0.0000000
vn -0.9999999 0.0000000 -0.0000000
vn -0.9462911 0.0298280 -0.3219370
vn -0.9408249 0.0671630 -0.3321710
vn -0.9999999 0.0000000 -0.0000000
vn -0.9377719 0.1044770 -0.3311620
vn -0.9999959 0.0027080 0.0008210
vn -0.9417114 0.1486419 -0.3018028
vn -0.9959263 0.0355180 0.0828810
vn -0.9521901 0.2179290 -0.2141050
vn -0.9578562 0.1543200 0.2422741
vn -0.9184884 0.3847768 -0.0912459
vn -0.8822833 0.4612512 -0.0939340
vn -0.8880691 0.3208490 -0.3292250
vn -0.9999037 0.0023820 -0.0136670
vn -0.8694571 0.4531121 -0.1968090
vn -0.9238335 0.1321019 -0.3592778
vn -0.9343792 0.1778460 -0.3087171
vn -0.9347061 0.2139160 -0.2838390
vn -0.9132910 0.2758500 -0.2996770
vn -0.9269996 0.0712890 -0.3682249
vn -0.9341197 0.0342080 -0.3553169
vn -0.9353041 -0.0102630 -0.3536960
vn -0.9433957 -0.0211990 -0.3309909
vn -0.9264978 -0.0459640 -0.3734819
vn -0.9094787 -0.1086440 -0.4013039
vn -0.8980330 -0.1677690 -0.4066820
vn -0.8957462 -0.2215751 -0.3854131
vn -0.8464267 -0.3114179 -0.4319498
vn -0.9079655 -0.2543769 -0.3330028
vn -0.3601910 -0.6884041 -0.6295730
vn -0.9925878 -0.0825970 -0.0891460
vn -0.8893483 -0.2680831 -0.3703931
vn -0.9121827 -0.2031899 -0.3558599
vn -0.9192092 -0.1475150 -0.3650941
vn -0.9328447 -0.0858160 -0.3499089
vn -0.9435244 -0.0350200 -0.3294471
vn -0.9483905 -0.0112740 -0.3169038
vn -0.9999999 0.0000000 -0.0000000
vn -0.9999999 0.0000000 -0.0000000
vn -0.9999999 0.0000000 -0.0000000
vn -0.9999999 0.0000000 -0.0000000
vn -0.9999999 0.0000000 -0.0000000
vn -0.9999999 0.0000000 -0.0000000
vn -0.9999999 0.0000000 -0.0000000
vn -0.9999999 0.0000000 -0.0000000
vn -0.9999999 0.0000000 -0.0000000
vn -0.9999999 0.0000000 -0.0000000
vn -0.9999999 0.0000000 -0.0000000
vn 0.6230029 0.5756639 0.5296019
vn 0.5400291 0.6942792 0.4757571
vn 0.9686141 0.1903810 0.1598180
vn 0.9560235 0.2439251 0.1628491
vn 0.6270193 0.0316250 0.7783615
vn 0.5994620 0.1083540 0.7930351
vn 0.7109331 0.0438530 0.7018911
vn 0.6952550 0.0799740 0.7143000
vn 0.5651310 0.2186800 0.7954910
vn 0.6832020 0.1687650 0.7104599
vn 0.5145288 0.3252239 0.7934036
vn 0.6603836 0.2604769 0.7043046
vn 0.4591241 0.4398501 0.7718401
vn 0.6488299 0.3568139 0.6720889
vn 0.3851050 0.5636579 0.7307419
vn 0.6391267 0.4540738 0.6207526
vn 0.2881910 0.7119820 0.6403340
vn 0.1525211 0.8259643 0.5426972
vn 0.0602620 0.8584267 0.5093838
vn 0.4589952 0.7507503 0.4750762
vn 0.9312999 0.3051940 0.1988390
vn 0.9394398 0.0330420 0.3411169
vn 0.9411758 0.0741990 0.3296700
vn 0.9998478 -0.0047040 0.0167950
vn 0.9584230 0.1717530 0.2278730
vn 0.9465314 0.1555061 0.2826591
vn 0.9424085 0.1155259 0.3138788
vn 0.9440851 0.0167680 0.3292750
vn 0.9370951 0.0032570 0.3490590
vn 0.7131770 -0.0171150 0.7007750
vn 0.9405984 -0.0338760 0.3378271
vn 0.9335507 -0.0732300 0.3508849
vn 0.9284654 -0.1272320 0.3489471
vn 0.9359467 -0.1646140 0.3112969
vn 0.9425594 -0.1888371 0.2755401
vn 0.9483922 -0.2077620 0.2395561
vn 0.9510626 -0.2186629 0.2183259
vn 0.9505074 -0.2375329 0.2002839
vn 0.9498929 -0.2606640 0.1725040
vn 0.9518574 -0.2793859 0.1261379
vn 0.9548913 -0.2836771 0.0878060
vn 0.9517621 -0.3022720 0.0527290
vn 0.9457241 -0.3249620 0.0023420
vn 0.9489481 -0.3148030 -0.0199070
vn 0.9233065 -0.3821062 -0.0387280
vn 0.7083161 -0.0973300 0.6991531
vn 0.6886582 -0.1804691 0.7022682
vn 0.6839699 -0.2781760 0.6743909
vn 0.7031137 -0.3455519 0.6214698
vn 0.7105958 -0.4167769 0.5668778
vn 0.6868951 -0.4961611 0.5310361
vn 0.6615130 -0.5457391 0.5143631
vn 0.6491946 -0.5952006 0.4735847
vn 0.6514829 -0.6446639 0.3999729
vn 0.6611520 -0.6912270 0.2916900
vn 0.6676912 -0.7160652 0.2035660
vn 0.6594886 -0.7431956 0.1128489
vn 0.6544952 -0.7559853 0.0110520
vn 0.6507243 -0.7573243 -0.0549340
vn 0.6169021 -0.7826641 -0.0828770
vn 0.4542520 -0.8881239 -0.0699350
vn 0.4556709 -0.8858888 -0.0869760
vn 0.4208969 -0.7238157 0.5467508
vn 0.4314573 -0.7723106 0.4662413
vn 0.4408510 -0.8311579 0.3388610
vn 0.4450599 -0.8645828 0.2332769
vn 0.4497517 -0.8847704 0.1220839
vn 0.4563423 -0.8897765 0.0070260
vn 0.4323719 -0.6986978 0.5699788
vn 0.4675441 -0.6751631 0.5705761
vn 0.5463990 -0.5870270 0.5973670
vn 0.5977404 -0.4224823 0.6813334
vn 0.5958267 -0.3234348 0.7351056
vn 0.5961948 -0.2344419 0.7678468
vn 0.6060608 -0.1550110 0.7801678
vn 0.6183418 -0.0732320 0.7824898
vn 0.0000000 0.0197440 -0.9998051
vn 0.0000000 0.0197460 -0.9998050
vn 0.0000000 0.0197450 -0.9998050
vn 0.0000000 0.0197430 -0.9998051
vn 0.0000000 0.6041992 0.7968333
vn 0.0000000 0.6041992 0.7968333
vn 0.0000000 0.6041992 0.7968333
vn 0.0000000 0.6041987 0.7968336
vn 0.0000000 0.8660253 0.5000002
vn 0.0000000 0.8660259 0.4999990
vn 0.0000000 0.8660255 0.4999997
vn 0.0000000 0.8660248 0.5000009
vn 0.0000000 -0.5000231 0.8660121
vn 0.0000000 -0.5000059 0.8660218
vn 0.0000000 -0.5000141 0.8660172
vn 0.0000000 -0.5000300 0.8660081
vn 0.0000000 -0.8660248 -0.5000009
vn 0.0000000 -0.8660248 -0.5000009
vn 0.0000000 -0.8660248 -0.5000009
vn 0.0000000 -0.8660241 -0.5000021
vn 0.9999999 0.0000000 -0.0000000
vn 0.9999999 0.0000000 -0.0000000
vn 0.9999999 0.0000000 -0.0000000
vn 0.9999999 0.0000000 -0.0000000
vn -0.9790720 -0.1017610 0.1762460
vn -0.9790714 -0.1017580 0.1762511
vn -0.9790716 -0.1017580 0.1762499
vn -0.9790721 -0.1017620 0.1762450
vn 0.0000000 0.0000000 -0.9999999
vn 0.0000000 0.0000000 -0.9999999
vn 0.0000000 0.0000000 -0.9999999
vn 0.0000000 0.0000000 -0.9999999
vn 0.0000000 0.9999999 0.0000110
vn 0.0000000 0.9999999 0.0000110
vn 0.0000000 0.9999999 0.0000110
vn 0.0000000 0.9999999 0.0000110
vn 0.0000000 0.0000000 0.9999999
vn 0.0000000 0.0000000 0.9999999
vn 0.0000000 0.0000000 0.9999999
vn 0.0000000 0.0000000 0.9999999
vn 0.9999999 0.0000000 -0.0000000
vn 0.9999999 0.0000000 0.0000020
vn 0.9999999 0.0000000 0.0000020
vn 0.9999999 0.0000000 -0.0000000
vn -0.9790714 0.2035171 0.0000040
vn -0.9790716 0.2035159 0.0000010
vn -0.9790716 0.2035161 0.0000020
vn -0.9790714 0.2035171 0.0000040
vn 0.0000000 -0.8660241 0.5000021
vn 0.0000000 -0.8660241 0.5000021
vn 0.0000000 -0.8660241 0.5000021
vn 0.0000000 -0.8660241 0.5000021
vn 0.0000000 -0.5000091 -0.8660201
vn 0.0000000 -0.5000249 -0.8660110
vn 0.0000000 -0.5000179 -0.8660150
vn 0.0000000 -0.5000021 -0.8660241
vn 0.0000000 0.8660259 -0.4999990
vn 0.0000000 0.8660259 -0.4999990
vn 0.0000000 0.8660259 -0.4999990
vn 0.0000000 0.8660278 -0.4999959
vn 0.9999999 0.0000000 -0.0000020
vn 0.9999999 0.0000000 0.0000010
vn 0.9999999 0.0000000 -0.0000000
vn 0.9999999 0.0000000 -0.0000020
vn -0.9790705 -0.1017630 -0.1762529
vn -0.9790725 -0.1017501 -0.1762501
vn -0.9790719 -0.1017530 -0.1762510
vn -0.9790700 -0.1017660 -0.1762540
vn 0.0000000 -0.6744372 0.7383322
vn 0.0000000 -0.6744341 0.7383351
vn 0.0000000 -0.6744351 0.7383341
vn 0.0000000 -0.6744387 0.7383307
vn 0.0000000 0.4791889 -0.8777118
vn 0.0000000 0.4791889 -0.8777118
vn 0.0000000 0.4791889 -0.8777118
vn 0.0000000 0.4791889 -0.8777118
vn -0.9999999 0.0000000 -0.0000000
vn -0.9999999 0.0000000 -0.0000000
vn -0.9999999 0.0000000 -0.0000000
vn -0.9999999 0.0000000 -0.0000000
vn -0.9999999 0.0000000 -0.0000010
vn -0.9999999 0.0000000 -0.0000000
vn -0.9999999 0.0000000 -0.0000000
vn -0.9999999 0.0000000 -0.0000000
vn -0.9999999 0.0000000 -0.0000000
vn -0.9999999 0.0000000 -0.0000000
vn -0.9999999 0.0000000 -0.0000000
vn -0.9999999 0.0000000 -0.0000000
vn -0.9999999 0.0000000 -0.0000000
vn -0.8933988 0.4315449 -0.1249300
vn -0.8976283 0.4349391 -0.0713540
vn -0.8767843 0.4717831 -0.0931130
vn -0.8798786 0.4542678 -0.1394779
vn -0.8930892 0.4140501 -0.1759380
vn -0.8754248 0.4832749 -0.0087550
vn -0.9018973 0.4319352 -0.0036350
vn -0.8912572 0.4520151 0.0366460
vn -0.8988213 0.4374661 0.0272660
vn -0.8683471 0.4945741 0.0370100
vn -0.9375348 0.3473649 0.0191310
vn -0.9999734 -0.0011700 -0.0072010
vn -0.9999995 0.0000270 -0.0010210
vn -0.9999999 0.0000000 -0.0000000
vn -0.9999999 0.0000000 -0.0000000
vn -0.9999999 0.0000000 -0.0000000
vn -0.9999999 0.0000000 -0.0000000
vn -0.9995999 -0.0227110 -0.0168530
vn -0.9994821 -0.0320880 -0.0024110
vn -0.3092900 -0.8013781 -0.5119891
vn -0.3380248 -0.7682046 -0.5436917
vn -0.3027221 -0.8037642 -0.5121741
vn -0.3024360 -0.8349360 -0.4597980
vn -0.3041841 -0.8348813 -0.4587432
vn 0.0000000 -0.1564550 0.9876851
vn 0.0000070 -0.3089401 0.9510815
vn 0.0000000 -0.0000010 0.9999999
vn 0.0000000 0.0000000 0.9999999
vn 0.0000000 0.2930679 0.9560916
vn 0.0000000 0.2930669 0.9560918
vn 0.0000000 0.5495788 0.8354418
vn 0.0000000 0.5495770 0.8354430
vn 0.0000000 0.7875146 0.6162958
vn 0.0000000 0.7875139 0.6162969
vn 0.0000000 0.9444072 0.3287781
vn 0.0000000 0.9444072 0.3287781
vn 0.0000000 0.9996720 0.0256090
vn 0.0000000 0.9996720 0.0256090
vn 0.0000000 0.9543185 -0.2987908
vn 0.0000000 0.9543185 -0.2987908
vn 0.0000000 0.8090136 -0.5877897
vn 0.0000000 0.8090136 -0.5877897
vn 0.0000000 0.5877851 -0.8090171
vn 0.0000000 0.5877863 -0.8090163
vn 0.0000000 0.4539779 -0.8910128
vn 0.0000080 0.3090830 -0.9510350
vn 0.0000000 0.1564410 -0.9876872
vn 0.0000000 -0.0000010 -0.9999999
vn 0.0000000 0.0000000 -0.9999999
vn 0.0000000 -0.3090138 -0.9510574
vn 0.0000000 -0.3090120 -0.9510581
vn 0.0000000 -0.5877851 -0.8090171
vn 0.0000000 -0.5877839 -0.8090179
vn 0.0000000 -0.8090171 -0.5877851
vn 0.0000000 -0.8090171 -0.5877851
vn 0.0000000 -0.9510512 -0.3090331
vn 0.0000000 -0.9510512 -0.3090331
vn 0.0000000 -0.9999999 0.0000020
vn 0.0000000 -0.9999999 0.0000020
vn 0.0000000 -0.9510528 0.3090279
vn 0.0000000 -0.9510528 0.3090279
vn 0.0000000 -0.8090136 0.5877897
vn 0.0000000 -0.8090149 0.5877879
vn 0.0000000 -0.5877758 0.8090237
vn 0.0000000 -0.5877770 0.8090230
vn 0.0000000 -0.4539727 0.8910154
vn 0.0000000 -0.5877868 -0.8090158
vn 0.0000000 -0.8090158 -0.5877868
vn 0.0000000 -0.8090158 -0.5877868
vn 0.0000000 -0.5877868 -0.8090158
vn 0.0000000 -0.3090180 -0.9510561
vn 0.0000000 -0.3090180 -0.9510561
vn 0.0000000 -0.0000010 -0.9999999
vn 0.0000000 -0.0000010 -0.9999999
vn 0.0000000 0.3090172 -0.9510565
vn 0.0000000 0.3090172 -0.9510565
vn 0.0000000 0.5877873 -0.8090155
vn 0.0000000 0.5877868 -0.8090158
vn 0.0000000 0.8090163 -0.5877863
vn 0.0000000 0.8090163 -0.5877863
vn 0.0000000 0.9510533 -0.3090270
vn 0.0000000 0.9510533 -0.3090270
vn 0.0000000 0.9876862 -0.1564481
vn 0.0000000 0.9876862 -0.1564481
vn 0.0000000 0.2930709 0.9560906
vn 0.0000000 0.4239389 0.9056907
vn 0.0000000 0.4239381 0.9056911
vn 0.0000000 0.2930709 0.9560906
vn 0.0000000 -0.0000010 0.9999999
vn 0.0000000 -0.0000010 0.9999999
vn 0.0000000 -0.3090202 0.9510555
vn 0.0000000 -0.3090211 0.9510552
vn 0.0000000 -0.5877827 0.8090187
vn 0.0000000 -0.5877827 0.8090187
vn 0.0000000 -0.8090141 0.5877891
vn 0.0000000 -0.8090136 0.5877897
vn 0.0000000 -0.9510538 0.3090249
vn 0.0000000 -0.9510538 0.3090249
vn 0.0000000 -0.9999999 -0.0000000
vn 0.0000000 -0.9999999 -0.0000000
vn 0.0000000 -0.9510536 -0.3090259
vn 0.0000000 -0.9510536 -0.3090259
vn 0.0000000 -0.9096525 -0.4153698
vn 0.0000000 -0.9290734 -0.3698952
vn 0.0000000 -0.9290734 -0.3698952
vn 0.0000000 -0.9096525 -0.4153698
vn 0.0000000 -0.9441434 -0.3295351
vn 0.0000000 -0.9441434 -0.3295351
vn 0.0000000 -0.9812756 -0.1926089
vn 0.0000000 -0.9812756 -0.1926089
vn 0.0000000 0.5877851 -0.8090171
vn 0.0000000 0.5877868 -0.8090158
vn 0.0000000 0.3090180 -0.9510561
vn 0.0000000 0.3090180 -0.9510561
vn 0.0000000 0.0000000 -0.9999999
vn 0.0000000 -0.0000020 -0.9999999
vn 0.0000000 -0.3090180 -0.9510561
vn 0.0000000 -0.3090202 -0.9510555
vn 0.0000030 -0.5880688 -0.8088108
vn 0.0000000 -0.5877851 -0.8090171
vn 0.0000000 -0.7071083 -0.7071052
vn 0.0000000 -0.7071057 -0.7071077
vn 0.0000000 -0.8910038 -0.4539959
vn 0.0000000 -0.8910038 -0.4539959
vn 0.0000000 -0.9510538 -0.3090249
vn 0.0000000 -0.9510538 -0.3090249
vn 0.0000000 -0.9969174 0.0784580
vn 0.0000000 -0.9969174 0.0784580
vn 0.0000000 -0.8090136 0.5877897
vn 0.0000000 -0.8090136 0.5877897
vn 0.0000000 -0.3090150 0.9510571
vn 0.0000000 -0.3090150 0.9510571
vn 0.0000000 0.3090150 0.9510571
vn 0.0000000 0.3090150 0.9510571
vn 0.0000000 0.8090133 0.5877903
vn 0.0000000 0.8090133 0.5877903
vn 0.0000000 0.9999999 -0.0000000
vn 0.0000000 0.9999999 -0.0000000
vn 0.0000000 0.8526380 -0.5225020
vn 0.0000000 0.8526387 -0.5225008
vn 0.9999999 0.0000000 -0.0000000
vn 0.9999999 0.0000000 -0.0000000
vn 0.9999999 0.0000000 -0.0000000
vn 0.9999999 0.0000000 -0.0000000
vn 0.9999999 0.0000000 -0.0000000
vn 0.9999999 0.0000000 -0.0000000
vn 0.9999999 0.0000000 -0.0000000
vn 0.9999999 0.0000000 -0.0000000
vn 0.9999999 0.0000000 -0.0000000
vn 0.9999999 0.0000000 -0.0000000
vn 0.9999999 0.0000000 -0.0000000
vn 0.9999999 0.0000000 -0.0000000
vn 0.9999999 0.0000000 -0.0000000
vn 0.9999999 0.0000000 -0.0000000
vn 0.9999999 0.0000000 -0.0000000
vn 0.9969880 -0.0531360 -0.0564930
vn 0.9991835 -0.0205510 -0.0347820
vn 0.9901331 -0.1325690 -0.0454070
vn 0.9945937 0.0020510 -0.1038220
vn 0.9961608 -0.0753570 -0.0445520
vn 0.9981478 -0.0525130 -0.0307100
vn 0.9952387 -0.0758200 -0.0612460
vn 0.9734070 -0.1384110 -0.1825410
vn 0.9999999 0.0000000 -0.0000000
vn 0.9999999 0.0000000 -0.0000000
vn 0.9999999 0.0000000 -0.0000000
vn 0.9999999 0.0000000 -0.0000000
vn 0.9999999 0.0000000 -0.0000000
vn 0.9999999 0.0000000 -0.0000000
vn 0.9999999 0.0000000 -0.0000000
vn 0.9999999 0.0000000 -0.0000000
vn 0.9999999 0.0000000 -0.0000000
vn 0.9999999 0.0000000 -0.0000000
vn 0.9999999 0.0000000 -0.0000000
vn 0.9999999 0.0000000 -0.0000000
vn 0.9999999 0.0000000 -0.0000000
vn 0.9999999 0.0000000 -0.0000000
vn 0.9999999 0.0000000 -0.0000000
vn 0.9999999 0.0000000 -0.0000000
vn 0.9999999 0.0000000 -0.0000000
vn 0.9999999 0.0000000 -0.0000000
vn 0.0168370 0.9926466 0.1198709
vn 0.0000000 0.9999614 0.0087740
vn 0.0094550 0.9998307 0.0157770
vn 0.0213200 0.9916901 0.1268710
vn 0.0193820 0.9371351 0.3484280
vn 0.0133680 0.9401027 0.3406289
vn 0.0119870 0.8861574 0.4632292
vn 0.0000000 0.8967028 0.4426329
vn 0.9999999 0.0000000 -0.0000000
vn 0.9999999 0.0000000 -0.0000000
vn 0.9999999 0.0000000 -0.0000000
vn 0.9999999 0.0000000 -0.0000000
vn 0.9999999 0.0000000 -0.0000000
vn 0.9999999 0.0000000 -0.0000000
vn 0.9999999 0.0000000 -0.0000000
vn 0.9999999 0.0000000 -0.0000000
vn 0.9999999 0.0000000 -0.0000000
vn 0.9999999 0.0000000 -0.0000000
vn 0.9999999 0.0000000 -0.0000000
vn 0.9999999 0.0000000 -0.0000000
vn 0.9999999 0.0000000 -0.0000000
vn 0.9999999 0.0000000 -0.0000000
vn 0.9999999 0.0000000 -0.0000000
vn 0.9999999 0.0000000 -0.0000000
vn 0.9999999 0.0000000 -0.0000000
vn 0.9999999 0.0000000 -0.0000000
vn 0.9999999 0.0000000 -0.0000000
vn 0.9999999 0.0000000 -0.0000000
vn 0.9999999 0.0000000 -0.0000000
vn 0.9999999 0.0000000 -0.0000000
vn 0.9999999 0.0000000 -0.0000000
vn 0.9999999 0.0000000 -0.0000000
vn 0.9999999 0.0000000 -0.0000000
vn 0.9999999 0.0000000 -0.0000000
vn 0.9999999 0.0000000 -0.0000000
vn 0.9999999 0.0000000 -0.0000000
vn 0.9999999 0.0000000 -0.0000000
vn 0.9999999 0.0000000 -0.0000000
vn 0.9999999 0.0000000 -0.0000000
vn 0.9999999 0.0000000 -0.0000000
vn 0.9999999 0.0000000 -0.0000000
vn 0.9999999 0.0000000 -0.0000000
vn 0.9999999 0.0000000 -0.0000000
vn 0.9999999 0.0000000 -0.0000000
vn 0.9999999 0.0000000 -0.0000000
vn 0.9999999 0.0000000 -0.0000000
vn 0.9999999 0.0000000 -0.0000000
vn 0.9999999 0.0000000 -0.0000000
vn 0.0000000 0.8140777 0.5807558
vn 0.0000000 0.8761739 0.4819950
vn 0.0000000 0.8761739 0.4819950
vn 0.0000000 0.8140777 0.5807558
vn 0.0000000 0.7409011 0.6716141
vn 0.0000000 0.7409006 0.6716146
vn 0.0000000 0.9543182 -0.2987921
vn 0.0000000 0.8090158 -0.5877868
vn 0.0000000 0.8090158 -0.5877868
vn 0.0000000 0.5877891 -0.8090141
vn 0.0000000 0.5877891 -0.8090141
vn 0.0000000 0.3090159 -0.9510567
vn 0.0000000 0.3090150 -0.9510571
vn 0.0000000 0.0000000 -0.9999999
vn 0.0000000 -0.0000010 -0.9999999
vn 0.0000000 -0.3090159 -0.9510567
vn 0.0000000 -0.3090159 -0.9510567
vn 0.0000000 -0.5877879 -0.8090149
vn 0.0000000 -0.5877879 -0.8090149
vn 0.0000000 -0.8090179 -0.5877839
vn 0.0000000 -0.8090179 -0.5877839
vn 0.0000000 -0.9510509 -0.3090340
vn 0.0000000 -0.9510509 -0.3090340
vn 0.0000000 -0.9999999 0.0000010
vn 0.0000000 -0.9999999 0.0000010
vn 0.0000000 -0.9510525 0.3090288
vn 0.0000000 0.9444055 0.3287828
vn 0.0000000 0.9996720 0.0256080
vn 0.0000000 0.9996720 0.0256080
vn 0.0000000 0.9543182 -0.2987921
vn 0.0000000 -0.9510525 0.3090288
vn 0.0000000 -0.8090141 0.5877891
vn 0.0000000 -0.8090141 0.5877891
vn 0.0000000 -0.5877787 0.8090217
vn 0.0000000 -0.5877787 0.8090217
vn 0.0000000 -0.3090180 0.9510561
vn 0.0000000 -0.3090180 0.9510561
vn 0.0000000 0.0000000 0.9999999
vn 0.0000000 0.0000000 0.9999999
vn 0.0000000 0.2930679 0.9560916
vn 0.0000000 0.2930669 0.9560918
vn 0.0000000 0.5495812 0.8354403
vn 0.0000000 0.5495807 0.8354405
vn 0.0000000 0.7875146 0.6162958
vn 0.0000000 0.7875143 0.6162963
vn 0.0000000 0.9444058 0.3287819
vn 0.0000000 -0.7303389 0.6830849
vn 0.0000000 -0.7303379 0.6830859
vn 0.0000000 -0.7303399 0.6830839
vn 0.0000000 -0.7303394 0.6830844
vn 0.0000000 -0.7303379 0.6830859
vn -0.1956501 0.5425922 -0.8168933
vn -0.2026110 0.5635879 -0.8008229
vn -0.1558491 0.4453542 -0.8816863
vn -0.1434820 0.3959152 -0.9070083
vn -0.1421410 0.3823411 -0.9130231
vn 0.0040040 0.3652060 -0.9309181
vn 0.0067720 0.3650798 -0.9309515
vn 0.0147140 0.4866622 -0.8734663
vn 0.0134520 0.4675829 -0.8838468
vn 0.0059580 0.5430610 -0.8396720
vn 0.0083120 0.5313688 -0.8470998
vn 0.0025230 0.5253978 -0.8508528
vn -0.9999999 0.0000000 -0.0000000
vn -0.9999999 0.0000000 -0.0000000
vn -0.9999999 0.0000000 -0.0000000
vn -0.9999999 0.0000000 -0.0000000
vn -0.9999999 0.0000000 -0.0000000
vn -0.9999999 0.0000000 -0.0000000
vn -0.9999999 0.0000000 -0.0000000
vn -0.9999999 0.0000000 -0.0000000
vn -0.9999999 0.0000000 -0.0000000
vn -0.9999999 0.0000000 -0.0000000
vn -0.9999999 0.0000000 -0.0000000
vn -0.9999999 0.0000000 -0.0000000
vn -0.9999999 0.0000000 -0.0000000
vn -0.9999999 0.0000000 -0.0000000
vn -0.9999999 0.0000000 -0.0000000
vn -0.9999999 0.0000000 -0.0000000
vn -0.9999999 0.0000000 -0.0000000
vn -0.9999999 0.0000000 -0.0000000
vn -0.9999999 0.0000000 -0.0000000
vn -0.9999999 0.0000000 -0.0000000
vn -0.9999999 0.0000000 -0.0000000
vn -0.9999999 0.0000000 -0.0000000
vn -0.9999999 0.0000000 -0.0000000
vn -0.9999999 0.0000000 -0.0000000
vn -0.9999999 0.0000000 -0.0000000
vn -0.9999999 0.0000000 -0.0000000
vn -0.9999999 0.0000000 -0.0000000
vn -0.9999999 0.0000000 -0.0000000
vn -0.9999999 0.0000000 -0.0000000
vn -0.9999999 0.0000000 -0.0000000
vn -0.9999999 0.0000000 -0.0000000
vn -0.9999999 0.0000000 -0.0000000
vn -0.9999999 0.0000000 -0.0000000
vn -0.9999999 0.0000000 -0.0000000
vn -0.9999999 0.0000000 -0.0000000
vn -0.9999999 0.0000000 -0.0000000
vn -0.9999999 0.0000000 -0.0000000
vn -0.9999999 0.0000000 -0.0000000
vn -0.9999999 0.0000000 -0.0000000
vn -0.9999999 0.0000000 -0.0000000
vn -0.9999999 0.0000000 -0.0000000
vn -0.9999999 0.0000000 -0.0000000
vn -0.9999999 0.0000000 -0.0000000
vn -0.9999999 0.0000000 -0.0000000
vn -0.9999999 0.0000000 -0.0000000
vn -0.9999999 0.0000000 -0.0000000
vn -0.9999999 0.0000000 -0.0000000
vn -0.9999999 0.0000000 -0.0000000
vn -0.9999999 0.0000000 -0.0000000
vn -0.9999999 0.0000000 -0.0000000
vn -0.9999999 0.0000000 -0.0000000
vn -0.9999999 0.0000000 -0.0000000
vn -0.9999999 0.0000000 -0.0000000
vn -0.9999999 0.0000000 -0.0000000
vn -0.9999999 0.0000000 -0.0000000
vn -0.9999999 0.0000000 -0.0000000
vn -0.9999999 0.0000000 -0.0000000
vn -0.9999999 0.0000000 -0.0000000
vn -0.9999999 0.0000000 -0.0000000
vn -0.9999999 0.0000000 -0.0000000
vn -0.9999999 0.0000000 -0.0000000
vn -0.9999999 0.0000000 -0.0000000
vn -0.9999999 0.0000000 -0.0000000
vn -0.9999999 0.0000000 -0.0000000
vn -0.9999999 0.0000000 -0.0000000
vn -0.9999999 0.0000000 -0.0000010
vn -0.9999999 0.0000000 -0.0000000
vn -0.9999999 0.0000000 -0.0000000
vn -0.9999999 0.0000000 -0.0000000
vn -0.9999999 0.0000000 -0.0000000
vn -0.9999999 0.0000000 -0.0000000
vn -0.9999999 0.0000000 -0.0000000
vn -0.9999999 0.0000000 -0.0000000
vn -0.9999999 0.0000000 -0.0000000
vn -0.9999999 0.0000000 -0.0000000
vn -0.9999999 0.0000000 -0.0000000
vn -0.9999999 0.0000000 -0.0000000
vn -0.9999999 0.0000000 -0.0000000
vn -0.9999999 0.0000000 -0.0000000
vn -0.9999999 0.0000000 -0.0000000
vn -0.9999999 0.0000000 -0.0000000
vn -0.9999999 0.0000000 -0.0000000
vn -0.9999999 0.0000000 0.0000010
vn -0.9999999 0.0000000 -0.0000000
vn -0.9999999 0.0000000 -0.0000000
vn -0.9999999 0.0000000 -0.0000000
vn -0.9999999 0.0000000 -0.0000010
vn -0.9999999 0.0000000 -0.0000010
vn -0.9999999 0.0000000 -0.0000000
vn -0.9999999 0.0000000 -0.0000000
vn -0.9999999 0.0000000 -0.0000000
vn -0.9999999 0.0000000 -0.0000000
vn -0.9999999 0.0000000 0.0000010
vn -0.9999999 0.0000000 -0.0000010
vn -0.9999999 0.0000000 -0.0000000
vn -0.9999999 0.0000000 0.0000010
vn -0.9999999 0.0000000 -0.0000010
vn -0.9999999 0.0000000 -0.0000000
vn -0.9999999 0.0000000 -0.0000000
vn -0.9999999 0.0000000 -0.0000000
vn -0.9999999 0.0000000 -0.0000000
vn -0.9999999 0.0000000 0.0000010
vn -0.9997258 0.0234060 0.0005640
vn -0.9997258 0.0234050 0.0006470
vn -0.9997288 0.0222290 -0.0069290
vn -0.9997288 0.0222140 -0.0069770
vn -0.9997287 0.0188460 -0.0136880
vn -0.9997287 0.0188410 -0.0136940
vn -0.9997284 0.0137030 -0.0188530
vn -0.9997284 0.0136940 -0.0188590
vn -0.9997278 0.0072130 -0.0221820
vn -0.9997278 0.0072010 -0.0221860
vn -0.9997275 0.0000060 -0.0233450
vn -0.9997275 -0.0000080 -0.0233450
vn -0.9997270 -0.0072150 -0.0222240
vn -0.9997270 -0.0072270 -0.0222200
vn -0.9997265 -0.0137410 -0.0189200
vn -0.9997266 -0.0137500 -0.0189140
vn -0.9997262 -0.0189280 -0.0137560
vn -0.9997262 -0.0189320 -0.0137490
vn -0.9997260 -0.0222610 -0.0072350
vn -0.9997260 -0.0222630 -0.0072310
vn -0.9997258 -0.0234110 -0.0000000
vn -0.9997258 -0.0234110 -0.0000000
vn -0.9997260 -0.0222610 0.0072350
vn -0.9997260 -0.0222630 0.0072310
vn -0.9997262 -0.0189320 0.0137490
vn -0.9997262 -0.0189280 0.0137560
vn -0.9997265 -0.0137500 0.0189140
vn -0.9997265 -0.0137410 0.0189210
vn -0.9997270 -0.0072270 0.0222200
vn -0.9997270 -0.0072150 0.0222240
vn -0.9997275 -0.0000080 0.0233450
vn -0.9997275 0.0000060 0.0233450
vn -0.9997277 0.0067930 0.0223190
vn -0.9997277 0.0068710 0.0222940
vn -0.9997281 0.0128500 0.0194540
vn -0.9997281 0.0127840 0.0194960
vn -0.9997283 0.0183320 0.0143990
vn -0.9997283 0.0183940 0.0143220
vn -0.9997234 0.0222110 0.0077360
vn -0.9997234 0.0222140 0.0077290
vn 0.0000000 -0.9510571 0.3090150
vn 0.0000000 -0.9510571 0.3090150
vn 0.0000000 -0.8090141 0.5877891
vn 0.0000000 -0.8090158 0.5877868
vn 0.0000000 -0.7070977 0.7071157
vn 0.0000000 -0.7071022 0.7071112
vn 0.0000000 0.8090166 -0.5877857
vn 0.0000000 0.8090158 -0.5877868
vn 0.0000000 0.5877891 -0.8090141
vn 0.0000000 0.5877863 -0.8090163
vn 0.0000000 0.3090172 -0.9510565
vn 0.0000000 0.3090172 -0.9510565
vn 0.0000000 0.0000000 -0.9999999
vn 0.0000000 0.0000000 -0.9999999
vn 0.0000000 -0.3090180 -0.9510561
vn 0.0000000 -0.3090180 -0.9510561
vn 0.0000000 -0.5877851 -0.8090171
vn 0.0000000 -0.5877868 -0.8090158
vn 0.0000000 -0.8090163 -0.5877863
vn 0.0000000 -0.8090171 -0.5877851
vn 0.0000000 -0.9510561 -0.3090180
vn 0.0000000 -0.9510555 -0.3090198
vn 0.0000000 -0.9999999 0.0000010
vn 0.0000000 -0.9999999 -0.0000000
vn 0.0000000 -0.4539871 0.8910083
vn 0.0000000 -0.4539951 0.8910043
vn 0.0000000 -0.3090159 0.9510567
vn 0.0000000 -0.3090159 0.9510567
vn 0.0000000 -0.0000050 0.9999999
vn 0.0000000 0.0000040 0.9999999
vn 0.0000000 0.3090159 0.9510567
vn 0.0000000 0.3090159 0.9510567
vn 0.0000000 0.5877863 0.8090163
vn 0.0000000 0.5877799 0.8090209
vn 0.0000000 0.8090158 0.5877868
vn 0.0000000 0.8090136 0.5877897
vn 0.0000000 0.9510571 0.3090150
vn 0.0000000 0.9510571 0.3090150
vn 0.0000000 0.9999999 -0.0000000
vn 0.0000000 0.9999999 0.0000010
vn 0.0000000 0.9510558 -0.3090189
vn 0.0000000 0.9510565 -0.3090172
vn -0.0766550 -0.3081399 0.9482476
vn -0.0767210 -0.0000220 0.9970525
vn -0.0767200 0.0000200 0.9970526
vn -0.0766590 -0.3081019 0.9482597
vn -0.0756870 -0.4526891 0.8884503
vn -0.0756910 -0.4526890 0.8884500
vn -0.0768470 0.5860323 -0.8066354
vn -0.0767870 0.3080858 -0.9482545
vn -0.0767870 0.3081180 -0.9482442
vn -0.0768470 0.5860567 -0.8066176
vn -0.0768960 0.8066128 -0.5860568
vn -0.0768930 0.8066226 -0.5860438
vn -0.0769240 0.9515158 -0.2978259
vn -0.0769260 0.9514668 -0.2979819
vn -0.0765040 0.9967456 0.0253990
vn -0.0765000 0.9967392 0.0256650
vn -0.0761540 0.9416606 0.3278348
vn -0.0761580 0.9416668 0.3278159
vn -0.0768370 0.7852850 0.6143480
vn -0.0768340 0.7850903 0.6145973
vn -0.0768260 0.5480717 0.8328956
vn -0.0768270 0.5478598 0.8330348
vn -0.0767770 0.2920888 0.9533044
vn -0.0767750 0.2923411 0.9532272
vn -0.0765500 -0.8066458 0.5860568
vn -0.0756330 -0.7050829 0.7050799
vn -0.0756320 -0.7050839 0.7050789
vn -0.0765470 -0.8066292 0.5860801
vn -0.0765200 -0.9482654 0.3081191
vn -0.0765170 -0.9482605 0.3081352
vn -0.0765080 -0.9970689 0.0000020
vn -0.0765120 -0.9970686 0.0000020
vn -0.0765170 -0.9482666 -0.3081159
vn -0.0765210 -0.9482607 -0.3081329
vn -0.0765470 -0.8066452 -0.5860581
vn -0.0765460 -0.8066322 -0.5860761
vn -0.0765940 -0.5860671 -0.8066341
vn -0.0765940 -0.5860451 -0.8066501
vn -0.0766540 -0.3081309 -0.9482507
vn -0.0766560 -0.3080848 -0.9482655
vn -0.0767210 -0.0000200 -0.9970525
vn -0.0767210 0.0000220 -0.9970525
vn 0.9685036 0.1999799 -0.1483529
vn 0.9686236 0.1479299 -0.1997119
vn 0.9899002 0.1229830 -0.0705170
vn 0.9683014 0.2380161 -0.0757690
vn 0.9902614 0.1392210 -0.0000000
vn 0.9686341 0.2484910 -0.0000000
vn 0.9683014 0.2380158 0.0757679
vn 0.9899001 0.1229840 0.0705170
vn 0.9685045 0.1999771 0.1483521
vn 0.9686238 0.1479290 0.1997120
vn 0.9899960 0.0694090 0.1228420
vn 0.9683817 0.0758520 0.2376619
vn 0.9902537 0.0000000 0.1392750
vn 0.9686341 0.0000000 0.2484910
vn 0.9683822 -0.0758520 0.2376601
vn 0.9899961 -0.0694080 0.1228420
vn 0.9686244 -0.1479271 0.1997111
vn 0.9899004 -0.1229820 0.0705170
vn 0.9685047 -0.1999759 0.1483510
vn 0.9683011 -0.2380170 0.0757680
vn 0.9999999 0.0000000 -0.0000000
vn 0.9902614 -0.1392199 -0.0000000
vn 0.9899002 -0.1229830 -0.0705180
vn 0.9899958 -0.0694090 -0.1228430
vn 0.9902534 0.0000000 -0.1392759
vn 0.9899960 0.0694090 -0.1228420
vn 0.9686338 -0.2484920 -0.0000000
vn 0.9683011 -0.2380170 -0.0757680
vn 0.9685044 -0.1999781 -0.1483511
vn 0.9686240 -0.1479290 -0.1997110
vn 0.9683816 -0.0758540 -0.2376619
vn 0.9686341 0.0000000 -0.2484910
vn 0.9683818 0.0758530 -0.2376610
usemtl ove9000_saw_protection_diffuse
f 5824/5824/5824 5827/5827/5827 5837/5837/5837
f 5821/5821/5821 5824/5824/5824 5837/5837/5837
f 5819/5819/5819 5821/5821/5821 5837/5837/5837
f 5842/5842/5842 5819/5819/5819 5837/5837/5837
f 5819/5819/5819 5842/5842/5842 5818/5818/5818
f 5842/5842/5842 5849/5849/5849 5818/5818/5818
f 5841/5841/5841 5849/5849/5849 5842/5842/5842
f 5841/5841/5841 5848/5848/5848 5849/5849/5849
f 5841/5841/5841 5847/5847/5847 5848/5848/5848
f 5841/5841/5841 5840/5840/5840 5847/5847/5847
f 5840/5840/5840 5846/5846/5846 5847/5847/5847
f 5839/5839/5839 5846/5846/5846 5840/5840/5840
f 5839/5839/5839 5845/5845/5845 5846/5846/5846
f 5839/5839/5839 5844/5844/5844 5845/5845/5845
f 5838/5838/5838 5844/5844/5844 5839/5839/5839
f 5838/5838/5838 5843/5843/5843 5844/5844/5844
f 5838/5838/5838 5836/5836/5836 5843/5843/5843
f 5838/5838/5838 5834/5834/5834 5836/5836/5836
f 5841/5841/5841 5842/5842/5842 5837/5837/5837
f 5840/5840/5840 5841/5841/5841 5837/5837/5837
f 5839/5839/5839 5840/5840/5840 5837/5837/5837
f 5837/5837/5837 5838/5838/5838 5839/5839/5839
f 5834/5834/5834 5838/5838/5838 5837/5837/5837
f 5832/5832/5832 5834/5834/5834 5837/5837/5837
f 5829/5829/5829 5832/5832/5832 5837/5837/5837
f 5827/5827/5827 5829/5829/5829 5837/5837/5837
f 5834/5834/5834 5835/5835/5835 5836/5836/5836
f 5834/5834/5834 5833/5833/5833 5835/5835/5835
f 5834/5834/5834 5832/5832/5832 5833/5833/5833
f 5832/5832/5832 5831/5831/5831 5833/5833/5833
f 5829/5829/5829 5831/5831/5831 5832/5832/5832
f 5829/5829/5829 5830/5830/5830 5831/5831/5831
f 5829/5829/5829 5828/5828/5828 5830/5830/5830
f 5829/5829/5829 5827/5827/5827 5828/5828/5828
f 5827/5827/5827 5826/5826/5826 5828/5828/5828
f 5824/5824/5824 5826/5826/5826 5827/5827/5827
f 5824/5824/5824 5825/5825/5825 5826/5826/5826
f 5824/5824/5824 5823/5823/5823 5825/5825/5825
f 5821/5821/5821 5823/5823/5823 5824/5824/5824
f 5821/5821/5821 5822/5822/5822 5823/5823/5823
f 5821/5821/5821 5820/5820/5820 5822/5822/5822
f 5821/5821/5821 5819/5819/5819 5820/5820/5820
f 5819/5819/5819 5817/5817/5817 5820/5820/5820
f 5819/5819/5819 5818/5818/5818 5817/5817/5817
f 5816/5816/5816 5782/5782/5782 5783/5783/5783
f 5816/5816/5816 5815/5815/5815 5782/5782/5782
f 5814/5814/5814 5815/5815/5815 5816/5816/5816
f 5814/5814/5814 5813/5813/5813 5815/5815/5815
f 5812/5812/5812 5813/5813/5813 5814/5814/5814
f 5812/5812/5812 5811/5811/5811 5813/5813/5813
f 5810/5810/5810 5811/5811/5811 5812/5812/5812
f 5810/5810/5810 5809/5809/5809 5811/5811/5811
f 5808/5808/5808 5809/5809/5809 5810/5810/5810
f 5808/5808/5808 5807/5807/5807 5809/5809/5809
f 5806/5806/5806 5807/5807/5807 5808/5808/5808
f 5806/5806/5806 5805/5805/5805 5807/5807/5807
f 5804/5804/5804 5805/5805/5805 5806/5806/5806
f 5804/5804/5804 5803/5803/5803 5805/5805/5805
f 5802/5802/5802 5803/5803/5803 5804/5804/5804
f 5802/5802/5802 5799/5799/5799 5803/5803/5803
f 5801/5801/5801 5799/5799/5799 5802/5802/5802
f 5801/5801/5801 5800/5800/5800 5799/5799/5799
f 5798/5798/5798 5776/5776/5776 5777/5777/5777
f 5798/5798/5798 5797/5797/5797 5776/5776/5776
f 5796/5796/5796 5797/5797/5797 5798/5798/5798
f 5796/5796/5796 5795/5795/5795 5797/5797/5797
f 5794/5794/5794 5795/5795/5795 5796/5796/5796
f 5794/5794/5794 5793/5793/5793 5795/5795/5795
f 5791/5791/5791 5793/5793/5793 5794/5794/5794
f 5791/5791/5791 5792/5792/5792 5793/5793/5793
f 5790/5790/5790 5792/5792/5792 5791/5791/5791
f 5790/5790/5790 5791/5791/5791 5789/5789/5789
f 5787/5787/5787 5790/5790/5790 5789/5789/5789
f 5787/5787/5787 5789/5789/5789 5788/5788/5788
f 5786/5786/5786 5787/5787/5787 5788/5788/5788
f 5786/5786/5786 5785/5785/5785 5787/5787/5787
f 5784/5784/5784 5785/5785/5785 5786/5786/5786
f 5784/5784/5784 5781/5781/5781 5785/5785/5785
f 5783/5783/5783 5781/5781/5781 5784/5784/5784
f 5783/5783/5783 5782/5782/5782 5781/5781/5781
f 5778/5778/5778 5779/5779/5779 5780/5780/5780
f 5778/5778/5778 5775/5775/5775 5779/5779/5779
f 5777/5777/5777 5775/5775/5775 5778/5778/5778
f 5777/5777/5777 5776/5776/5776 5775/5775/5775
f 5739/5739/5739 5740/5740/5740 5774/5774/5774
f 5739/5739/5739 5774/5774/5774 5773/5773/5773
f 5773/5773/5773 5774/5774/5774 5772/5772/5772
f 5773/5773/5773 5772/5772/5772 5771/5771/5771
f 5771/5771/5771 5772/5772/5772 5770/5770/5770
f 5771/5771/5771 5770/5770/5770 5769/5769/5769
f 5769/5769/5769 5770/5770/5770 5768/5768/5768
f 5769/5769/5769 5768/5768/5768 5767/5767/5767
f 5767/5767/5767 5768/5768/5768 5766/5766/5766
f 5767/5767/5767 5766/5766/5766 5765/5765/5765
f 5765/5765/5765 5766/5766/5766 5764/5764/5764
f 5765/5765/5765 5764/5764/5764 5763/5763/5763
f 5763/5763/5763 5764/5764/5764 5762/5762/5762
f 5763/5763/5763 5762/5762/5762 5761/5761/5761
f 5761/5761/5761 5762/5762/5762 5760/5760/5760
f 5761/5761/5761 5760/5760/5760 5759/5759/5759
f 5759/5759/5759 5760/5760/5760 5758/5758/5758
f 5759/5759/5759 5758/5758/5758 5757/5757/5757
f 5733/5733/5733 5734/5734/5734 5756/5756/5756
f 5733/5733/5733 5756/5756/5756 5755/5755/5755
f 5755/5755/5755 5756/5756/5756 5754/5754/5754
f 5755/5755/5755 5754/5754/5754 5753/5753/5753
f 5753/5753/5753 5754/5754/5754 5752/5752/5752
f 5753/5753/5753 5752/5752/5752 5751/5751/5751
f 5751/5751/5751 5752/5752/5752 5750/5750/5750
f 5751/5751/5751 5750/5750/5750 5749/5749/5749
f 5749/5749/5749 5750/5750/5750 5748/5748/5748
f 5749/5749/5749 5748/5748/5748 5747/5747/5747
f 5747/5747/5747 5748/5748/5748 5746/5746/5746
f 5747/5747/5747 5746/5746/5746 5745/5745/5745
f 5745/5745/5745 5746/5746/5746 5744/5744/5744
f 5745/5745/5745 5744/5744/5744 5743/5743/5743
f 5743/5743/5743 5744/5744/5744 5742/5742/5742
f 5743/5743/5743 5742/5742/5742 5741/5741/5741
f 5741/5741/5741 5742/5742/5742 5740/5740/5740
f 5741/5741/5741 5740/5740/5740 5739/5739/5739
f 5737/5737/5737 5738/5738/5738 5736/5736/5736
f 5737/5737/5737 5736/5736/5736 5735/5735/5735
f 5735/5735/5735 5736/5736/5736 5734/5734/5734
f 5735/5735/5735 5734/5734/5734 5733/5733/5733
f 5694/5694/5694 5731/5731/5731 5693/5693/5693
f 5694/5694/5694 5732/5732/5732 5731/5731/5731
f 5731/5731/5731 5732/5732/5732 5730/5730/5730
f 5731/5731/5731 5730/5730/5730 5729/5729/5729
f 5729/5729/5729 5730/5730/5730 5727/5727/5727
f 5729/5729/5729 5727/5727/5727 5728/5728/5728
f 5727/5727/5727 5726/5726/5726 5728/5728/5728
f 5727/5727/5727 5725/5725/5725 5726/5726/5726
f 5725/5725/5725 5724/5724/5724 5726/5726/5726
f 5725/5725/5725 5723/5723/5723 5724/5724/5724
f 5723/5723/5723 5722/5722/5722 5724/5724/5724
f 5723/5723/5723 5721/5721/5721 5722/5722/5722
f 5721/5721/5721 5720/5720/5720 5722/5722/5722
f 5721/5721/5721 5719/5719/5719 5720/5720/5720
f 5719/5719/5719 5718/5718/5718 5720/5720/5720
f 5719/5719/5719 5717/5717/5717 5718/5718/5718
f 5717/5717/5717 5715/5715/5715 5718/5718/5718
f 5717/5717/5717 5716/5716/5716 5715/5715/5715
f 5715/5715/5715 5716/5716/5716 5714/5714/5714
f 5715/5715/5715 5714/5714/5714 5713/5713/5713
f 5713/5713/5713 5714/5714/5714 5712/5712/5712
f 5713/5713/5713 5712/5712/5712 5711/5711/5711
f 5711/5711/5711 5712/5712/5712 5710/5710/5710
f 5711/5711/5711 5710/5710/5710 5709/5709/5709
f 5709/5709/5709 5710/5710/5710 5708/5708/5708
f 5709/5709/5709 5708/5708/5708 5707/5707/5707
f 5707/5707/5707 5708/5708/5708 5706/5706/5706
f 5707/5707/5707 5706/5706/5706 5705/5705/5705
f 5705/5705/5705 5706/5706/5706 5704/5704/5704
f 5705/5705/5705 5704/5704/5704 5703/5703/5703
f 5703/5703/5703 5704/5704/5704 5702/5702/5702
f 5703/5703/5703 5702/5702/5702 5701/5701/5701
f 5701/5701/5701 5702/5702/5702 5700/5700/5700
f 5701/5701/5701 5700/5700/5700 5699/5699/5699
f 5699/5699/5699 5700/5700/5700 5698/5698/5698
f 5699/5699/5699 5698/5698/5698 5697/5697/5697
f 5697/5697/5697 5698/5698/5698 5695/5695/5695
f 5697/5697/5697 5695/5695/5695 5696/5696/5696
f 5695/5695/5695 5693/5693/5693 5696/5696/5696
f 5695/5695/5695 5694/5694/5694 5693/5693/5693
f 5673/5673/5673 5692/5692/5692 5672/5672/5672
f 5692/5692/5692 5691/5691/5691 5672/5672/5672
f 5691/5691/5691 5690/5690/5690 5672/5672/5672
f 5690/5690/5690 5689/5689/5689 5672/5672/5672
f 5689/5689/5689 5688/5688/5688 5672/5672/5672
f 5688/5688/5688 5687/5687/5687 5672/5672/5672
f 5687/5687/5687 5686/5686/5686 5672/5672/5672
f 5686/5686/5686 5685/5685/5685 5672/5672/5672
f 5685/5685/5685 5684/5684/5684 5672/5672/5672
f 5684/5684/5684 5683/5683/5683 5672/5672/5672
f 5683/5683/5683 5682/5682/5682 5672/5672/5672
f 5682/5682/5682 5681/5681/5681 5672/5672/5672
f 5681/5681/5681 5680/5680/5680 5672/5672/5672
f 5680/5680/5680 5679/5679/5679 5672/5672/5672
f 5679/5679/5679 5678/5678/5678 5672/5672/5672
f 5678/5678/5678 5677/5677/5677 5672/5672/5672
f 5677/5677/5677 5676/5676/5676 5672/5672/5672
f 5676/5676/5676 5675/5675/5675 5672/5672/5672
f 5672/5672/5672 5675/5675/5675 5674/5674/5674
f 5674/5674/5674 5673/5673/5673 5672/5672/5672
f 5671/5671/5671 5633/5633/5633 5634/5634/5634
f 5671/5671/5671 5634/5634/5634 5670/5670/5670
f 5668/5668/5668 5671/5671/5671 5670/5670/5670
f 5668/5668/5668 5670/5670/5670 5669/5669/5669
f 5667/5667/5667 5668/5668/5668 5669/5669/5669
f 5667/5667/5667 5666/5666/5666 5668/5668/5668
f 5665/5665/5665 5666/5666/5666 5667/5667/5667
f 5665/5665/5665 5664/5664/5664 5666/5666/5666
f 5663/5663/5663 5664/5664/5664 5665/5665/5665
f 5663/5663/5663 5662/5662/5662 5664/5664/5664
f 5661/5661/5661 5662/5662/5662 5663/5663/5663
f 5661/5661/5661 5660/5660/5660 5662/5662/5662
f 5659/5659/5659 5660/5660/5660 5661/5661/5661
f 5659/5659/5659 5658/5658/5658 5660/5660/5660
f 5657/5657/5657 5658/5658/5658 5659/5659/5659
f 5657/5657/5657 5656/5656/5656 5658/5658/5658
f 5655/5655/5655 5656/5656/5656 5657/5657/5657
f 5655/5655/5655 5654/5654/5654 5656/5656/5656
f 5653/5653/5653 5654/5654/5654 5655/5655/5655
f 5653/5653/5653 5652/5652/5652 5654/5654/5654
f 5651/5651/5651 5652/5652/5652 5653/5653/5653
f 5651/5651/5651 5650/5650/5650 5652/5652/5652
f 5648/5648/5648 5650/5650/5650 5651/5651/5651
f 5648/5648/5648 5649/5649/5649 5650/5650/5650
f 5647/5647/5647 5649/5649/5649 5648/5648/5648
f 5647/5647/5647 5648/5648/5648 5646/5646/5646
f 5645/5645/5645 5647/5647/5647 5646/5646/5646
f 5645/5645/5645 5646/5646/5646 5644/5644/5644
f 5643/5643/5643 5645/5645/5645 5644/5644/5644
f 5643/5643/5643 5644/5644/5644 5642/5642/5642
f 5641/5641/5641 5643/5643/5643 5642/5642/5642
f 5641/5641/5641 5642/5642/5642 5640/5640/5640
f 5639/5639/5639 5641/5641/5641 5640/5640/5640
f 5639/5639/5639 5640/5640/5640 5638/5638/5638
f 5636/5636/5636 5639/5639/5639 5638/5638/5638
f 5636/5636/5636 5638/5638/5638 5637/5637/5637
f 5635/5635/5635 5636/5636/5636 5637/5637/5637
f 5635/5635/5635 5632/5632/5632 5636/5636/5636
f 5634/5634/5634 5632/5632/5632 5635/5635/5635
f 5634/5634/5634 5633/5633/5633 5632/5632/5632
f 5593/5593/5593 5631/5631/5631 5592/5592/5592
f 5630/5630/5630 5631/5631/5631 5593/5593/5593
f 5630/5630/5630 5629/5629/5629 5631/5631/5631
f 5628/5628/5628 5629/5629/5629 5630/5630/5630
f 5628/5628/5628 5627/5627/5627 5629/5629/5629
f 5626/5626/5626 5627/5627/5627 5628/5628/5628
f 5626/5626/5626 5625/5625/5625 5627/5627/5627
f 5624/5624/5624 5625/5625/5625 5626/5626/5626
f 5624/5624/5624 5623/5623/5623 5625/5625/5625
f 5622/5622/5622 5623/5623/5623 5624/5624/5624
f 5622/5622/5622 5621/5621/5621 5623/5623/5623
f 5620/5620/5620 5621/5621/5621 5622/5622/5622
f 5620/5620/5620 5619/5619/5619 5621/5621/5621
f 5618/5618/5618 5619/5619/5619 5620/5620/5620
f 5618/5618/5618 5617/5617/5617 5619/5619/5619
f 5616/5616/5616 5617/5617/5617 5618/5618/5618
f 5616/5616/5616 5615/5615/5615 5617/5617/5617
f 5614/5614/5614 5615/5615/5615 5616/5616/5616
f 5614/5614/5614 5613/5613/5613 5615/5615/5615
f 5612/5612/5612 5613/5613/5613 5614/5614/5614
f 5612/5612/5612 5611/5611/5611 5613/5613/5613
f 5610/5610/5610 5611/5611/5611 5612/5612/5612
f 5610/5610/5610 5609/5609/5609 5611/5611/5611
f 5608/5608/5608 5609/5609/5609 5610/5610/5610
f 5608/5608/5608 5607/5607/5607 5609/5609/5609
f 5606/5606/5606 5607/5607/5607 5608/5608/5608
f 5606/5606/5606 5605/5605/5605 5607/5607/5607
f 5604/5604/5604 5605/5605/5605 5606/5606/5606
f 5604/5604/5604 5603/5603/5603 5605/5605/5605
f 5602/5602/5602 5603/5603/5603 5604/5604/5604
f 5602/5602/5602 5601/5601/5601 5603/5603/5603
f 5599/5599/5599 5601/5601/5601 5602/5602/5602
f 5599/5599/5599 5600/5600/5600 5601/5601/5601
f 5596/5596/5596 5600/5600/5600 5599/5599/5599
f 5596/5596/5596 5599/5599/5599 5597/5597/5597
f 5599/5599/5599 5598/5598/5598 5597/5597/5597
f 5595/5595/5595 5596/5596/5596 5597/5597/5597
f 5595/5595/5595 5594/5594/5594 5596/5596/5596
f 5591/5591/5591 5594/5594/5594 5595/5595/5595
f 5591/5591/5591 5592/5592/5592 5594/5594/5594
f 5593/5593/5593 5592/5592/5592 5591/5591/5591
f 5586/5586/5586 5590/5590/5590 5589/5589/5589
f 5586/5586/5586 5589/5589/5589 5588/5588/5588
f 5587/5587/5587 5586/5586/5586 5588/5588/5588
f 5586/5586/5586 5587/5587/5587 5584/5584/5584
f 5586/5586/5586 5584/5584/5584 5585/5585/5585
f 5584/5584/5584 5582/5582/5582 5585/5585/5585
f 5584/5584/5584 5583/5583/5583 5582/5582/5582
f 5583/5583/5583 5581/5581/5581 5582/5582/5582
f 5581/5581/5581 5579/5579/5579 5582/5582/5582
f 5581/5581/5581 5580/5580/5580 5579/5579/5579
f 5577/5577/5577 5574/5574/5574 5578/5578/5578
f 5577/5577/5577 5576/5576/5576 5574/5574/5574
f 5576/5576/5576 5575/5575/5575 5574/5574/5574
f 5556/5556/5556 5554/5554/5554 5573/5573/5573
f 5573/5573/5573 5554/5554/5554 5572/5572/5572
f 5573/5573/5573 5572/5572/5572 5571/5571/5571
f 5571/5571/5571 5572/5572/5572 5570/5570/5570
f 5571/5571/5571 5570/5570/5570 5569/5569/5569
f 5569/5569/5569 5570/5570/5570 5568/5568/5568
f 5569/5569/5569 5568/5568/5568 5567/5567/5567
f 5567/5567/5567 5568/5568/5568 5566/5566/5566
f 5567/5567/5567 5566/5566/5566 5565/5565/5565
f 5565/5565/5565 5566/5566/5566 5564/5564/5564
f 5565/5565/5565 5564/5564/5564 5563/5563/5563
f 5563/5563/5563 5564/5564/5564 5562/5562/5562
f 5563/5563/5563 5562/5562/5562 5561/5561/5561
f 5561/5561/5561 5562/5562/5562 5560/5560/5560
f 5561/5561/5561 5560/5560/5560 5559/5559/5559
f 5559/5559/5559 5560/5560/5560 5558/5558/5558
f 5559/5559/5559 5558/5558/5558 5553/5553/5553
f 5553/5553/5553 5558/5558/5558 5552/5552/5552
f 5536/5536/5536 5534/5534/5534 5557/5557/5557
f 5557/5557/5557 5534/5534/5534 5555/5555/5555
f 5557/5557/5557 5555/5555/5555 5556/5556/5556
f 5556/5556/5556 5555/5555/5555 5554/5554/5554
f 5553/5553/5553 5552/5552/5552 5551/5551/5551
f 5551/5551/5551 5552/5552/5552 5550/5550/5550
f 5551/5551/5551 5550/5550/5550 5549/5549/5549
f 5549/5549/5549 5550/5550/5550 5548/5548/5548
f 5549/5549/5549 5548/5548/5548 5547/5547/5547
f 5547/5547/5547 5548/5548/5548 5546/5546/5546
f 5547/5547/5547 5546/5546/5546 5545/5545/5545
f 5545/5545/5545 5546/5546/5546 5544/5544/5544
f 5545/5545/5545 5544/5544/5544 5543/5543/5543
f 5543/5543/5543 5544/5544/5544 5542/5542/5542
f 5543/5543/5543 5542/5542/5542 5541/5541/5541
f 5541/5541/5541 5542/5542/5542 5540/5540/5540
f 5541/5541/5541 5540/5540/5540 5539/5539/5539
f 5539/5539/5539 5540/5540/5540 5538/5538/5538
f 5539/5539/5539 5538/5538/5538 5537/5537/5537
f 5537/5537/5537 5538/5538/5538 5535/5535/5535
f 5537/5537/5537 5535/5535/5535 5536/5536/5536
f 5536/5536/5536 5535/5535/5535 5534/5534/5534
f 5531/5531/5531 5532/5532/5532 5533/5533/5533
f 5531/5531/5531 5528/5528/5528 5532/5532/5532
f 5530/5530/5530 5528/5528/5528 5531/5531/5531
f 5530/5530/5530 5529/5529/5529 5528/5528/5528
f 5510/5510/5510 5508/5508/5508 5527/5527/5527
f 5527/5527/5527 5508/5508/5508 5526/5526/5526
f 5527/5527/5527 5526/5526/5526 5525/5525/5525
f 5525/5525/5525 5526/5526/5526 5524/5524/5524
f 5525/5525/5525 5524/5524/5524 5523/5523/5523
f 5523/5523/5523 5524/5524/5524 5522/5522/5522
f 5523/5523/5523 5522/5522/5522 5521/5521/5521
f 5521/5521/5521 5522/5522/5522 5520/5520/5520
f 5521/5521/5521 5520/5520/5520 5519/5519/5519
f 5519/5519/5519 5520/5520/5520 5518/5518/5518
f 5519/5519/5519 5518/5518/5518 5517/5517/5517
f 5517/5517/5517 5518/5518/5518 5516/5516/5516
f 5517/5517/5517 5516/5516/5516 5515/5515/5515
f 5515/5515/5515 5516/5516/5516 5514/5514/5514
f 5515/5515/5515 5514/5514/5514 5513/5513/5513
f 5513/5513/5513 5514/5514/5514 5512/5512/5512
f 5513/5513/5513 5512/5512/5512 5507/5507/5507
f 5507/5507/5507 5512/5512/5512 5506/5506/5506
f 5490/5490/5490 5488/5488/5488 5511/5511/5511
f 5511/5511/5511 5488/5488/5488 5509/5509/5509
f 5511/5511/5511 5509/5509/5509 5510/5510/5510
f 5510/5510/5510 5509/5509/5509 5508/5508/5508
f 5507/5507/5507 5506/5506/5506 5505/5505/5505
f 5505/5505/5505 5506/5506/5506 5504/5504/5504
f 5505/5505/5505 5504/5504/5504 5503/5503/5503
f 5503/5503/5503 5504/5504/5504 5502/5502/5502
f 5503/5503/5503 5502/5502/5502 5501/5501/5501
f 5501/5501/5501 5502/5502/5502 5500/5500/5500
f 5501/5501/5501 5500/5500/5500 5499/5499/5499
f 5499/5499/5499 5500/5500/5500 5498/5498/5498
f 5499/5499/5499 5498/5498/5498 5497/5497/5497
f 5497/5497/5497 5498/5498/5498 5496/5496/5496
f 5497/5497/5497 5496/5496/5496 5495/5495/5495
f 5495/5495/5495 5496/5496/5496 5494/5494/5494
f 5495/5495/5495 5494/5494/5494 5493/5493/5493
f 5493/5493/5493 5494/5494/5494 5492/5492/5492
f 5493/5493/5493 5492/5492/5492 5491/5491/5491
f 5491/5491/5491 5492/5492/5492 5489/5489/5489
f 5491/5491/5491 5489/5489/5489 5490/5490/5490
f 5490/5490/5490 5489/5489/5489 5488/5488/5488
f 5485/5485/5485 5486/5486/5486 5487/5487/5487
f 5485/5485/5485 5484/5484/5484 5486/5486/5486
f 5483/5483/5483 5484/5484/5484 5485/5485/5485
f 5483/5483/5483 5480/5480/5480 5484/5484/5484
f 5482/5482/5482 5480/5480/5480 5483/5483/5483
f 5482/5482/5482 5481/5481/5481 5480/5480/5480
f 5439/5439/5439 5440/5440/5440 5479/5479/5479
f 5439/5439/5439 5479/5479/5479 5478/5478/5478
f 5478/5478/5478 5479/5479/5479 5477/5477/5477
f 5478/5478/5478 5477/5477/5477 5476/5476/5476
f 5476/5476/5476 5477/5477/5477 5475/5475/5475
f 5476/5476/5476 5475/5475/5475 5474/5474/5474
f 5474/5474/5474 5475/5475/5475 5473/5473/5473
f 5474/5474/5474 5473/5473/5473 5472/5472/5472
f 5472/5472/5472 5473/5473/5473 5471/5471/5471
f 5472/5472/5472 5471/5471/5471 5470/5470/5470
f 5470/5470/5470 5471/5471/5471 5469/5469/5469
f 5470/5470/5470 5469/5469/5469 5468/5468/5468
f 5469/5469/5469 5467/5467/5467 5468/5468/5468
f 5467/5467/5467 5466/5466/5466 5468/5468/5468
f 5467/5467/5467 5455/5455/5455 5466/5466/5466
f 5466/5466/5466 5455/5455/5455 5465/5465/5465
f 5455/5455/5455 5454/5454/5454 5465/5465/5465
f 5454/5454/5454 5452/5452/5452 5465/5465/5465
f 5464/5464/5464 5463/5463/5463 5459/5459/5459
f 5459/5459/5459 5463/5463/5463 5460/5460/5460
f 5463/5463/5463 5462/5462/5462 5460/5460/5460
f 5460/5460/5460 5461/5461/5461 5454/5454/5454
f 5460/5460/5460 5454/5454/5454 5459/5459/5459
f 5455/5455/5455 5459/5459/5459 5454/5454/5454
f 5458/5458/5458 5459/5459/5459 5455/5455/5455
f 5456/5456/5456 5458/5458/5458 5455/5455/5455
f 5457/5457/5457 5456/5456/5456 5455/5455/5455
f 5454/5454/5454 5453/5453/5453 5452/5452/5452
f 5453/5453/5453 5451/5451/5451 5452/5452/5452
f 5451/5451/5451 5449/5449/5449 5452/5452/5452
f 5451/5451/5451 5450/5450/5450 5449/5449/5449
f 5450/5450/5450 5448/5448/5448 5449/5449/5449
f 5448/5448/5448 5446/5446/5446 5449/5449/5449
f 5448/5448/5448 5447/5447/5447 5446/5446/5446
f 5447/5447/5447 5445/5445/5445 5446/5446/5446
f 5445/5445/5445 5443/5443/5443 5446/5446/5446
f 5445/5445/5445 5444/5444/5444 5443/5443/5443
f 5443/5443/5443 5444/5444/5444 5442/5442/5442
f 5443/5443/5443 5442/5442/5442 5441/5441/5441
f 5441/5441/5441 5442/5442/5442 5440/5440/5440
f 5441/5441/5441 5440/5440/5440 5439/5439/5439
f 5409/5409/5409 5410/5410/5410 5438/5438/5438
f 5409/5409/5409 5438/5438/5438 5437/5437/5437
f 5437/5437/5437 5438/5438/5438 5436/5436/5436
f 5437/5437/5437 5436/5436/5436 5435/5435/5435
f 5435/5435/5435 5436/5436/5436 5434/5434/5434
f 5435/5435/5435 5434/5434/5434 5433/5433/5433
f 5433/5433/5433 5434/5434/5434 5432/5432/5432
f 5433/5433/5433 5432/5432/5432 5431/5431/5431
f 5431/5431/5431 5432/5432/5432 5430/5430/5430
f 5431/5431/5431 5430/5430/5430 5429/5429/5429
f 5429/5429/5429 5430/5430/5430 5428/5428/5428
f 5429/5429/5429 5428/5428/5428 5427/5427/5427
f 5427/5427/5427 5428/5428/5428 5426/5426/5426
f 5427/5427/5427 5426/5426/5426 5425/5425/5425
f 5425/5425/5425 5426/5426/5426 5424/5424/5424
f 5425/5425/5425 5424/5424/5424 5423/5423/5423
f 5423/5423/5423 5424/5424/5424 5422/5422/5422
f 5423/5423/5423 5422/5422/5422 5421/5421/5421
f 5419/5419/5419 5420/5420/5420 5417/5417/5417
f 5419/5419/5419 5417/5417/5417 5418/5418/5418
f 5415/5415/5415 5418/5418/5418 5417/5417/5417
f 5415/5415/5415 5417/5417/5417 5416/5416/5416
f 5415/5415/5415 5416/5416/5416 5414/5414/5414
f 5415/5415/5415 5414/5414/5414 5413/5413/5413
f 5413/5413/5413 5414/5414/5414 5412/5412/5412
f 5413/5413/5413 5412/5412/5412 5411/5411/5411
f 5411/5411/5411 5412/5412/5412 5410/5410/5410
f 5411/5411/5411 5410/5410/5410 5409/5409/5409
f 5406/5406/5406 5407/5407/5407 5408/5408/5408
f 5406/5406/5406 5405/5405/5405 5407/5407/5407
f 5404/5404/5404 5405/5405/5405 5406/5406/5406
f 5404/5404/5404 5401/5401/5401 5405/5405/5405
f 5403/5403/5403 5401/5401/5401 5404/5404/5404
f 5403/5403/5403 5402/5402/5402 5401/5401/5401
f 5400/5400/5400 5366/5366/5366 5367/5367/5367
f 5400/5400/5400 5399/5399/5399 5366/5366/5366
f 5398/5398/5398 5399/5399/5399 5400/5400/5400
f 5398/5398/5398 5397/5397/5397 5399/5399/5399
f 5396/5396/5396 5397/5397/5397 5398/5398/5398
f 5396/5396/5396 5395/5395/5395 5397/5397/5397
f 5394/5394/5394 5395/5395/5395 5396/5396/5396
f 5394/5394/5394 5393/5393/5393 5395/5395/5395
f 5392/5392/5392 5393/5393/5393 5394/5394/5394
f 5392/5392/5392 5391/5391/5391 5393/5393/5393
f 5390/5390/5390 5391/5391/5391 5392/5392/5392
f 5390/5390/5390 5389/5389/5389 5391/5391/5391
f 5388/5388/5388 5389/5389/5389 5390/5390/5390
f 5388/5388/5388 5387/5387/5387 5389/5389/5389
f 5386/5386/5386 5387/5387/5387 5388/5388/5388
f 5386/5386/5386 5383/5383/5383 5387/5387/5387
f 5385/5385/5385 5383/5383/5383 5386/5386/5386
f 5385/5385/5385 5384/5384/5384 5383/5383/5383
f 5380/5380/5380 5381/5381/5381 5382/5382/5382
f 5380/5380/5380 5379/5379/5379 5381/5381/5381
f 5378/5378/5378 5379/5379/5379 5380/5380/5380
f 5378/5378/5378 5377/5377/5377 5379/5379/5379
f 5376/5376/5376 5377/5377/5377 5378/5378/5378
f 5376/5376/5376 5375/5375/5375 5377/5377/5377
f 5374/5374/5374 5375/5375/5375 5376/5376/5376
f 5374/5374/5374 5373/5373/5373 5375/5375/5375
f 5372/5372/5372 5373/5373/5373 5374/5374/5374
f 5372/5372/5372 5371/5371/5371 5373/5373/5373
f 5370/5370/5370 5371/5371/5371 5372/5372/5372
f 5370/5370/5370 5369/5369/5369 5371/5371/5371
f 5368/5368/5368 5369/5369/5369 5370/5370/5370
f 5368/5368/5368 5365/5365/5365 5369/5369/5369
f 5367/5367/5367 5365/5365/5365 5368/5368/5368
f 5367/5367/5367 5366/5366/5366 5365/5365/5365
f 5364/5364/5364 5324/5324/5324 5363/5363/5363
f 5364/5364/5364 5363/5363/5363 5362/5362/5362
f 5362/5362/5362 5363/5363/5363 5361/5361/5361
f 5362/5362/5362 5361/5361/5361 5360/5360/5360
f 5360/5360/5360 5361/5361/5361 5359/5359/5359
f 5360/5360/5360 5359/5359/5359 5358/5358/5358
f 5358/5358/5358 5359/5359/5359 5357/5357/5357
f 5358/5358/5358 5357/5357/5357 5356/5356/5356
f 5356/5356/5356 5357/5357/5357 5355/5355/5355
f 5356/5356/5356 5355/5355/5355 5354/5354/5354
f 5354/5354/5354 5355/5355/5355 5353/5353/5353
f 5354/5354/5354 5353/5353/5353 5352/5352/5352
f 5352/5352/5352 5353/5353/5353 5351/5351/5351
f 5352/5352/5352 5351/5351/5351 5350/5350/5350
f 5350/5350/5350 5351/5351/5351 5349/5349/5349
f 5350/5350/5350 5349/5349/5349 5348/5348/5348
f 5348/5348/5348 5349/5349/5349 5347/5347/5347
f 5348/5348/5348 5347/5347/5347 5346/5346/5346
f 5346/5346/5346 5347/5347/5347 5344/5344/5344
f 5346/5346/5346 5344/5344/5344 5345/5345/5345
f 5343/5343/5343 5344/5344/5344 5342/5342/5342
f 5343/5343/5343 5342/5342/5342 5341/5341/5341
f 5341/5341/5341 5342/5342/5342 5340/5340/5340
f 5341/5341/5341 5340/5340/5340 5339/5339/5339
f 5339/5339/5339 5340/5340/5340 5338/5338/5338
f 5339/5339/5339 5338/5338/5338 5337/5337/5337
f 5337/5337/5337 5338/5338/5338 5336/5336/5336
f 5337/5337/5337 5336/5336/5336 5335/5335/5335
f 5335/5335/5335 5336/5336/5336 5334/5334/5334
f 5335/5335/5335 5334/5334/5334 5333/5333/5333
f 5333/5333/5333 5334/5334/5334 5332/5332/5332
f 5333/5333/5333 5332/5332/5332 5331/5331/5331
f 5331/5331/5331 5332/5332/5332 5330/5330/5330
f 5331/5331/5331 5330/5330/5330 5329/5329/5329
f 5329/5329/5329 5330/5330/5330 5328/5328/5328
f 5329/5329/5329 5328/5328/5328 5327/5327/5327
f 5327/5327/5327 5328/5328/5328 5326/5326/5326
f 5327/5327/5327 5326/5326/5326 5325/5325/5325
f 5325/5325/5325 5326/5326/5326 5324/5324/5324
f 5325/5325/5325 5324/5324/5324 5323/5323/5323
f 5320/5320/5320 5321/5321/5321 5322/5322/5322
f 5320/5320/5320 5318/5318/5318 5321/5321/5321
f 5319/5319/5319 5318/5318/5318 5320/5320/5320
f 5319/5319/5319 5115/5115/5115 5318/5318/5318
f 5316/5316/5316 5317/5317/5317 5099/5099/5099
f 5316/5316/5316 5099/5099/5099 5114/5114/5114
f 5314/5314/5314 5309/5309/5309 5315/5315/5315
f 5314/5314/5314 5307/5307/5307 5309/5309/5309
f 5313/5313/5313 5307/5307/5307 5314/5314/5314
f 5313/5313/5313 5305/5305/5305 5307/5307/5307
f 5305/5305/5305 5313/5313/5313 5312/5312/5312
f 5305/5305/5305 5312/5312/5312 5300/5300/5300
f 5300/5300/5300 5312/5312/5312 5311/5311/5311
f 5300/5300/5300 5311/5311/5311 5299/5299/5299
f 5299/5299/5299 5311/5311/5311 5310/5310/5310
f 5299/5299/5299 5310/5310/5310 5303/5303/5303
f 5303/5303/5303 5310/5310/5310 5079/5079/5079
f 5303/5303/5303 5079/5079/5079 5080/5080/5080
f 5100/5100/5100 5303/5303/5303 5080/5080/5080
f 5100/5100/5100 5080/5080/5080 5081/5081/5081
f 5306/5306/5306 5099/5099/5099 5308/5308/5308
f 5306/5306/5306 5304/5304/5304 5099/5099/5099
f 5308/5308/5308 5309/5309/5309 5307/5307/5307
f 5308/5308/5308 5307/5307/5307 5306/5306/5306
f 5306/5306/5306 5307/5307/5307 5305/5305/5305
f 5306/5306/5306 5305/5305/5305 5304/5304/5304
f 5304/5304/5304 5305/5305/5305 5300/5300/5300
f 5304/5304/5304 5300/5300/5300 5301/5301/5301
f 5301/5301/5301 5099/5099/5099 5304/5304/5304
f 5301/5301/5301 5302/5302/5302 5099/5099/5099
f 5302/5302/5302 5100/5100/5100 5099/5099/5099
f 5302/5302/5302 5303/5303/5303 5100/5100/5100
f 5302/5302/5302 5299/5299/5299 5303/5303/5303
f 5301/5301/5301 5299/5299/5299 5302/5302/5302
f 5301/5301/5301 5300/5300/5300 5299/5299/5299
f 5297/5297/5297 5298/5298/5298 5289/5289/5289
f 5297/5297/5297 5289/5289/5289 5296/5296/5296
f 5296/5296/5296 5289/5289/5289 5286/5286/5286
f 5296/5296/5296 5286/5286/5286 5291/5291/5291
f 5291/5291/5291 5286/5286/5286 5295/5295/5295
f 5291/5291/5291 5295/5295/5295 5294/5294/5294
f 5291/5291/5291 5294/5294/5294 5293/5293/5293
f 5293/5293/5293 5292/5292/5292 5291/5291/5291
f 5290/5290/5290 5288/5288/5288 5289/5289/5289
f 5289/5289/5289 5288/5288/5288 5286/5286/5286
f 5288/5288/5288 5287/5287/5287 5286/5286/5286
f 5284/5284/5284 5282/5282/5282 5285/5285/5285
f 5284/5284/5284 5283/5283/5283 5282/5282/5282
f 5280/5280/5280 5278/5278/5278 5281/5281/5281
f 5280/5280/5280 5279/5279/5279 5278/5278/5278
f 5276/5276/5276 5274/5274/5274 5277/5277/5277
f 5276/5276/5276 5275/5275/5275 5274/5274/5274
f 5272/5272/5272 5270/5270/5270 5273/5273/5273
f 5272/5272/5272 5271/5271/5271 5270/5270/5270
f 5268/5268/5268 5266/5266/5266 5269/5269/5269
f 5268/5268/5268 5267/5267/5267 5266/5266/5266
f 5264/5264/5264 5262/5262/5262 5265/5265/5265
f 5264/5264/5264 5263/5263/5263 5262/5262/5262
f 5260/5260/5260 5258/5258/5258 5261/5261/5261
f 5260/5260/5260 5259/5259/5259 5258/5258/5258
f 5256/5256/5256 5254/5254/5254 5257/5257/5257
f 5256/5256/5256 5255/5255/5255 5254/5254/5254
f 5252/5252/5252 5250/5250/5250 5253/5253/5253
f 5252/5252/5252 5251/5251/5251 5250/5250/5250
f 5248/5248/5248 5246/5246/5246 5249/5249/5249
f 5248/5248/5248 5247/5247/5247 5246/5246/5246
f 5244/5244/5244 5242/5242/5242 5245/5245/5245
f 5244/5244/5244 5243/5243/5243 5242/5242/5242
f 5240/5240/5240 5238/5238/5238 5241/5241/5241
f 5240/5240/5240 5239/5239/5239 5238/5238/5238
f 5236/5236/5236 5234/5234/5234 5237/5237/5237
f 5236/5236/5236 5235/5235/5235 5234/5234/5234
f 5232/5232/5232 5230/5230/5230 5233/5233/5233
f 5232/5232/5232 5231/5231/5231 5230/5230/5230
f 5228/5228/5228 5226/5226/5226 5229/5229/5229
f 5228/5228/5228 5227/5227/5227 5226/5226/5226
f 5224/5224/5224 5222/5222/5222 5225/5225/5225
f 5224/5224/5224 5223/5223/5223 5222/5222/5222
f 5220/5220/5220 5218/5218/5218 5221/5221/5221
f 5220/5220/5220 5219/5219/5219 5218/5218/5218
f 5216/5216/5216 5214/5214/5214 5217/5217/5217
f 5216/5216/5216 5215/5215/5215 5214/5214/5214
f 5212/5212/5212 5210/5210/5210 5213/5213/5213
f 5212/5212/5212 5211/5211/5211 5210/5210/5210
f 5163/5163/5163 5140/5140/5140 5138/5138/5138
f 5163/5163/5163 5138/5138/5138 5209/5209/5209
f 5209/5209/5209 5179/5179/5179 5163/5163/5163
f 5209/5209/5209 5208/5208/5208 5179/5179/5179
f 5180/5180/5180 5179/5179/5179 5208/5208/5208
f 5180/5180/5180 5208/5208/5208 5207/5207/5207
f 5181/5181/5181 5180/5180/5180 5207/5207/5207
f 5181/5181/5181 5207/5207/5207 5206/5206/5206
f 5182/5182/5182 5181/5181/5181 5206/5206/5206
f 5182/5182/5182 5206/5206/5206 5205/5205/5205
f 5205/5205/5205 5183/5183/5183 5182/5182/5182
f 5205/5205/5205 5204/5204/5204 5183/5183/5183
f 5184/5184/5184 5183/5183/5183 5204/5204/5204
f 5184/5184/5184 5204/5204/5204 5203/5203/5203
f 5203/5203/5203 5185/5185/5185 5184/5184/5184
f 5203/5203/5203 5202/5202/5202 5185/5185/5185
f 5186/5186/5186 5185/5185/5185 5202/5202/5202
f 5186/5186/5186 5202/5202/5202 5196/5196/5196
f 5192/5192/5192 5201/5201/5201 5194/5194/5194
f 5192/5192/5192 5191/5191/5191 5201/5201/5201
f 5200/5200/5200 5201/5201/5201 5191/5191/5191
f 5200/5200/5200 5191/5191/5191 5190/5190/5190
f 5190/5190/5190 5199/5199/5199 5200/5200/5200
f 5190/5190/5190 5189/5189/5189 5199/5199/5199
f 5189/5189/5189 5198/5198/5198 5199/5199/5199
f 5189/5189/5189 5188/5188/5188 5198/5198/5198
f 5188/5188/5188 5197/5197/5197 5198/5198/5198
f 5188/5188/5188 5187/5187/5187 5197/5197/5197
f 5187/5187/5187 5196/5196/5196 5197/5197/5197
f 5187/5187/5187 5186/5186/5186 5196/5196/5196
f 5193/5193/5193 5194/5194/5194 5195/5195/5195
f 5193/5193/5193 5192/5192/5192 5194/5194/5194
f 5178/5178/5178 5192/5192/5192 5193/5193/5193
f 5178/5178/5178 5177/5177/5177 5192/5192/5192
f 5177/5177/5177 5191/5191/5191 5192/5192/5192
f 5177/5177/5177 5176/5176/5176 5191/5191/5191
f 5190/5190/5190 5191/5191/5191 5176/5176/5176
f 5190/5190/5190 5176/5176/5176 5175/5175/5175
f 5189/5189/5189 5190/5190/5190 5175/5175/5175
f 5189/5189/5189 5175/5175/5175 5174/5174/5174
f 5174/5174/5174 5188/5188/5188 5189/5189/5189
f 5174/5174/5174 5173/5173/5173 5188/5188/5188
f 5173/5173/5173 5187/5187/5187 5188/5188/5188
f 5173/5173/5173 5172/5172/5172 5187/5187/5187
f 5172/5172/5172 5186/5186/5186 5187/5187/5187
f 5172/5172/5172 5171/5171/5171 5186/5186/5186
f 5171/5171/5171 5185/5185/5185 5186/5186/5186
f 5171/5171/5171 5170/5170/5170 5185/5185/5185
f 5184/5184/5184 5185/5185/5185 5170/5170/5170
f 5184/5184/5184 5170/5170/5170 5169/5169/5169
f 5183/5183/5183 5184/5184/5184 5169/5169/5169
f 5183/5183/5183 5169/5169/5169 5168/5168/5168
f 5182/5182/5182 5183/5183/5183 5168/5168/5168
f 5182/5182/5182 5168/5168/5168 5167/5167/5167
f 5181/5181/5181 5182/5182/5182 5167/5167/5167
f 5181/5181/5181 5167/5167/5167 5166/5166/5166
f 5166/5166/5166 5180/5180/5180 5181/5181/5181
f 5166/5166/5166 5165/5165/5165 5180/5180/5180
f 5165/5165/5165 5179/5179/5179 5180/5180/5180
f 5165/5165/5165 5164/5164/5164 5179/5179/5179
f 5163/5163/5163 5179/5179/5179 5164/5164/5164
f 5157/5157/5157 5177/5177/5177 5178/5178/5178
f 5176/5176/5176 5177/5177/5177 5157/5157/5157
f 5157/5157/5157 5175/5175/5175 5176/5176/5176
f 5174/5174/5174 5175/5175/5175 5157/5157/5157
f 5173/5173/5173 5174/5174/5174 5157/5157/5157
f 5173/5173/5173 5157/5157/5157 5172/5172/5172
f 5157/5157/5157 5171/5171/5171 5172/5172/5172
f 5170/5170/5170 5171/5171/5171 5157/5157/5157
f 5169/5169/5169 5170/5170/5170 5157/5157/5157
f 5169/5169/5169 5157/5157/5157 5168/5168/5168
f 5167/5167/5167 5168/5168/5168 5157/5157/5157
f 5167/5167/5167 5157/5157/5157 5166/5166/5166
f 5157/5157/5157 5165/5165/5165 5166/5166/5166
f 5164/5164/5164 5165/5165/5165 5157/5157/5157
f 5157/5157/5157 5162/5162/5162 5164/5164/5164
f 5161/5161/5161 5162/5162/5162 5157/5157/5157
f 5160/5160/5160 5157/5157/5157 5159/5159/5159
f 5158/5158/5158 5159/5159/5159 5157/5157/5157
f 5163/5163/5163 5164/5164/5164 5162/5162/5162
f 5140/5140/5140 5163/5163/5163 5162/5162/5162
f 5140/5140/5140 5162/5162/5162 5161/5161/5161
f 5161/5161/5161 5141/5141/5141 5140/5140/5140
f 5161/5161/5161 5155/5155/5155 5141/5141/5141
f 5155/5155/5155 5161/5161/5161 5157/5157/5157
f 5155/5155/5155 5157/5157/5157 5156/5156/5156
f 5160/5160/5160 5156/5156/5156 5157/5157/5157
f 5145/5145/5145 5156/5156/5156 5160/5160/5160
f 5159/5159/5159 5145/5145/5145 5160/5160/5160
f 5159/5159/5159 5147/5147/5147 5145/5145/5145
f 5158/5158/5158 5147/5147/5147 5159/5159/5159
f 5158/5158/5158 5149/5149/5149 5147/5147/5147
f 5158/5158/5158 5134/5134/5134 5149/5149/5149
f 5158/5158/5158 5136/5136/5136 5134/5134/5134
f 5158/5158/5158 5157/5157/5157 5136/5136/5136
f 5157/5157/5157 5137/5137/5137 5136/5136/5136
f 5137/5137/5137 5157/5157/5157 5154/5154/5154
f 5145/5145/5145 5143/5143/5143 5156/5156/5156
f 5155/5155/5155 5156/5156/5156 5143/5143/5143
f 5155/5155/5155 5143/5143/5143 5141/5141/5141
f 5137/5137/5137 5154/5154/5154 5153/5153/5153
f 5137/5137/5137 5153/5153/5153 5135/5135/5135
f 5135/5135/5135 5153/5153/5153 5152/5152/5152
f 5135/5135/5135 5152/5152/5152 5151/5151/5151
f 5134/5134/5134 5135/5135/5135 5151/5151/5151
f 5134/5134/5134 5151/5151/5151 5150/5150/5150
f 5149/5149/5149 5134/5134/5134 5150/5150/5150
f 5149/5149/5149 5150/5150/5150 5148/5148/5148
f 5147/5147/5147 5149/5149/5149 5148/5148/5148
f 5147/5147/5147 5148/5148/5148 5146/5146/5146
f 5145/5145/5145 5147/5147/5147 5146/5146/5146
f 5145/5145/5145 5146/5146/5146 5144/5144/5144
f 5144/5144/5144 5143/5143/5143 5145/5145/5145
f 5144/5144/5144 5142/5142/5142 5143/5143/5143
f 5141/5141/5141 5143/5143/5143 5142/5142/5142
f 5141/5141/5141 5142/5142/5142 5139/5139/5139
f 5140/5140/5140 5141/5141/5141 5139/5139/5139
f 5140/5140/5140 5139/5139/5139 5138/5138/5138
f 5136/5136/5136 5137/5137/5137 5135/5135/5135
f 5136/5136/5136 5135/5135/5135 5134/5134/5134
f 5122/5122/5122 5087/5087/5087 5085/5085/5085
f 5122/5122/5122 5085/5085/5085 5133/5133/5133
f 5121/5121/5121 5122/5122/5122 5133/5133/5133
f 5121/5121/5121 5133/5133/5133 5132/5132/5132
f 5120/5120/5120 5121/5121/5121 5132/5132/5132
f 5120/5120/5120 5132/5132/5132 5131/5131/5131
f 5119/5119/5119 5120/5120/5120 5131/5131/5131
f 5119/5119/5119 5131/5131/5131 5130/5130/5130
f 5118/5118/5118 5119/5119/5119 5130/5130/5130
f 5118/5118/5118 5130/5130/5130 5129/5129/5129
f 5117/5117/5117 5118/5118/5118 5129/5129/5129
f 5117/5117/5117 5129/5129/5129 5128/5128/5128
f 5116/5116/5116 5117/5117/5117 5128/5128/5128
f 5116/5116/5116 5128/5128/5128 5127/5127/5127
f 5116/5116/5116 5127/5127/5127 5126/5126/5126
f 5116/5116/5116 5126/5126/5126 5125/5125/5125
f 5125/5125/5125 5126/5126/5126 5124/5124/5124
f 5125/5125/5125 5124/5124/5124 5123/5123/5123
f 5101/5101/5101 5090/5090/5090 5105/5105/5105
f 5105/5105/5105 5090/5090/5090 5088/5088/5088
f 5105/5105/5105 5088/5088/5088 5106/5106/5106
f 5106/5106/5106 5088/5088/5088 5087/5087/5087
f 5106/5106/5106 5087/5087/5087 5107/5107/5107
f 5107/5107/5107 5087/5087/5087 5122/5122/5122
f 5107/5107/5107 5122/5122/5122 5108/5108/5108
f 5108/5108/5108 5122/5122/5122 5121/5121/5121
f 5108/5108/5108 5121/5121/5121 5109/5109/5109
f 5109/5109/5109 5121/5121/5121 5120/5120/5120
f 5109/5109/5109 5120/5120/5120 5110/5110/5110
f 5110/5110/5110 5120/5120/5120 5119/5119/5119
f 5110/5110/5110 5119/5119/5119 5111/5111/5111
f 5111/5111/5111 5119/5119/5119 5118/5118/5118
f 5111/5111/5111 5118/5118/5118 5112/5112/5112
f 5112/5112/5112 5118/5118/5118 5117/5117/5117
f 5112/5112/5112 5117/5117/5117 5113/5113/5113
f 5113/5113/5113 5117/5117/5117 5116/5116/5116
f 5113/5113/5113 5115/5115/5115 5114/5114/5114
f 5099/5099/5099 5113/5113/5113 5114/5114/5114
f 5112/5112/5112 5113/5113/5113 5099/5099/5099
f 5099/5099/5099 5111/5111/5111 5112/5112/5112
f 5110/5110/5110 5111/5111/5111 5099/5099/5099
f 5099/5099/5099 5109/5109/5109 5110/5110/5110
f 5108/5108/5108 5109/5109/5109 5099/5099/5099
f 5107/5107/5107 5108/5108/5108 5099/5099/5099
f 5107/5107/5107 5099/5099/5099 5106/5106/5106
f 5105/5105/5105 5106/5106/5106 5099/5099/5099
f 5105/5105/5105 5099/5099/5099 5101/5101/5101
f 5099/5099/5099 5102/5102/5102 5101/5101/5101
f 5103/5103/5103 5102/5102/5102 5099/5099/5099
f 5104/5104/5104 5103/5103/5103 5099/5099/5099
f 5104/5104/5104 5099/5099/5099 5098/5098/5098
f 5098/5098/5098 5097/5097/5097 5104/5104/5104
f 5104/5104/5104 5097/5097/5097 5096/5096/5096
f 5104/5104/5104 5096/5096/5096 5103/5103/5103
f 5103/5103/5103 5096/5096/5096 5094/5094/5094
f 5103/5103/5103 5094/5094/5094 5102/5102/5102
f 5102/5102/5102 5094/5094/5094 5092/5092/5092
f 5102/5102/5102 5092/5092/5092 5101/5101/5101
f 5101/5101/5101 5092/5092/5092 5090/5090/5090
f 5099/5099/5099 5100/5100/5100 5081/5081/5081
f 5082/5082/5082 5099/5099/5099 5081/5081/5081
f 5082/5082/5082 5098/5098/5098 5099/5099/5099
f 5082/5082/5082 5083/5083/5083 5098/5098/5098
f 5098/5098/5098 5083/5083/5083 5097/5097/5097
f 5083/5083/5083 5084/5084/5084 5097/5097/5097
f 5096/5096/5096 5097/5097/5097 5084/5084/5084
f 5096/5096/5096 5084/5084/5084 5095/5095/5095
f 5094/5094/5094 5096/5096/5096 5095/5095/5095
f 5094/5094/5094 5095/5095/5095 5093/5093/5093
f 5092/5092/5092 5094/5094/5094 5093/5093/5093
f 5092/5092/5092 5093/5093/5093 5091/5091/5091
f 5090/5090/5090 5092/5092/5092 5091/5091/5091
f 5090/5090/5090 5091/5091/5091 5089/5089/5089
f 5088/5088/5088 5090/5090/5090 5089/5089/5089
f 5088/5088/5088 5089/5089/5089 5086/5086/5086
f 5087/5087/5087 5088/5088/5088 5086/5086/5086
f 5087/5087/5087 5086/5086/5086 5085/5085/5085
f 5083/5083/5083 5076/5076/5076 5084/5084/5084
f 5078/5078/5078 5076/5076/5076 5083/5083/5083
f 5082/5082/5082 5078/5078/5078 5083/5083/5083
f 5081/5081/5081 5078/5078/5078 5082/5082/5082
f 5081/5081/5081 5080/5080/5080 5078/5078/5078
f 5080/5080/5080 5077/5077/5077 5078/5078/5078
f 5080/5080/5080 5079/5079/5079 5077/5077/5077
f 5078/5078/5078 5077/5077/5077 5076/5076/5076
f 5074/5074/5074 5036/5036/5036 5075/5075/5075
f 5074/5074/5074 5073/5073/5073 5036/5036/5036
f 5072/5072/5072 5073/5073/5073 5074/5074/5074
f 5072/5072/5072 5071/5071/5071 5073/5073/5073
f 5070/5070/5070 5071/5071/5071 5072/5072/5072
f 5070/5070/5070 5069/5069/5069 5071/5071/5071
f 5068/5068/5068 5069/5069/5069 5070/5070/5070
f 5068/5068/5068 5067/5067/5067 5069/5069/5069
f 5066/5066/5066 5067/5067/5067 5068/5068/5068
f 5066/5066/5066 5065/5065/5065 5067/5067/5067
f 5064/5064/5064 5065/5065/5065 5066/5066/5066
f 5064/5064/5064 5063/5063/5063 5065/5065/5065
f 5062/5062/5062 5063/5063/5063 5064/5064/5064
f 5062/5062/5062 5061/5061/5061 5063/5063/5063
f 5060/5060/5060 5061/5061/5061 5062/5062/5062
f 5060/5060/5060 5059/5059/5059 5061/5061/5061
f 5058/5058/5058 5059/5059/5059 5060/5060/5060
f 5058/5058/5058 5057/5057/5057 5059/5059/5059
f 5056/5056/5056 5057/5057/5057 5058/5058/5058
f 5056/5056/5056 5055/5055/5055 5057/5057/5057
f 5054/5054/5054 5055/5055/5055 5056/5056/5056
f 5054/5054/5054 5053/5053/5053 5055/5055/5055
f 5052/5052/5052 5053/5053/5053 5054/5054/5054
f 5052/5052/5052 5051/5051/5051 5053/5053/5053
f 5050/5050/5050 5051/5051/5051 5052/5052/5052
f 5050/5050/5050 5049/5049/5049 5051/5051/5051
f 5048/5048/5048 5049/5049/5049 5050/5050/5050
f 5048/5048/5048 5047/5047/5047 5049/5049/5049
f 5046/5046/5046 5047/5047/5047 5048/5048/5048
f 5046/5046/5046 5045/5045/5045 5047/5047/5047
f 5044/5044/5044 5045/5045/5045 5046/5046/5046
f 5044/5044/5044 5043/5043/5043 5045/5045/5045
f 5042/5042/5042 5043/5043/5043 5044/5044/5044
f 5042/5042/5042 5041/5041/5041 5043/5043/5043
f 5040/5040/5040 5041/5041/5041 5042/5042/5042
f 5040/5040/5040 5039/5039/5039 5041/5041/5041
f 5038/5038/5038 5039/5039/5039 5040/5040/5040
f 5038/5038/5038 5035/5035/5035 5039/5039/5039
f 5037/5037/5037 5035/5035/5035 5038/5038/5038
f 5037/5037/5037 5036/5036/5036 5035/5035/5035
f 5033/5033/5033 5034/5034/5034 5032/5032/5032
f 5033/5033/5033 5032/5032/5032 5031/5031/5031

o saw_spinner_bottom
v 0.4962318 0.4868498 0.2869660
v 0.5002267 0.4836750 0.2843586
v 0.4972291 0.4782147 0.2760472
v 0.4972291 0.4720687 0.2639850
v 0.4954964 0.4714146 0.2639850
v 0.4954964 0.4775606 0.2760471
v 0.4962318 0.4868498 0.2869660
v 0.4972291 0.4699509 0.2506139
v 0.4954964 0.4692968 0.2506139
v 0.4954964 0.4714146 0.2639850
v 0.4954964 0.4692968 0.2506139
v 0.4954964 0.4714146 0.2372427
v 0.4947070 0.4891317 0.2834572
v 0.4954964 0.4775606 0.2760471
v 0.4944182 0.4792527 0.2743811
v 0.4944182 0.4735093 0.2631091
v 0.4944182 0.4715303 0.2506139
v 0.4944182 0.4735093 0.2381186
v 0.4944182 0.4792527 0.2268465
v 0.4954964 0.4775606 0.2251803
v 0.4951348 0.4891822 0.2178209
v 0.4966429 0.4869448 0.2143563
v 0.5002581 0.4836972 0.2168913
v 0.5002581 0.4848700 0.2157185
v 0.4972291 0.4782147 0.2251803
v 0.5001650 0.4756545 0.2256862
v 0.4972291 0.4720687 0.2372427
v 0.5001650 0.4696307 0.2375087
v 0.4954964 0.4714146 0.2372427
v 0.4954964 0.4775606 0.2251803
v 0.4966429 0.4869448 0.2143563
v 0.5002267 0.4836750 0.2843586
v 0.5011207 0.4751921 0.2948637
v 0.5011207 0.4649220 0.2843633
v 0.5001650 0.4756545 0.2755413
v 0.5001650 0.4696308 0.2637191
v 0.5001650 0.4675551 0.2506138
v 0.5011207 0.4539592 0.2506138
v 0.5011207 0.4567698 0.2328683
v 0.5011207 0.4649220 0.2168643
v 0.5011207 0.4751921 0.2063638
v 0.5011207 0.4567698 0.2683594
v 0.5011207 0.4539592 0.2506138
v 0.5011207 0.4751921 0.2063638
v 0.5011207 0.4649220 0.2168643
v 0.5100126 0.4741912 0.2063638
v 0.5100126 0.4639211 0.2168643
v 0.5100126 0.4557689 0.2328683
v 0.5100126 0.4529583 0.2506138
v 0.5100126 0.4557689 0.2683594
v 0.5011207 0.4567698 0.2683594
v 0.5100126 0.4639211 0.2843633
v 0.5011207 0.4649220 0.2843633
v 0.5100126 0.4741913 0.2948638
v 0.5011207 0.4751921 0.2948637
v 0.5000434 0.4734791 0.2056677
v 0.5100126 0.4727670 0.2049709
v 0.5100126 0.4742342 0.2034708
v 0.5000434 0.4749463 0.2041676
v 0.5000035 0.4749193 0.2970870
v 0.5100126 0.4741803 0.2978096
v 0.5100126 0.4727131 0.2963096
v 0.5000035 0.4734522 0.2955869
v 0.4989058 0.4751868 0.2939226
v 0.5000035 0.4734522 0.2955869
v 0.5011207 0.4751921 0.2948637
v 0.5002267 0.4836750 0.2843586
v 0.5011207 0.4751921 0.2948637
v 0.5000035 0.4734522 0.2955869
v 0.5100126 0.4727131 0.2963096
v 0.5100126 0.4741913 0.2948638
v 0.4989857 0.4751868 0.2073056
v 0.5002581 0.4836972 0.2168913
v 0.5011207 0.4751921 0.2063638
v 0.5000434 0.4734791 0.2056677
v 0.5011207 0.4751921 0.2063638
v 0.5100126 0.4741912 0.2063638
v 0.5100126 0.4727670 0.2049709
v 0.5000434 0.4734791 0.2056677
v 0.5002267 0.4848478 0.2855314
v 0.4962318 0.4868498 0.2869660
v 0.4947070 0.4891317 0.2834572
v 0.5048468 0.4926020 0.2750942
v 0.5100126 0.4926020 0.2750942
v 0.4989857 0.4751868 0.2073056
v 0.5000434 0.4734791 0.2056677
v 0.5000434 0.4749463 0.2041676
v 0.4989857 0.4766387 0.2058266
v 0.5002581 0.4848700 0.2157185
v 0.5002581 0.4836972 0.2168913
v 0.4965017 0.4727855 0.2506139
v 0.4944182 0.4715303 0.2506139
v 0.4944182 0.4735093 0.2381186
v 0.4965017 0.4747645 0.2381186
v 0.4944182 0.4792527 0.2268465
v 0.4965017 0.4805079 0.2268465
v 0.4951348 0.4891822 0.2178209
v 0.5048468 0.4926020 0.2261336
v 0.5048468 0.4859076 0.2328279
v 0.5048468 0.4816097 0.2412633
v 0.5048468 0.4801287 0.2506138
v 0.5048468 0.4816097 0.2599645
v 0.4965017 0.4747645 0.2631091
v 0.5048468 0.4859076 0.2683997
v 0.4965017 0.4805079 0.2743811
v 0.5048468 0.4926020 0.2750942
v 0.4947070 0.4891317 0.2834572
v 0.4944182 0.4792527 0.2743811
v 0.4944182 0.4735093 0.2631091
v 0.5002267 0.4848478 0.2855314
v 0.5002267 0.4836750 0.2843586
v 0.4962318 0.4868498 0.2869660
v 0.5002267 0.4836750 0.2843586
v 0.5002267 0.4848478 0.2855314
v 0.4989058 0.4751868 0.2939226
v 0.4989058 0.4766387 0.2954016
v 0.5000035 0.4749193 0.2970870
v 0.5000035 0.4734522 0.2955869
v 0.4966429 0.4869448 0.2143563
v 0.5002581 0.4848700 0.2157185
v 0.4951348 0.4891822 0.2178209
v 0.5048468 0.4926020 0.2261336
v 0.5100126 0.4926020 0.2261336
v 0.5100126 0.4926020 0.2261336
v 0.5002581 0.4848700 0.2157185
v 0.5100126 0.4742342 0.2034708
v 0.4989857 0.4766387 0.2058266
v 0.5000434 0.4749463 0.2041676
v 0.5100126 0.4926020 0.2750942
v 0.5100126 0.4741803 0.2978096
v 0.5002267 0.4848478 0.2855314
v 0.4989058 0.4766387 0.2954016
v 0.5000035 0.4749193 0.2970870
vt -0.1877530 0.0645980
vt -0.1761700 0.0589110
vt -0.1573520 0.0728650
vt -0.1299960 0.0873660
vt -0.1319350 0.0910670
vt -0.1582460 0.0768800
vt -0.1877530 0.0645980
vt -0.1055930 0.1071420
vt -0.1085560 0.1101550
vt -0.1319350 0.0910670
vt -0.1085560 0.1101550
vt -0.0891130 0.1331380
vt -0.1888390 0.0745600
vt -0.1582460 0.0768800
vt -0.1597540 0.0824610
vt -0.1347300 0.0959880
vt -0.1125170 0.1141830
vt -0.0939710 0.1360110
vt -0.0800830 0.1605150
vt -0.0746050 0.1589560
vt -0.0717400 0.1893350
vt -0.0618920 0.1881370
vt -0.0567780 0.1768650
vt -0.0556600 0.1804380
vt -0.0706460 0.1580780
vt -0.0651330 0.1511020
vt -0.0854600 0.1311410
vt -0.0796810 0.1243970
vt -0.0891130 0.1331380
vt -0.0746050 0.1589560
vt -0.0618920 0.1881370
vt -0.1761700 0.0589110
vt -0.1714820 0.0287180
vt -0.1409910 0.0381410
vt -0.1503540 0.0672320
vt -0.1233230 0.0814700
vt -0.0993470 0.1007900
vt -0.0781530 0.0792380
vt -0.0541980 0.1083460
vt -0.0362110 0.1414590
vt -0.0265060 0.1718810
vt -0.1076290 0.0557180
vt -0.0781530 0.0792380
vt -0.0265060 0.1718810
vt -0.0362110 0.1414590
vt -0.0063880 0.1631340
vt -0.0176750 0.1316510
vt -0.0372570 0.0959950
vt -0.0633640 0.0641990
vt -0.0955220 0.0386040
vt -0.1076290 0.0557180
vt -0.1314000 0.0194950
vt -0.1409910 0.0381410
vt -0.1629580 0.0085550
vt -0.1714820 0.0287180
vt -0.0266790 0.1767530
vt -0.0042740 0.1671500
vt -0.0019880 0.1794730
vt -0.0262780 0.1815120
vt -0.1808570 0.0271560
vt -0.1784020 0.0028780
vt -0.1671380 0.0064160
vt -0.1764530 0.0289810
vt -0.1873100 0.0342070
vt -0.1824400 0.0376960
vt -0.1870050 0.0396550
vt -0.2161720 0.0301270
vt -0.1714820 0.0287180
vt -0.1764530 0.0289810
vt -0.1671380 0.0064160
vt -0.1629580 0.0085550
vt -0.0333680 0.1877760
vt -0.0297810 0.2168860
vt -0.0386600 0.1873120
vt -0.0366550 0.1828720
vt -0.0265060 0.1718810
vt -0.0063880 0.1631340
vt -0.0042740 0.1671500
vt -0.0266790 0.1767530
vt -0.2049910 0.0776370
vt -0.1977480 0.0699140
vt -0.1888390 0.0745600
vt -0.1904920 0.1051930
vt -0.1994510 0.1148980
vt -0.0333680 0.1877760
vt -0.0345320 0.1819870
vt -0.0298420 0.1810850
vt -0.0287350 0.1868840
vt -0.0260670 0.2162030
vt -0.0297810 0.2168860
vt -0.1164360 0.1181680
vt -0.1125170 0.1141830
vt -0.0939710 0.1360110
vt -0.0979220 0.1398360
vt -0.0800830 0.1605150
vt -0.0840190 0.1641320
vt -0.0717400 0.1893350
vt -0.1015780 0.1918970
vt -0.1088760 0.1716860
vt -0.1199000 0.1530610
vt -0.1344800 0.1365180
vt -0.1512470 0.1222920
vt -0.1384920 0.1000260
vt -0.1700920 0.1117540
vt -0.1632680 0.0865870
vt -0.1904920 0.1051930
vt -0.1888390 0.0745600
vt -0.1597540 0.0824610
vt -0.1347300 0.0959880
vt -0.2049910 0.0776370
vt -0.2086540 0.0768590
vt -0.1977480 0.0699140
vt -0.2161720 0.0301270
vt -0.2154290 0.0264380
vt -0.1873100 0.0342070
vt -0.1863310 0.0296170
vt -0.1804930 0.0308610
vt -0.1814800 0.0354960
vt -0.0666430 0.1978600
vt -0.0733940 0.2051320
vt -0.0717400 0.1893350
vt -0.1015780 0.1918970
vt -0.1108840 0.2013250
vt -0.0024670 0.2458810
vt -0.0260670 0.2162030
vt -0.0019880 0.1794730
vt -0.0287350 0.1868840
vt -0.0262780 0.1815120
vt -0.2447390 0.0024530
vt -0.1784020 0.0028780
vt -0.2154290 0.0264380
vt -0.1863310 0.0296170
vt -0.1808570 0.0271560
vn -0.7674151 -0.4793310 0.4258121
vn -0.2291430 -0.7735641 0.5908400
vn -0.1126950 -0.8101559 0.5752800
vn -0.1574600 -0.9330109 0.3235690
vn 0.3226119 -0.8546878 0.4067309
vn 0.3036949 -0.8045546 0.5103537
vn 0.2795220 -0.7405121 0.6111541
vn -0.1695379 -0.9855236 0.0000240
vn -0.6095274 -0.7899795 0.0663970
vn -0.6180437 -0.7647916 0.1819769
vn 0.3493540 -0.9254551 -0.1465760
vn -0.8814912 -0.4503871 -0.1418610
vn -0.9354696 -0.2336309 0.2651659
vn -0.9131932 -0.3145781 0.2590730
vn -0.9093643 -0.3298581 0.2534761
vn -0.9026420 -0.4104410 0.1295200
vn -0.9005578 -0.4347359 -0.0000000
vn -0.9026436 -0.4104388 -0.1295159
vn -0.9099352 -0.3200611 -0.2637781
vn -0.9137977 -0.3020949 -0.2714999
vn -0.9359020 -0.2087830 -0.2837200
vn -0.7207564 -0.4956313 -0.4846233
vn -0.6264338 -0.5926608 -0.5062938
vn -0.1380401 -0.7003554 -0.7003194
vn -0.1097880 -0.8092901 -0.5770581
vn -0.8772539 -0.4027990 -0.2611100
vn -0.1574600 -0.9330122 -0.3235651
vn -0.8981891 -0.4210351 -0.1264350
vn 0.3382238 -0.8960006 -0.2877279
vn 0.3038499 -0.8049436 -0.5096478
vn 0.2793168 -0.7399486 -0.6119297
vn -0.9773365 -0.1540319 0.1452149
vn -0.9977849 -0.0475570 0.0465140
vn -0.9976815 -0.0547390 0.0404390
vn -0.8772958 -0.4035379 0.2598249
vn -0.8981891 -0.4210341 0.1264380
vn -0.9038397 -0.4278709 -0.0000010
vn -0.9975315 -0.0701180 -0.0037820
vn -0.6893179 -0.6882359 -0.2262120
vn -0.9977306 -0.0538080 -0.0404760
vn -0.9979472 -0.0457840 -0.0447790
vn -0.9975640 -0.0662820 0.0217390
vn -0.3193739 -0.9476257 0.0023740
vn -0.0802120 -0.7126010 -0.6969690
vn -0.0906390 -0.8052431 -0.5859761
vn -0.0802120 -0.7126010 -0.6969690
vn -0.0914529 -0.8124746 -0.5757787
vn -0.1065610 -0.9466938 -0.3039989
vn -0.1118520 -0.9937248 -0.0000000
vn -0.1065609 -0.9466935 0.3039998
vn -0.1063260 -0.9446023 0.3105181
vn -0.0914530 -0.8124751 0.5757781
vn -0.0905610 -0.8048049 0.5865899
vn -0.0802120 -0.7126020 0.6969680
vn -0.0802100 -0.7126011 0.6969690
vn -0.0994430 -0.7113680 -0.6957489
vn -0.0994480 -0.7113494 -0.6957673
vn -0.0994470 -0.7113518 -0.6957648
vn -0.0994430 -0.7113709 -0.6957459
vn -0.1027300 -0.7111239 0.6955209
vn -0.1027270 -0.7111330 0.6955120
vn -0.1027270 -0.7111310 0.6955140
vn -0.1027310 -0.7111228 0.6955218
vn 0.2895371 -0.6761003 -0.6775373
vn 0.3313521 -0.5356021 -0.7767472
vn 0.3011309 -0.6420838 -0.7050167
vn 0.2649609 -0.7390628 -0.6193398
vn 0.0235050 -0.4393248 -0.8980206
vn 0.0362390 -0.4032459 -0.9143737
vn -0.0624770 -0.6604506 -0.7482656
vn -0.0784600 -0.6970813 -0.7126862
vn 0.2997599 -0.6734497 0.6757287
vn 0.2743709 -0.7369017 0.6178157
vn 0.3121770 -0.6378230 0.7040790
vn 0.3431679 -0.5307578 0.7749398
vn 0.0238500 -0.4307359 0.9021627
vn -0.0784620 -0.6970629 0.7127039
vn -0.0628780 -0.6603712 0.7483022
vn 0.0358930 -0.3955310 0.9177510
vn 0.3254450 0.7631960 0.5582270
vn 0.5114787 0.8048116 0.3011109
vn 0.3768418 0.7492467 0.5446278
vn 0.0659210 0.7867709 0.6137149
vn 0.0000000 0.8027149 0.5963629
vn -0.9878983 -0.1108230 -0.1085130
vn -0.9129382 -0.2917491 -0.2853531
vn -0.9130453 -0.2913491 -0.2854191
vn -0.9857488 -0.1200420 -0.1178520
vn -0.9950925 0.0700300 0.0699050
vn -0.9950918 0.0699720 0.0699720
vn -0.5864717 0.8099696 -0.0000010
vn -0.5160283 0.8565716 -0.0000010
vn -0.4988932 0.8281383 0.2555241
vn -0.5797568 0.7716218 0.2616899
vn -0.4439071 0.7368392 0.5099161
vn -0.5559849 0.6501089 0.5179179
vn -0.6288779 0.5108099 0.5861619
vn -0.6776300 0.4993920 0.5398380
vn -0.6854845 0.5957826 0.4185137
vn -0.6671658 0.7104068 0.2240799
vn -0.6606069 0.7507319 0.0000010
vn -0.6671661 0.7104051 -0.2240850
vn -0.5797579 0.7716199 -0.2616930
vn -0.6854830 0.5957851 -0.4185131
vn -0.5551151 0.6473342 -0.5223081
vn -0.6724348 0.4963568 -0.5490548
vn -0.6182519 0.5051069 -0.6021889
vn -0.4425288 0.7345537 -0.5143918
vn -0.4988970 0.8281351 -0.2555270
vn -0.0999469 -0.7035506 0.7035816
vn -0.0999469 -0.7035506 0.7035816
vn -0.0999469 -0.7035506 0.7035816
vn -0.9946889 0.0727800 -0.0727800
vn -0.9946895 0.0728410 -0.0727110
vn -0.9876098 -0.1121300 0.1097890
vn -0.9853737 -0.1215990 0.1193830
vn -0.9097613 -0.2965501 0.2905041
vn -0.9096523 -0.2969561 0.2904301
vn 0.5535488 0.7884418 -0.2682219
vn 0.3519819 0.7589999 -0.5477479
vn 0.3996241 0.7391372 -0.5421962
vn 0.0683480 0.7863973 -0.6139283
vn 0.0000000 0.8029215 -0.5960846
vn 0.0563970 0.7756448 -0.6286448
vn 0.0480160 0.7728137 -0.6328138
vn 0.0355150 0.7614196 -0.6472856
vn 0.0203090 0.7456548 -0.6660228
vn 0.0000930 0.7000579 -0.7140859
vn 0.0562760 0.7754613 0.6288822
vn 0.0359930 0.7614971 0.6471680
vn 0.0498980 0.7732932 0.6320822
vn 0.0207600 0.7458879 0.6657479
vn 0.0001350 0.7000600 0.7140840
usemtl ove9000_saw_blade_diffuse
f 5982/5982/5982 5979/5979/5979 5981/5981/5981
f 5980/5980/5980 5981/5981/5981 5979/5979/5979
f 5980/5980/5980 5979/5979/5979 5978/5978/5978
f 5975/5975/5975 5977/5977/5977 5976/5976/5976
f 5975/5975/5975 5976/5976/5976 5974/5974/5974
f 5975/5975/5975 5974/5974/5974 5973/5973/5973
f 5972/5972/5972 5969/5969/5969 5971/5971/5971
f 5970/5970/5970 5971/5971/5971 5969/5969/5969
f 5970/5970/5970 5969/5969/5969 5968/5968/5968
f 5966/5966/5966 5964/5964/5964 5967/5967/5967
f 5966/5966/5966 5965/5965/5965 5964/5964/5964
f 5964/5964/5964 5965/5965/5965 5963/5963/5963
f 5964/5964/5964 5963/5963/5963 5962/5962/5962
f 5961/5961/5961 5960/5960/5960 5959/5959/5959
f 5958/5958/5958 5940/5940/5940 5941/5941/5941
f 5958/5958/5958 5952/5952/5952 5940/5940/5940
f 5957/5957/5957 5952/5952/5952 5958/5958/5958
f 5957/5957/5957 5954/5954/5954 5952/5952/5952
f 5957/5957/5957 5956/5956/5956 5954/5954/5954
f 5954/5954/5954 5956/5956/5956 5955/5955/5955
f 5954/5954/5954 5955/5955/5955 5953/5953/5953
f 5952/5952/5952 5954/5954/5954 5953/5953/5953
f 5952/5952/5952 5953/5953/5953 5951/5951/5951
f 5940/5940/5940 5952/5952/5952 5951/5951/5951
f 5940/5940/5940 5951/5951/5951 5950/5950/5950
f 5940/5940/5940 5950/5950/5950 5949/5949/5949
f 5940/5940/5940 5949/5949/5949 5943/5943/5943
f 5943/5943/5943 5949/5949/5949 5948/5948/5948
f 5943/5943/5943 5948/5948/5948 5945/5945/5945
f 5947/5947/5947 5945/5945/5945 5948/5948/5948
f 5947/5947/5947 5946/5946/5946 5945/5945/5945
f 5944/5944/5944 5945/5945/5945 5946/5946/5946
f 5944/5944/5944 5943/5943/5943 5945/5945/5945
f 5944/5944/5944 5942/5942/5942 5943/5943/5943
f 5942/5942/5942 5940/5940/5940 5943/5943/5943
f 5942/5942/5942 5941/5941/5941 5940/5940/5940
f 5934/5934/5934 5939/5939/5939 5938/5938/5938
f 5934/5934/5934 5938/5938/5938 5937/5937/5937
f 5936/5936/5936 5934/5934/5934 5937/5937/5937
f 5936/5936/5936 5935/5935/5935 5934/5934/5934
f 5933/5933/5933 5932/5932/5932 5929/5929/5929
f 5931/5931/5931 5929/5929/5929 5932/5932/5932
f 5931/5931/5931 5930/5930/5930 5929/5929/5929
f 5927/5927/5927 5925/5925/5925 5928/5928/5928
f 5927/5927/5927 5926/5926/5926 5925/5925/5925
f 5923/5923/5923 5921/5921/5921 5924/5924/5924
f 5923/5923/5923 5922/5922/5922 5921/5921/5921
f 5919/5919/5919 5917/5917/5917 5920/5920/5920
f 5919/5919/5919 5918/5918/5918 5917/5917/5917
f 5915/5915/5915 5913/5913/5913 5916/5916/5916
f 5915/5915/5915 5914/5914/5914 5913/5913/5913
f 5911/5911/5911 5909/5909/5909 5912/5912/5912
f 5911/5911/5911 5910/5910/5910 5909/5909/5909
f 5907/5907/5907 5905/5905/5905 5908/5908/5908
f 5907/5907/5907 5906/5906/5906 5905/5905/5905
f 5903/5903/5903 5904/5904/5904 5902/5902/5902
f 5903/5903/5903 5902/5902/5902 5901/5901/5901
f 5901/5901/5901 5902/5902/5902 5900/5900/5900
f 5901/5901/5901 5900/5900/5900 5899/5899/5899
f 5899/5899/5899 5900/5900/5900 5892/5892/5892
f 5899/5899/5899 5892/5892/5892 5898/5898/5898
f 5897/5897/5897 5898/5898/5898 5892/5892/5892
f 5897/5897/5897 5892/5892/5892 5888/5888/5888
f 5896/5896/5896 5897/5897/5897 5888/5888/5888
f 5896/5896/5896 5888/5888/5888 5894/5894/5894
f 5895/5895/5895 5896/5896/5896 5894/5894/5894
f 5895/5895/5895 5894/5894/5894 5893/5893/5893
f 5891/5891/5891 5883/5883/5883 5884/5884/5884
f 5891/5891/5891 5884/5884/5884 5885/5885/5885
f 5892/5892/5892 5891/5891/5891 5885/5885/5885
f 5887/5887/5887 5885/5885/5885 5886/5886/5886
f 5889/5889/5889 5872/5872/5872 5890/5890/5890
f 5889/5889/5889 5875/5875/5875 5872/5872/5872
f 5888/5888/5888 5875/5875/5875 5889/5889/5889
f 5888/5888/5888 5877/5877/5877 5875/5875/5875
f 5887/5887/5887 5877/5877/5877 5888/5888/5888
f 5887/5887/5887 5886/5886/5886 5877/5877/5877
f 5857/5857/5857 5877/5877/5877 5886/5886/5886
f 5857/5857/5857 5886/5886/5886 5885/5885/5885
f 5857/5857/5857 5885/5885/5885 5853/5853/5853
f 5853/5853/5853 5885/5885/5885 5884/5884/5884
f 5853/5853/5853 5884/5884/5884 5852/5852/5852
f 5852/5852/5852 5884/5884/5884 5881/5881/5881
f 5883/5883/5883 5881/5881/5881 5884/5884/5884
f 5883/5883/5883 5882/5882/5882 5881/5881/5881
f 5879/5879/5879 5880/5880/5880 5874/5874/5874
f 5879/5879/5879 5874/5874/5874 5876/5876/5876
f 5879/5879/5879 5876/5876/5876 5878/5878/5878
f 5878/5878/5878 5876/5876/5876 5857/5857/5857
f 5857/5857/5857 5876/5876/5876 5877/5877/5877
f 5876/5876/5876 5875/5875/5875 5877/5877/5877
f 5876/5876/5876 5874/5874/5874 5875/5875/5875
f 5872/5872/5872 5875/5875/5875 5874/5874/5874
f 5872/5872/5872 5874/5874/5874 5871/5871/5871
f 5873/5873/5873 5872/5872/5872 5871/5871/5871
f 5870/5870/5870 5871/5871/5871 5869/5869/5869
f 5870/5870/5870 5869/5869/5869 5868/5868/5868
f 5861/5861/5861 5868/5868/5868 5869/5869/5869
f 5861/5861/5861 5867/5867/5867 5868/5868/5868
f 5858/5858/5858 5867/5867/5867 5861/5861/5861
f 5858/5858/5858 5866/5866/5866 5867/5867/5867
f 5858/5858/5858 5865/5865/5865 5866/5866/5866
f 5858/5858/5858 5859/5859/5859 5865/5865/5865
f 5859/5859/5859 5864/5864/5864 5865/5865/5865
f 5859/5859/5859 5863/5863/5863 5864/5864/5864
f 5863/5863/5863 5862/5862/5862 5864/5864/5864
f 5863/5863/5863 5850/5850/5850 5862/5862/5862
f 5861/5861/5861 5857/5857/5857 5860/5860/5860
f 5859/5859/5859 5857/5857/5857 5853/5853/5853
f 5854/5854/5854 5858/5858/5858 5857/5857/5857
f 5855/5855/5855 5852/5852/5852 5856/5856/5856
f 5855/5855/5855 5853/5853/5853 5852/5852/5852
f 5855/5855/5855 5854/5854/5854 5853/5853/5853
f 5852/5852/5852 5851/5851/5851 5850/5850/5850

o saw_spinner_core
v 0.4961942 0.5350734 0.2361475
v 0.4961942 0.5296186 0.2306926
v 0.4979776 0.5350734 0.2361475
v 0.4961942 0.5151259 0.2259837
v 0.4979776 0.5151259 0.2259837
v 0.4979776 0.5227451 0.2271905
v 0.4961942 0.5227451 0.2271905
v 0.4979776 0.5296186 0.2306926
v 0.4979776 0.5350734 0.2361475
v 0.4979776 0.5385756 0.2430210
v 0.4961942 0.5385756 0.2430210
v 0.4979776 0.5397823 0.2506402
v 0.4961942 0.5397823 0.2506402
v 0.4979776 0.5385756 0.2582595
v 0.4961942 0.5385756 0.2582595
v 0.4979776 0.5350733 0.2651329
v 0.4961942 0.5350733 0.2651329
v 0.4979776 0.5227451 0.2271905
v 0.5040954 0.5315012 0.2002421
v 0.4979776 0.5296186 0.2306926
v 0.5040954 0.5462736 0.2077689
v 0.5010030 0.5458189 0.2283404
v 0.4979776 0.5385756 0.2430210
v 0.5010030 0.5523150 0.2389166
v 0.4979776 0.5397823 0.2506402
v 0.5010030 0.5542968 0.2506402
v 0.5010030 0.5523150 0.2623639
v 0.4979776 0.5385756 0.2582595
v 0.5010030 0.5458189 0.2729400
v 0.4979776 0.5350733 0.2651329
v 0.4979776 0.5296186 0.2705877
v 0.5040954 0.5462736 0.2935115
v 0.4979776 0.5227451 0.2740899
v 0.5040954 0.5315012 0.3010383
v 0.4979776 0.5151259 0.2752967
v 0.5040954 0.5151259 0.3036320
v 0.4979776 0.5075066 0.2740899
v 0.5040954 0.4987505 0.3010383
v 0.4979776 0.5006332 0.2705877
v 0.5040954 0.4839781 0.2935115
v 0.4979776 0.5075066 0.2271905
v 0.4979776 0.5151259 0.2259837
v 0.4961942 0.5151259 0.2259837
v 0.4961942 0.5075066 0.2271905
v 0.4979776 0.5006331 0.2306926
v 0.4961942 0.5006331 0.2306926
v 0.4979776 0.4951783 0.2361475
v 0.4961942 0.4951783 0.2361475
v 0.4979776 0.4916762 0.2430210
v 0.4961942 0.4916762 0.2430210
v 0.4979776 0.4904694 0.2506402
v 0.4961942 0.4904694 0.2506402
v 0.4979776 0.4916762 0.2582595
v 0.4961942 0.4916762 0.2582595
v 0.4979776 0.4951784 0.2651329
v 0.4961942 0.4951784 0.2651329
v 0.4961942 0.5006332 0.2705877
v 0.4979776 0.5075066 0.2740899
v 0.4979776 0.5006332 0.2705877
v 0.4961942 0.5075066 0.2740899
v 0.4979776 0.5151259 0.2752967
v 0.4961942 0.5151259 0.2752967
v 0.5040954 0.4839781 0.2935115
v 0.5010030 0.4844328 0.2729400
v 0.4979776 0.4951784 0.2651329
v 0.4979776 0.4916762 0.2582595
v 0.5010030 0.4779367 0.2623639
v 0.4979776 0.4904694 0.2506402
v 0.5010030 0.4759549 0.2506402
v 0.5010030 0.4779367 0.2389166
v 0.4979776 0.4916762 0.2430210
v 0.5010030 0.4844328 0.2283404
v 0.4979776 0.4951783 0.2361475
v 0.4979776 0.5006331 0.2306926
v 0.5040954 0.4839781 0.2077689
v 0.4979776 0.5075066 0.2271905
v 0.5040954 0.4987505 0.2002421
v 0.5040954 0.5151259 0.1976484
v 0.4979776 0.5151259 0.2259837
v 0.5085339 0.5462736 0.2077689
v 0.5040954 0.5462736 0.2077689
v 0.5040954 0.5315012 0.2002421
v 0.5085339 0.5315012 0.2002421
v 0.5040954 0.5151259 0.1976484
v 0.5085339 0.5151259 0.1976484
v 0.5040954 0.5315012 0.2002421
v 0.5055264 0.5524321 0.2135445
v 0.5055264 0.5462509 0.2135445
v 0.5085339 0.5462506 0.2135555
v 0.5085339 0.5524319 0.2135555
v 0.5055413 0.5524343 0.2878453
v 0.5085339 0.5524362 0.2879215
v 0.5085339 0.5462549 0.2879215
v 0.5055413 0.5462531 0.2878453
v 0.5055413 0.4778174 0.2878453
v 0.5055413 0.4839986 0.2878453
v 0.5085339 0.4839967 0.2879215
v 0.5085339 0.4778155 0.2879215
v 0.5055413 0.4839986 0.2878453
v 0.5055413 0.4778174 0.2878453
v 0.5025889 0.4782516 0.2729400
v 0.5025889 0.4844328 0.2729400
v 0.5055264 0.4840008 0.2135445
v 0.5025889 0.4844328 0.2283404
v 0.5025889 0.4782516 0.2283404
v 0.5055264 0.4778196 0.2135445
v 0.5085339 0.4778199 0.2135555
v 0.5085339 0.4840011 0.2135555
v 0.5055264 0.4840008 0.2135445
v 0.5055264 0.4778196 0.2135445
v 0.5055413 0.4778174 0.2878453
v 0.5085339 0.4778155 0.2879215
v 0.5085339 0.4782516 0.2729400
v 0.5025889 0.4782516 0.2729400
v 0.5055264 0.4778196 0.2135445
v 0.5025889 0.4782516 0.2283404
v 0.5085339 0.4782516 0.2283404
v 0.5085339 0.4778199 0.2135555
v 0.5040954 0.4839781 0.2077689
v 0.5085339 0.4839781 0.2077689
v 0.5085339 0.4987505 0.2002421
v 0.5040954 0.4987505 0.2002421
v 0.5040954 0.5151259 0.1976484
v 0.5040954 0.4987505 0.2002421
v 0.5085339 0.5151259 0.1976484
v 0.5055264 0.5462509 0.2135445
v 0.5055264 0.5524321 0.2135445
v 0.5025889 0.5520001 0.2283404
v 0.5025889 0.5458189 0.2283404
v 0.5025889 0.5520001 0.2729400
v 0.5055413 0.5524343 0.2878453
v 0.5055413 0.5462531 0.2878453
v 0.5025889 0.5458189 0.2729400
v 0.5085339 0.5520001 0.2729400
v 0.5085339 0.5524362 0.2879215
v 0.5055413 0.5524343 0.2878453
v 0.5025889 0.5520001 0.2729400
v 0.5055264 0.5524321 0.2135445
v 0.5085339 0.5524319 0.2135555
v 0.5085339 0.5520001 0.2283404
v 0.5025889 0.5520001 0.2283404
v 0.5010030 0.4844328 0.2283404
v 0.5025889 0.4844328 0.2283404
v 0.5055264 0.4840008 0.2135445
v 0.5040954 0.4839781 0.2077689
v 0.5085339 0.4839781 0.2077689
v 0.5085339 0.4840011 0.2135555
v 0.4961942 0.5151259 0.2752967
v 0.4961942 0.5227451 0.2740899
v 0.4979776 0.5151259 0.2752967
v 0.4979776 0.5227451 0.2740899
v 0.4961942 0.5296186 0.2705877
v 0.4979776 0.5296186 0.2705877
v 0.5025889 0.4844328 0.2729400
v 0.5010030 0.4844328 0.2729400
v 0.5055413 0.4839986 0.2878453
v 0.5040954 0.4839781 0.2935115
v 0.5085339 0.4839781 0.2935115
v 0.5085339 0.4839967 0.2879215
v 0.5055413 0.5462531 0.2878453
v 0.5085339 0.5462549 0.2879215
v 0.5085339 0.5462736 0.2935115
v 0.5040954 0.5462736 0.2935115
v 0.5010030 0.5458189 0.2729400
v 0.5025889 0.5458189 0.2729400
v 0.5055264 0.5462509 0.2135445
v 0.5025889 0.5458189 0.2283404
v 0.5010030 0.5458189 0.2283404
v 0.5040954 0.5462736 0.2077689
v 0.5085339 0.5462736 0.2077689
v 0.5085339 0.5462506 0.2135555
v 0.5040954 0.4987505 0.3010383
v 0.5040954 0.5151259 0.3036320
v 0.5085339 0.5151259 0.3036320
v 0.5085339 0.4987505 0.3010383
v 0.5040954 0.4839781 0.2935115
v 0.5085339 0.4839781 0.2935115
v 0.5040954 0.5462736 0.2935115
v 0.5085339 0.5462736 0.2935115
v 0.5040954 0.5315012 0.3010383
v 0.5085339 0.5315012 0.3010383
v 0.5040954 0.5151259 0.3036320
v 0.4958969 0.5151259 0.2506402
v 0.4961942 0.5397823 0.2506402
v 0.4961942 0.5385756 0.2582595
v 0.4961942 0.5350733 0.2651329
v 0.4961942 0.5296186 0.2705877
v 0.4961942 0.5227451 0.2740899
v 0.4961942 0.5151259 0.2752967
v 0.4961942 0.5075066 0.2740899
v 0.4961942 0.5006332 0.2705877
v 0.4961942 0.4951784 0.2651329
v 0.4961942 0.4916762 0.2582595
v 0.4961942 0.4904694 0.2506402
v 0.4961942 0.4916762 0.2430210
v 0.4961942 0.4951783 0.2361475
v 0.4961942 0.5006331 0.2306926
v 0.4961942 0.5075066 0.2271905
v 0.4961942 0.5151259 0.2259837
v 0.4961942 0.5227451 0.2271905
v 0.4961942 0.5296186 0.2306926
v 0.4961942 0.5350734 0.2361475
v 0.4961942 0.5385756 0.2430210
vt 0.1072720 0.1268630
vt 0.0979900 0.1348520
vt 0.1093760 0.1288560
vt 0.0756510 0.1410310
vt 0.0756510 0.1435990
vt 0.0878540 0.1419920
vt 0.0871670 0.1394830
vt 0.0993990 0.1372930
vt 0.1093760 0.1288560
vt 0.1168840 0.1170670
vt 0.1140800 0.1159220
vt 0.1189470 0.1032060
vt 0.1159600 0.1032050
vt 0.1168900 0.0893480
vt 0.1140870 0.0904910
vt 0.1093870 0.0775540
vt 0.1072810 0.0795470
vt 0.0878540 0.1419920
vt 0.0981330 0.1828100
vt 0.0993990 0.1372930
vt 0.1190970 0.1748970
vt 0.1255710 0.1457100
vt 0.1168840 0.1170670
vt 0.1417980 0.1271110
vt 0.1189470 0.1032060
vt 0.1451680 0.1032060
vt 0.1418110 0.0793140
vt 0.1168900 0.0893480
vt 0.1256030 0.0607040
vt 0.1093870 0.0775540
vt 0.0994090 0.0691100
vt 0.1191430 0.0314770
vt 0.0878610 0.0644070
vt 0.0981550 0.0235490
vt 0.0756520 0.0627980
vt 0.0756520 0.0207000
vt 0.0634420 0.0644080
vt 0.0531490 0.0235500
vt 0.0518940 0.0691100
vt 0.0321590 0.0314770
vt 0.0634460 0.1419900
vt 0.0756510 0.1435990
vt 0.0756510 0.1410310
vt 0.0641350 0.1394830
vt 0.0519030 0.1372940
vt 0.0533110 0.1348510
vt 0.0419250 0.1288560
vt 0.0440290 0.1268630
vt 0.0344170 0.1170660
vt 0.0372220 0.1159220
vt 0.0323550 0.1032060
vt 0.0353430 0.1032050
vt 0.0344120 0.0893480
vt 0.0372160 0.0904910
vt 0.0419160 0.0775540
vt 0.0440220 0.0795470
vt 0.0533030 0.0715520
vt 0.0634420 0.0644080
vt 0.0518940 0.0691100
vt 0.0641300 0.0669180
vt 0.0756520 0.0627980
vt 0.0756520 0.0653680
vt 0.0321590 0.0314770
vt 0.0256990 0.0607030
vt 0.0419160 0.0775540
vt 0.0344120 0.0893480
vt 0.0094920 0.0793140
vt 0.0323550 0.1032060
vt 0.0061330 0.1032060
vt 0.0095010 0.1271100
vt 0.0344170 0.1170660
vt 0.0257280 0.1457100
vt 0.0419250 0.1288560
vt 0.0519030 0.1372940
vt 0.0322010 0.1748980
vt 0.0634460 0.1419900
vt 0.0531680 0.1828120
vt 0.0756510 0.1856590
vt 0.0756510 0.1435990
vt 0.1271040 0.1897620
vt 0.1190970 0.1748970
vt 0.0981330 0.1828100
vt 0.1028450 0.2006670
vt 0.0756510 0.1856590
vt 0.0756510 0.2044930
vt 0.0981330 0.1828100
vt 0.1314060 0.1676360
vt 0.1244460 0.1688620
vt 0.1344350 0.1831950
vt 0.1414050 0.1768260
vt 0.1314250 0.0385510
vt 0.1413950 0.0292200
vt 0.1343190 0.0228840
vt 0.1244440 0.0373640
vt 0.0198780 0.0385490
vt 0.0268600 0.0373620
vt 0.0169840 0.0228800
vt 0.0099080 0.0292190
vt 0.0268600 0.0373620
vt 0.0198780 0.0385490
vt 0.0148150 0.0571660
vt 0.0234710 0.0596710
vt 0.0268540 0.1688630
vt 0.0235040 0.1467450
vt 0.0148860 0.1492360
vt 0.0198930 0.1676370
vt 0.0098940 0.1768280
vt 0.0168640 0.1831970
vt 0.0268540 0.1688630
vt 0.0198930 0.1676370
vt 0.0198780 0.0385490
vt 0.0099080 0.0292190
vt 0.0016160 0.0489430
vt 0.0148150 0.0571660
vt 0.0198930 0.1676370
vt 0.0148860 0.1492360
vt 0.0017530 0.1574330
vt 0.0098940 0.1768280
vt 0.0322010 0.1748980
vt 0.0241950 0.1897660
vt 0.0484550 0.2006690
vt 0.0531680 0.1828120
vt 0.0756510 0.1856590
vt 0.0531680 0.1828120
vt 0.0756510 0.2044930
vt 0.1244460 0.1688620
vt 0.1314060 0.1676360
vt 0.1364120 0.1492360
vt 0.1277940 0.1467460
vt 0.1364870 0.0571670
vt 0.1314250 0.0385510
vt 0.1244440 0.0373640
vt 0.1278320 0.0596720
vt 0.1496860 0.0489440
vt 0.1413950 0.0292200
vt 0.1314250 0.0385510
vt 0.1364870 0.0571670
vt 0.1314060 0.1676360
vt 0.1414050 0.1768260
vt 0.1495430 0.1574330
vt 0.1364120 0.1492360
vt 0.0257280 0.1457100
vt 0.0235040 0.1467450
vt 0.0268540 0.1688630
vt 0.0322010 0.1748980
vt 0.0241950 0.1897660
vt 0.0168640 0.1831970
vt 0.0756520 0.0653680
vt 0.0871730 0.0669170
vt 0.0756520 0.0627980
vt 0.0878610 0.0644070
vt 0.0980000 0.0715520
vt 0.0994090 0.0691100
vt 0.0234710 0.0596710
vt 0.0256990 0.0607030
vt 0.0268600 0.0373620
vt 0.0321590 0.0314770
vt 0.0241440 0.0165710
vt 0.0169840 0.0228800
vt 0.1244440 0.0373640
vt 0.1343190 0.0228840
vt 0.1271600 0.0165740
vt 0.1191430 0.0314770
vt 0.1256030 0.0607040
vt 0.1278320 0.0596720
vt 0.1244460 0.1688620
vt 0.1277940 0.1467460
vt 0.1255710 0.1457100
vt 0.1190970 0.1748970
vt 0.1271040 0.1897620
vt 0.1344350 0.1831950
vt 0.0531490 0.0235500
vt 0.0756520 0.0207000
vt 0.0756520 0.0018510
vt 0.0484360 0.0056730
vt 0.0321590 0.0314770
vt 0.0241440 0.0165710
vt 0.1191430 0.0314770
vt 0.1271600 0.0165740
vt 0.0981550 0.0235490
vt 0.1028680 0.0056740
vt 0.0756520 0.0207000
vt 0.0756510 0.1032050
vt 0.1159600 0.1032050
vt 0.1140870 0.0904910
vt 0.1072810 0.0795470
vt 0.0980000 0.0715520
vt 0.0871730 0.0669170
vt 0.0756520 0.0653680
vt 0.0641300 0.0669180
vt 0.0533030 0.0715520
vt 0.0440220 0.0795470
vt 0.0372160 0.0904910
vt 0.0353430 0.1032050
vt 0.0372220 0.1159220
vt 0.0440290 0.1268630
vt 0.0533110 0.1348510
vt 0.0641350 0.1394830
vt 0.0756510 0.1410310
vt 0.0871670 0.1394830
vt 0.0979900 0.1348520
vt 0.1072720 0.1268630
vt 0.1140800 0.1159220
vn 0.0000070 0.8089553 -0.5878702
vn 0.0000000 0.5878853 -0.8089443
vn -0.8476500 0.3958860 -0.3532190
vn 0.0000000 0.1564341 -0.9876884
vn 0.0000000 0.1564350 -0.9876882
vn 0.0000000 0.3090090 -0.9510591
vn 0.0000000 0.3090090 -0.9510591
vn 0.0000000 0.5877879 -0.8090149
vn -0.0000020 0.8723628 -0.4888589
vn 0.0000000 0.9510561 -0.3090180
vn 0.0000000 0.9510561 -0.3090180
vn 0.0000000 0.9999999 -0.0000020
vn 0.0000000 0.9999999 -0.0000020
vn 0.0000000 0.9510558 0.3090189
vn 0.0000000 0.9510555 0.3090202
vn 0.0000000 0.8910011 0.4540011
vn -0.0000040 0.8090318 0.5877648
vn -0.9774770 0.0652150 -0.2007130
vn -0.9774766 0.0652160 -0.2007139
vn -0.9768139 0.1286190 -0.1711480
vn -0.9774314 0.1162270 -0.1764061
vn -0.9762907 0.1709980 -0.1327250
vn -0.9774568 0.1987650 -0.0712070
vn -0.9784665 0.1938349 -0.0709310
vn -0.9787561 0.2050280 -0.0000000
vn -0.9789590 0.2040570 -0.0000000
vn -0.9784663 0.1938361 0.0709310
vn -0.9775454 0.1987341 0.0700700
vn -0.9763466 0.1717239 0.1313699
vn -0.8217563 0.4231102 0.3816991
vn -0.9614140 0.1724720 0.2143280
vn -0.9774314 0.1162270 0.1764061
vn -0.9774768 0.0652160 0.2007130
vn -0.9774770 0.0652150 0.2007130
vn -0.9774770 0.0000000 0.2110420
vn -0.9774770 0.0000000 0.2110420
vn -0.9774768 -0.0652160 0.2007130
vn -0.9774768 -0.0652160 0.2007130
vn -0.8252421 -0.3809690 0.4169390
vn -0.9769313 -0.0969510 0.1902781
vn 0.0000000 -0.3090090 -0.9510591
vn 0.0000000 -0.1564350 -0.9876882
vn 0.0000000 -0.1564341 -0.9876884
vn 0.0000000 -0.3090090 -0.9510591
vn 0.0000000 -0.5877879 -0.8090149
vn 0.0000000 -0.5877879 -0.8090149
vn 0.0000000 -0.8090192 -0.5877821
vn 0.0000000 -0.8090184 -0.5877833
vn 0.0000000 -0.9510565 -0.3090172
vn 0.0000000 -0.9510561 -0.3090180
vn 0.0000000 -0.9999999 -0.0000010
vn 0.0000000 -0.9999999 -0.0000010
vn 0.0000000 -0.9510555 0.3090198
vn 0.0000000 -0.9510555 0.3090202
vn 0.0000000 -0.8090141 0.5877891
vn 0.0000000 -0.8090141 0.5877891
vn 0.0000070 -0.5876657 0.8091037
vn 0.0000000 -0.3090189 0.9510558
vn 0.0000000 -0.4539939 0.8910047
vn 0.0000000 -0.3090180 0.9510561
vn 0.0000000 -0.1564350 0.9876882
vn 0.0000000 -0.1564341 0.9876884
vn -0.9764184 -0.1615539 0.1432029
vn -0.9762909 -0.1709960 0.1327260
vn -0.9750261 -0.1796740 0.1305420
vn -0.9774570 -0.1987640 0.0712080
vn -0.9784663 -0.1938361 0.0709310
vn -0.9787562 -0.2050270 -0.0000000
vn -0.9789591 -0.2040560 -0.0000000
vn -0.9784665 -0.1938349 -0.0709310
vn -0.9775451 -0.1987350 -0.0700700
vn -0.9763466 -0.1717239 -0.1313699
vn -0.9750258 -0.1796760 -0.1305410
vn -0.9768141 -0.1286180 -0.1711480
vn -0.9774314 -0.1162270 -0.1764061
vn -0.9774770 -0.0652140 -0.2007130
vn -0.9774768 -0.0652160 -0.2007130
vn -0.9774770 0.0000000 -0.2110420
vn -0.9774771 0.0000000 -0.2110410
vn 0.0000000 0.4539852 -0.8910093
vn 0.0000000 0.4539839 -0.8910098
vn 0.0000000 0.4539878 -0.8910078
vn -0.0000080 0.3089101 -0.9510912
vn 0.0000000 0.1564360 -0.9876881
vn 0.0000000 0.1564370 -0.9876878
vn 0.0000000 0.1564370 -0.9876878
vn 0.0036600 0.0000000 -0.9999933
vn 0.0036600 0.0000000 -0.9999933
vn 0.0036600 0.0000000 -0.9999933
vn 0.0036600 0.0000000 -0.9999933
vn -0.0254860 0.0000000 0.9996752
vn -0.0254860 0.0000000 0.9996752
vn -0.0254860 0.0000000 0.9996752
vn -0.0254860 0.0000000 0.9996752
vn -0.0254860 0.0000000 0.9996752
vn -0.0254860 0.0000000 0.9996752
vn -0.0254860 0.0000000 0.9996752
vn -0.0254860 0.0000000 0.9996752
vn -0.9809415 0.0000000 0.1943029
vn -0.9809415 0.0000000 0.1943029
vn -0.9809415 0.0000000 0.1943029
vn -0.9809415 0.0000000 0.1943029
vn -0.9808573 0.0000000 -0.1947280
vn -0.9808573 0.0000000 -0.1947280
vn -0.9808573 0.0000000 -0.1947280
vn -0.9808573 0.0000000 -0.1947280
vn 0.0036600 0.0000000 -0.9999933
vn 0.0036600 0.0000000 -0.9999933
vn 0.0036600 0.0000000 -0.9999933
vn 0.0036600 0.0000000 -0.9999933
vn 0.0000810 -0.9995763 -0.0291030
vn 0.0001040 -0.9995764 -0.0290980
vn 0.0000130 -0.9995760 -0.0291170
vn 0.0000000 -0.9995758 -0.0291200
vn 0.0000000 -0.9995738 0.0291900
vn 0.0000000 -0.9995738 0.0291890
vn 0.0000000 -0.9995738 0.0291890
vn 0.0000000 -0.9995737 0.0291910
vn 0.0000000 -0.4539852 -0.8910093
vn 0.0000000 -0.4539847 -0.8910094
vn -0.0000080 -0.3090779 -0.9510366
vn 0.0000000 -0.4539878 -0.8910078
vn 0.0000000 -0.1564360 -0.9876881
vn 0.0000000 -0.1564370 -0.9876878
vn 0.0000000 -0.1564360 -0.9876881
vn -0.9808575 0.0000000 -0.1947271
vn -0.9808575 0.0000000 -0.1947271
vn -0.9808575 0.0000000 -0.1947271
vn -0.9808570 0.0000000 -0.1947290
vn -0.9809417 0.0000000 0.1943019
vn -0.9809421 0.0000000 0.1943000
vn -0.9809418 0.0000000 0.1943010
vn -0.9809417 0.0000000 0.1943019
vn 0.0000130 0.9995760 -0.0291160
vn 0.0001040 0.9995764 -0.0290980
vn 0.0000810 0.9995764 -0.0291030
vn 0.0000000 0.9995759 -0.0291190
vn 0.0000000 0.9995738 0.0291880
vn 0.0000000 0.9995738 0.0291890
vn 0.0000000 0.9995739 0.0291860
vn 0.0000000 0.9995739 0.0291860
vn -0.0050800 -0.9996060 0.0276020
vn 0.0000000 -0.9995738 0.0291870
vn -0.0268140 -0.9995846 0.0105680
vn -0.0104050 -0.9999246 0.0065150
vn 0.0000230 -0.9999921 0.0039510
vn 0.0000760 -0.9999920 0.0039800
vn 0.0000000 0.1564341 0.9876884
vn 0.0000000 0.3090180 0.9510561
vn 0.0000000 0.1564350 0.9876882
vn 0.0000000 0.3090189 0.9510558
vn 0.0000000 0.5877908 0.8090128
vn 0.0000000 0.5777581 0.8162081
vn 0.0000000 -0.9995759 -0.0291180
vn -0.0046880 -0.9996055 -0.0276920
vn -0.0244780 -0.9996476 -0.0102670
vn -0.0105690 -0.9999241 -0.0063280
vn -0.0055170 -0.9999845 0.0007530
vn -0.0005500 -0.9999942 -0.0033410
vn -0.0218560 0.9996645 -0.0138940
vn -0.0005570 0.9999942 -0.0033390
vn -0.0001720 0.9999937 -0.0035380
vn -0.0105670 0.9999241 -0.0063250
vn -0.0046090 0.9996055 -0.0277020
vn 0.0000000 0.9995758 -0.0291210
vn -0.0239650 0.9996588 0.0103780
vn 0.0000000 0.9995740 0.0291840
vn -0.0047300 0.9996039 0.0277390
vn -0.0103980 0.9999246 0.0065220
vn 0.0000000 0.9999923 0.0039470
vn 0.0000720 0.9999920 0.0039780
vn 0.0000000 -0.3090168 0.9510565
vn 0.0000000 -0.1564389 0.9876876
vn -0.0000070 -0.0000100 0.9999999
vn 0.0000000 -0.3090159 0.9510567
vn 0.0000000 -0.4539871 0.8910083
vn 0.0000000 -0.4539859 0.8910088
vn 0.0000000 0.4539859 0.8910088
vn 0.0000000 0.4539859 0.8910088
vn -0.0000060 0.3089071 0.9510922
vn 0.0000000 0.3090172 0.9510565
vn 0.0000000 0.1564389 0.9876876
vn -0.9999999 0.0000000 -0.0000000
vn -0.9999273 0.0120560 -0.0000000
vn -0.9999273 0.0114660 0.0037260
vn -0.9999273 0.0097540 0.0070860
vn -0.9999273 0.0070860 0.0097530
vn -0.9999273 0.0037260 0.0114660
vn -0.9999273 0.0000000 0.0120560
vn -0.9999273 -0.0037260 0.0114660
vn -0.9999273 -0.0070860 0.0097530
vn -0.9999273 -0.0097540 0.0070860
vn -0.9999273 -0.0114660 0.0037250
vn -0.9999273 -0.0120560 -0.0000000
vn -0.9999273 -0.0114660 -0.0037250
vn -0.9999273 -0.0097540 -0.0070860
vn -0.9999273 -0.0070860 -0.0097530
vn -0.9999273 -0.0037250 -0.0114660
vn -0.9999273 0.0000000 -0.0120560
vn -0.9999273 0.0037250 -0.0114660
vn -0.9999273 0.0070860 -0.0097530
vn -0.9999273 0.0097540 -0.0070860
vn -0.9999273 0.0114660 -0.0037260
usemtl ove9000_saw_blade_diffuse
f 6165/6165/6165 6166/6166/6166 6185/6185/6185
f 6185/6185/6185 6184/6184/6184 6165/6165/6165
f 6184/6184/6184 6183/6183/6183 6165/6165/6165
f 6165/6165/6165 6183/6183/6183 6182/6182/6182
f 6182/6182/6182 6181/6181/6181 6165/6165/6165
f 6181/6181/6181 6180/6180/6180 6165/6165/6165
f 6179/6179/6179 6165/6165/6165 6180/6180/6180
f 6178/6178/6178 6165/6165/6165 6179/6179/6179
f 6177/6177/6177 6165/6165/6165 6178/6178/6178
f 6177/6177/6177 6176/6176/6176 6165/6165/6165
f 6175/6175/6175 6165/6165/6165 6176/6176/6176
f 6174/6174/6174 6165/6165/6165 6175/6175/6175
f 6173/6173/6173 6165/6165/6165 6174/6174/6174
f 6173/6173/6173 6172/6172/6172 6165/6165/6165
f 6171/6171/6171 6165/6165/6165 6172/6172/6172
f 6171/6171/6171 6170/6170/6170 6165/6165/6165
f 6165/6165/6165 6170/6170/6170 6169/6169/6169
f 6169/6169/6169 6168/6168/6168 6165/6165/6165
f 6168/6168/6168 6167/6167/6167 6165/6165/6165
f 6167/6167/6167 6166/6166/6166 6165/6165/6165
f 6164/6164/6164 6156/6156/6156 6163/6163/6163
f 6164/6164/6164 6163/6163/6163 6162/6162/6162
f 6162/6162/6162 6163/6163/6163 6161/6161/6161
f 6162/6162/6162 6161/6161/6161 6160/6160/6160
f 6157/6157/6157 6158/6158/6158 6159/6159/6159
f 6157/6157/6157 6154/6154/6154 6158/6158/6158
f 6156/6156/6156 6154/6154/6154 6157/6157/6157
f 6156/6156/6156 6155/6155/6155 6154/6154/6154
f 6148/6148/6148 6153/6153/6153 6152/6152/6152
f 6148/6148/6148 6152/6152/6152 6151/6151/6151
f 6150/6150/6150 6148/6148/6148 6151/6151/6151
f 6150/6150/6150 6149/6149/6149 6148/6148/6148
f 6142/6142/6142 6147/6147/6147 6146/6146/6146
f 6142/6142/6142 6146/6146/6146 6145/6145/6145
f 6144/6144/6144 6142/6142/6142 6145/6145/6145
f 6144/6144/6144 6143/6143/6143 6142/6142/6142
f 6138/6138/6138 6141/6141/6141 6140/6140/6140
f 6138/6138/6138 6140/6140/6140 6139/6139/6139
f 6138/6138/6138 6139/6139/6139 6137/6137/6137
f 6138/6138/6138 6137/6137/6137 6136/6136/6136
f 6135/6135/6135 5999/5999/5999 6134/6134/6134
f 6133/6133/6133 6135/6135/6135 6134/6134/6134
f 6133/6133/6133 6134/6134/6134 6131/6131/6131
f 6132/6132/6132 6133/6133/6133 6131/6131/6131
f 6132/6132/6132 6131/6131/6131 6130/6130/6130
f 6128/6128/6128 6129/6129/6129 6126/6126/6126
f 6128/6128/6128 6126/6126/6126 6127/6127/6127
f 6126/6126/6126 6124/6124/6124 6127/6127/6127
f 6126/6126/6126 6125/6125/6125 6124/6124/6124
f 6122/6122/6122 6120/6120/6120 6123/6123/6123
f 6122/6122/6122 6121/6121/6121 6120/6120/6120
f 6118/6118/6118 6116/6116/6116 6119/6119/6119
f 6118/6118/6118 6117/6117/6117 6116/6116/6116
f 6114/6114/6114 6112/6112/6112 6115/6115/6115
f 6114/6114/6114 6113/6113/6113 6112/6112/6112
f 6110/6110/6110 6108/6108/6108 6111/6111/6111
f 6110/6110/6110 6109/6109/6109 6108/6108/6108
f 6107/6107/6107 6103/6103/6103 6106/6106/6106
f 6107/6107/6107 6106/6106/6106 6105/6105/6105
f 6103/6103/6103 6101/6101/6101 6104/6104/6104
f 6103/6103/6103 6102/6102/6102 6101/6101/6101
f 6099/6099/6099 6097/6097/6097 6100/6100/6100
f 6099/6099/6099 6098/6098/6098 6097/6097/6097
f 6095/6095/6095 6093/6093/6093 6096/6096/6096
f 6095/6095/6095 6094/6094/6094 6093/6093/6093
f 6091/6091/6091 6089/6089/6089 6092/6092/6092
f 6091/6091/6091 6090/6090/6090 6089/6089/6089
f 6087/6087/6087 6085/6085/6085 6088/6088/6088
f 6087/6087/6087 6086/6086/6086 6085/6085/6085
f 6083/6083/6083 6081/6081/6081 6084/6084/6084
f 6083/6083/6083 6082/6082/6082 6081/6081/6081
f 6079/6079/6079 6077/6077/6077 6080/6080/6080
f 6079/6079/6079 6078/6078/6078 6077/6077/6077
f 6075/6075/6075 6073/6073/6073 6076/6076/6076
f 6075/6075/6075 6074/6074/6074 6073/6073/6073
f 6071/6071/6071 6069/6069/6069 6072/6072/6072
f 6071/6071/6071 6070/6070/6070 6069/6069/6069
f 6068/6068/6068 6065/6065/6065 6067/6067/6067
f 6068/6068/6068 6067/6067/6067 6066/6066/6066
f 6064/6064/6064 6062/6062/6062 6065/6065/6065
f 6064/6064/6064 6063/6063/6063 6062/6062/6062
f 6000/6000/6000 6001/6001/6001 6060/6060/6060
f 6000/6000/6000 6060/6060/6060 6061/6061/6061
f 6060/6060/6060 6058/6058/6058 6061/6061/6061
f 6060/6060/6060 6059/6059/6059 6058/6058/6058
f 6057/6057/6057 6058/6058/6058 6059/6059/6059
f 6057/6057/6057 6056/6056/6056 6058/6058/6058
f 6054/6054/6054 6056/6056/6056 6057/6057/6057
f 6054/6054/6054 6055/6055/6055 6056/6056/6056
f 6053/6053/6053 6055/6055/6055 6054/6054/6054
f 6053/6053/6053 6054/6054/6054 6052/6052/6052
f 6050/6050/6050 6053/6053/6053 6052/6052/6052
f 6050/6050/6050 6052/6052/6052 6051/6051/6051
f 6049/6049/6049 6050/6050/6050 6051/6051/6051
f 6049/6049/6049 6048/6048/6048 6050/6050/6050
f 6046/6046/6046 6048/6048/6048 6049/6049/6049
f 6046/6046/6046 6047/6047/6047 6048/6048/6048
f 6021/6021/6021 6047/6047/6047 6046/6046/6046
f 6021/6021/6021 6046/6046/6046 6045/6045/6045
f 6042/6042/6042 6043/6043/6043 6044/6044/6044
f 6042/6042/6042 6040/6040/6040 6043/6043/6043
f 6039/6039/6039 6040/6040/6040 6042/6042/6042
f 6039/6039/6039 6041/6041/6041 6040/6040/6040
f 6038/6038/6038 6021/6021/6021 6039/6039/6039
f 6038/6038/6038 6037/6037/6037 6021/6021/6021
f 6036/6036/6036 6037/6037/6037 6038/6038/6038
f 6036/6036/6036 6035/6035/6035 6037/6037/6037
f 6034/6034/6034 6035/6035/6035 6036/6036/6036
f 6034/6034/6034 6033/6033/6033 6035/6035/6035
f 6032/6032/6032 6033/6033/6033 6034/6034/6034
f 6032/6032/6032 6031/6031/6031 6033/6033/6033
f 6030/6030/6030 6031/6031/6031 6032/6032/6032
f 6030/6030/6030 6029/6029/6029 6031/6031/6031
f 6028/6028/6028 6029/6029/6029 6030/6030/6030
f 6028/6028/6028 6027/6027/6027 6029/6029/6029
f 6026/6026/6026 6027/6027/6027 6028/6028/6028
f 6026/6026/6026 6023/6023/6023 6027/6027/6027
f 6025/6025/6025 6023/6023/6023 6026/6026/6026
f 6025/6025/6025 6024/6024/6024 6023/6023/6023
f 6020/6020/6020 6021/6021/6021 6022/6022/6022
f 6020/6020/6020 6019/6019/6019 6021/6021/6021
f 6018/6018/6018 6019/6019/6019 6020/6020/6020
f 6018/6018/6018 6017/6017/6017 6019/6019/6019
f 6017/6017/6017 6018/6018/6018 6016/6016/6016
f 6017/6017/6017 6016/6016/6016 6015/6015/6015
f 6015/6015/6015 6016/6016/6016 6014/6014/6014
f 6015/6015/6015 6014/6014/6014 6013/6013/6013
f 6013/6013/6013 6014/6014/6014 6011/6011/6011
f 6013/6013/6013 6012/6012/6012 5999/5999/5999
f 6013/6013/6013 6011/6011/6011 6012/6012/6012
f 6011/6011/6011 6010/6010/6010 6012/6012/6012
f 6011/6011/6011 6009/6009/6009 6010/6010/6010
f 6009/6009/6009 6007/6007/6007 6010/6010/6010
f 6009/6009/6009 6008/6008/6008 6007/6007/6007
f 6007/6007/6007 6008/6008/6008 6006/6006/6006
f 6007/6007/6007 6006/6006/6006 6005/6005/6005
f 6005/6005/6005 6006/6006/6006 6004/6004/6004
f 6005/6005/6005 6004/6004/6004 5985/5985/5985
f 6002/6002/6002 5985/5985/5985 6004/6004/6004
f 6002/6002/6002 6004/6004/6004 6003/6003/6003
f 6002/6002/6002 6003/6003/6003 6001/6001/6001
f 6002/6002/6002 6001/6001/6001 6000/6000/6000
f 5998/5998/5998 5997/5997/5997 5999/5999/5999
f 5998/5998/5998 5996/5996/5996 5997/5997/5997
f 5996/5996/5996 5995/5995/5995 5997/5997/5997
f 5996/5996/5996 5994/5994/5994 5995/5995/5995
f 5994/5994/5994 5993/5993/5993 5995/5995/5995
f 5994/5994/5994 5992/5992/5992 5993/5993/5993
f 5992/5992/5992 5983/5983/5983 5993/5993/5993
f 5992/5992/5992 5991/5991/5991 5983/5983/5983
f 5991/5991/5991 5990/5990/5990 5984/5984/5984
f 5990/5990/5990 5989/5989/5989 5984/5984/5984
f 5990/5990/5990 5988/5988/5988 5989/5989/5989
f 5988/5988/5988 5986/5986/5986 5989/5989/5989
f 5988/5988/5988 5987/5987/5987 5986/5986/5986
f 5985/5985/5985 5984/5984/5984 5983/5983/5983

o saw_spinner_top
v 0.4972291 0.5591055 0.2506139
v 0.4954964 0.5597596 0.2506139
v 0.4954964 0.5576418 0.2372427
v 0.4972291 0.5569878 0.2639850
v 0.4954964 0.5576418 0.2639850
v 0.4954964 0.5576418 0.2639850
v 0.4954964 0.5597596 0.2506139
v 0.4962318 0.5422065 0.2869660
v 0.4954964 0.5514958 0.2760472
v 0.4972291 0.5508417 0.2760472
v 0.4962318 0.5422065 0.2869660
v 0.5002267 0.5453814 0.2843586
v 0.4954964 0.5514958 0.2760472
v 0.4947070 0.5399247 0.2834572
v 0.4944182 0.5498037 0.2743811
v 0.4944182 0.5555471 0.2631091
v 0.4944182 0.5575261 0.2506139
v 0.4944182 0.5555471 0.2381186
v 0.4944182 0.5498037 0.2268465
v 0.4954964 0.5514958 0.2251803
v 0.4951348 0.5398743 0.2178209
v 0.4966429 0.5421117 0.2143563
v 0.5002581 0.5441864 0.2157185
v 0.5002581 0.5453592 0.2168913
v 0.4972291 0.5508417 0.2251803
v 0.5001650 0.5534019 0.2256862
v 0.4972291 0.5569878 0.2372427
v 0.5001650 0.5594257 0.2375087
v 0.4954964 0.5576418 0.2372427
v 0.4954964 0.5514958 0.2251803
v 0.4966429 0.5421117 0.2143563
v 0.5011207 0.5641344 0.2843633
v 0.5011207 0.5538644 0.2948638
v 0.5002267 0.5453814 0.2843586
v 0.5001650 0.5534019 0.2755413
v 0.5001650 0.5594257 0.2637191
v 0.5001650 0.5615013 0.2506138
v 0.5011207 0.5750972 0.2506138
v 0.5011207 0.5722867 0.2328683
v 0.5011207 0.5641344 0.2168643
v 0.5011207 0.5538643 0.2063638
v 0.5011207 0.5750972 0.2506138
v 0.5011207 0.5722867 0.2683594
v 0.5011207 0.5538644 0.2948638
v 0.5011207 0.5641344 0.2843633
v 0.5100126 0.5548652 0.2948638
v 0.5100126 0.5651353 0.2843633
v 0.5011207 0.5722867 0.2683594
v 0.5100126 0.5732875 0.2683594
v 0.5100126 0.5760981 0.2506138
v 0.5100126 0.5732875 0.2328683
v 0.5100126 0.5651353 0.2168643
v 0.5011207 0.5641344 0.2168643
v 0.5100126 0.5548651 0.2063638
v 0.5011207 0.5538643 0.2063638
v 0.5002267 0.5442086 0.2855314
v 0.4962318 0.5422065 0.2869660
v 0.5002267 0.5453814 0.2843586
v 0.5100126 0.5548223 0.2034708
v 0.5100126 0.5562894 0.2049708
v 0.5000434 0.5555773 0.2056676
v 0.5000434 0.5541101 0.2041676
v 0.5100126 0.5563434 0.2963095
v 0.5100126 0.5548761 0.2978097
v 0.5000035 0.5541371 0.2970870
v 0.5000035 0.5556043 0.2955868
v 0.4989058 0.5538697 0.2939226
v 0.5002267 0.5453814 0.2843586
v 0.5011207 0.5538644 0.2948638
v 0.5000035 0.5556043 0.2955868
v 0.5100126 0.5563434 0.2963095
v 0.5000035 0.5556043 0.2955868
v 0.5011207 0.5538644 0.2948638
v 0.5100126 0.5548652 0.2948638
v 0.4989857 0.5538696 0.2073056
v 0.5000434 0.5555773 0.2056676
v 0.5011207 0.5538643 0.2063638
v 0.5002581 0.5453592 0.2168913
v 0.5011207 0.5538643 0.2063638
v 0.5000434 0.5555773 0.2056676
v 0.5100126 0.5562894 0.2049708
v 0.5100126 0.5548651 0.2063638
v 0.4947070 0.5399247 0.2834572
v 0.4962318 0.5422065 0.2869660
v 0.5002267 0.5442086 0.2855314
v 0.5048468 0.5364545 0.2750942
v 0.5100126 0.5364545 0.2750942
v 0.5100126 0.5364545 0.2261336
v 0.5100126 0.5548223 0.2034708
v 0.5002581 0.5441864 0.2157185
v 0.4989857 0.5524177 0.2058266
v 0.5000434 0.5541101 0.2041676
v 0.5100126 0.5364545 0.2750942
v 0.5002267 0.5442086 0.2855314
v 0.5100126 0.5548761 0.2978097
v 0.4989058 0.5524177 0.2954016
v 0.5000035 0.5541371 0.2970870
v 0.5002581 0.5441864 0.2157185
v 0.4966429 0.5421117 0.2143563
v 0.4951348 0.5398743 0.2178209
v 0.5048468 0.5364545 0.2261336
v 0.5100126 0.5364545 0.2261336
v 0.5000434 0.5541101 0.2041676
v 0.5000434 0.5555773 0.2056676
v 0.4989857 0.5538696 0.2073056
v 0.4989857 0.5524177 0.2058266
v 0.5002581 0.5441864 0.2157185
v 0.5002581 0.5453592 0.2168913
v 0.5002267 0.5453814 0.2843586
v 0.4989058 0.5538697 0.2939226
v 0.5002267 0.5442086 0.2855314
v 0.4989058 0.5524177 0.2954016
v 0.5000035 0.5541371 0.2970870
v 0.5000035 0.5556043 0.2955868
v 0.4944182 0.5555471 0.2381186
v 0.4944182 0.5575261 0.2506139
v 0.4965017 0.5562710 0.2506139
v 0.4944182 0.5555471 0.2631091
v 0.4965017 0.5542919 0.2631091
v 0.4944182 0.5498037 0.2743811
v 0.4965017 0.5485485 0.2743811
v 0.4947070 0.5399247 0.2834572
v 0.5048468 0.5364545 0.2750942
v 0.5048468 0.5431488 0.2683997
v 0.5048468 0.5474467 0.2599645
v 0.5048468 0.5489277 0.2506138
v 0.5048468 0.5474468 0.2412633
v 0.4965017 0.5542919 0.2381186
v 0.5048468 0.5431488 0.2328279
v 0.4965017 0.5485485 0.2268465
v 0.5048468 0.5364545 0.2261336
v 0.4951348 0.5398743 0.2178209
v 0.4944182 0.5498037 0.2268465
vt 0.8944070 0.1071420
vt 0.8914440 0.1101550
vt 0.9108870 0.1331380
vt 0.8700040 0.0873660
vt 0.8680650 0.0910670
vt 0.8680650 0.0910670
vt 0.8914440 0.1101550
vt 0.8122470 0.0645980
vt 0.8417540 0.0768800
vt 0.8426480 0.0728650
vt 0.8122470 0.0645980
vt 0.8238300 0.0589110
vt 0.8417540 0.0768800
vt 0.8111610 0.0745600
vt 0.8402460 0.0824610
vt 0.8652700 0.0959880
vt 0.8874830 0.1141830
vt 0.9060290 0.1360110
vt 0.9199170 0.1605150
vt 0.9253950 0.1589560
vt 0.9282600 0.1893350
vt 0.9381080 0.1881370
vt 0.9443400 0.1804380
vt 0.9432220 0.1768650
vt 0.9293540 0.1580780
vt 0.9348670 0.1511020
vt 0.9145400 0.1311410
vt 0.9203190 0.1243970
vt 0.9108870 0.1331380
vt 0.9253950 0.1589560
vt 0.9381080 0.1881370
vt 0.8590090 0.0381410
vt 0.8285180 0.0287180
vt 0.8238300 0.0589110
vt 0.8496460 0.0672320
vt 0.8766770 0.0814700
vt 0.9006530 0.1007900
vt 0.9218470 0.0792380
vt 0.9458020 0.1083460
vt 0.9637890 0.1414590
vt 0.9734940 0.1718810
vt 0.9218470 0.0792380
vt 0.8923710 0.0557180
vt 0.8285180 0.0287180
vt 0.8590090 0.0381410
vt 0.8370420 0.0085550
vt 0.8686000 0.0194950
vt 0.8923710 0.0557180
vt 0.9044780 0.0386040
vt 0.9366360 0.0641990
vt 0.9627430 0.0959950
vt 0.9823250 0.1316510
vt 0.9637890 0.1414590
vt 0.9936120 0.1631340
vt 0.9734940 0.1718810
vt 0.7950090 0.0776370
vt 0.8022520 0.0699140
vt 0.7913460 0.0768590
vt 0.9980120 0.1794730
vt 0.9957260 0.1671500
vt 0.9733210 0.1767530
vt 0.9737220 0.1815120
vt 0.8328620 0.0064160
vt 0.8215980 0.0028780
vt 0.8191430 0.0271560
vt 0.8235470 0.0289810
vt 0.8126900 0.0342070
vt 0.7838280 0.0301270
vt 0.8129950 0.0396550
vt 0.8175600 0.0376960
vt 0.8328620 0.0064160
vt 0.8235470 0.0289810
vt 0.8285180 0.0287180
vt 0.8370420 0.0085550
vt 0.9666320 0.1877760
vt 0.9633450 0.1828720
vt 0.9613400 0.1873120
vt 0.9702190 0.2168860
vt 0.9734940 0.1718810
vt 0.9733210 0.1767530
vt 0.9957260 0.1671500
vt 0.9936120 0.1631340
vt 0.8111610 0.0745600
vt 0.8022520 0.0699140
vt 0.7950090 0.0776370
vt 0.8095080 0.1051930
vt 0.8005490 0.1148980
vt 0.9975330 0.2458810
vt 0.9980120 0.1794730
vt 0.9739330 0.2162030
vt 0.9712650 0.1868840
vt 0.9737220 0.1815120
vt 0.7552610 0.0024530
vt 0.7845710 0.0264380
vt 0.8215980 0.0028780
vt 0.8136690 0.0296170
vt 0.8191430 0.0271560
vt 0.9266060 0.2051320
vt 0.9333570 0.1978600
vt 0.9282600 0.1893350
vt 0.8984220 0.1918970
vt 0.8891160 0.2013250
vt 0.9701580 0.1810850
vt 0.9654680 0.1819870
vt 0.9666320 0.1877760
vt 0.9712650 0.1868840
vt 0.9739330 0.2162030
vt 0.9702190 0.2168860
vt 0.7838280 0.0301270
vt 0.8126900 0.0342070
vt 0.7845710 0.0264380
vt 0.8136690 0.0296170
vt 0.8195070 0.0308610
vt 0.8185200 0.0354960
vt 0.9060290 0.1360110
vt 0.8874830 0.1141830
vt 0.8835640 0.1181680
vt 0.8652700 0.0959880
vt 0.8615080 0.1000260
vt 0.8402460 0.0824610
vt 0.8367320 0.0865870
vt 0.8111610 0.0745600
vt 0.8095080 0.1051930
vt 0.8299080 0.1117540
vt 0.8487530 0.1222920
vt 0.8655200 0.1365180
vt 0.8801000 0.1530610
vt 0.9020780 0.1398360
vt 0.8911240 0.1716860
vt 0.9159810 0.1641320
vt 0.8984220 0.1918970
vt 0.9282600 0.1893350
vt 0.9199170 0.1605150
vn -0.1695480 0.9855218 0.0000250
vn 0.3493419 0.9254598 -0.1465750
vn -0.8814877 0.4503938 -0.1418619
vn -0.1574710 0.9330097 0.3235669
vn -0.6180329 0.7647999 0.1819790
vn 0.3225890 0.8546961 0.4067321
vn -0.6095331 0.7899752 0.0663970
vn 0.2795329 0.7405089 0.6111529
vn 0.3037182 0.8045475 0.5103513
vn -0.1126870 0.8101583 0.5752782
vn -0.7674109 0.4793349 0.4258149
vn -0.2291370 0.7735651 0.5908411
vn -0.9131950 0.3145760 0.2590690
vn -0.9354696 0.2336309 0.2651659
vn -0.9093663 0.3298551 0.2534731
vn -0.9026371 0.4104511 0.1295230
vn -0.9005617 0.4347279 -0.0000000
vn -0.9026396 0.4104468 -0.1295179
vn -0.9099375 0.3200568 -0.2637748
vn -0.9138005 0.3020902 -0.2714961
vn -0.9359026 0.2087829 -0.2837179
vn -0.7207569 0.4956319 -0.4846219
vn -0.1380109 0.7003497 -0.7003307
vn -0.6264312 0.5926621 -0.5062961
vn -0.1097820 0.8092902 -0.5770591
vn -0.8772557 0.4027959 -0.2611089
vn -0.1574591 0.9330124 -0.3235652
vn -0.8981891 0.4210351 -0.1264350
vn 0.3382238 0.8960006 -0.2877279
vn 0.3038679 0.8049387 -0.5096448
vn 0.2793301 0.7399474 -0.6119253
vn -0.9976815 0.0547390 0.0404390
vn -0.9977849 0.0475570 0.0465140
vn -0.9773366 0.1540309 0.1452149
vn -0.8772974 0.4035352 0.2598241
vn -0.8981892 0.4210341 0.1264370
vn -0.9038421 0.4278661 -0.0000010
vn -0.9975315 0.0701180 -0.0037830
vn -0.6893134 0.6882403 -0.2262131
vn -0.9977306 0.0538080 -0.0404760
vn -0.9979472 0.0457840 -0.0447790
vn -0.3193739 0.9476257 0.0023750
vn -0.9975640 0.0662820 0.0217390
vn -0.0802120 0.7126010 0.6969690
vn -0.0906390 0.8052423 0.5859773
vn -0.0802120 0.7126010 0.6969690
vn -0.0914520 0.8124747 0.5757788
vn -0.1063190 0.9446036 0.3105159
vn -0.1065540 0.9466946 0.3039989
vn -0.1118570 0.9937243 -0.0000000
vn -0.1065540 0.9466953 -0.3039971
vn -0.0914560 0.8124741 -0.5757791
vn -0.0905620 0.8048040 -0.5865909
vn -0.0802170 0.7125987 -0.6969707
vn -0.0802070 0.7126023 -0.6969683
vn -0.0999490 0.7035660 0.7035660
vn -0.0999490 0.7035660 0.7035660
vn -0.0999490 0.7035660 0.7035660
vn -0.0994430 0.7113526 -0.6957647
vn -0.0994430 0.7113526 -0.6957647
vn -0.0994430 0.7113526 -0.6957647
vn -0.0994489 0.7113615 -0.6957545
vn -0.1027259 0.7111295 0.6955155
vn -0.1027259 0.7111295 0.6955155
vn -0.1027259 0.7111295 0.6955155
vn -0.1027270 0.7111202 0.6955252
vn 0.2895279 0.6761007 -0.6775407
vn 0.2649559 0.7390628 -0.6193419
vn 0.3011200 0.6420830 -0.7050220
vn 0.3313358 0.5356027 -0.7767536
vn -0.0624560 0.6604303 -0.7482854
vn 0.0362380 0.4032541 -0.9143702
vn 0.0237650 0.4386511 -0.8983431
vn -0.0784600 0.6970787 -0.7126887
vn 0.2997700 0.6734480 0.6757260
vn 0.3431842 0.5307553 0.7749345
vn 0.3121891 0.6378202 0.7040762
vn 0.2743790 0.7369002 0.6178141
vn 0.0237090 0.4310829 0.9020007
vn 0.0358910 0.3955339 0.9177497
vn -0.0629010 0.6603994 0.7482754
vn -0.0784570 0.6970673 0.7127002
vn 0.3768410 -0.7492470 0.5446280
vn 0.5114782 -0.8048114 0.3011121
vn 0.3261210 -0.7630171 0.5580770
vn 0.0659740 -0.7867666 0.6137146
vn 0.0000000 -0.8027157 0.5963618
vn 0.0563980 -0.7756457 -0.6286438
vn 0.0357820 -0.7615981 -0.6470610
vn 0.0498980 -0.7734379 -0.6319050
vn 0.0203100 -0.7456562 -0.6660212
vn 0.0000990 -0.7000660 -0.7140781
vn 0.0562750 -0.7754622 0.6288812
vn 0.0479120 -0.7726094 0.6330713
vn 0.0351590 -0.7609137 0.6478997
vn 0.0207600 -0.7458888 0.6657468
vn 0.0001290 -0.7000589 0.7140849
vn 0.3515579 -0.7591329 -0.5478359
vn 0.5535400 -0.7884450 -0.2682310
vn 0.3996217 -0.7391395 -0.5421947
vn 0.0682940 -0.7864319 -0.6138899
vn 0.0000000 -0.8029242 -0.5960811
vn -0.9130450 0.2913470 -0.2854220
vn -0.9129363 0.2917481 -0.2853601
vn -0.9878985 0.1108221 -0.1085130
vn -0.9857491 0.1200420 -0.1178500
vn -0.9950925 -0.0700300 0.0699050
vn -0.9950918 -0.0699720 0.0699720
vn -0.9946891 -0.0727830 -0.0727750
vn -0.9876096 0.1121310 0.1097900
vn -0.9946897 -0.0728430 -0.0727060
vn -0.9853730 0.1216030 0.1193850
vn -0.9097613 0.2965501 0.2905041
vn -0.9096540 0.2969520 0.2904290
vn -0.4989118 -0.8281276 0.2555219
vn -0.5160041 -0.8565861 -0.0000020
vn -0.5864630 -0.8099760 -0.0000010
vn -0.4989071 -0.8281292 -0.2555261
vn -0.5797631 -0.7716162 -0.2616931
vn -0.4425249 -0.7345539 -0.5143949
vn -0.5551110 -0.6473360 -0.5223100
vn -0.6182497 -0.5051097 -0.6021887
vn -0.6721297 -0.4961878 -0.5495808
vn -0.6854821 -0.5957860 -0.4185131
vn -0.6671672 -0.7104042 -0.2240841
vn -0.6606101 -0.7507291 -0.0000000
vn -0.6671652 -0.7104072 0.2240811
vn -0.5797650 -0.7716160 0.2616890
vn -0.6854827 -0.5957848 0.4185138
vn -0.5559818 -0.6501108 0.5179188
vn -0.6774071 -0.4992630 0.5402371
vn -0.6288773 -0.5108103 0.5861623
vn -0.4439053 -0.7368394 0.5099173
usemtl ove9000_saw_blade_diffuse
f 6302/6302/6302 6300/6300/6300 6313/6313/6313
f 6313/6313/6313 6300/6300/6300 6318/6318/6318
f 6313/6313/6313 6318/6318/6318 6315/6315/6315
f 6315/6315/6315 6318/6318/6318 6317/6317/6317
f 6315/6315/6315 6317/6317/6317 6316/6316/6316
f 6315/6315/6315 6316/6316/6316 6314/6314/6314
f 6313/6313/6313 6315/6315/6315 6314/6314/6314
f 6313/6313/6313 6314/6314/6314 6312/6312/6312
f 6302/6302/6302 6313/6313/6313 6312/6312/6312
f 6302/6302/6302 6312/6312/6312 6311/6311/6311
f 6310/6310/6310 6302/6302/6302 6311/6311/6311
f 6310/6310/6310 6304/6304/6304 6302/6302/6302
f 6309/6309/6309 6304/6304/6304 6310/6310/6310
f 6309/6309/6309 6306/6306/6306 6304/6304/6304
f 6308/6308/6308 6306/6306/6306 6309/6309/6309
f 6308/6308/6308 6307/6307/6307 6306/6306/6306
f 6307/6307/6307 6305/6305/6305 6306/6306/6306
f 6305/6305/6305 6304/6304/6304 6306/6306/6306
f 6305/6305/6305 6303/6303/6303 6304/6304/6304
f 6303/6303/6303 6302/6302/6302 6304/6304/6304
f 6303/6303/6303 6301/6301/6301 6302/6302/6302
f 6302/6302/6302 6301/6301/6301 6300/6300/6300
f 6295/6295/6295 6298/6298/6298 6299/6299/6299
f 6295/6295/6295 6297/6297/6297 6298/6298/6298
f 6296/6296/6296 6297/6297/6297 6295/6295/6295
f 6296/6296/6296 6295/6295/6295 6294/6294/6294
f 6290/6290/6290 6292/6292/6292 6293/6293/6293
f 6290/6290/6290 6291/6291/6291 6292/6292/6292
f 6290/6290/6290 6288/6288/6288 6291/6291/6291
f 6290/6290/6290 6289/6289/6289 6288/6288/6288
f 6283/6283/6283 6287/6287/6287 6286/6286/6286
f 6285/6285/6285 6283/6283/6283 6286/6286/6286
f 6285/6285/6285 6284/6284/6284 6283/6283/6283
f 6280/6280/6280 6282/6282/6282 6281/6281/6281
f 6280/6280/6280 6281/6281/6281 6279/6279/6279
f 6280/6280/6280 6279/6279/6279 6278/6278/6278
f 6274/6274/6274 6276/6276/6276 6277/6277/6277
f 6274/6274/6274 6275/6275/6275 6276/6276/6276
f 6275/6275/6275 6274/6274/6274 6273/6273/6273
f 6271/6271/6271 6272/6272/6272 6270/6270/6270
f 6270/6270/6270 6268/6268/6268 6271/6271/6271
f 6270/6270/6270 6269/6269/6269 6268/6268/6268
f 6266/6266/6266 6264/6264/6264 6267/6267/6267
f 6266/6266/6266 6265/6265/6265 6264/6264/6264
f 6262/6262/6262 6260/6260/6260 6263/6263/6263
f 6262/6262/6262 6261/6261/6261 6260/6260/6260
f 6258/6258/6258 6256/6256/6256 6259/6259/6259
f 6258/6258/6258 6257/6257/6257 6256/6256/6256
f 6254/6254/6254 6252/6252/6252 6255/6255/6255
f 6254/6254/6254 6253/6253/6253 6252/6252/6252
f 6250/6250/6250 6248/6248/6248 6251/6251/6251
f 6250/6250/6250 6249/6249/6249 6248/6248/6248
f 6246/6246/6246 6244/6244/6244 6247/6247/6247
f 6246/6246/6246 6245/6245/6245 6244/6244/6244
f 6243/6243/6243 6242/6242/6242 6241/6241/6241
f 6239/6239/6239 6240/6240/6240 6238/6238/6238
f 6239/6239/6239 6238/6238/6238 6237/6237/6237
f 6224/6224/6224 6237/6237/6237 6238/6238/6238
f 6224/6224/6224 6236/6236/6236 6237/6237/6237
f 6227/6227/6227 6236/6236/6236 6224/6224/6224
f 6227/6227/6227 6235/6235/6235 6236/6236/6236
f 6234/6234/6234 6235/6235/6235 6227/6227/6227
f 6234/6234/6234 6227/6227/6227 6233/6233/6233
f 6232/6232/6232 6234/6234/6234 6233/6233/6233
f 6232/6232/6232 6233/6233/6233 6230/6230/6230
f 6231/6231/6231 6232/6232/6232 6230/6230/6230
f 6231/6231/6231 6230/6230/6230 6229/6229/6229
f 6220/6220/6220 6217/6217/6217 6228/6228/6228
f 6220/6220/6220 6228/6228/6228 6221/6221/6221
f 6221/6221/6221 6228/6228/6228 6227/6227/6227
f 6221/6221/6221 6223/6223/6223 6222/6222/6222
f 6225/6225/6225 6226/6226/6226 6209/6209/6209
f 6225/6225/6225 6209/6209/6209 6211/6211/6211
f 6224/6224/6224 6225/6225/6225 6211/6211/6211
f 6224/6224/6224 6211/6211/6211 6213/6213/6213
f 6223/6223/6223 6224/6224/6224 6213/6213/6213
f 6223/6223/6223 6213/6213/6213 6222/6222/6222
f 6213/6213/6213 6186/6186/6186 6222/6222/6222
f 6186/6186/6186 6221/6221/6221 6222/6222/6222
f 6186/6186/6186 6189/6189/6189 6221/6221/6221
f 6189/6189/6189 6220/6220/6220 6221/6221/6221
f 6189/6189/6189 6195/6195/6195 6220/6220/6220
f 6219/6219/6219 6220/6220/6220 6195/6195/6195
f 6219/6219/6219 6217/6217/6217 6220/6220/6220
f 6219/6219/6219 6218/6218/6218 6217/6217/6217
f 6216/6216/6216 6215/6215/6215 6210/6210/6210
f 6215/6215/6215 6212/6212/6212 6210/6210/6210
f 6215/6215/6215 6214/6214/6214 6212/6212/6212
f 6214/6214/6214 6186/6186/6186 6212/6212/6212
f 6213/6213/6213 6212/6212/6212 6186/6186/6186
f 6211/6211/6211 6212/6212/6212 6213/6213/6213
f 6211/6211/6211 6210/6210/6210 6212/6212/6212
f 6210/6210/6210 6211/6211/6211 6209/6209/6209
f 6210/6210/6210 6209/6209/6209 6207/6207/6207
f 6209/6209/6209 6208/6208/6208 6207/6207/6207
f 6205/6205/6205 6207/6207/6207 6206/6206/6206
f 6205/6205/6205 6206/6206/6206 6204/6204/6204
f 6188/6188/6188 6205/6205/6205 6204/6204/6204
f 6188/6188/6188 6204/6204/6204 6203/6203/6203
f 6192/6192/6192 6188/6188/6188 6203/6203/6203
f 6192/6192/6192 6203/6203/6203 6202/6202/6202
f 6201/6201/6201 6192/6192/6192 6202/6202/6202
f 6201/6201/6201 6190/6190/6190 6192/6192/6192
f 6200/6200/6200 6190/6190/6190 6201/6201/6201
f 6200/6200/6200 6198/6198/6198 6190/6190/6190
f 6199/6199/6199 6198/6198/6198 6200/6200/6200
f 6199/6199/6199 6196/6196/6196 6198/6198/6198
f 6197/6197/6197 6195/6195/6195 6196/6196/6196
f 6189/6189/6189 6191/6191/6191 6194/6194/6194
f 6189/6189/6189 6194/6194/6194 6195/6195/6195
f 6195/6195/6195 6194/6194/6194 6193/6193/6193
f 6186/6186/6186 6192/6192/6192 6191/6191/6191
f 6186/6186/6186 6190/6190/6190 6189/6189/6189
f 6188/6188/6188 6187/6187/6187 6186/6186/6186

o saw_trigger
v 0.5535581 0.4169980 0.8446593
v 0.5465879 0.4169980 0.8446593
v 0.5474888 0.4120674 0.8405550
v 0.5449041 0.4130828 0.8423492
v 0.5486990 0.4070415 0.8449538
v 0.5474888 0.4120674 0.8405550
v 0.5486990 0.4137312 0.8625842
v 0.5431020 0.4229956 0.8561402
v 0.5431020 0.4180135 0.8461195
v 0.5431020 0.4349940 0.8447317
v 0.5465879 0.4339785 0.8426048
v 0.5465879 0.4169980 0.8446593
v 0.5535581 0.4339785 0.8426048
v 0.5570440 0.4180135 0.8461195
v 0.5552419 0.4130828 0.8423492
v 0.5526572 0.4120674 0.8405550
v 0.5474888 0.4120674 0.8405550
v 0.5493858 0.4060259 0.8431595
v 0.5570440 0.4349940 0.8447317
v 0.5449041 0.4130828 0.8423492
v 0.5474888 0.4120674 0.8405550
v 0.5493858 0.4060259 0.8431595
v 0.5514464 0.4070415 0.8449538
v 0.5552419 0.4130828 0.8423492
v 0.5526572 0.4120674 0.8405550
v 0.5507596 0.4060259 0.8431595
v 0.5552419 0.4130828 0.8423492
v 0.5514464 0.4137312 0.8625842
v 0.5570440 0.4229956 0.8561402
v 0.5570440 0.4180135 0.8461195
v 0.5570440 0.4349940 0.8447317
v 0.5514464 0.4070415 0.8449538
v 0.5514464 0.4137312 0.8625842
v 0.5507596 0.4060259 0.8431595
v 0.5493858 0.4060259 0.8431595
v 0.5486990 0.4070415 0.8449538
v 0.5514464 0.4070415 0.8449538
v 0.5514464 0.4137312 0.8625842
v 0.5486990 0.4137312 0.8625842
vt 0.7631010 0.1690800
vt 0.7648420 0.1628440
vt 0.7604430 0.1634150
vt 0.7602680 0.1606920
vt 0.7536910 0.1618220
vt 0.7604430 0.1634150
vt 0.7444180 0.1576840
vt 0.7604600 0.1521810
vt 0.7636340 0.1585900
vt 0.7798510 0.1595470
vt 0.7793260 0.1653430
vt 0.7648420 0.1628440
vt 0.7770270 0.1744740
vt 0.7599730 0.1722050
vt 0.7581460 0.1694630
vt 0.7593840 0.1666190
vt 0.7604430 0.1634150
vt 0.7561140 0.1629060
vt 0.7746490 0.1797260
vt 0.7602680 0.1606920
vt 0.7604430 0.1634150
vt 0.7561140 0.1629060
vt 0.7532280 0.1655330
vt 0.7581460 0.1694630
vt 0.7593840 0.1666190
vt 0.7554720 0.1645790
vt 0.7581460 0.1694630
vt 0.7432370 0.1617380
vt 0.7541370 0.1749270
vt 0.7599730 0.1722050
vt 0.7746490 0.1797260
vt 0.7532280 0.1655330
vt 0.7432370 0.1617380
vt 0.7554720 0.1645790
vt 0.7561140 0.1629060
vt 0.7536910 0.1618220
vt 0.7532280 0.1655330
vt 0.7432370 0.1617380
vt 0.7444180 0.1576840
vn 0.1683119 0.2998179 -0.9390315
vn 0.0000000 0.6397686 -0.7685675
vn 0.0000000 0.6397686 -0.7685675
vn -0.8372741 -0.5437860 -0.0571740
vn -0.8884718 -0.4561878 -0.0501040
vn -0.6009239 -0.6034509 -0.5241539
vn -0.8853638 -0.4287309 0.1797790
vn -0.9621668 -0.2489479 0.1107230
vn -0.9110644 -0.2128981 -0.3530382
vn -0.7728211 -0.0516940 -0.6325151
vn -0.2838200 -0.0996450 -0.9536860
vn -0.2136981 0.1864421 -0.9589435
vn 0.2838200 -0.0996450 -0.9536860
vn 0.3695301 0.1129850 -0.9223242
vn 0.2685970 0.5725700 -0.7746090
vn 0.0772030 0.3551201 -0.9316273
vn 0.0000000 0.0052350 -0.9999862
vn 0.0000000 -0.3958928 -0.9182966
vn 0.5341490 -0.0688630 -0.8425810
vn -0.2685991 0.5725713 -0.7746074
vn -0.5809677 0.3835258 -0.7179027
vn -0.9223557 -0.3551629 -0.1520499
vn 0.8699851 -0.4263560 -0.2476820
vn 0.6009170 -0.6034811 -0.5241271
vn 0.6275198 -0.5742828 -0.5257547
vn 0.4902121 -0.4703380 -0.7338080
vn 0.8703941 -0.4540031 0.1905130
vn 0.8923888 -0.4135360 0.1806380
vn 0.9614269 -0.2666490 0.0675020
vn 0.9200498 -0.3508319 0.1744280
vn 0.9999999 0.0000000 -0.0000000
vn 0.8659720 -0.4675650 0.1774130
vn 0.8659720 -0.4675650 0.1774130
vn 0.0000000 -0.8702801 0.4925570
vn 0.0000000 -0.8702773 0.4925622
vn 0.0000000 -0.9089082 0.4169961
vn 0.0000000 -0.9089087 0.4169949
vn 0.0000000 -0.9349566 0.3547618
vn 0.0000000 -0.9349566 0.3547618
usemtl ove9000_saw_body_diffuse
f 6354/6354/6354 6356/6356/6356 6357/6357/6357
f 6354/6354/6354 6355/6355/6355 6356/6356/6356
f 6354/6354/6354 6352/6352/6352 6355/6355/6355
f 6354/6354/6354 6353/6353/6353 6352/6352/6352
f 6351/6351/6351 6350/6350/6350 6345/6345/6345
f 6349/6349/6349 6347/6347/6347 6348/6348/6348
f 6347/6347/6347 6345/6345/6345 6348/6348/6348
f 6347/6347/6347 6346/6346/6346 6345/6345/6345
f 6336/6336/6336 6343/6343/6343 6344/6344/6344
f 6343/6343/6343 6341/6341/6341 6344/6344/6344
f 6343/6343/6343 6342/6342/6342 6341/6341/6341
f 6339/6339/6339 6340/6340/6340 6323/6323/6323
f 6330/6330/6330 6339/6339/6339 6338/6338/6338
f 6330/6330/6330 6338/6338/6338 6327/6327/6327
f 6331/6331/6331 6337/6337/6337 6332/6332/6332
f 6336/6336/6336 6335/6335/6335 6334/6334/6334
f 6335/6335/6335 6319/6319/6319 6334/6334/6334
f 6319/6319/6319 6333/6333/6333 6334/6334/6334
f 6319/6319/6319 6332/6332/6332 6333/6333/6333
f 6331/6331/6331 6332/6332/6332 6319/6319/6319
f 6330/6330/6330 6331/6331/6331 6319/6319/6319
f 6330/6330/6330 6329/6329/6329 6331/6331/6331
f 6329/6329/6329 6330/6330/6330 6327/6327/6327
f 6329/6329/6329 6327/6327/6327 6328/6328/6328
f 6328/6328/6328 6327/6327/6327 6326/6326/6326
f 6322/6322/6322 6326/6326/6326 6327/6327/6327
f 6322/6322/6322 6325/6325/6325 6326/6326/6326
f 6322/6322/6322 6323/6323/6323 6325/6325/6325
f 6324/6324/6324 6323/6323/6323 6322/6322/6322
f 6321/6321/6321 6320/6320/6320 6319/6319/6319
