# Military Duffel bag by Sousinho, CC BY 4.0
# https://sketchfab.com/3d-models/military-duffel-bag-d69478f0c5334e189e98f99e84bbe3e6
mtllib heist_duffel.mtl
o Heist_Duffel
usemtl heist_duffel
v 0.909132428742432 0.27374816365945764 0.23556656736924075
v 0.886197534702373 0.27988626355987517 0.22850156468500937
v 0.8864925541018079 0.32298505207550826 0.2549084726840948
v 0.909317487179426 0.31538421038798725 0.26194944819003907
v 0.8400286993487376 0.37441612286025533 0.28205143812429
v 0.8874251412142817 0.3648449796899785 0.2864630714280524
v 0.8393078889046689 0.3329154641935144 0.2487699916210676
v 0.934264572848429 0.38434990289134746 0.39874067156656046
v 0.9368373102871308 0.394500509978499 0.44845706699709026
v 0.9389055788741286 0.3736880886784949 0.45449676559953794
v 0.9375056241056627 0.3617829659237354 0.41147069647275786
v 0.8410926846646004 0.41084977941900547 0.32144296835186603
v 0.8886952641748348 0.40070280014159454 0.3261655182576949
v 0.8405230313840014 0.45429190229009586 0.5230626516833231
v 0.8885335226533606 0.4436295665099737 0.5215344360380065
v 0.8887955582394789 0.44308100955218965 0.49150253135970745
v 0.8410405684493938 0.4549345847894439 0.4890500334631242
v 0.49936121063834643 0.4844057473523978 0.5192363039947434
v 0.49993246667717395 0.4770837896967392 0.5272343481424545
v 0.5413029536773595 0.474716083138725 0.5311598657934636
v 0.541095285999945 0.47787608934096215 0.52254770909399
v 0.7217113079432064 0.07364313371533213 0.2428449959840851
v 0.7813667188400677 0.07618503639714214 0.24753902227047325
v 0.7808368520045685 0.06383093797003374 0.29987590156106547
v 0.7210233022958286 0.06253230239492635 0.2946764827395394
v 0.8414713943366301 0.43371832522670084 0.37268914984543966
v 0.8894095405120592 0.42526170705902105 0.3762411386244935
v 0.8886952641748348 0.40070280014159454 0.3261655182576949
v 0.8410926846646004 0.41084977941900547 0.32144296835186603
v 0.7814880697353299 0.10385393818959235 0.21193115183545702
v 0.7813667188400677 0.07618503639714214 0.24753902227047325
v 0.7217113079432064 0.07364313371533213 0.2428449959840851
v 0.7218404013075375 0.10600428735682318 0.21068619749905948
v 0.8410524283008578 0.44527600263941286 0.4302599484868135
v 0.8890204031215725 0.4364854748718404 0.43301590748519275
v 0.9396427693394644 0.1421040244064692 0.5143218042803649
v 0.9405032575058687 0.1200765354840275 0.5084592598306688
v 0.9417787957193544 0.12168215583575281 0.486571649337911
v 0.9407774662225463 0.14399915659852813 0.4899750980074197
v 0.5832492427596726 0.11121880346788907 0.21454719284124762
v 0.6091845673347169 0.11124414011780379 0.21534783589448492
v 0.6086364072377616 0.07474508973244202 0.24117443671446376
v 0.5827580547039005 0.07493911488329037 0.2412060013287583
v 0.8858735146095469 0.4276800442014642 0.5503802371830875
v 0.8385204618986981 0.44038291265176077 0.5543849732602151
v 0.8382486699064697 0.4396543775279309 0.6009063914898249
v 0.8845515663358041 0.42340524069614016 0.597739700756089
v 0.9216167797057205 0.4285971331104541 0.49077559461364745
v 0.9119957549190785 0.43576427123938644 0.49115910954169356
v 0.9116899497679347 0.43798746864263627 0.52978421195026
v 0.9200275596095528 0.429004107676731 0.5308212591783307
v 0.9012074969776026 0.39001451086814126 0.6413012389122019
v 0.882505182531319 0.4034009639411456 0.6475299705992194
v 0.8808043903230773 0.3773095634050935 0.6970948012929701
v 0.8989611516020198 0.3627556908432528 0.688464172060636
v 0.8356064068856955 0.39298392949006244 0.7036911498923251
v 0.8370564415552487 0.4192638020970172 0.6530542733422241
v 0.8992521878815292 0.3344282697245303 0.7352068103069215
v 0.8800601287010196 0.34748303433238764 0.7436816222182849
v 0.8804026322604668 0.3112651294644615 0.7810437663626522
v 0.9015791354929104 0.30182177171022617 0.7741676648991089
v 0.8343765626659634 0.36141027113480634 0.7494155497283086
v 0.8808043903230773 0.3773095634050935 0.6970948012929701
v 0.8356064068856955 0.39298392949006244 0.7036911498923251
v 0.9352554298726237 0.2937793690912742 0.5936084997083645
v 0.938150128712954 0.3056391665509194 0.5665289570213012
v 0.9367439531167392 0.3386045207639125 0.5768840122040468
v 0.9336970901444187 0.32397589177391595 0.6079536321664625
v 0.8335405774002251 0.32284497171241383 0.7847873079203329
v 0.4453065495619463 0.46170369817015056 0.6476248574129359
v 0.4546493909033895 0.45168415167483894 0.6540263381332447
v 0.45476442586832017 0.4765567913033773 0.5988109892542518
v 0.44566717855476295 0.47607389483028223 0.6165900007290254
v 0.9340967000075187 0.1995493028473304 0.7478215394920222
v 0.9304749251412143 0.20138510062158518 0.7716408023401771
v 0.9275958902556476 0.16050357312897967 0.7706657601206175
v 0.9321893226130222 0.16263255035987004 0.7478038023092929
v 0.8325010949850282 0.27558291407303126 0.8012499463211781
v 0.8800389599850104 0.26626790431604763 0.7999818932870124
v 0.5648951548105945 0.4815605596118615 0.6048297683884964
v 0.5630150494801954 0.48123020833107205 0.5850503104819318
v 0.5404849791624647 0.4763097814352927 0.59381526247359
v 0.5512679617077471 0.47682072195600916 0.6154033405501255
v 0.9009078231458949 0.06977311207224021 0.5328152819179208
v 0.9009472963118994 0.07075009832049525 0.5837833717941178
v 0.8814067365149759 0.06470452808587326 0.5849816916037437
v 0.8818328408387048 0.06570685494232928 0.5308787694788385
v 0.8314423682825502 0.22722600681065244 0.8139037398063004
v 0.8785805115340413 0.21737702752052027 0.8041447448265668
v 0.45973040580980556 0.26320318543800175 0.19131945220607038
v 0.4596705163570475 0.311920992673111 0.20504615161279283
v 0.5010478196250482 0.3108159846865624 0.20698795534543968
v 0.5010739231860917 0.2623353409204596 0.19202721715703103
v 0.9434866143301616 0.08404234198132284 0.48223382095639683
v 0.9436275899230349 0.08265373576857707 0.504974647656868
v 0.9351561651535784 0.07109896370350435 0.504647764049807
v 0.9358418435848199 0.07467481354645768 0.4788580454209147
v 0.8302655577382323 0.17877297442255508 0.8183911261735208
v 0.876721110595278 0.16869754986636548 0.8037800286424626
v 0.9238601713069765 0.15945960416520033 0.7769721568877015
v 0.9256953602470908 0.20291984753820366 0.7808159044976222
v 0.9224175210732405 0.2055400311973481 0.7847812001390884
v 0.9213787323474689 0.16071822122526114 0.7801520322034667
v 0.9200770129524496 0.10713840555861348 0.7126566441674914
v 0.9155875445005496 0.09743880845557626 0.7373504676586302
v 0.9229872862392307 0.08052613331670756 0.7078209665300697
v 0.9251860579464883 0.08876730904459908 0.6881108033970508
v 0.8300781273309457 0.13449033202519767 0.8100677594269384
v 0.8760284057614711 0.12299222913699764 0.8029962740129546
v 0.9195102910690992 0.3689349444859702 0.6291400502846072
v 0.9166491130919632 0.34212722777515264 0.6695284381588067
v 0.9242199499708204 0.3384342216161323 0.6686460964320842
v 0.9266414631148177 0.36291898190541727 0.6293461488973264
v 0.8319640003532595 0.09971782561044332 0.7867637897012267
v 0.8769720919047488 0.08914479128393515 0.7841380996858638
v 0.5808136879990834 0.4996408447576042 0.3711989977427187
v 0.5812292415304251 0.49223700854143 0.3623057070291128
v 0.5750034013158916 0.503476039281127 0.3353524280062031
v 0.5748421409015994 0.5112660657958772 0.34252357926076726
v 0.7740799142152329 0.28482551315578314 0.802660325102893
v 0.7753562132493785 0.3332306536091675 0.7888209481890043
v 0.08558322423264525 0.46232234748238993 0.5266923387926471
v 0.08619555060143619 0.4632173672711515 0.49669233607158103
v 0.07743832578877707 0.45634365076083716 0.49332077927061063
v 0.07708306729473652 0.45505556016668564 0.5264925101950957
v 0.899861336705211 0.07243690509152244 0.7366428069528399
v 0.897870671825528 0.08363802757471256 0.7781842549344538
v 0.8800445990087253 0.07500551675762256 0.7459987036161618
v 0.834810968885717 0.07440281765719632 0.7552375682765635
v 0.901940435798074 0.07173022491628345 0.685742127050745
v 0.899861336705211 0.07243690509152244 0.7366428069528399
v 0.8800445990087253 0.07500551675762256 0.7459987036161618
v 0.8816627302899711 0.06773432493561453 0.6957073785939607
v 0.8363821530568283 0.06705923669148445 0.46129076182543916
v 0.882331402141755 0.07431486353910893 0.4627978005085682
v 0.8820025038458739 0.0681469792101304 0.4895755947099092
v 0.8358971298861095 0.06400628302625035 0.49142103981088536
v 0.9036235053603545 0.07694782080471371 0.4285770559191392
v 0.9102262203265025 0.07189541945866369 0.43157312251467406
v 0.9093968362988432 0.07022205947023724 0.4691729055571666
v 0.9023077779143609 0.07319367475308719 0.464673189251325
v 0.8355827766910806 0.06353553283682288 0.7065042888334876
v 0.834810968885717 0.07440281765719632 0.7552375682765635
v 0.7811614762785068 0.19626567230810613 0.20418744066900857
v 0.8388445938769153 0.19155919417155087 0.21049594859369525
v 0.8398014601192728 0.1436060152086051 0.20747302826215064
v 0.7815665013945395 0.14752597710549575 0.20499568207130658
v 0.835730375899111 0.061996864171609455 0.5350067729426691
v 0.9027712967128967 0.06825532735286233 0.6351264574382922
v 0.8817747051894533 0.06375352463684296 0.641057974207226
v 0.8352785379354132 0.06093927473787811 0.6492677798682337
v 0.7738192212538086 0.1457882790095517 0.8103141539395033
v 0.7730807329179352 0.19021785317237905 0.8242512275204088
v 0.7776242196366917 0.06075401233871832 0.5376945965917164
v 0.7179373018136771 0.06063238547290057 0.5368168947276505
v 0.718365039664117 0.06062828782071312 0.49067608264494356
v 0.7779472551380755 0.06109695313082575 0.49230318161213604
v 0.7773218158014396 0.06060652293287328 0.5943543414471553
v 0.8354088396619689 0.061154972793028076 0.5907934107188361
v 0.7770905039437364 0.060574429995744035 0.6536568539235665
v 0.0752189224153878 0.06684724500526451 0.4050713220692675
v 0.07033445377850395 0.06443171852600696 0.40558942484003985
v 0.07194784111916419 0.06400222489203973 0.35433788167748226
v 0.07644509679428962 0.06681060537729086 0.3531148431334728
v 0.9390057386763033 0.33247708601721315 0.4269493277240032
v 0.9397724221307513 0.3022946935459224 0.4367288957127688
v 0.939686941691898 0.29629945000965935 0.4119004467983634
v 0.9385693856507433 0.31634843044037736 0.3944032375105648
v 0.7829067764953557 0.43504646926420976 0.37335368512436784
v 0.7824478897520142 0.4138217196246814 0.320632381017916
v 0.4564528043924116 0.060399283974081744 0.45177898172914677
v 0.45659632258079913 0.06017759426307766 0.4056957625022019
v 0.49766364982005845 0.060143499025381325 0.40506537829113365
v 0.4974485664138815 0.06036257019533043 0.4510441651270354
v 0.8830671604740838 0.0760552041214306 0.42467040824543406
v 0.9312997442449138 0.07818128424786017 0.3655952243679073
v 0.9332001399910015 0.07584656999365484 0.40596812677887384
v 0.926745024232884 0.07563076612908931 0.39639401219662196
v 0.9254092021706363 0.07435311650418329 0.35180547194357037
v 0.9086914212845993 0.2287552004296906 0.22402206965801974
v 0.8854886736180811 0.2324369299750317 0.22330243909322933
v 0.9169625712038629 0.06821314769689778 0.4744774797361556
v 0.9170255850561695 0.06995226025767469 0.4367313224421684
v 0.9203607990586112 0.07406597627549369 0.4381894754156579
v 0.9210923952543886 0.06990163965132655 0.47480392011639483
v 0.9408101367567677 0.08536956052084795 0.6030589527221256
v 0.9435358886564325 0.07815008887724226 0.5687964505079122
v 0.9408068697033456 0.09779175884790553 0.5594930799592702
v 0.9358421121097587 0.10096510919113866 0.5885627242154348
v 0.0951255264580606 0.31481153094880804 0.23899581565053762
v 0.09325135664766304 0.3529820055358874 0.26867834813473035
v 0.11463918900694703 0.36245775252671736 0.2609965162451954
v 0.11626179570383965 0.3220524942342758 0.2327565388505315
v 0.8370061826375355 0.06665715618943868 0.41873098377997064
v 0.8378254074716767 0.06371768796837866 0.3653225434511199
v 0.8842026181778255 0.06818676726479744 0.376430719136999
v 0.9199565347632386 0.06336777730939193 0.3871662525522358
v 0.9139597910756632 0.0681779703905784 0.4346035354795507
v 0.9152554686595593 0.06502137950754758 0.3848729732830118
v 0.8386103058678069 0.06704735957690802 0.3098538848818556
v 0.884490790191321 0.06854480562565878 0.3229445603755169
v 0.9384801906169032 0.132330968697579 0.4019525841523026
v 0.9382980859542362 0.11060351059698866 0.4028759057819905
v 0.9361049085165369 0.11733212455571085 0.38065014916990914
v 0.9387796406778286 0.13534652228589295 0.3726602091737957
v 0.9354847054162077 0.1977757909290548 0.7078523682188878
v 0.9347206177028349 0.16597305677696314 0.7070429403474108
v 0.936215719807951 0.16990662748166524 0.6670267286043594
v 0.9360083290468797 0.19690782603973495 0.6677443232894875
v 0.9223712452754529 0.06585320980530278 0.38943779573853077
v 0.9236163954166969 0.07158515045537611 0.39182707823208857
v 0.9071263236787678 0.06709510664109837 0.32987991617346923
v 0.9064202821063335 0.06807304994400076 0.3826850501894839
v 0.9189034247073973 0.13690454377022776 0.23110511995974953
v 0.909884074800307 0.1373183462955625 0.22612963045252205
v 0.9087927446948423 0.1823830896024779 0.22852320098606732
v 0.9173318377488779 0.18072395697889343 0.2275502932291828
v 0.7804649673414003 0.24568254839452353 0.20974690957400538
v 0.8381153472743526 0.23940296618201984 0.22171808633043388
v 0.8388625850478153 0.2883262133629346 0.2241881933092434
v 0.9438402616745694 0.07708495641363719 0.5331900433498861
v 0.9342715097426815 0.06820331978161648 0.5776387302450666
v 0.9335272033664673 0.06732262336544957 0.5370135351651278
v 0.8854956552664901 0.1850942995362123 0.2262265013923574
v 0.9363675706608459 0.07327345335731401 0.6185169411793403
v 0.7773557394520421 0.06218862533865031 0.7120345763594274
v 0.7772739512310973 0.07343240271365878 0.7616702656918177
v 0.9389831378272872 0.20793353269646916 0.5992984111376798
v 0.9372991731818774 0.20119467435045144 0.633796285354018
v 0.9378816932824607 0.17366048453836203 0.6323224386135932
v 0.9396542711576766 0.17799226354067055 0.5964519895930557
v 0.38513426172350046 0.16157688693440359 0.7889887068724544
v 0.38511453632903736 0.1134650967956134 0.7749200329835747
v 0.4108856746868104 0.11381439264979079 0.7745049215053087
v 0.41087161069314043 0.16189032677369344 0.7887842020336135
v 0.887074179119262 0.13940408993322317 0.21698888005958267
v 0.0781500511390828 0.2706649968124026 0.22111793817591907
v 0.07566015364400275 0.267935065319444 0.22586056734960042
v 0.08037442222384 0.306828557653197 0.24920864327825382
v 0.08320606245770729 0.3108041366787924 0.2430746590752758
v 0.9371198432769112 0.1462276132723794 0.6598660382511493
v 0.9319783067652769 0.1280103243166351 0.6448144610004202
v 0.9344622072033903 0.13192647690201711 0.6123036048772924
v 0.9398058534856327 0.15011931412094398 0.6258727541769682
v 0.06000318052871967 0.10919033806780912 0.5906609896294167
v 0.0603353906321793 0.12182127746222329 0.6036175319585283
v 0.05997901328422711 0.12095798945405553 0.5737244633583597
v 0.0590965955811536 0.10465267145653415 0.5660683885575373
v 0.9416196051847989 0.08466418553541924 0.41984710488836635
v 0.9432537584540601 0.08253805217828966 0.45361730964226354
v 0.9349538763663444 0.07652553012972363 0.44564748425559825
v 0.9191725762043941 0.22485054552646844 0.23204971899288157
v 0.07387723755864284 0.08813275185184014 0.2715279321880277
v 0.0704976274329851 0.09328285143763179 0.2839284514884648
v 0.07495666305848714 0.12018816704589377 0.2594228552632686
v 0.07861996978199354 0.11591515360546384 0.24711681868631413
v 0.9344841367400595 0.10291026331259916 0.35771230878156124
v 0.9297912606470138 0.08957105319405136 0.3303107161098894
v 0.9318856209072324 0.1145285868000021 0.3033417821665581
v 0.9368538245708673 0.12661126529674263 0.3374129862360101
v 0.41708709032045166 0.21194176605851872 0.1899161653954342
v 0.4166062125034759 0.1624482703283746 0.2025340870747524
v 0.3908356391669282 0.16178827067262486 0.2002193564243832
v 0.3913018320263131 0.21087967308345043 0.18597612151709725
v 0.906058041963884 0.07658982618135757 0.27826181239505987
v 0.8849014543310686 0.07745011783233798 0.27003212832314344
v 0.9273313036826107 0.21849818294532541 0.2455184514807039
v 0.9295899564512222 0.2169468752806668 0.255294505543606
v 0.9279576828565326 0.1793128356110122 0.255191596676016
v 0.9258381707603791 0.17876062101855622 0.2439144185978317
v 0.9230754071733156 0.29855424776009626 0.2834157852406728
v 0.9256910190939134 0.33705121884236006 0.3115843146306446
v 0.9289034276910078 0.3305108697442743 0.32023554950996175
v 0.9270211126241331 0.2941101703054134 0.2923114083847692
v 0.9347330593583327 0.21317977904217478 0.2827286226073147
v 0.9324360075234721 0.1804996088255275 0.2825578553718384
v 0.9250213178965307 0.25970982049038427 0.2579850999423966
v 0.9281361176783692 0.25591949149403415 0.2688121179792825
v 0.9303408416884371 0.14391976006886098 0.26025018692595936
v 0.9280840238402408 0.14077151098586274 0.2486599807388361
v 0.9348711706851921 0.148811453890161 0.2866746804744502
v 0.07847259434474546 0.18335863392057847 0.20501990102709122
v 0.08227360960770297 0.18179977815454013 0.20057530906260224
v 0.0821011270886765 0.1394369303024972 0.2115406393244253
v 0.07862090961927937 0.1431175658904225 0.21786671406625774
v 0.9078730467794313 0.09806014462779533 0.23826500480669838
v 0.8865019972288226 0.09930696966883293 0.22906752253679513
v 0.9225714306173329 0.06612008657145654 0.33895418037622255
v 0.9235447887663487 0.07060921153358182 0.343306939549495
v 0.9120653476323858 0.07370431582685824 0.28419215745024395
v 0.9154812086247823 0.0639483920062577 0.3332935276873631
v 0.9225738920959385 0.10429623546010566 0.2670705886067974
v 0.9263007497216291 0.10778776670218199 0.28014893394888285
v 0.9239736678477786 0.0838079976105158 0.3117602400487589
v 0.9201343877810412 0.08041322605887839 0.30030127504022086
v 0.9216069337912977 0.417469217354067 0.5609951967010651
v 0.9179049147224467 0.4230899151121193 0.5601366661410121
v 0.9134006326447559 0.4092723575830236 0.5983375167500097
v 0.9175805365963688 0.4043032080500251 0.597528248600716
v 0.906058041963884 0.07658982618135757 0.27826181239505987
v 0.8849014543310686 0.07745011783233798 0.27003212832314344
v 0.9265956796127512 0.07603705431660111 0.4401680906016512
v 0.838778827643986 0.07968510959602444 0.25840917545367703
v 0.839408943789973 0.10297047695145911 0.2195990070616919
v 0.09184737400511511 0.2766108187636478 0.21401801383929098
v 0.08253497388147424 0.2730755797657912 0.2177532992664501
v 0.0875365641458341 0.31305465429575663 0.2398084510510145
v 0.9180041346873355 0.0771352956066456 0.2937257027069645
v 0.9202062629563283 0.10162904003673703 0.25916647371883905
v 0.9375592843392675 0.11798191527032767 0.5339576617812244
v 0.9340903449173004 0.11632074531654238 0.5647000424405569
v 0.9432012618285235 0.095197594555825 0.5297818350042646
v 0.45689795440685227 0.06027854581853516 0.34865708668016016
v 0.4979849080919319 0.06010646228744957 0.3481201189115882
v 0.9278856734187759 0.07144587684381472 0.4757474643399561
v 0.10974541150551786 0.45284199155657473 0.39738159187875843
v 0.08800585623055435 0.4405820361658018 0.40076342718806557
v 0.0872073973250142 0.4561043895192541 0.4523449954236447
v 0.10940684631183978 0.4655511968708725 0.4500841362517035
v 0.662761614151145 0.20539703115170715 0.19177153039501643
v 0.7217543390646501 0.19900221424199896 0.2063028393653375
v 0.7220946272933522 0.15090330447867775 0.1964305265568007
v 0.6626023564853547 0.1569116188998036 0.20163404162787646
v 0.917087838087816 0.26856703124684467 0.24487607739181755
v 0.9266824131679856 0.06738247195031659 0.5025543500107602
v 0.07806712168714819 0.4488677425595558 0.45212974873241774
v 0.07442100055972534 0.44249057421291244 0.4540102070732085
v 0.07395363290373319 0.44931488015030036 0.49317924392475443
v 0.07117283339161318 0.44353219382204184 0.49300364770290195
v 0.07174438872386207 0.43709200126649983 0.45584882388894127
v 0.07403302677730689 0.25974238139871897 0.2404342509176663
v 0.06951612402749219 0.2535011547944388 0.2639605009252396
v 0.0734009190713572 0.28601509227079003 0.28678692657442856
v 0.07927655801153105 0.29454029433046724 0.267515184198352
v 0.4972207128636909 0.06053589853086628 0.48532954472137935
v 0.49677420921083804 0.06042284790293715 0.5313716837598578
v 0.4559227053947257 0.06043987744581614 0.5321425990782455
v 0.45632560748546086 0.06057423761101397 0.48612779139896206
v 0.920322981796396 0.07072306417062238 0.5819253514426327
v 0.9176470860270363 0.06615227817841024 0.5386616640322061
v 0.9234755093321367 0.06670229907412882 0.5375457127797467
v 0.9251106471928403 0.0669200881646657 0.5807248722796667
v 0.9200759836068508 0.06371537752060011 0.3360251749879939
v 0.944918299795563 0.2262633250111425 0.47393461620567595
v 0.9483093669852765 0.19536523969610117 0.4665697584438414
v 0.95 0.19984930519836644 0.42931823394800217
v 0.9445443788182755 0.22817830218442464 0.4369181950975477
v 0.9085365271490647 0.06865642131051598 0.4985680029763619
v 0.9062531253319266 0.06953637735976778 0.5378760275361921
v 0.9018758555502912 0.0686036352819376 0.49252274601722695
v 0.9396059366686915 0.1269453249433447 0.4305980113006046
v 0.9421800167320873 0.10297603123354554 0.43005883068222955
v 0.1107542149464561 0.4281176919541494 0.34644156583937485
v 0.15583091461981047 0.4687545283272023 0.39120899178989055
v 0.15267115928780023 0.4472987328276697 0.33581109367408757
v 0.08891338101540613 0.41610931548018754 0.3510947474175109
v 0.9281636414845968 0.4107418682712684 0.5631402065242062
v 0.9338750326705343 0.4001235330639451 0.5619325537190712
v 0.9354217810722141 0.4019146459788498 0.5331995557233677
v 0.9299547475805903 0.4142577626008454 0.5336934130928234
v 0.9359735550673043 0.3993637692479162 0.49535384978856245
v 0.932073230331145 0.41270904822063587 0.4945792935781634
v 0.9398385687740106 0.37932352994350943 0.49670062285368854
v 0.9400178986789767 0.3808040359147349 0.5312015389399556
v 0.38886847021939086 0.483405715230748 0.5398896170849081
v 0.3901195055322105 0.47644006128251876 0.5210434814360014
v 0.3364736715772916 0.47067249036968095 0.5184505333453114
v 0.33550251757048183 0.47630283093620235 0.5352597332196816
v 0.9080994133028448 0.07323399583965819 0.5851892213958891
v 0.43199007337891493 0.060541655441400874 0.5893313255445912
v 0.4326282564616051 0.06049390975265268 0.5325165604674682
v 0.45529496401616637 0.060499903205868344 0.5890004039192245
v 0.496179043132802 0.06054734403851342 0.5884239434578641
v 0.45450718736834816 0.061235387062306086 0.6482823413800349
v 0.49547627086460916 0.06102561453005166 0.6480846244879054
v 0.3913574502542633 0.2612110068331205 0.1848438943404908
v 0.417118507738292 0.26226398906778026 0.18904720179829604
v 0.9200220996024637 0.06477967439501488 0.5021127202211578
v 0.9193219655786832 0.07570849781851818 0.717555912543287
v 0.9250086524702504 0.07137103324027318 0.6735268257154903
v 0.9301841573866437 0.07097110033542595 0.6688288407671149
v 0.9356882473198227 0.13496872175183292 0.5786823502656928
v 0.9307729430691326 0.11596436922903122 0.5954053611482353
v 0.6117886438714851 0.35177425230960485 0.24262169326112193
v 0.6089414963224018 0.30584360212160305 0.21910692630288825
v 0.5844680830511833 0.3090161683456706 0.2095455116326171
v 0.5847351366970955 0.35444015704755905 0.2363998770485936
v 0.9340603148783104 0.07792073717365806 0.6566063190062477
v 0.05689357222903152 0.3042021904736711 0.6837719586682922
v 0.056105809566887155 0.28738623684353737 0.6506856861375326
v 0.05682389000741128 0.2579508060987969 0.6666825416786992
v 0.058877076443679566 0.2699627594135794 0.7061396279134574
v 0.9254528374731923 0.0682346501978729 0.6265480847318435
v 0.9304221152365824 0.06675762838861163 0.6244555519637901
v 0.537613065782046 0.06044742611941867 0.5310580936392986
v 0.5380739189111373 0.060478922621203815 0.48487836221646885
v 0.717588398409855 0.06076251599159404 0.59395683857443
v 0.9105672469987862 0.07314080819785337 0.6803841886020028
v 0.9115729624029283 0.0706828992109872 0.6326811402714092
v 0.6582918934707863 0.060634444284535544 0.5343152916243046
v 0.6587514962806312 0.060655033197757245 0.4879854462266306
v 0.9071859362151828 0.07052789580942678 0.7289401566220123
v 0.9043082439543102 0.08374441302915325 0.7703376743333441
v 0.9339554558897067 0.09120671147294303 0.6329588359417423
v 0.9261263427738746 0.10145246296476132 0.6578545472395231
v 0.7808318619161223 0.3416473998785303 0.2428504991768049
v 0.7804454545291803 0.2953541805269756 0.21962435303071787
v 0.9438991581444808 0.18727540537584714 0.5253718290132848
v 0.9416493666988499 0.18285118733145023 0.5583078228550626
v 0.9432929183409694 0.15739202750774012 0.5527379779148535
v 0.9449938448116805 0.16096334481057845 0.5202213102976112
v 0.5829227276226234 0.4818329598178743 0.6236994267153149
v 0.5828140589364503 0.4744877781203964 0.6385678962841094
v 0.593845303976198 0.4683795975092497 0.6414672685133781
v 0.5949578363632891 0.48228992349486727 0.6105085257850872
v 0.9387406150533888 0.22833180038194922 0.630261029936966
v 0.9364237818813692 0.2537503413858982 0.622125534210485
v 0.9352608898797128 0.2478084852366384 0.6509957245383324
v 0.937317701402655 0.22335089777368092 0.6622455594235658
v 0.8996799033548909 0.11670979831162934 0.7949660694303065
v 0.9323297611560177 0.2568055181877976 0.6848887098376767
v 0.9357770395662547 0.22876314660782188 0.7003921864031275
v 0.9310254907740798 0.3046881128639344 0.63800861348921
v 0.9334255666771292 0.27894696780868367 0.6202031244107895
v 0.9322669263203371 0.1383536471622404 0.6977697648921379
v 0.9206329043299348 0.12332276327554027 0.7621019749074992
v 0.926533068547853 0.13032072634551048 0.7356223547545644
v 0.913665040201167 0.16177139972623883 0.7876867672406402
v 0.9027295410849123 0.1629315503801727 0.7931718721165282
v 0.907762683029582 0.11645259422341317 0.788732513991447
v 0.9038019401821913 0.21353367646673857 0.7974181057457985
v 0.9150373816550923 0.21121655330808853 0.7924016137834866
v 0.9378905993595978 0.08978470634742976 0.385312398179732
v 0.9170812592268153 0.3158032374690213 0.7129795850145286
v 0.9183907658450599 0.2848307702344719 0.7510432237282942
v 0.9235101938033992 0.27953300051511765 0.7386270593555314
v 0.9226269705255092 0.31149379441719566 0.7069144091143476
v 0.9035595516707622 0.26042451755114104 0.7959453607081333
v 0.9258491802828701 0.11825481636841656 0.6800883915046363
v 0.9313164375452763 0.10267025060432561 0.6123032866804425
v 0.9331306815401637 0.2676671026345009 0.6419675097301538
v 0.9299682185816871 0.2821092858623727 0.6637219308167028
v 0.922972964909161 0.24521564660201264 0.7754915807471212
v 0.9280533224889039 0.24193821441141303 0.7627593270514152
v 0.05893463028889706 0.09617590466653124 0.4320239486485011
v 0.06057124503676403 0.10246483805796797 0.40391925805656165
v 0.05698290152534102 0.08714557406463759 0.3891184875996997
v 0.05364271981153129 0.0834298755919968 0.42212779528580024
v 0.9155482503511709 0.07435425656921203 0.2888864370013168
v 0.9276742995377791 0.2698386332187023 0.7166163951530601
v 0.932436097031785 0.23654248902241112 0.7373576111128347
v 0.9080419042117839 0.2950758493752068 0.7667356887211842
v 0.9122346078521466 0.25574909388621414 0.7902934594154116
v 0.7757536077817334 0.10472148559079307 0.7921018607234395
v 0.5384203132850625 0.06029795535913341 0.4505615644918993
v 0.9288895091483463 0.3708397929319005 0.34859629582182655
v 0.9311920209902961 0.3629807266313124 0.35462639110670985
v 0.580245192732283 0.45168205665967287 0.6588193335759277
v 0.6046878598980082 0.4590453873786558 0.6494046364682056
v 0.5789472382806766 0.4608947482331555 0.6512046107666071
v 0.9264593584521507 0.29993730284050113 0.6904984284271085
v 0.9050477616357824 0.32672223530345984 0.7278554029965258
v 0.9489724445675018 0.20348860995013504 0.3944111598425138
v 0.9455049372785416 0.20637178269960754 0.36102502457687435
v 0.942030895882737 0.23103579081824066 0.368031175099652
v 0.9433398206969476 0.2287424509496679 0.4018085636955994
v 0.9056783924545686 0.4141896058408276 0.5966915759554389
v 0.9294121034334195 0.32656505293149546 0.6593480606970045
v 0.9051972405183843 0.3520266727089508 0.6803125860396593
v 0.8989611516020198 0.3627556908432528 0.688464172060636
v 0.09040450000059674 0.46480989334920814 0.5162321444107159
v 0.09082890366637986 0.46384211552322585 0.5089259241816235
v 0.08619555060143619 0.4632173672711515 0.49669233607158103
v 0.08558322423264525 0.46232234748238993 0.5266923387926471
v 0.9409070295055202 0.25105046445885415 0.5365586421269303
v 0.941482970745103 0.24617530123853387 0.5654454224008565
v 0.9406189470003378 0.21440940793834243 0.5627953030433955
v 0.9424723956362907 0.21921812313593225 0.5313634998573344
v 0.9326935676939436 0.3491487042858227 0.6239821395565426
v 0.06149349393909376 0.11219818737805015 0.3772069995194387
v 0.061782158248310404 0.09412677861415622 0.35816442114597297
v 0.9075389122472435 0.3812593608100224 0.6369932189166869
v 0.9051972405183843 0.3520266727089508 0.6803125860396593
v 0.7735513004961148 0.23789057940442124 0.8217549236894661
v 0.5655771857780838 0.30733803762906875 0.2111901435589622
v 0.5655784556772736 0.25618238584275566 0.18436472438692875
v 0.5418731440078361 0.25556138385779026 0.18274110022359324
v 0.5421461779279064 0.3073099334351482 0.21073367081727656
v 0.9391712843010773 0.2777256506257944 0.3980959881040994
v 0.9391157891470574 0.25512287174709125 0.3809747754707597
v 0.9382249129084115 0.26762400591647184 0.3456562218350489
v 0.9381424309980415 0.2941572335870264 0.3673808735781877
v 0.9355802107861098 0.367788203895429 0.5886886056701097
v 0.9306797649153669 0.3874207625421857 0.5952552267373222
v 0.7824478897520142 0.4138217196246814 0.320632381017916
v 0.7816878075356453 0.38386107937288794 0.2744033244092304
v 0.9213611439639771 0.1791513941569723 0.2318636860693531
v 0.923493634765506 0.13726476508254568 0.23590473448681665
v 0.778528052203635 0.061744421216116 0.4591119012517882
v 0.9393460045279272 0.23881717218123347 0.3299995009605965
v 0.9399708620605292 0.34315501439411555 0.4629789992994167
v 0.941178284447871 0.34851824461191344 0.4986161255889238
v 0.9407331596076434 0.31391188401992154 0.49817839033716416
v 0.9399464262910977 0.30988482487313973 0.4675177475433744
v 0.938573950574703 0.3779620016786194 0.5573901579333693
v 0.9337780951676252 0.2832281038799522 0.3138589691728446
v 0.9343949864603759 0.3156235470215756 0.3392594935814428
v 0.9091835827432746 0.4280900901967404 0.5526922336292
v 0.7764693610061212 0.3696736766718385 0.7493541100176699
v 0.49735598317571916 0.4486650777710966 0.6518625896271408
v 0.49754257531667667 0.47425835906618835 0.5957167922562967
v 0.9252244122585812 0.396314361492999 0.5968868638768463
v 0.9123667668761957 0.42954024479330005 0.4350589129527805
v 0.9125637299188101 0.4162198711672708 0.38016848224765243
v 0.9401148361818856 0.3466589041983787 0.5503042985277026
v 0.9141781018509125 0.09771875828443173 0.24672708462446385
v 0.779162196223704 0.06154460083627232 0.41393763442565484
v 0.932970148380914 0.40775476304249303 0.44415879198249597
v 0.9221854260177991 0.4222885546602265 0.43709191590883745
v 0.9238572175326496 0.17850314604848871 0.23762442691313562
v 0.9255167911627846 0.21957215675717007 0.2409608604784333
v 0.8869298917188102 0.4363715555514598 0.5289081463020292
v 0.9059129937427722 0.43558368028964317 0.5350826737659468
v 0.9116899497679347 0.43798746864263627 0.52978421195026
v 0.8885335226533606 0.4436295665099737 0.5215344360380065
v 0.9213611439639771 0.1791513941569723 0.2318636860693531
v 0.923213249975236 0.2213604312343894 0.23705402819906685
v 0.9161171651881883 0.06603774976615405 0.5031795682845168
v 0.9138433855146908 0.06850463442668392 0.5405829799796852
v 0.9100741009486688 0.06977049323496068 0.5406339215154237
v 0.9126603541426237 0.06778031020046243 0.5024040371285394
v 0.9414493603735958 0.14665913888891788 0.46016997435491314
v 0.9415553829702678 0.12386764862318538 0.46015917102245585
v 0.6086364072377616 0.07474508973244202 0.24117443671446376
v 0.6618066387718982 0.07448229613430725 0.24218526412527874
v 0.6611057103618403 0.06243182261162458 0.2918034069921448
v 0.6079732849013797 0.062123051077534824 0.29009283766695143
v 0.0771277319428913 0.06735182526578767 0.5207164765643978
v 0.07207216816583145 0.06545005734845365 0.5201410848717156
v 0.07141938403959369 0.0629269372806607 0.47997988675303066
v 0.07633227156583455 0.06638226085325218 0.48004112384561803
v 0.9416290483118136 0.3493816048839331 0.5277568334684265
v 0.6621489297491022 0.11001362268127396 0.21411307918056977
v 0.6618066387718982 0.07448229613430725 0.24218526412527874
v 0.9219938782281173 0.40596852027969327 0.38542248929806366
v 0.7775203452395303 0.3989281259507966 0.7015860127752277
v 0.779062573471407 0.4300018589742529 0.6545702088823657
v 0.910267036117201 0.08813961403948135 0.7600583602753261
v 0.915755820128868 0.07240692778428542 0.7227928708398113
v 0.9122475418033658 0.09119079710677175 0.7519335045834292
v 0.9207521741569212 0.38065477700931843 0.338979036421729
v 0.9120407776004851 0.3908426688903504 0.3316888906944315
v 0.07751570572530975 0.22731301490200786 0.20577035966002366
v 0.08200821745984954 0.22851633116131423 0.2046721015101613
v 0.9354921346061813 0.342955547891947 0.3715721382540703
v 0.9108213610992097 0.3559468025008173 0.2928394799864714
v 0.9120407776004851 0.3908426688903504 0.3316888906944315
v 0.916254068152823 0.3085217350679748 0.2717933183756723
v 0.9183714320494658 0.34781582280181167 0.30095700905239864
v 0.4357462673541701 0.4793718382937283 0.5237759945497258
v 0.45913355039347853 0.47910288661843936 0.5242991409050285
v 0.45880450384945415 0.4829271364332172 0.515111355117721
v 0.43599260541990736 0.4790229581943071 0.5135097824631788
v 0.9342014694878096 0.248344751761818 0.2939650323867815
v 0.07466316530037198 0.32977576574799583 0.727320029458103
v 0.072662162210545 0.3677253999676146 0.6955720567249002
v 0.06744199264599698 0.36261358503914215 0.6905504762788595
v 0.06993873752701657 0.3260990940603566 0.7219304839181032
v 0.07181800931125143 0.1829829305671499 0.2275748482843548
v 0.07211508740188399 0.14812343754322624 0.2378236307400617
v 0.06805226032359041 0.15111853750570897 0.2589959007036574
v 0.06819708477391989 0.1837641002905242 0.2524373476451469
v 0.9436870234428238 0.09813063845582348 0.4585958086337982
v 0.061515199704980594 0.06358896241771969 0.4052352361543228
v 0.06624956290107181 0.062072246997426764 0.4053154249513473
v 0.06698187516335269 0.06061142239632728 0.4474280702228092
v 0.06152970005167613 0.06150010242878926 0.44609010580625524
v 0.06661462255537876 0.2184590038375294 0.25240639710382884
v 0.07071925001581314 0.2215141740838973 0.22635812448683112
v 0.9227267722944322 0.2620334011997594 0.2535252642670468
v 0.9212069211407894 0.3015457549352044 0.27945015207082724
v 0.943661200294542 0.15724448408139075 0.36370783397413786
v 0.9401030658387347 0.15445201498607386 0.3255611437881163
v 0.07516799218532755 0.18370471044111858 0.21341065965350636
v 0.07541064922169538 0.1461838456118057 0.22611141000018764
v 0.9401900679189079 0.20958773208211537 0.3222551290608194
v 0.06721388071048118 0.06 0.47892957571233113
v 0.0712650717080931 0.06355558790793553 0.44818396347271694
v 0.5006372981391743 0.21199216388588574 0.19349052430712338
v 0.500141044821959 0.1628907048999318 0.20794945419605942
v 0.45893862925925305 0.16346236938857778 0.207785212715265
v 0.4594310284743845 0.21278024885523714 0.19340184786686881
v 0.05904557584278047 0.21279204070883817 0.33095856743768515
v 0.057107228572008284 0.23943621399244003 0.3373852067046747
v 0.061788379076059385 0.24575659482446754 0.29985978018426357
v 0.06183966733937135 0.21580159460538367 0.2912890912430063
v 0.41396973955169464 0.4865648149636473 0.6255012380309795
v 0.40168550120478186 0.4845481025536031 0.6088364569630406
v 0.4018916108781243 0.4712619655318144 0.637622731517497
v 0.41363666793072296 0.4804687876509819 0.6380807354532207
v 0.541370719861656 0.1616298755087638 0.20776762511964408
v 0.5406896986598219 0.11248673896258703 0.21702181566245904
v 0.4995770270686565 0.11485513138710815 0.2230691717135463
v 0.5838565678514782 0.16002379555156818 0.2056562591496065
v 0.6096611431584023 0.15910428907210156 0.20304121080524878
v 0.7798783074813436 0.06129280726627504 0.3577287329170549
v 0.6623477389006709 0.2527085458004353 0.21069275016515315
v 0.7212392411007852 0.24828257782095164 0.21485530838880967
v 0.5008688533476034 0.35657668217274374 0.2332974460326655
v 0.4593798772706767 0.3574798815985555 0.23161115723431658
v 0.610040725536483 0.2090279821099 0.19800381919942595
v 0.6099221941530784 0.2586224893898955 0.19916007858625706
v 0.5421460436654371 0.3536555686953451 0.23764749174920385
v 0.5650059605077389 0.4744476373852846 0.5244135544404537
v 0.564203887704064 0.4875718032957029 0.5106438052350201
v 0.5403174000207063 0.4908854184980566 0.5091164322026704
v 0.5648460371238712 0.1607733223845692 0.2072211457078833
v 0.5641769065419836 0.11153769708282649 0.21491615035689043
v 0.5655525598034875 0.3531327626079415 0.2387723317645547
v 0.6610689448223022 0.3448067372285954 0.2522051079500034
v 0.6612272514622675 0.2980690423588544 0.23125207779233603
v 0.9403247779298756 0.25554145195539774 0.4825396355783753
v 0.9400450196977961 0.2840115997510691 0.4914911655151997
v 0.9402951954324504 0.283570215908467 0.5182726139552427
v 0.9404568026914553 0.2536760589399061 0.512614589793467
v 0.5005936726265902 0.39964034131562154 0.26606220432254635
v 0.5421565664864765 0.39712672769346774 0.26819854729073017
v 0.5390947164660089 0.060180016326563085 0.34774166036451604
v 0.5387290050792984 0.06020410481397367 0.40461122803323346
v 0.9281686091959647 0.11324350124591533 0.625416078974434
v 0.584680447117892 0.39720254811689676 0.2681275216563904
v 0.609416248414211 0.39937775547238796 0.2650082421111385
v 0.7196913514681154 0.29569700209731165 0.22341292899817322
v 0.7200269852645448 0.3453422753172529 0.2389085342178271
v 0.6627836555732053 0.38997182407441994 0.27893374277142663
v 0.7222252870531596 0.3801238645903034 0.28317864316419916
v 0.5849870634381217 0.431526749974145 0.3083083780201141
v 0.6105545032527321 0.4319328591294983 0.3104336365774437
v 0.6638129787948839 0.43238330304644407 0.3102428977135342
v 0.3347676990754388 0.4808520794434424 0.39612552263368017
v 0.3904805373124353 0.4825003540543688 0.39925266713361535
v 0.3914467683620337 0.4652157741850692 0.3459310128986167
v 0.33514563673826936 0.4630516823579401 0.3421901954568851
v 0.055858184819151446 0.23882173122205813 0.4430113360829644
v 0.0546410060256996 0.23890459713320433 0.4061355964227131
v 0.05711174874181146 0.20787408108610084 0.400859808741251
v 0.057449195081577864 0.20531634364758486 0.4386709742990098
v 0.7226253668349025 0.413608678236194 0.3255103158500971
v 0.49941536561516525 0.4608371513990009 0.35284485394363463
v 0.5439640721836806 0.45827518507920834 0.3525885048869085
v 0.5420084078514902 0.4311971745505162 0.30663283590366675
v 0.4998233941546671 0.4341269291397 0.3045985553631496
v 0.5848538247200479 0.45623727108878487 0.3465067339328858
v 0.6081365033100175 0.45934454444150125 0.35853557199481967
v 0.6105545032527321 0.4319328591294983 0.3104336365774437
v 0.5849870634381217 0.431526749974145 0.3083083780201141
v 0.6635308038383552 0.4554551562089225 0.3638335270118392
v 0.6638129787948839 0.43238330304644407 0.3102428977135342
v 0.7234592039011303 0.44763414012811487 0.36845459524994917
v 0.7226253668349025 0.413608678236194 0.3255103158500971
v 0.4993898777734151 0.48323116253447446 0.4080704452603371
v 0.5433588785085767 0.48074699412961047 0.4067111296973821
v 0.564189443300064 0.49390828640101075 0.46784990842942187
v 0.5833019407789133 0.4932423452160026 0.46930755707508304
v 0.5841926939436288 0.4818572026394289 0.4167729755249783
v 0.5653277317042025 0.48159325339174275 0.41452023397742876
v 0.4029955616557128 0.48241760855341675 0.3853505702452357
v 0.4037632073245249 0.4714649223420223 0.3555401972259061
v 0.6076702209423197 0.47982271977784796 0.4125100119704098
v 0.6630008251174647 0.47402206455682616 0.4191993272610716
v 0.7228288416072829 0.4632798899685293 0.42503473529695657
v 0.7825870304244723 0.4539763982545747 0.4282800248124236
v 0.4578863415610369 0.4324413988535436 0.3041750617421394
v 0.4560581622406795 0.4580753811302928 0.3509581666687154
v 0.4985239070480226 0.49739589937178064 0.46710903772627965
v 0.5405339625867186 0.4958348673411977 0.46703457315548735
v 0.6092006676425061 0.48606371993145364 0.5137425638627473
v 0.6621347091158847 0.4830741541314891 0.5166359835787186
v 0.662492630482235 0.48604373003697277 0.4778519248854073
v 0.6092310221491304 0.4922115413511868 0.4719110298720443
v 0.7222057966180179 0.47646563412734494 0.48362792633677987
v 0.7823234955741123 0.4673539282732049 0.48646667246694447
v 0.4560943963246097 0.48169974728368076 0.4044292516541237
v 0.5402370187585555 0.48230809309915823 0.5484571427004274
v 0.49887109318591116 0.48134585919441675 0.5457112807100193
v 0.5842113564268759 0.4726817809148673 0.5256019353132676
v 0.5648451308522027 0.4750008723823955 0.5336829228135589
v 0.5839008856549204 0.47447156506662985 0.535163239391538
v 0.45669770473087234 0.495872159083498 0.46568942484482806
v 0.21668428239992077 0.07469914790585401 0.2386802417896423
v 0.15833506631372546 0.0743887870931703 0.23944877127170355
v 0.15969709193458492 0.10666026007419813 0.20756641115342161
v 0.2175659392823343 0.11057135483280528 0.21052624225234162
v 0.608881704769361 0.48007212640354635 0.5533844142782457
v 0.5829162774298225 0.48333779514041547 0.5519728801744994
v 0.5821299524949547 0.4828198998629707 0.5857076408101832
v 0.6060764806763487 0.4800845312876406 0.596215048807379
v 0.9435069774713544 0.0948748462714786 0.5050115427117696
v 0.9435106025580282 0.09584392540779227 0.483770404183194
v 0.7810192028150962 0.4500419303337012 0.5565367138322471
v 0.780436526074965 0.45254879712750157 0.6030185497910413
v 0.6607814888753101 0.4731234814743279 0.6012384866198399
v 0.6617245932145538 0.47219222028244606 0.5544508699562362
v 0.720715505584722 0.4636981823275914 0.6030084581328063
v 0.7218101474977653 0.461757210205807 0.5560482125904754
v 0.45762803735271407 0.4850144587564418 0.5453119253117654
v 0.5834475428327114 0.48576836619151814 0.5118018764320847
v 0.7189420102492985 0.06061877204825498 0.45633181171505294
v 0.6597505992581552 0.45342938481675554 0.6536290992598341
v 0.7193850763983287 0.4416839826228407 0.6547945715318418
v 0.4966539324153311 0.4280696058130781 0.7013026717957579
v 0.5373109080946544 0.4290477498273678 0.6989250864951686
v 0.539740541320916 0.45131909054482544 0.6498754237311751
v 0.5798615936686593 0.43026828076001006 0.697891182134913
v 0.6057805438167061 0.43045435995097625 0.6987345165877057
v 0.6587536332916026 0.4245266783433507 0.7018845582345526
v 0.7181509357795757 0.411947856516732 0.7024716170062673
v 0.45526903177962813 0.4297049142229816 0.7014539919593193
v 0.454401763358519 0.40370010670068224 0.7392292423442057
v 0.49547914521560515 0.4023211627988676 0.7410278968871413
v 0.4966539324153311 0.4280696058130781 0.7013026717957579
v 0.5367328186555613 0.40082824905643905 0.7409173890253483
v 0.5373109080946544 0.4290477498273678 0.6989250864951686
v 0.5791172313497496 0.3981575318648542 0.7404146354711552
v 0.6047637181932211 0.3956720721494677 0.741649054180002
v 0.6057805438167061 0.43045435995097625 0.6987345165877057
v 0.5798615936686593 0.43026828076001006 0.697891182134913
v 0.6560496990432159 0.38660289518971414 0.7414798716597419
v 0.6587536332916026 0.4245266783433507 0.7018845582345526
v 0.7162625117703432 0.37861490618464505 0.7474517466058795
v 0.7181509357795757 0.411947856516732 0.7024716170062673
v 0.7775203452395303 0.3989281259507966 0.7015860127752277
v 0.49484489388826797 0.36200662135370726 0.7714000116771758
v 0.5359598108793774 0.3598444706816317 0.7724736937248617
v 0.5782064059458583 0.35618992999066545 0.7730478104091822
v 0.6033583146062051 0.3543186454112293 0.7761425139167908
v 0.6518226465877641 0.34423323824048274 0.7759902854431358
v 0.7120299545536459 0.3370070018378976 0.7869142140295803
v 0.4943516322815199 0.31471681378220856 0.791276757917331
v 0.5353985042489596 0.3134485259317009 0.7943296357157723
v 0.5775087334006833 0.3102263114635204 0.7966355829734798
v 0.6029061969290295 0.30808444090239306 0.799535789386632
v 0.5967723041289588 0.4803470794999196 0.3962297913695615
v 0.5835823871061485 0.48254226871288086 0.40245612610833253
v 0.6531262680344333 0.3042095537244319 0.8119692240908836
v 0.712273014377422 0.2895704610016066 0.8051240324493121
v 0.4539840168735104 0.36213862322998575 0.7681388496586592
v 0.49420320442231114 0.2644768749429939 0.7980100660836706
v 0.535338102920537 0.2638713340259181 0.8016968751845286
v 0.5772800396611335 0.2612879970279921 0.8065478796929773
v 0.6027055640455848 0.2592698368842415 0.8102609749640863
v 0.6552267484255487 0.2545746630585142 0.8169836020534234
v 0.7141137975870946 0.24750310456457475 0.8300000000000001
v 0.45341732296150783 0.31436405979761844 0.7875507410950369
v 0.49426584765425935 0.21355352320466484 0.7981395522562633
v 0.535428654564745 0.21331722651216045 0.8007690843667072
v 0.5775507016109109 0.21124048095014875 0.80420204641014
v 0.6031047263671201 0.20951195672383408 0.8075435450157369
v 0.655335758362165 0.20484795305304632 0.8175796954823373
v 0.21928067241031562 0.24957341020696894 0.17048087974060305
v 0.21944125032372175 0.20171692877561034 0.17278426999010776
v 0.16215266299165426 0.19464158380992286 0.1826121995118148
v 0.16174159606449845 0.24354236517402442 0.18354737995185405
v 0.7143965767247357 0.19920632037310787 0.8212843240757237
v 0.4531543083782168 0.26397442253730785 0.7954418685011727
v 0.4943753838018559 0.16329634090717782 0.7898081832076579
v 0.5355626596977483 0.16325856156871998 0.791287792510257
v 0.5778767859892041 0.16153204640135987 0.7945515091744635
v 0.6035520889151712 0.16004981439323063 0.7977373383424222
v 0.6561729967442843 0.15637432505353258 0.8060427984344258
v 0.7153588805971041 0.1517744081484546 0.8124629331627867
v 0.453166075924233 0.21289475153543463 0.7963804008699218
v 0.4945122965564623 0.11501041754784873 0.775224277844555
v 0.5357084407681723 0.11485877664738924 0.7767999955554712
v 0.5781832176985384 0.11382889380945371 0.7788307713607552
v 0.6040136049652052 0.11303967332673581 0.7804733131012012
v 0.6570781495588434 0.11100516302318517 0.7856673267097647
v 0.7168075726419632 0.10835821116902379 0.7909271720170987
v 0.4531789287585436 0.16250949523974773 0.7896882798977019
v 0.4946140836792053 0.07699729015043857 0.7528702864210758
v 0.5358177891580967 0.07675300695630843 0.7538816205555827
v 0.5783246967756719 0.07613914774020938 0.755001921175015
v 0.6041919950328853 0.07575842932970893 0.7558666435214073
v 0.657388911232816 0.07497952949309016 0.758387209100309
v 0.7174402397748687 0.07405283534113007 0.76160439176656
v 0.7772739512310973 0.07343240271365878 0.7616702656918177
v 0.4533248161200891 0.11431927517470242 0.7753518030336148
v 0.49485053116377364 0.06337190087337254 0.7062871581285144
v 0.5360232638818443 0.06304498003191131 0.7067688403086643
v 0.5358177891580967 0.07675300695630843 0.7538816205555827
v 0.4946140836792053 0.07699729015043857 0.7528702864210758
v 0.578483792207645 0.06269983771289547 0.70768978776822
v 0.6043126634272613 0.06251305416461496 0.7084249157822637
v 0.6041919950328853 0.07575842932970893 0.7558666435214073
v 0.5783246967756719 0.07613914774020938 0.755001921175015
v 0.6574156965954618 0.062292933786337996 0.7103321779596217
v 0.657388911232816 0.07497952949309016 0.758387209100309
v 0.7173825964213383 0.06222053545735367 0.7123539383716506
v 0.7174402397748687 0.07405283534113007 0.76160439176656
v 0.45344629008928156 0.07689932046893672 0.7523930591566863
v 0.5364940048823801 0.060835201158273115 0.6482424580567929
v 0.578831733397103 0.06069221051353789 0.6490721320920775
v 0.6045880245634679 0.06066235907430589 0.6497861255529485
v 0.6575262505504762 0.060753827487926446 0.6516758424711538
v 0.7172925286814471 0.06083288941068603 0.6537108621361071
v 0.45344629008928156 0.07689932046893672 0.7523930591566863
v 0.45373982980441835 0.06407591024311846 0.7059339724106124
v 0.5370728131851116 0.0605073073924325 0.5883329444960366
v 0.5793202585805652 0.060531759158107726 0.5890435175811479
v 0.6050331941578521 0.06057780940600127 0.5897263898239216
v 0.65789704992535 0.060710560533360734 0.5916687003425698
v 0.5513123298596152 0.46198104729669504 0.645805701655943
v 0.5620249476823911 0.44902804395774526 0.6588860413784455
v 0.5652244223282664 0.45864339547254723 0.6522801613498599
v 0.38586038672364964 0.06656446703750103 0.7054385243730028
v 0.3866262534147421 0.06235948325210166 0.6486557644310256
v 0.41231250992050467 0.062205187752679386 0.6485234781162933
v 0.4115220228490854 0.06624744251069066 0.7053692933616451
v 0.57980406220052 0.06064860258619677 0.5316419570159802
v 0.6054848642934632 0.0607128562372224 0.5322999180305258
v 0.6064347041332552 0.06040453913329157 0.4515018782844846
v 0.5807083143376802 0.06035648433939793 0.45094435130250937
v 0.5810831863407928 0.060320404316031404 0.4049322580121414
v 0.6068472367590353 0.060427927170764215 0.4054399308686676
v 0.6597884053318313 0.06070260343854575 0.40728539400976205
v 0.6592992312131002 0.06048329405818391 0.4534310984627714
v 0.7194961562146815 0.06083051473247827 0.4102971692751581
v 0.5613635092211464 0.060516719957005034 0.4850460214677635
v 0.5609018141544866 0.06054006842529386 0.5312960448393015
v 0.5617667161995725 0.06031561698881217 0.45068458199608885
v 0.4344453982881237 0.489492948846409 0.5005024796377922
v 0.45750287396274786 0.49397327918691397 0.5027781535741488
v 0.605945899236315 0.06063766058191694 0.485964836492916
v 0.5802651083319111 0.06058091944459537 0.48534672579178273
v 0.5815047033634837 0.060440371920737056 0.3480229442854057
v 0.607306235387768 0.06062379646271738 0.34849623389615797
v 0.6603319333735922 0.06096478512600982 0.35029409677269996
v 0.7201279953956924 0.06107360812795812 0.3533640870909157
v 0.4573837831523873 0.06257945441589338 0.29059046054018045
v 0.49849668288485816 0.06223938670787782 0.290135064568387
v 0.08519824897871014 0.06469032245709604 0.4044478207336774
v 0.08564623808495175 0.06606804030095699 0.35051054154305983
v 0.5396383899587784 0.0619647645666184 0.28963416912004736
v 0.5821213149427564 0.0620010991328024 0.2897008876167788
v 0.9071859362151828 0.07052789580942678 0.7289401566220123
v 0.49907885561626625 0.07666424831243554 0.24409438440879572
v 0.5402362243722783 0.07561538568090534 0.24231029802073162
v 0.45794058639581053 0.07706367572312238 0.24462251621110465
v 0.5827580547039005 0.07493911488329037 0.2412060013287583
v 0.057834349352138825 0.16968069061581242 0.4678621350203447
v 0.05826873319481424 0.17284690093465294 0.43587620667509225
v 0.05685423332549633 0.14356994303504622 0.4345227328895604
v 0.05673930465168736 0.1382243539388531 0.4645154724808683
v 0.5843226879853588 0.25918279212365225 0.19540471411825883
v 0.5843255522513727 0.20985776297828476 0.19563398252657693
v 0.06894344984133155 0.11112904920618451 0.7343662936539729
v 0.07031753670735913 0.15408382279557414 0.7465494308284268
v 0.06940584978595576 0.15547984158434155 0.7402593336609935
v 0.06862574008456745 0.11441584715852149 0.7258271287890147
v 0.0579295414429456 0.0676482307032804 0.4081920902646831
v 0.05586713565044499 0.07466329440461905 0.4131682610602512
v 0.05788268384112394 0.07661474395191041 0.3733171088720133
v 0.0613154619046653 0.07069954155263997 0.363435993911557
v 0.45526903177962813 0.4297049142229816 0.7014539919593193
v 0.9388274828710925 0.18157170736823264 0.32226826019356336
v 0.15651274419359573 0.06505953068351021 0.5813210895570956
v 0.15690664790174613 0.062085985312071365 0.5265230096011774
v 0.21545584793611733 0.06132364555929516 0.5278576064292726
v 0.214893534337179 0.06205701663654205 0.5840447347194964
v 0.9375011039358595 0.13900820788777896 0.54395218048095
v 0.05460650057106303 0.26888503814105436 0.41503006536480375
v 0.05437283912014523 0.26527948017617686 0.38183719698985585
v 0.05519076608374873 0.23816116530979473 0.37116003006876064
v 0.9395363887095407 0.2773902703316027 0.42802696583843663
v 0.9404131226347429 0.31208023722450917 0.5432384281112912
v 0.5418115035487062 0.2095722469161003 0.1916813339596229
v 0.09409501725123548 0.10045521112714599 0.21665332204409465
v 0.08762499835901422 0.10165204832846805 0.22669715810519148
v 0.08616892187833791 0.13775605941233615 0.20598548000230776
v 0.09269774773215772 0.13954243098563515 0.20058328778629642
v 0.9439190737441089 0.22276851438855846 0.5059133507866115
v 0.3897422615588052 0.07644503100944042 0.2425581488262104
v 0.33662697694027166 0.07593770151524493 0.24128777376290772
v 0.33718946955583584 0.11266958575391771 0.21388068359697182
v 0.390257068620653 0.11363660528227129 0.21644033025687454
v 0.08124909745784459 0.11056543042689049 0.23932262027022688
v 0.07861996978199354 0.11591515360546384 0.24711681868631413
v 0.07541064922169538 0.1461838456118057 0.22611141000018764
v 0.0738754921465406 0.42051704681196905 0.40972841248806297
v 0.07780835315445195 0.39630134068102535 0.36401372726529946
v 0.07682559663257793 0.3913691575883474 0.3683113481883114
v 0.07163585989442789 0.41430083766954523 0.41282845219754244
v 0.059179122245680005 0.27030361807424275 0.5020745962089176
v 0.05850557219084124 0.26738868885673595 0.5311358254553225
v 0.060445933398654506 0.2976837529366202 0.529855103737594
v 0.05904937994608017 0.3012875715337226 0.5044627705472752
v 0.06194519764032219 0.0822751185897872 0.3347734440734691
v 0.06537358979652969 0.07523224453556236 0.319085803667037
v 0.07990786014266432 0.4324846463239067 0.40230372668432324
v 0.08240630568162965 0.4072360055310714 0.3549998585888068
v 0.9449745557702429 0.1813288674977671 0.36047898731147693
v 0.07257216160188851 0.22418996624723503 0.21583554119602383
v 0.059186909468905424 0.1775791773953076 0.3990357425452683
v 0.9408370340048048 0.27605646869647615 0.5651699514968354
v 0.9387650060686636 0.26582932153742167 0.5940174552060817
v 0.10914682466276249 0.06348042662607904 0.4485064080428392
v 0.08600100428327112 0.06640839331165205 0.4483301267388865
v 0.10873186412399405 0.06177875330912264 0.40386250302976834
v 0.9413616422269191 0.31435410115021606 0.5232284431586094
v 0.4149094481693163 0.48476100176444054 0.5426067225795743
v 0.4340844727990204 0.4857524369947895 0.5444277574982576
v 0.41642198201837666 0.47859528625578235 0.5226141927385127
v 0.09069956415418817 0.3869948173485807 0.306226019733561
v 0.1127381219485124 0.3981092045878534 0.2996098469758075
v 0.9438404406911951 0.15369444024397874 0.3950209664522907
v 0.9489297491022317 0.17738792905945383 0.39220002102336493
v 0.09069956415418817 0.3869948173485807 0.306226019733561
v 0.08545196029172547 0.3786498303511291 0.3127263642585145
v 0.1127381219485124 0.3981092045878534 0.2996098469758075
v 0.9397773003338064 0.2819252526768491 0.45950541174725545
v 0.08386318773712242 0.10507616581817095 0.23345966891225384
v 0.06752886046370082 0.436857197716984 0.49147142565475027
v 0.0684967138514711 0.43117654566783387 0.45598079319176393
v 0.06524617471306615 0.41954760556658777 0.45585621797741105
v 0.06371061485050317 0.42422609535887595 0.49010474757792755
v 0.9392395343896905 0.25353734579047227 0.4135054941889599
v 0.0771625059224667 0.4437823072857049 0.5659500280655467
v 0.08641699416763832 0.4485835448764887 0.5668678246060311
v 0.43320733049214055 0.06023883208702618 0.4059696672629288
v 0.43350581833870183 0.060446746690688884 0.3488950141313957
v 0.4361053523285886 0.31181401612093385 0.20400620873864017
v 0.4168747710078994 0.31137920227814025 0.2023357971846167
v 0.41634934602242957 0.35642543877248195 0.22942426848988606
v 0.43572900343831267 0.35730729244909015 0.23022681179719257
v 0.06592925740323258 0.3863476081416631 0.41901919867941
v 0.06147487621000325 0.39781279745589215 0.457455916822781
v 0.07059308804873071 0.40378273840622964 0.41566348096943995
v 0.11004396648331383 0.45589705347207277 0.49148061427652373
v 0.11053254760947162 0.4528960919687238 0.5082309896649893
v 0.15881525603554553 0.46091290282977543 0.5075416683357757
v 0.15779602487615035 0.4685056906236048 0.4900848029110705
v 0.9407733040859949 0.2814211323654233 0.5398005528791173
v 0.15548216785553592 0.4169803001063246 0.28701364946926716
v 0.15659303315029877 0.38080481414573514 0.2443030641559053
v 0.16047890229391903 0.336406030881179 0.21909662450227563
v 0.06593015248636191 0.3243204336783857 0.36432203270742725
v 0.0654223718270795 0.3013553122970633 0.33786170871447385
v 0.057321869506427314 0.2886003967855474 0.3665625899566731
v 0.059437756515906826 0.30712079591439334 0.38028085299778874
v 0.06752886046370082 0.436857197716984 0.49147142565475027
v 0.0684967138514711 0.43117654566783387 0.45598079319176393
v 0.15615609832070465 0.4801016025821029 0.4463016997802956
v 0.11004396648331383 0.45589705347207277 0.49148061427652373
v 0.15779602487615035 0.4685056906236048 0.4900848029110705
v 0.08545196029172547 0.3786498303511291 0.3127263642585145
v 0.08658007831380654 0.3472092423763539 0.274219213271808
v 0.06445062482769648 0.3433605095374025 0.3942334867711411
v 0.06116795220494775 0.35786245272986855 0.4273104481531879
v 0.0721721489513803 0.3694491276729001 0.38011405994587966
v 0.07937345076028363 0.07786422751056488 0.2610160105268149
v 0.07653970708106228 0.08244975106451899 0.26484827043447734
v 0.33530801600647325 0.06032043870107695 0.45127961173741193
v 0.3353399592856521 0.06075554928809654 0.4857986604692818
v 0.2755219229727262 0.06081088192454326 0.48385645684707473
v 0.2754549931317288 0.06030761693032631 0.4494050542787067
v 0.10976993678326219 0.45982154708411466 0.517795393063969
v 0.10834917133203886 0.46558938839536346 0.5333752782854927
v 0.10834917133203886 0.46558938839536346 0.5333752782854927
v 0.10876583252875305 0.4565032527616605 0.5689925873813197
v 0.07163585989442789 0.41430083766954523 0.41282845219754244
v 0.08134545315671948 0.3658495242779087 0.3264290228611079
v 0.08177079665978843 0.3602768089317709 0.33175696944462324
v 0.07738735080456038 0.38381361681156795 0.3731338492882007
v 0.07682559663257793 0.3913691575883474 0.3683113481883114
v 0.1078977809099057 0.4406405389560442 0.6186272249344128
v 0.1554330725458909 0.45025769590810977 0.6242128724806566
v 0.15591386644882327 0.46962649701915343 0.5725402595631444
v 0.05814198942369775 0.1938087732187383 0.6770195135091588
v 0.06296644273675839 0.19426175288665146 0.717719442254714
v 0.06110972704738332 0.23210726150469613 0.7178775627989646
v 0.057044348982171145 0.22628917559367404 0.6758449951844506
v 0.10711109234751665 0.4168379273180704 0.6678115069629738
v 0.15503856465662824 0.4242648429391861 0.6742591425716515
v 0.10711109234751665 0.4168379273180704 0.6678115069629738
v 0.10751938451697135 0.3809546227465235 0.7075106986553472
v 0.15520932414063066 0.3886357628943562 0.7158568871684294
v 0.15503856465662824 0.4242648429391861 0.6742591425716515
v 0.10787835760599873 0.33944914889850036 0.74046074424075
v 0.1554218616296958 0.34702812965489216 0.7493461913174693
v 0.10789590123533405 0.29811541563226285 0.7693905149094391
v 0.15514615364877654 0.30337264100005523 0.7763142480971638
v 0.108707652125345 0.25067390039688553 0.778438532721984
v 0.1550376919505771 0.25472496023436886 0.7859490507878001
v 0.10827899681469749 0.2012319515170207 0.7807962266780641
v 0.15476822717448513 0.2043017121568696 0.7874478074125644
v 0.15693132981903807 0.06106586110993948 0.3463223088851217
v 0.15683336297053024 0.06045918728344291 0.40267050104298624
v 0.10887843398642577 0.06367122297119449 0.3484279637186123
v 0.10672893660543897 0.1519879653731023 0.7766486984864096
v 0.15407635029257283 0.1542199495801532 0.784943179887486
v 0.21565894229816773 0.06100915099175186 0.4820790555681374
v 0.15713778074282353 0.06211822219058253 0.4813980374090262
v 0.10602987668141367 0.10589636459933457 0.7629076209559845
v 0.15375168126447797 0.10711864686405803 0.7721499060881862
v 0.05932886965322093 0.3691362345736354 0.4888402062739062
v 0.05963449578773877 0.3681263693191522 0.5106981279906039
v 0.06054524287185631 0.400483268737427 0.5145144605407839
v 0.06079421024428611 0.40149293544710085 0.48989014141572956
v 0.10656571819680133 0.07428993228694111 0.7283331240781507
v 0.15419743266289615 0.07389207557190743 0.7393415068045387
v 0.054774910461850956 0.07100765769360798 0.5061456034922082
v 0.054710151197442214 0.0728006579130634 0.4734998956698291
v 0.05837878366556831 0.06567868511625274 0.47455257486189983
v 0.061315506658821795 0.06864105275048514 0.5095331003502896
v 0.15696008436456854 0.06122268106161001 0.44804063471347644
v 0.10656571819680133 0.07428993228694111 0.7283331240781507
v 0.10794365392028504 0.06851716216574387 0.6785668272376038
v 0.15544171009808921 0.0658487199836253 0.689185645623609
v 0.15419743266289615 0.07389207557190743 0.7393415068045387
v 0.08623108540167151 0.06585651119911894 0.48012328152228784
v 0.07610142962677419 0.06706060965774456 0.4482510674671363
v 0.10869802998170452 0.07502186448122625 0.6285460823089946
v 0.15631911533563825 0.06958695677369932 0.6355317512492601
v 0.10900405890363057 0.06346254543816268 0.5246404686910476
v 0.10938464825023181 0.06451531051021812 0.48064781075362084
v 0.4330726652353293 0.06039050732185376 0.4520967655090719
v 0.08801413574950084 0.0698816008960829 0.2967262821894583
v 0.10997321016193845 0.0682248566853828 0.2925626890960064
v 0.10870644376312039 0.06790392076189085 0.5778190971354904
v 0.9244966649202601 0.4141008474966349 0.5619082000714053
v 0.921194927026856 0.4001691215316703 0.596782753663012
v 0.06661650222995041 0.4358441628335893 0.5209940316667369
v 0.06284157864021356 0.4225829844475581 0.5178591630102232
v 0.06795952971138941 0.09942113541365877 0.3043707241569051
v 0.06979010897338733 0.12480670165096559 0.2812905600516582
v 0.2772830661609646 0.11225964800797841 0.21435698184370405
v 0.276641492950922 0.07532275885048453 0.2400761785326278
v 0.06121583915236822 0.0733398005474929 0.6538605887899548
v 0.05673738022295921 0.07417558619853412 0.6464575173094549
v 0.058937360292441565 0.07309999796482725 0.6014681804881842
v 0.06324848343081785 0.07824513158995083 0.6073079809331179
v 0.05776833697134898 0.3317663303353821 0.4621121438933291
v 0.05865303713640235 0.3336189409399678 0.4868461950309529
v 0.05905801749827844 0.3664862229745983 0.46082999724400786
v 0.07710513109387512 0.06522669451407073 0.3040233428536545
v 0.07937345076028363 0.07786422751056488 0.2610160105268149
v 0.08338561613345569 0.07587633669492097 0.25663028283271355
v 0.08106788787830688 0.0677369762659269 0.30182209714693187
v 0.060131624957781904 0.11790794959760631 0.43478973751665584
v 0.05915030056891485 0.12444219558300759 0.4045829392961302
v 0.4355595921732738 0.16314557068718824 0.2053412255553394
v 0.436013147577726 0.2125992577773653 0.1923083190585566
v 0.08631361206619798 0.1813221646048385 0.2000020367050186
v 0.09266691211835149 0.18391149465653833 0.20194126478583901
v 0.15749239030159523 0.06379700565071625 0.2888676877201928
v 0.11531466349051389 0.18832313816451013 0.19590957525947106
v 0.11469992039727367 0.14260427786438729 0.19211470516565404
v 0.9255144191924918 0.4223903327722794 0.49116548511944
v 0.9234229231982871 0.422066065113633 0.5312326569922579
v 0.9262234145392529 0.41832335167221457 0.532369586931071
v 0.9285820928475697 0.41815428544123723 0.49281774447795884
v 0.11144195206889512 0.07432736854804495 0.24270195241057962
v 0.15833506631372546 0.0743887870931703 0.23944877127170355
v 0.11144195206889512 0.07432736854804495 0.24270195241057962
v 0.113786577572081 0.10144493115406754 0.20790950441275136
v 0.0913166344635647 0.231830263459228 0.2048675277518479
v 0.05203067509556503 0.08768256742016474 0.5765976535240479
v 0.05603912587375032 0.09720150083940413 0.6091561897771435
v 0.11475948817953219 0.23643252694175373 0.19724023164878013
v 0.11488560539245812 0.2822055751076997 0.20673946971679802
v 0.1615681513311079 0.2912404065824047 0.19771093765375575
v 0.3378344776473874 0.16082245205102577 0.19798443459086168
v 0.3382444257206314 0.20649498750983067 0.17955801322056347
v 0.05766571569056855 0.09803190740560982 0.5355137799224793
v 0.04999999999999999 0.08101759532623422 0.5401726117312408
v 0.05375984143900725 0.08182092538261994 0.6316282554284626
v 0.05306673381779209 0.07367237614966736 0.5914496173144537
v 0.07653970708106228 0.08244975106451899 0.26484827043447734
v 0.0734722571967667 0.06618197577591686 0.30555368782193526
v 0.05437843338970366 0.07141002716863748 0.5479005237137428
v 0.41604565550517897 0.11453677063165749 0.2194630581627543
v 0.16116639326849747 0.14853089405397818 0.18738981145144457
v 0.3381895347477238 0.2524154060105344 0.16999999999999998
v 0.21783271880903815 0.346121880651945 0.20429780831874472
v 0.2183620485946598 0.29537909445691046 0.1758943700833409
v 0.21867805769347815 0.15521757430193175 0.1885289245259104
v 0.21331758384840394 0.40843949081958764 0.30083318177953444
v 0.2160854494093048 0.3791639342541708 0.2522165320810513
v 0.0624540971535163 0.060905998584017795 0.47660299389985455
v 0.06780374049272536 0.06409870761678138 0.5186244913356283
v 0.06433793386171083 0.065871896121028 0.5145489797626837
v 0.08124193679280972 0.3388923910436294 0.28471523555706657
v 0.07946703170145752 0.30143891915567944 0.25658642061563125
v 0.08088448534510229 0.33457373300295257 0.28986858454854214
v 0.45750287396274786 0.49397327918691397 0.5027781535741488
v 0.43311529356936473 0.4941695812384678 0.46334661589485804
v 0.4344453982881237 0.489492948846409 0.5005024796377922
v 0.9255144191924918 0.4223903327722794 0.49116548511944
v 0.9260824389463798 0.4166058424914394 0.4390878067823027
v 0.056078688548067746 0.1673061608274824 0.631839573738926
v 0.06038144265918455 0.16205462232463314 0.6703385202760395
v 0.05491700490863588 0.19497941779966918 0.6373498366427492
v 0.9234229231982871 0.422066065113633 0.5312326569922579
v 0.06813134091806883 0.06269307881182012 0.35468610570423875
v 0.06444874515312482 0.06586525633199118 0.3568099920288243
v 0.07946703170145752 0.30143891915567944 0.25658642061563125
v 0.07461599441945505 0.2642036374161464 0.2314085267094424
v 0.06403020428183898 0.2746143866100039 0.3160442105742615
v 0.056682959168694536 0.26509576335110124 0.34994895511776075
v 0.09038212292236292 0.07496206748807623 0.24912850589456909
v 0.08338561613345569 0.07587633669492097 0.25663028283271355
v 0.06981651392570332 0.07038842429994 0.3097726827325724
v 0.06336453095853856 0.13170046253065593 0.31257944426880446
v 0.06502325425970057 0.1099904486418897 0.3326343787584549
v 0.0624540971535163 0.060905998584017795 0.47660299389985455
v 0.05700429401213253 0.06615833137699523 0.4462036594446483
v 0.06152970005167613 0.06150010242878926 0.44609010580625524
v 0.09038212292236292 0.07496206748807623 0.24912850589456909
v 0.3378670474847567 0.30340259982206164 0.19779216170877773
v 0.3909928269529819 0.3101346440799822 0.19957557275695187
v 0.06444874515312482 0.06586525633199118 0.3568099920288243
v 0.3891990915502959 0.06302657548278524 0.29058146623429104
v 0.3897422615588052 0.07644503100944042 0.2425581488262104
v 0.4155477711087454 0.07671739577186591 0.2433931012446578
v 0.41500005295908515 0.06293102567423388 0.29074002822197376
v 0.061515199704980594 0.06358896241771969 0.4052352361543228
v 0.08819655369126317 0.24769065996514697 0.7695805333621977
v 0.08748361997873277 0.19923360018396663 0.7732482323474039
v 0.21353665544431327 0.06313233137136309 0.6989750433259447
v 0.21255013957329594 0.073817257057163 0.7490941461293472
v 0.061845261608929836 0.07354033064286208 0.5541411680884072
v 0.07909047022893839 0.07508021510744882 0.5691425736566365
v 0.08639148429845173 0.0710097861097207 0.5740215006237305
v 0.0856938117532769 0.07799803063928319 0.623386874267162
v 0.07684636256117894 0.07933673936482578 0.6183398313327935
v 0.05540446718088193 0.2710552823982376 0.4495458125699562
v 0.06433793386171083 0.065871896121028 0.5145489797626837
v 0.06629838968577811 0.07622173852597167 0.5598724505643847
v 0.0513756085073474 0.08216087145885882 0.5042139941095622
v 0.05312934488269039 0.08429267510875482 0.4761004937191019
v 0.07456023074049628 0.07492956760480544 0.5665290771899804
v 0.07016085240556574 0.07501011052408943 0.5641721988573952
v 0.21555083863322 0.06048513627150812 0.4480178796574771
v 0.08605640992897817 0.06511562391094924 0.5227852274829837
v 0.9155482503511709 0.07435425656921203 0.2888864370013168
v 0.9176567976789898 0.09919894024567316 0.25312323478690857
v 0.07516799218532755 0.18370471044111858 0.21341065965350636
v 0.45762803735271407 0.4850144587564418 0.5453119253117654
v 0.07343417140961267 0.448621072880042 0.5255320512107944
v 0.0704035989502465 0.44295293440985267 0.523743834268448
v 0.06061837116352453 0.08981147653975044 0.6849302103417455
v 0.059851374429981175 0.09896442964423217 0.6646392057511308
v 0.08475057315156381 0.07008946322233163 0.6718686176909902
v 0.07514615215697135 0.0701297348376896 0.6665252685646103
v 0.06319249598107674 0.08431258586321616 0.6966592581193302
v 0.3853415294106415 0.07742048318535866 0.7514897625484409
v 0.4110899102798507 0.07745562586878234 0.7513780935251131
v 0.41409799936986147 0.060373026269448245 0.45229562779412785
v 0.4142380575025271 0.06030061168257155 0.40614529948115374
v 0.08342267257501096 0.07531266399341761 0.720816039989381
v 0.0740346826810962 0.07639303977842647 0.7140595467451273
v 0.9211260503800524 0.3430474432357976 0.3053815851450732
v 0.9240629523899316 0.3751994718296783 0.34355283177123686
v 0.9265125263900342 0.3730885452647786 0.3459614432253971
v 0.9233444244078428 0.3400754487813387 0.30811769779992704
v 0.0654410343103265 0.07132184130603508 0.6576622655310888
v 0.06572544697467869 0.08023854502753751 0.7029236600839979
v 0.06319249598107674 0.08431258586321616 0.6966592581193302
v 0.06121583915236822 0.0733398005474929 0.6538605887899548
v 0.08342267257501096 0.07531266399341761 0.720816039989381
v 0.08325323333862428 0.10567781567622789 0.7560367138720188
v 0.07469977420036256 0.1066265599610198 0.7480484198526925
v 0.0740346826810962 0.07639303977842647 0.7140595467451273
v 0.0661801939585469 0.19636131952415278 0.7383118735571197
v 0.0654945155273054 0.15730803869510623 0.7066703086653332
v 0.0688088740928332 0.15607820658577512 0.7298332176067672
v 0.08444628964174 0.15070858970799378 0.7698351354723062
v 0.07577606690925409 0.15071688815378426 0.7600161365778353
v 0.057155205027741574 0.275786133570559 0.6176468452336876
v 0.05652390289660836 0.25041110987347226 0.6292856742332915
v 0.06806962493629992 0.19814946043034637 0.7447403273103527
v 0.06940584978595576 0.15547984158434155 0.7402593336609935
v 0.06787646599698532 0.1187594178377509 0.711484193894647
v 0.06588960522060222 0.12457518898965073 0.6885906716673564
v 0.06761451991917994 0.23962330751753613 0.7400977778589835
v 0.0646326399820506 0.2367003500935314 0.7358434391024136
v 0.057595496419070746 0.21014550312069893 0.36535602630568487
v 0.06213491050958875 0.13336212414011034 0.6561428499913922
v 0.07796669336003464 0.19777695364410347 0.7636458784653799
v 0.07908084808529786 0.24484739600614677 0.7586369054144071
v 0.38534544539933235 0.21169145337810238 0.7963273849411394
v 0.4110678241036339 0.21210547468473273 0.7962529811724441
v 0.060013653001333045 0.3065753497965983 0.5866990190204734
v 0.05909462639826901 0.3348928135874812 0.6026044668410779
v 0.06165711513513966 0.35165813917669264 0.5707276112618569
v 0.06174483328181635 0.31937418910897947 0.5588931632222438
v 0.3880270585121809 0.3587939379314537 0.7617976999323053
v 0.38751834920415174 0.3106865440465555 0.7770367928796726
v 0.4114101989948813 0.31212305960557235 0.7809631341495579
v 0.4121628296441985 0.35969173767886903 0.761665424228064
v 0.059990380839969826 0.31592596625738717 0.7050904185901524
v 0.061895296755860696 0.27748384282827265 0.7259832288417527
v 0.06365923707887827 0.32006096901030945 0.712687607363252
v 0.0650573121727725 0.2802869430648065 0.7319507549691313
v 0.08597191408156712 0.2936161913679734 0.760895730113738
v 0.06280313481980782 0.3569284713516828 0.6840109655913332
v 0.06092332598569533 0.3523190559048804 0.6782384854019126
v 0.3856731241444497 0.2618393898052701 0.7912158429182958
v 0.4112374815165334 0.2627114656377644 0.7936711680280377
v 0.0658402413860183 0.4139695033702987 0.6026424962016658
v 0.06244277435193002 0.40240736348312817 0.5963871722204445
v 0.061595667678309485 0.38209842366618413 0.6427178030572147
v 0.06400151686754318 0.3900323528365883 0.648125390255879
v 0.21434504977258922 0.06325717489386715 0.6418920187081354
v 0.06572544697467869 0.08023854502753751 0.7029236600839979
v 0.06319249598107674 0.08431258586321616 0.6966592581193302
v 0.07666000625364744 0.2892900574816333 0.7512936716733378
v 0.08480799273431183 0.3341591014191435 0.7336685478307999
v 0.05599097040139106 0.1368285216488625 0.5542556114878783
v 0.059775068593203806 0.1160416273059816 0.5426824746218375
v 0.05591484358123955 0.14166949670095572 0.5876926516707722
v 0.08438502120153574 0.37497521166827447 0.7016598030509879
v 0.06708615234792237 0.42849302086283747 0.5579587351067993
v 0.06392807529677974 0.4160475644353361 0.5533169482623753
v 0.08408933048975364 0.41005835206124175 0.663170506884032
v 0.07373684376980372 0.4028758098212948 0.6585899018017716
v 0.057789147654106476 0.33557880711478855 0.6573233131890658
v 0.056695266561723134 0.3133846215415181 0.6294150817727704
v 0.062293966781674925 0.39409326839176156 0.5465846392953311
v 0.4329887903518393 0.060595547136006685 0.4864834659015843
v 0.07373684376980372 0.4028758098212948 0.6585899018017716
v 0.08408933048975364 0.41005835206124175 0.663170506884032
v 0.08480776896352954 0.4330955719818528 0.6154622870616645
v 0.0756053745564863 0.42726141776867416 0.6134751101751889
v 0.061477382442765405 0.32839477056007 0.5303362966162716
v 0.061822750268226534 0.36281171528228395 0.5377235163382798
v 0.9119136310419603 0.07071339726659703 0.7257182867324834
v 0.9078800731819967 0.08589906036828807 0.7651774000204169
v 0.06127956907117815 0.3808806218028665 0.5856901800576728
v 0.38729497002068236 0.40246608602220646 0.7328959891551736
v 0.41255408166857815 0.40433030933780284 0.7357368036445495
v 0.2155697472643276 0.060232565776239415 0.40227365266758763
v 0.9168374385823793 0.11916035990324338 0.7734064313192306
v 0.9145357323152459 0.11854491131005615 0.7796402400748663
v 0.05891346157288779 0.3612061557283413 0.6240302260499758
v 0.21581945308033906 0.4643579869922507 0.5075060356099947
v 0.21477665885756364 0.4721517344730969 0.49257464963933173
v 0.05829222912695975 0.1326792993734984 0.3754716757392272
v 0.05914613843236333 0.13753992487996664 0.34638225387146226
v 0.06156120697782935 0.1205991666708427 0.3551791498952621
v 0.0570799732907194 0.09357982230402032 0.504586484076402
v 0.05963619644568452 0.1134801858760131 0.5108425942998799
v 0.05981677946703168 0.11283223246284599 0.4834989916806147
v 0.05740215846313035 0.09267189248010771 0.4784090662351711
v 0.21499449971417012 0.4729378743856276 0.5316539995552534
v 0.21434294632723522 0.4728324086684407 0.5734213186230235
v 0.2744196504760052 0.4725991413650207 0.5759585638535283
v 0.27500785435446007 0.4726516583129976 0.5337696409017538
v 0.0762809385483661 0.3475360883886445 0.3431040640256826
v 0.08088448534510229 0.33457373300295257 0.28986858454854214
v 0.08157965165751496 0.32909074338417604 0.2970713102858942
v 0.9149370428362917 0.3720820652841499 0.6300755556448545
v 0.9113537565445495 0.3757264567282572 0.6329190094061736
v 0.9080715762175219 0.34730244758449763 0.6752188820759291
v 0.91133639193184 0.3445040448436168 0.6714903209581972
v 0.9200759836068508 0.06371537752060011 0.3360251749879939
v 0.06086988952287298 0.11124827796604889 0.6354291420223126
v 0.07322857081480011 0.19739150866326685 0.7550211194955937
v 0.0703541456073497 0.19809792459363407 0.7491019644563524
v 0.07224921560881764 0.15214155748454916 0.7524326929433438
v 0.08186939006648675 0.36960837348531894 0.3223134948082107
v 0.08134545315671948 0.3658495242779087 0.3264290228611079
v 0.07593387006495916 0.31833083457432143 0.31230975062501737
v 0.45843527926146094 0.11554607509210799 0.22347412767660813
v 0.33512112264906413 0.06084185119032677 0.5320130971278626
v 0.27531652377161775 0.06098296375020862 0.5300080295389688
v 0.9051176676281849 0.4308249532251743 0.5394254906719025
v 0.9091835827432746 0.4280900901967404 0.5526922336292
v 0.27878130105703347 0.2552950567920989 0.17199788125349313
v 0.2787901400029359 0.2055868853372493 0.17447921554596346
v 0.3902522911144501 0.3544628303267978 0.22859845810793267
v 0.3895286499699849 0.39713887258440256 0.26124430544030397
v 0.4157082818909168 0.3986330684658592 0.2625599055591103
v 0.07461599441945505 0.2642036374161464 0.2314085267094424
v 0.21605333830203927 0.062006246017350414 0.28731285110983074
v 0.21567688871491125 0.060191050417329625 0.34549290927264337
v 0.2784068877840248 0.30455337860133247 0.18427634596665787
v 0.0536734659170246 0.19668975333199168 0.6028747330228226
v 0.054203041850506783 0.19873862614108215 0.5671663929374046
v 0.05435632483640862 0.16721793650765254 0.5626622859108903
v 0.05418205215112343 0.16794561077540243 0.5979024618262649
v 0.05874899004786904 0.15642691097509964 0.3680862668286705
v 0.06030728502191757 0.16120829400219683 0.33608730629034056
v 0.058000969076668074 0.31535553203061617 0.40344198889329713
v 0.923493634765506 0.13726476508254568 0.23590473448681665
v 0.9261856867853506 0.13859782999074594 0.24159605441566778
v 0.4588833942387676 0.3995855415364197 0.2648272154207908
v 0.43502028780502944 0.11515263426430392 0.2216798646402261
v 0.055537431779747515 0.2230817032868592 0.6364489483770749
v 0.2112737062766809 0.4462827191814363 0.3396370509313327
v 0.21331758384840394 0.40843949081958764 0.30083318177953444
v 0.15548216785553592 0.4169803001063246 0.28701364946926716
v 0.2780870969589849 0.15853553241331586 0.1940577976892483
v 0.05781546309810942 0.14192738605016875 0.6200945626168488
v 0.45794058639581053 0.07706367572312238 0.24462251621110465
v 0.43452869696184915 0.07693289296632111 0.24409495448561386
v 0.3883177367584385 0.0603531795047523 0.4522901858019573
v 0.3884623598150639 0.06033373176278893 0.40611284811366216
v 0.3372039922796096 0.3489184677545638 0.22716964747533402
v 0.27739900180329413 0.344964329708994 0.21954273097705235
v 0.21477665885756364 0.4721517344730969 0.49257464963933173
v 0.21315872897002186 0.47366559814222686 0.45077216058805847
v 0.4352527241109139 0.3993812047861634 0.2634568893113471
v 0.33626332704189343 0.39247289646188427 0.2582693359607726
v 0.27664661730183754 0.3815244258041434 0.2607337814758538
v 0.2758771143355321 0.46063865981647717 0.5099718169200899
v 0.27523592153581944 0.46583383549879565 0.4954820494216439
v 0.27523592153581944 0.46583383549879565 0.4954820494216439
v 0.27453464628104896 0.47702985047773266 0.4521517451058253
v 0.43449170205725907 0.4323588876386218 0.30311330867771635
v 0.4578863415610369 0.4324413988535436 0.3041750617421394
v 0.38899929780728504 0.4339807422307119 0.30097512879400556
v 0.41548359924264033 0.4330429418960955 0.3025939812384883
v 0.33558729313137076 0.4317004773370295 0.2962983944346915
v 0.27553993652070446 0.42344472885650636 0.2944910617723536
v 0.6096758113331846 0.47281276226107627 0.5277030295155924
v 0.6092006676425061 0.48606371993145364 0.5137425638627473
v 0.5834475428327114 0.48576836619151814 0.5118018764320847
v 0.3364268922952438 0.47126834567761744 0.4947077583745515
v 0.33463415267253915 0.4876127269390518 0.45430803567305994
v 0.4333083462175577 0.45415003808430404 0.34240867695923477
v 0.43449170205725907 0.4323588876386218 0.30311330867771635
v 0.38899929780728504 0.4339807422307119 0.30097512879400556
v 0.33558729313137076 0.4317004773370295 0.2962983944346915
v 0.27553993652070446 0.42344472885650636 0.2944910617723536
v 0.2749736174247623 0.4560430294988953 0.33930359619316897
v 0.3892543629335335 0.4820645161534866 0.4973078802532124
v 0.3879704892584057 0.49147282319944346 0.4593478158470881
v 0.4169061828314702 0.4563541667528666 0.3410154323253479
v 0.41847554327070535 0.46390944510438886 0.35145898850410207
v 0.27458606880683034 0.4729871623579232 0.3939006504487082
v 0.4155857953589343 0.47701381752683353 0.3617578228388728
v 0.4222911931428278 0.47115687306501675 0.35650821711910513
v 0.2104300904272649 0.46046690566585213 0.39389633210879904
v 0.15661379907889977 0.4728656024932648 0.5330309922216866
v 0.41382092638717 0.49272203159785927 0.461423629392066
v 0.4154050780751178 0.4858112927587314 0.49872776864062024
v 0.5854111370420009 0.48311852976798353 0.38708417436195974
v 0.5858654868327304 0.475851905535257 0.37210401390786
v 0.43410430448460513 0.4820875806863944 0.4096228008906302
v 0.49887109318591116 0.48134585919441675 0.5457112807100193
v 0.5402370187585555 0.48230809309915823 0.5484571427004274
v 0.41548359924264033 0.4330429418960955 0.3025939812384883
v 0.43253375246595405 0.48347755192108305 0.5863276741853611
v 0.43200374017944626 0.4827406926584728 0.6053453799561903
v 0.051950967942896054 0.08094875801797388 0.45095112449323776
v 0.05798199331432574 0.09348387698994845 0.4568426268710011
v 0.21377615731265015 0.3936849855275592 0.7219824053400724
v 0.21378271379657265 0.4286626077582902 0.6789417782478246
v 0.930704469209737 0.39456054895031206 0.39345167953115534
v 0.33550251757048183 0.47630283093620235 0.5352597332196816
v 0.3344753313597745 0.4748602457572867 0.5799903193317834
v 0.38951606286347834 0.4823178614802611 0.5885890510602836
v 0.38886847021939086 0.483405715230748 0.5398896170849081
v 0.5967768914299967 0.4682425585964163 0.3656360777098522
v 0.5858654868327304 0.475851905535257 0.37210401390786
v 0.5854111370420009 0.48311852976798353 0.38708417436195974
v 0.0799516744618462 0.4008913160711106 0.35956248487900566
v 0.08346653164834933 0.3732747609762006 0.31795897307883747
v 0.08186939006648675 0.36960837348531894 0.3223134948082107
v 0.21378271379657265 0.4286626077582902 0.6789417782478246
v 0.21400458252726123 0.45542599919834625 0.6285293165585167
v 0.38940115656674756 0.4601672265533152 0.6403843488021157
v 0.21370220106908727 0.35320554779755725 0.7573861503076089
v 0.939761188837478 0.25547940842911065 0.44733088970316714
v 0.3341394626040236 0.4565982222845156 0.633024095168537
v 0.27411478516214727 0.45442976017591274 0.6298243942788416
v 0.38686333855862975 0.43670256965788523 0.6919116429278425
v 0.4125616954694472 0.43642117525475926 0.6957660294800188
v 0.4317857986259877 0.45278014801092203 0.6586112711612412
v 0.43049289579979255 0.4618293520423158 0.6521190236794868
v 0.38686333855862975 0.43670256965788523 0.6919116429278425
v 0.4125616954694472 0.43642117525475926 0.6957660294800188
v 0.4132814262194911 0.4564495242469272 0.6544684856427325
v 0.06016460877109864 0.11383786291791359 0.46111024159865005
v 0.3339166987902057 0.43101288710253266 0.6842597913590791
v 0.27389609397656794 0.42840322727280855 0.6806282148732101
v 0.21338426754154077 0.30800104535535555 0.7836163975766883
v 0.21311668244002047 0.2582305550534272 0.7940884117533806
v 0.4311196553840444 0.4032180056316092 0.735314724653833
v 0.43154424925499246 0.43303657038205623 0.6976558940147144
v 0.3339166987902057 0.43101288710253266 0.6842597913590791
v 0.3355644685115722 0.39736944961482357 0.728147490043044
v 0.27389609397656794 0.42840322727280855 0.6806282148732101
v 0.2743473725133099 0.3947681510566573 0.7248738287237775
v 0.21271691593737285 0.2074681782492529 0.7973533293781405
v 0.4307685478380162 0.36174475800324457 0.7667207649207302
v 0.3389068655561271 0.35759377736857 0.765616826979794
v 0.2759071443745219 0.35583877442555495 0.763862552743859
v 0.2123220276377802 0.15682255722737626 0.7931228252652174
v 0.4303553998425847 0.3137661783195924 0.7860207550736324
v 0.3357366601285817 0.3117552078608719 0.790450039606071
v 0.27432005010078636 0.3109456259522375 0.7915975132227488
v 0.430004667112617 0.2634480160160728 0.794815115777957
v 0.33282771827795554 0.2620461630875902 0.8004739419709611
v 0.2728943840694298 0.2608435454710101 0.8018973683295816
v 0.21255013957329594 0.073817257057163 0.7490941461293472
v 0.2121804254867164 0.10890599314316637 0.7794912842084295
v 0.4298345957237702 0.21249911874509173 0.7961860937901047
v 0.3323431874029581 0.21115529708040368 0.8013501685650632
v 0.27245738210860104 0.20978764900456023 0.8040907362393812
v 0.3882995777594518 0.06065496100863602 0.4867389953647273
v 0.4297778978017952 0.16214668230678578 0.7892773066188017
v 0.33211329648972265 0.16054411456942802 0.7936438631188607
v 0.27218744741386613 0.15900055443474265 0.7967685266255677
v 0.42987997084415885 0.11400316263243629 0.7750541245177017
v 0.3320964465498126 0.1122224435561577 0.7790736603815177
v 0.27213179562029854 0.11075076701308748 0.7817236724731405
v 0.9120653476323858 0.07370431582685824 0.28419215745024395
v 0.4300478828449561 0.07712281781405421 0.7519090122651035
v 0.3853415294106415 0.07742048318535866 0.7514897625484409
v 0.3324157338905922 0.07583371709165329 0.7537368455974143
v 0.27248065426996426 0.07445453848477455 0.7539029872472379
v 0.4304100446676318 0.06512731926130123 0.7056474207515478
v 0.4300478828449561 0.07712281781405421 0.7519090122651035
v 0.3324157338905922 0.07583371709165329 0.7537368455974143
v 0.3330541295555256 0.06405142231799714 0.7063356557527118
v 0.27248065426996426 0.07445453848477455 0.7539029872472379
v 0.27325921995295444 0.06255191712254987 0.7047084211449162
v 0.43120323936551735 0.06168760074213759 0.6484213417863751
v 0.3337310473606385 0.0612282537762116 0.6485082552705431
v 0.27395872741854443 0.0608274358880726 0.6463695368905464
v 0.8861766345113025 0.42917843043421344 0.5335251687078033
v 0.8395137580244203 0.44664434211202414 0.5310849248152725
v 0.8389689433006609 0.4410835998220758 0.5368114246741222
v 0.3880248879355922 0.060650426493402375 0.5328402322685806
v 0.4151370454320328 0.48604018582318176 0.6025821576511685
v 0.4134665517877197 0.48507222784841536 0.5834933258661237
v 0.38736871368200204 0.06065499327746379 0.5896884911891636
v 0.3344395727887568 0.060562874695970166 0.5890389148511297
v 0.27464554708077593 0.060655625443176785 0.586929913674058
v 0.41307937239157855 0.06061436068772927 0.5895691051968123
v 0.41372410076965216 0.060556068583156514 0.5327613972890591
v 0.4140444789929957 0.06061532165683051 0.4867068712519574
v 0.911847484398701 0.31870186275612206 0.7168348162671292
v 0.9081950529352163 0.32221171960096456 0.7218146764585578
v 0.9109014262851305 0.29136368737435897 0.7613339184931263
v 0.9137593372088444 0.2880768718440887 0.7570079206763145
v 0.05928541336729076 0.33267304951797727 0.5068239688477842
v 0.057979308064937674 0.3022352147174682 0.48326876581030936
v 0.3354493048784417 0.06026888218065408 0.40509097835293223
v 0.2755625597467989 0.060240096309755596 0.40335980231704827
v 0.41609693257995184 0.4654095893938873 0.6480358414194072
v 0.7817641133724227 0.4632088419890457 0.5359243231843698
v 0.7815478612883707 0.45710465225576274 0.542724265008161
v 0.3887499052703688 0.06070701199669974 0.3490026927281966
v 0.414535790122698 0.06059737622632766 0.3490497757110653
v 0.33568681518681576 0.06063138123183194 0.34800950558567745
v 0.06979122782729907 0.06994943466270792 0.6614521082177524
v 0.06898453415696892 0.07773785245414888 0.7081677125398932
v 0.27573150668746443 0.06039789737660537 0.3463912970414927
v 0.4985422384204401 0.4955024731926067 0.5063288925515419
v 0.43397923340008665 0.06277468951199848 0.2907050432310706
v 0.3360944919866191 0.06281402190632501 0.2895511088600192
v 0.27609144199085583 0.06228050697132024 0.2880457622354229
v 0.43452869696184915 0.07693289296632111 0.24409495448561386
v 0.33662697694027166 0.07593770151524493 0.24128777376290772
v 0.276641492950922 0.07532275885048453 0.2400761785326278
v 0.21668428239992077 0.07469914790585401 0.2386802417896423
v 0.4361938201073861 0.26285932310867055 0.1905562221659592
v 0.05736886137071834 0.32550295248543754 0.4325914528950705
v 0.05508836857375066 0.07401821006481048 0.4472522961771205
v 0.4985422384204401 0.4955024731926067 0.5063288925515419
v 0.05893906095038731 0.2803770195699965 0.5893717795883906
v 0.05783318574407065 0.2964517381318418 0.6086396383472563
v 0.4347299116493279 0.4720693439386878 0.6448258587318243
v 0.4350865575222189 0.47850906884644834 0.6315784479644547
v 0.43656480968742506 0.4880808068709928 0.6563328363653083
v 0.4361837224508331 0.48288387969527363 0.6648612016041281
v 0.9423458756359566 0.14968144668136402 0.42649031730665066
v 0.0628649403098897 0.15772117910165623 0.29805506151232164
v 0.06862574008456745 0.11441584715852149 0.7258271287890147
v 0.06448812881081639 0.1863438577275634 0.2913236102246376
v 0.05739092516985694 0.14940966075288642 0.4002949787993608
v 0.9113537565445495 0.3757264567282572 0.6329190094061736
v 0.06028642958500363 0.29028040284606405 0.5601596413416783
v 0.057323838689311846 0.2616036806699421 0.5653548887253899
v 0.056474360045398575 0.25413635589295613 0.5977381613806738
v 0.06203569054469987 0.18685578629965016 0.3309681727309419
v 0.05875189906803946 0.203363901129893 0.47127932186745564
v 0.05579722965804246 0.20086830371552167 0.5293266740588755
v 0.05840594943854416 0.2022595333436633 0.4970718968350182
v 0.056791040456564024 0.1682572215336502 0.4933737873431475
v 0.05517662377030491 0.16746547166711728 0.5253341246615911
v 0.060455197509043324 0.18285351514669404 0.36459002902674037
v 0.05561082859635452 0.2970515452659923 0.42575732399424193
v 0.05656243622532703 0.3012284348269027 0.45694248562131407
v 0.9415430755772392 0.15337032028119024 0.5903549841323323
v 0.4340844727990204 0.4857524369947895 0.5444277574982576
v 0.4149094481693163 0.48476100176444054 0.5426067225795743
v 0.05481644231905297 0.2905288366910044 0.39529175341251704
v 0.8858735146095469 0.4276800442014642 0.5503802371830875
v 0.9119406625524669 0.11796066860832267 0.7842930527514949
v 0.9187176054497435 0.16195986287735303 0.7836812083978596
v 0.9461864535732315 0.16364280351805255 0.49415364660914696
v 0.9458939851607152 0.19092889960937184 0.4991062429669714
v 0.947766946608888 0.16746357784469726 0.4620695734251956
v 0.949417524653573 0.17233393738996627 0.4256214525843329
v 0.9406880921720804 0.23781124470587392 0.5986218955719256
v 0.05634654217452689 0.1355165247147104 0.4888834544696554
v 0.9134776097938803 0.06765805234143896 0.47292404723321696
v 0.056058817702596075 0.13473233257878126 0.5190227882607432
v 0.6622598864915248 0.4729751842243939 0.5293049015259529
v 0.6621347091158847 0.4830741541314891 0.5166359835787186
v 0.05548668056631312 0.23075294323772086 0.5680535922044636
v 0.054846024816478156 0.2259080965113 0.6027785627615413
v 0.057162768480184645 0.23477189870740578 0.5311665412157359
v 0.05781689523111644 0.2712112675774292 0.4787685700753759
v 0.05928438402169206 0.23698694851262736 0.49963045379519744
v 0.058616338728098794 0.23800191779399524 0.4745206469395498
v 0.21569783366013812 0.466592616806657 0.5164959425159015
v 0.21499449971417012 0.4729378743856276 0.5316539995552534
v 0.27500785435446007 0.4726516583129976 0.5337696409017538
v 0.27561807727789706 0.46535702469029844 0.5184784727629848
v 0.9081950529352163 0.32221171960096456 0.7218146764585578
v 0.9080715762175219 0.34730244758449763 0.6752188820759291
v 0.8405230313840014 0.45429190229009586 0.5230626516833231
v 0.7220445697693431 0.4693240294478864 0.5334913866038632
v 0.7217805202461837 0.47618458156859705 0.5215927292917675
v 0.9240629523899316 0.3751994718296783 0.34355283177123686
v 0.9211260503800524 0.3430474432357976 0.3053815851450732
v 0.9207521741569212 0.38065477700931843 0.338979036421729
v 0.3364268922952438 0.47126834567761744 0.4947077583745515
v 0.3370117060463462 0.46684695906258156 0.50913586854202
v 0.3905326759047202 0.4735695946066753 0.511210918323826
v 0.3892543629335335 0.4820645161534866 0.4973078802532124
v 0.8385204618986981 0.44038291265176077 0.5543849732602151
v 0.7810192028150962 0.4500419303337012 0.5565367138322471
v 0.7221322655389415 0.46280849337244356 0.5407575106936637
v 0.6617245932145538 0.47219222028244606 0.5544508699562362
v 0.6622272830885381 0.46806692907059444 0.537464005774368
v 0.6096479406822443 0.4711269426810172 0.5366679629712344
v 0.608881704769361 0.48007212640354635 0.5533844142782457
v 0.7819398853219495 0.4679262685306 0.5248487524096456
v 0.4147168262798794 0.4831240550124286 0.40817047021355585
v 0.9109014262851305 0.29136368737435897 0.7613339184931263
v 0.9139597910756632 0.0681779703905784 0.4346035354795507
v 0.9199565347632386 0.06336777730939193 0.3871662525522358
v 0.5637987339198316 0.48346471336107966 0.5504932392062841
v 0.15804297831153902 0.46567993647704503 0.517250208513639
v 0.15661379907889977 0.4728656024932648 0.5330309922216866
v 0.4168674592975865 0.47658698906920716 0.5123221878515599
v 0.7218101474977653 0.461757210205807 0.5560482125904754
v 0.9195799285365629 0.2086573320830318 0.7884739634224656
v 0.9203329172191319 0.07204901956170426 0.6766265860241136
v 0.9194185450483405 0.30465579187202385 0.27629487414494425
v 0.9204527240959959 0.2647284337649366 0.249962116736415
v 0.06918163146205264 0.3971529889895499 0.6546413489658077
v 0.9158726284772488 0.07276612156971143 0.6785879620159389
v 0.9119136310419603 0.07071339726659703 0.7257182867324834
v 0.9166609729434272 0.07220696467725893 0.630965070986745
v 0.06661650222995041 0.4358441628335893 0.5209940316667369
v 0.9194185450483405 0.30465579187202385 0.27629487414494425
v 0.07145934950131932 0.28511788047226516 0.7422919319005425
v 0.0738041987752876 0.24225513956006586 0.7491795586334615
v 0.07063703663038196 0.24083684045043968 0.7434522613852967
v 0.06761451991917994 0.23962330751753613 0.7400977778589835
v 0.06806962493629992 0.19814946043034637 0.7447403273103527
v 0.9209555817980668 0.07124830641678746 0.6288616542628699
v 0.9125706668130625 0.07566377079532038 0.5852050091006138
v 0.923213249975236 0.2213604312343894 0.23705402819906685
v 0.9165613949452865 0.07505951902427908 0.5838138809463416
v 0.9255930522454056 0.39971995853694425 0.3892146858849559
v 0.9240629523899316 0.3751994718296783 0.34355283177123686
v 0.07061027364481426 0.10854290171793421 0.7410688630757335
v 0.0650573121727725 0.2802869430648065 0.7319507549691313
v 0.06821762693173855 0.282241156234629 0.7362650769812376
v 0.06683830382940431 0.3228895211048656 0.71725119478412
v 0.06365923707887827 0.32006096901030945 0.712687607363252
v 0.928054575605285 0.39724836804141633 0.3914911904781433
v 0.9126603541426237 0.06778031020046243 0.5024040371285394
v 0.06898453415696892 0.07773785245414888 0.7081677125398932
v 0.9291994764360416 0.41304393501932885 0.4414392640592648
v 0.0745049593572587 0.2263724830655833 0.2097571486093246
v 0.9175805365963688 0.4043032080500251 0.597528248600716
v 0.9260824389463798 0.4166058424914394 0.4390878067823027
v 0.07257216160188851 0.22418996624723503 0.21583554119602383
v 0.07183953606051241 0.07844706630045553 0.6140801298644069
v 0.9176567976789898 0.09919894024567316 0.25312323478690857
v 0.9155482503511709 0.07435425656921203 0.2888864370013168
v 0.06629838968577811 0.07622173852597167 0.5598724505643847
v 0.5653801500099652 0.4801020022649763 0.3824731239009543
v 0.5658361780815624 0.47459590713152777 0.365945284476766
v 0.55453664306233 0.4673922539854383 0.36179504535553925
v 0.5537162825914685 0.4795738685069631 0.3912485483871613
v 0.06731050493429491 0.07853270186745752 0.6109410352416591
v 0.06324848343081785 0.07824513158995083 0.6073079809331179
v 0.08330089651526235 0.3429366436356573 0.2794503864340258
v 0.9080715762175219 0.34730244758449763 0.6752188820759291
v 0.08346653164834933 0.3732747609762006 0.31795897307883747
v 0.9166609729434272 0.07220696467725893 0.630965070986745
v 0.9125706668130625 0.07566377079532038 0.5852050091006138
v 0.9119136310419603 0.07071339726659703 0.7257182867324834
v 0.9158726284772488 0.07276612156971143 0.6785879620159389
v 0.9189623659314653 0.24823794306327404 0.7807341133170302
v 0.9078800731819967 0.08589906036828807 0.7651774000204169
v 0.9119406625524669 0.11796066860832267 0.7842930527514949
v 0.9187176054497435 0.16195986287735303 0.7836812083978596
v 0.9158906644023053 0.2518404813299486 0.7850077075726734
v 0.9195799285365629 0.2086573320830318 0.7884739634224656
v 0.9158906644023053 0.2518404813299486 0.7850077075726734
v 0.5652492888564538 0.20953026430467467 0.19468109038620773
v 0.9255930522454056 0.39971995853694425 0.3892146858849559
v 0.4110899102798507 0.07745562586878234 0.7513780935251131
v 0.9204527240959959 0.2647284337649366 0.249962116736415
v 0.06981651392570332 0.07038842429994 0.3097726827325724
v 0.07387723755864284 0.08813275185184014 0.2715279321880277
v 0.07387723755864284 0.08813275185184014 0.2715279321880277
v 0.07329914811954968 0.43916805188935026 0.5643529960855718
v 0.07042476766625572 0.43459314694953216 0.5615143244726132
v 0.43154424925499246 0.43303657038205623 0.6976558940147144
v 0.07195540457160726 0.4225394950664353 0.6108275891538774
v 0.06918163146205264 0.3971529889895499 0.6546413489658077
v 0.06480319807234897 0.35950022550367094 0.6871632879248987
v 0.06280313481980782 0.3569284713516828 0.6840109655913332
v 0.06650989782924438 0.393580417933978 0.6512382410487793
v 0.06400151686754318 0.3900323528365883 0.648125390255879
v 0.06650989782924438 0.393580417933978 0.6512382410487793
v 0.06923081628001065 0.41870348937639307 0.6069453431969823
v 0.0658402413860183 0.4139695033702987 0.6026424962016658
v 0.06400151686754318 0.3900323528365883 0.648125390255879
v 0.06708615234792237 0.42849302086283747 0.5579587351067993
v 0.0765425713470762 0.42600815379623064 0.4058393315291208
v 0.9134776097938803 0.06765805234143896 0.47292404723321696
v 0.9216069337912977 0.417469217354067 0.5609951967010651
v 0.9100741009486688 0.06977049323496068 0.5406339215154237
v 0.5403174000207063 0.4908854184980566 0.5091164322026704
v 0.4158539566702192 0.4830094904149386 0.3744903722617624
v 0.562512057515655 0.06031125057311669 0.34782834163094034
v 0.5621158321856379 0.06026534264456369 0.40470749480135687
v 0.4203377413442478 0.47385201310058583 0.6482660734417922
v 0.44670947488754775 0.47925995017979206 0.3894795687085181
v 0.4461954174578207 0.4655260441397366 0.36023065490621664
v 0.838778827643986 0.07968510959602444 0.25840917545367703
v 0.5667066296420503 0.45582682778509426 0.34451403615700243
v 0.5688475230364561 0.4638782751846578 0.35694873827761175
v 0.582614321136135 0.46402433581038494 0.3571150172427927
v 0.5638562933593186 0.5106205506480901 0.30689572350045746
v 0.570177336853198 0.49391295069685476 0.33166276807023365
v 0.5590571764930882 0.4994328444776782 0.30474628949446825
v 0.4332920501103339 0.4811851764506488 0.3953382021842877
v 0.5535071240412168 0.49416557786617454 0.31061320963090694
v 0.5640272710198339 0.4913377470145501 0.3358535867382799
v 0.5608451442038593 0.4936485495287951 0.34136866221204587
v 0.5509141856951395 0.4947524928758614 0.31702819294309004
v 0.5653801500099652 0.4801020022649763 0.3824731239009543
v 0.5715208566303581 0.48482284122154495 0.39073279991061527
v 0.5709200208912403 0.4987065297088437 0.37516567613336016
v 0.5664733877613494 0.4910594757005863 0.3692861928355293
v 0.5792885390721687 0.47129747963212315 0.3636696769102321
v 0.5797577024886891 0.4869015504534868 0.39368669803707523
v 0.5669902870800121 0.4814942187658168 0.3998005716079066
v 0.5715208566303581 0.48482284122154495 0.39073279991061527
v 0.43645092714202344 0.4794380115888972 0.38006832328230045
v 0.4300767828414951 0.48505188280373784 0.38636153504151527
v 0.5666122990687555 0.486175401966898 0.3637554404953061
v 0.5658361780815624 0.47459590713152777 0.365945284476766
v 0.41649980949647397 0.4823539324687885 0.3932351972813647
v 0.42162715334623846 0.48610986539128864 0.3829035218402691
v 0.5715201629409329 0.4715491851178062 0.36075897701695403
v 0.5658361780815624 0.47459590713152777 0.365945284476766
v 0.5666122990687555 0.486175401966898 0.3637554404953061
v 0.5701104741434353 0.4832901087425114 0.3583733797129751
v 0.5792885390721687 0.47129747963212315 0.3636696769102321
v 0.5765019159254384 0.4844068550618924 0.3556868941222341
v 0.5608451442038593 0.4936485495287951 0.34136866221204587
v 0.5608675380649019 0.4987033163059224 0.34609846536405753
v 0.548088313153187 0.5162133113598089 0.3028397671340948
v 0.5499997519873829 0.5176289512482835 0.2946388184929403
v 0.5323369059706222 0.5180885874806022 0.28589928686439947
v 0.5313349666984322 0.516028135380558 0.29490377106688437
v 0.5797577024886891 0.4869015504534868 0.39368669803707523
v 0.5770873506404618 0.5030735402820974 0.3768199044306412
v 0.43000667545538845 0.4702082011665555 0.36046823421624924
v 0.43598574125115913 0.47294272030185125 0.367888935608076
v 0.4319367767728315 0.46233116673647856 0.3529480565525641
v 0.5509141856951395 0.4947524928758614 0.31702819294309004
v 0.5513550253248853 0.49930292788599484 0.32196681862425097
v 0.5714226827938766 0.5138521044626413 0.34833590042267865
v 0.5642149084150943 0.5178724751998969 0.314153682667926
v 0.5614315579160555 0.5186401420229554 0.32122535755456266
v 0.5487559276880242 0.5121332035865935 0.2860163817412451
v 0.49069980797110313 0.516377341595481 0.2769587973292781
v 0.4901540572561182 0.5100871092089698 0.27168503780314696
v 0.47167413215723386 0.5108047708494161 0.2788463814998017
v 0.4721766514059966 0.5175800119614226 0.28352592417738054
v 0.506787775500993 0.49555721821519527 0.28156258354609176
v 0.5231038018208378 0.4958044088846772 0.2808855808567774
v 0.5222509022810895 0.4941914029226454 0.28960378784415297
v 0.506726176299601 0.49537003701696525 0.2917519967586612
v 0.5222509022810895 0.4941914029226454 0.28960378784415297
v 0.5374413552722187 0.49292736776572355 0.29759431987282725
v 0.5384139889633266 0.4963784833897785 0.3034775611499241
v 0.5234233017438606 0.49727265356012673 0.2961767420998375
v 0.5105329634501755 0.512860906788949 0.2718762835545766
v 0.5306468239914501 0.5138741209759285 0.27674270106368026
v 0.5263531521769615 0.5034321042156482 0.273485718967434
v 0.5081716921979184 0.5020289253563524 0.2718717013828496
v 0.5438308222770676 0.5009672042786701 0.2831254856784524
v 0.506726176299601 0.49537003701696525 0.2917519967586612
v 0.5076795922762083 0.5001939744603758 0.2986432152147153
v 0.4603225452568948 0.49559842789809777 0.3028819507491699
v 0.4746272393674567 0.4933459919756391 0.29395431927606785
v 0.4760560479797377 0.49509675078101334 0.30343611538649773
v 0.46231896943708817 0.49730663990300733 0.31128335062286017
v 0.5116543697473538 0.5179918099244847 0.2791110178211311
v 0.5115445052860625 0.5179026345296438 0.28966997971459174
v 0.48988179779273994 0.4984990363380026 0.2750380638473423
v 0.4433393470487916 0.5148543404536154 0.30950082758030306
v 0.44280608449167036 0.5083356264265627 0.3055278464446241
v 0.43199692635912407 0.5015591382184995 0.32839312938645837
v 0.4325117837693979 0.5085572626706197 0.3326249508592687
v 0.4760560479797377 0.49509675078101334 0.30343611538649773
v 0.49109680251318455 0.4947390939053129 0.296805669351792
v 0.49159689804466106 0.5008215402249798 0.30233568278258666
v 0.4764364233455283 0.5013889516063388 0.3082989861061618
v 0.45558225213507164 0.5121011849633925 0.28973346755547935
v 0.47262444051710145 0.49856397596492524 0.2827430576766286
v 0.4573634507796771 0.5004458064551462 0.2931495172377542
v 0.46231896943708817 0.49730663990300733 0.31128335062286017
v 0.46273783757314324 0.5034594799751217 0.3157337067933583
v 0.47352933739382824 0.5184116795322078 0.29334899801019254
v 0.4561207369428257 0.5187253992483317 0.29412322815503844
v 0.4580790893215389 0.5197221254848392 0.30291322099811724
v 0.44537495629010715 0.49841370666518964 0.3078028621589979
v 0.44319543446440013 0.49255529799898173 0.3408279889863186
v 0.45160943405683895 0.497060387900132 0.3226000530344179
v 0.45202472465751137 0.5032823034014211 0.32654120563245326
v 0.44366415033935586 0.4991949887977212 0.3449464417831438
v 0.43540190649722943 0.49194884343940826 0.3287108440569946
v 0.42312602039476743 0.4926404995834413 0.35288656518495903
v 0.4272690581099902 0.48358990537682217 0.3496846153613688
v 0.4366080813624597 0.48517795314717843 0.36100975268904223
v 0.4371621490080689 0.49168166013426434 0.3668151488403049
v 0.44583006130722713 0.5169714247524011 0.316761235645295
v 0.4356932280844863 0.5116563194197201 0.3390402298881028
v 0.4234469916106842 0.49967584342380816 0.3589382075044422
v 0.42721058680456514 0.503335991135677 0.3657755549390994
v 0.43306977299796756 0.5008842924742796 0.3701408762590708
v 0.4300767828414951 0.48505188280373784 0.38636153504151527
v 0.43645092714202344 0.4794380115888972 0.38006832328230045
v 0.42162715334623846 0.48610986539128864 0.3829035218402691
v 0.4222911931428278 0.47115687306501675 0.35650821711910513
v 0.4155857953589343 0.47701381752683353 0.3617578228388728
v 0.43000667545538845 0.4702082011665555 0.36046823421624924
v 0.4331043511781084 0.4815561084229997 0.3542911789566326
v 0.4402227347236162 0.4892067932362036 0.3344973115298512
v 0.4404642617175333 0.5087932924313511 0.34504170614988927
v 0.44948424097994893 0.5130114260075318 0.3245477060637361
v 0.4366080813624597 0.48517795314717843 0.36100975268904223
v 0.43598574125115913 0.47294272030185125 0.367888935608076
v 0.44912824963659626 0.49485557331283586 0.31541732133919675
v 0.46085857138317793 0.5142476324927874 0.3127958555447431
v 0.4753165960309329 0.5126652370407596 0.30486750247421185
v 0.44319543446440013 0.49255529799898173 0.3408279889863186
v 0.49170182940912727 0.5119945105029773 0.29926730821967723
v 0.49129122575741935 0.5174635317172861 0.2872910430809185
v 0.45160943405683895 0.497060387900132 0.3226000530344179
v 0.4904177581863557 0.4932760138953309 0.2865623956496885
v 0.5098815834855969 0.5110672747173453 0.29889370571444124
v 0.5273632283142243 0.5068233176396004 0.2988082804879779
v 0.5430228251419303 0.5064347433580334 0.30599029419344104
v 0.49109680251318455 0.4947390939053129 0.296805669351792
v 0.5391865380094067 0.4938983425837268 0.2898881437434074
v 0.5559257281650438 0.5099705368529066 0.3240564698763704
v 0.5654588445998441 0.5077858025863891 0.34924331386985097
v 0.5374413552722187 0.49292736776572355 0.29759431987282725
v 0.4158539566702192 0.4830094904149386 0.3744903722617624
v 0.5715201629409329 0.4715491851178062 0.36075897701695403
v 0.43598574125115913 0.47294272030185125 0.367888935608076
v 0.7217805202461837 0.47618458156859705 0.5215927292917675
v 0.5656227678864462 0.39632646419545897 0.2692829972663652
v 0.564203887704064 0.4875718032957029 0.5106438052350201
v 0.49907885561626625 0.07666424831243554 0.24409438440879572
v 0.4154050780751178 0.4858112927587314 0.49872776864062024
v 0.5681272440479955 0.4663589472897231 0.6505484050899357
v 0.5626324517908227 0.4685542272093515 0.6457546813453879
v 0.5773712262549364 0.4837149173033978 0.6185181656213932
v 0.5816643078739866 0.4837633700108404 0.6025709568507834
v 0.5829162774298225 0.48333779514041547 0.5519728801744994
v 0.5637081403186018 0.07517700516408682 0.24158139844182375
v 0.5402362243722783 0.07561538568090534 0.24231029802073162
v 0.7819398853219495 0.4679262685306 0.5248487524096456
v 0.4155477711087454 0.07671739577186591 0.2433931012446578
v 0.5624610433715515 0.4746370353484108 0.634145927466172
v 0.5607732130858767 0.42921185135330714 0.698332073096738
v 0.08134545315671948 0.3658495242779087 0.3264290228611079
v 0.5630917525101115 0.06195158154823155 0.28960570819181325
v 0.5637081403186018 0.07517700516408682 0.24158139844182375
v 0.5603934572854397 0.06050987174864329 0.588652739332439
v 0.5598696602324114 0.06074831962760108 0.6486386096723945
v 0.5594708783212059 0.06286330717107684 0.707235363040756
v 0.5592887904413476 0.0764401359574171 0.7545119414085761
v 0.5591637193568291 0.11435726203883234 0.7779385593129444
v 0.5592887904413476 0.0764401359574171 0.7545119414085761
v 0.5589638640768531 0.16249280866561 0.7929546147168092
v 0.5586964132378021 0.21232983860457313 0.8025613837818819
v 0.5584716802410996 0.2626081410687092 0.8042827657460039
v 0.5586129467359898 0.31201605986498226 0.7963657954296575
v 0.5592687237964414 0.3580120219297314 0.7729753491496387
v 0.5601771996071182 0.3996159530485388 0.7405519574098217
v 0.5607732130858767 0.42921185135330714 0.698332073096738
v 0.5637987339198316 0.48346471336107966 0.5504932392062841
v 0.5659289758249981 0.4310076279772433 0.30759763600214074
v 0.5420084078514902 0.4311971745505162 0.30663283590366675
v 0.5659289758249981 0.4310076279772433 0.30759763600214074
v 0.5144346685723484 0.5127368784892968 0.7432133977329073
v 0.5318704306006247 0.5107524551535862 0.7344083298376624
v 0.5325173631209043 0.513744513339978 0.7247216701861423
v 0.5150574450366745 0.5151460665754404 0.7348964307471686
v 0.4214112369183601 0.5027020757736143 0.6539650484017019
v 0.41396973955169464 0.4865648149636473 0.6255012380309795
v 0.41363666793072296 0.4804687876509819 0.6380807354532207
v 0.4210416403114412 0.49731612577459094 0.6623622146665735
v 0.4998233941546671 0.4341269291397 0.3045985553631496
v 0.5631664416029865 0.47601186071963647 0.6616183973704867
v 0.5664693934528846 0.4744019971336485 0.6670710190654576
v 0.5609137467314548 0.48111426615158676 0.6878662452691865
v 0.5579026535186912 0.4817668439076489 0.6815991828352497
v 0.5676673559304031 0.4871908812422858 0.6451003976656372
v 0.5689298986557045 0.4802812461899173 0.6237759101004715
v 0.5624610433715515 0.4746370353484108 0.634145927466172
v 0.5630524024180372 0.4798188822393141 0.654440912674264
v 0.5758133956052611 0.46789193384414174 0.6494647891329324
v 0.5775716409618683 0.4851814996763079 0.6573708894322522
v 0.5828140589364503 0.4744877781203964 0.6385678962841094
v 0.5829227276226234 0.4818329598178743 0.6236994267153149
v 0.5774061848454072 0.49159449728141985 0.6464004795490363
v 0.5689298986557045 0.4802812461899173 0.6237759101004715
v 0.573855574682156 0.4931020209149288 0.6407310016270451
v 0.5680245052875544 0.5011309845607165 0.6634628694492078
v 0.5713032675158818 0.5003732135194667 0.6700921225171124
v 0.4286197441464547 0.4852905950385268 0.6209542669729208
v 0.4350865575222189 0.47850906884644834 0.6315784479644547
v 0.5624610433715515 0.4746370353484108 0.634145927466172
v 0.5626324517908227 0.4685542272093515 0.6457546813453879
v 0.5630524024180372 0.4798188822393141 0.654440912674264
v 0.5714136312657311 0.4939572361908832 0.6810597770952451
v 0.41996724965419957 0.487970233401056 0.6198749054342374
v 0.5579019374521876 0.4852434592311128 0.6743983149787638
v 0.5681272440479955 0.4663589472897231 0.6505484050899357
v 0.5758133956052611 0.46789193384414174 0.6494647891329324
v 0.5727116080944158 0.47697817582143837 0.6676083881123975
v 0.5773712262549364 0.4837149173033978 0.6185181656213932
v 0.5667700574703041 0.48505658483329106 0.6899749299507534
v 0.5519080804077043 0.4871375689816668 0.706538725401412
v 0.549391873062891 0.4864651088343455 0.6996596685034195
v 0.5570826622696206 0.4930073714720948 0.7099183552819475
v 0.5614567545061468 0.5027116993889207 0.7019699027859687
v 0.5479849422402857 0.508500615375031 0.7201530365278275
v 0.5484803259982265 0.5127126085495994 0.7094258006665342
v 0.5588204829480696 0.5070477215813867 0.6837141181878521
v 0.5615976182136289 0.508147112896149 0.6909818314537548
v 0.5441083819612107 0.4982965788267304 0.726993138558889
v 0.5385075111646702 0.49169242855696416 0.7080770514368963
v 0.5380644282328314 0.4893882893238374 0.7149813387528257
v 0.5249947488456411 0.4915210667078055 0.7256023109558661
v 0.5254052983028628 0.4935913066627095 0.7188876012752867
v 0.5464066981009916 0.5100315799767686 0.701749140950427
v 0.5146708754159153 0.5121528533155346 0.7259123418769389
v 0.4975198971968122 0.5142863532794205 0.7305771260173287
v 0.4968978882837516 0.517688511010781 0.7399753974128733
v 0.5399487152797254 0.4910282024890445 0.7224088386188867
v 0.5261892260932247 0.49370348819060467 0.7335971080771154
v 0.5289835581434066 0.5014068138301936 0.7393936788685269
v 0.5127722922131647 0.5033935487497585 0.7471096729023016
v 0.4613775797414642 0.5132946828869829 0.7393475465927312
v 0.4782869699541479 0.5164780928454858 0.7472647307312248
v 0.47889144616418095 0.52 0.7391887738083618
v 0.4619460078770299 0.517467036614516 0.7311352812844667
v 0.46436557421522096 0.5144878009607121 0.7223197621817483
v 0.4487769462911335 0.51342042853662 0.7041810091483434
v 0.44577463887871144 0.5147175109292182 0.7124419834600703
v 0.5312121025532545 0.5107385504445541 0.7165508290955074
v 0.49627359747687905 0.5149900188647001 0.7480047569986432
v 0.4959075462819981 0.5046488068048378 0.7514626958284046
v 0.4312207550235049 0.5058966991525348 0.6933253184712168
v 0.43159538647302637 0.5116168116164802 0.6846543424763399
v 0.4969161081204198 0.4935318018980523 0.7346099412701224
v 0.4963576574957273 0.49608230044410956 0.7443000638103239
v 0.48123591083211703 0.4959976943726387 0.7437888016688521
v 0.48268972163362217 0.4936300786169276 0.7341363033018786
v 0.4792174969768567 0.5048220280894347 0.7509064198295166
v 0.46695201202007136 0.4930224677048926 0.7375562173096848
v 0.4691810766969881 0.49135824728465066 0.7283698194510793
v 0.4635305763380598 0.5013024691642043 0.7437825312459713
v 0.42586672018269245 0.4871303828375574 0.6714915106001623
v 0.43553803185839546 0.4939499576865598 0.7012597726367424
v 0.4805010517786197 0.5161391093035771 0.7299518302435941
v 0.4450391490713214 0.492743549560555 0.6829614019312791
v 0.4446950735221282 0.48747243629724624 0.6914910867567916
v 0.4453869783753883 0.5093839679363772 0.721129829119451
v 0.44879832199511643 0.4972250882790767 0.7272388145820928
v 0.45628346025860744 0.4890940913123628 0.7141936382293159
v 0.45345934711443103 0.48983253873381666 0.722646618206288
v 0.4413072118488718 0.48733582020924776 0.6988956573278124
v 0.435150818896637 0.5113647633895634 0.6774426854575037
v 0.4253817417661303 0.5033882070186981 0.6478135504257126
v 0.43182225088643067 0.4980961457381623 0.6471838204628171
v 0.43656480968742506 0.4880808068709928 0.6563328363653083
v 0.4350865575222189 0.47850906884644834 0.6315784479644547
v 0.4286197441464547 0.4852905950385268 0.6209542669729208
v 0.41996724965419957 0.487970233401056 0.6198749054342374
v 0.4203377413442478 0.47385201310058583 0.6482660734417922
v 0.42844920843323453 0.47102537502065106 0.6499087839856983
v 0.43236517474707936 0.4820313715176365 0.671106591073737
v 0.44086914138255734 0.5042250207313737 0.6751123305246571
v 0.4450391490713214 0.492743549560555 0.6829614019312791
v 0.4534780655403736 0.5051031533711425 0.6999095682234243
v 0.4567110918179258 0.49360602517599944 0.7059227408940175
v 0.46771851366075873 0.5054873926307214 0.716227518601827
v 0.46971699093788005 0.4949463945939406 0.7203803221001178
v 0.48235848493306566 0.5067091512817542 0.722920798301182
v 0.4832076544935858 0.49663952748831625 0.72619673922526
v 0.4567110918179258 0.49360602517599944 0.7059227408940175
v 0.4977343412828712 0.5057539782977231 0.7234170487281693
v 0.4973941474574679 0.49627415918537165 0.7266224285400249
v 0.5131705706401097 0.5041614696765051 0.7199812995221175
v 0.5115921251071116 0.4954088656341667 0.7235222987364937
v 0.4832076544935858 0.49663952748831625 0.72619673922526
v 0.46971699093788005 0.4949463945939406 0.7203803221001178
v 0.5115549637730021 0.49537852599680504 0.7404716045216315
v 0.5281009138724161 0.5015811556712909 0.7146905227466984
v 0.5254052983028628 0.4935913066627095 0.7188876012752867
v 0.4973941474574679 0.49627415918537165 0.7266224285400249
v 0.5421260497460351 0.49997066069313245 0.702211904983943
v 0.5385075111646702 0.49169242855696416 0.7080770514368963
v 0.5111689102236097 0.49294091380892996 0.7312620029444301
v 0.5115921251071116 0.4954088656341667 0.7235222987364937
v 0.5536974522801348 0.4975901150109634 0.6853922567582
v 0.5496309945208978 0.48922014345845716 0.6925440355986044
v 0.5622512191032222 0.49348272028067014 0.6662340724152341
v 0.5579019374521876 0.4852434592311128 0.6743983149787638
v 0.5496309945208978 0.48922014345845716 0.6925440355986044
v 0.42844920843323453 0.47102537502065106 0.6499087839856983
v 0.4347299116493279 0.4720693439386878 0.6448258587318243
vt 0.5554050207138062 0.022244999185204506
vt 0.5530620217323303 0.04225799813866615
vt 0.5272669792175293 0.04122700169682503
vt 0.5299469828605652 0.020927999168634415
vt 0.49602898955345154 0.08056200295686722
vt 0.500694990158081 0.039434000849723816
vt 0.522894024848938 0.08202099800109863
vt 0.20478899776935577 0.797685980796814
vt 0.22694499790668488 0.790153980255127
vt 0.2309419959783554 0.8009470105171204
vt 0.21207700669765472 0.8092659711837769
vt 0.4693720042705536 0.07835700362920761
vt 0.4741699993610382 0.03659600019454956
vt 0.773813009262085 0.08227799832820892
vt 0.7748749852180481 0.040213000029325485
vt 0.7886450290679932 0.040049001574516296
vt 0.7894769906997681 0.08196999877691269
vt 0.8872439861297607 0.3460659980773926
vt 0.8926720023155212 0.34671199321746826
vt 0.8941659927368164 0.38308098912239075
vt 0.8898100256919861 0.3828360140323639
vt 0.001142999972216785 0.17178800702095032
vt 0.002621999941766262 0.12065800279378891
vt 0.027242999523878098 0.12103600054979324
vt 0.025387000292539597 0.17223000526428223
vt 0.8441479802131653 0.08029499650001526
vt 0.8424460291862488 0.03858700022101402
vt 0.8690419793128967 0.03726600110530853
vt 0.8708040118217468 0.07935100048780441
vt 0.6483209729194641 0.13099299371242523
vt 0.6703029870986938 0.13021300733089447
vt 0.6709880232810974 0.18207399547100067
vt 0.6482560038566589 0.1822420060634613
vt 0.8169950246810913 0.08141700178384781
vt 0.8157669901847839 0.03951700031757355
vt 0.2725589871406555 0.9208959937095642
vt 0.2714200019836426 0.9328349828720093
vt 0.26140400767326355 0.9333469867706299
vt 0.2614080011844635 0.9213420152664185
vt 0.6477069854736328 0.30248698592185974
vt 0.6475149989128113 0.2800010144710541
vt 0.6704879999160767 0.280254989862442
vt 0.6706690192222595 0.30268698930740356
vt 0.7590609788894653 0.04123099893331528
vt 0.757453978061676 0.08287400007247925
vt 0.7360889911651611 0.0830020010471344
vt 0.7371330261230469 0.0418969988822937
vt 0.7892680168151855 0.010115999728441238
vt 0.7889500260353088 0.019502000883221626
vt 0.7713750004768372 0.02012700028717518
vt 0.7702929973602295 0.011630999855697155
vt 0.7123219966888428 0.023329999297857285
vt 0.7116199731826782 0.041561998426914215
vt 0.6846110224723816 0.04023800045251846
vt 0.6856510043144226 0.021978000178933144
vt 0.6824349761009216 0.08080700039863586
vt 0.7097870111465454 0.08208099752664566
vt 0.2906860113143921 0.7280610203742981
vt 0.28753799200057983 0.7101969718933105
vt 0.31259098649024963 0.709526002407074
vt 0.3154839873313904 0.727990984916687
vt 0.2824839949607849 0.6712579727172852
vt 0.2613849937915802 0.7129489779472351
vt 0.2560969889163971 0.6735280156135559
vt 0.2988109886646271 0.8356199860572815
vt 0.28557300567626953 0.8309950232505798
vt 0.28819000720977783 0.8130469918251038
vt 0.3033980131149292 0.8188890218734741
vt 0.30799299478530884 0.6700789928436279
vt 0.7085369825363159 0.42381200194358826
vt 0.7031859755516052 0.41510099172592163
vt 0.7320960164070129 0.41535401344299316
vt 0.7244359850883484 0.42368000745773315
vt 0.37266701459884644 0.878695011138916
vt 0.38350099325180054 0.8767349720001221
vt 0.38563698530197144 0.8981590270996094
vt 0.37467798590660095 0.8977180123329163
vt 0.3336600065231323 0.669638991355896
vt 0.3373889923095703 0.7097640037536621
vt 0.7321190237998962 0.319009006023407
vt 0.7407690286636353 0.32110899686813354
vt 0.7353209853172302 0.34042200446128845
vt 0.7264609932899475 0.33013400435447693
vt 0.13228000700473785 0.016932999715209007
vt 0.15544800460338593 0.016605999320745468
vt 0.15611900389194489 0.03367200121283531
vt 0.13153499364852905 0.03344399854540825
vt 0.35950300097465515 0.669277012348175
vt 0.3631080090999603 0.709522008895874
vt 0.5670130252838135 0.41058599948883057
vt 0.540099024772644 0.41090500354766846
vt 0.5400580167770386 0.37512099742889404
vt 0.5669739842414856 0.3745959997177124
vt 0.26192599534988403 0.9535220265388489
vt 0.27230900526046753 0.9528409838676453
vt 0.2731670141220093 0.9622690081596375
vt 0.2612299919128418 0.9619640111923218
vt 0.38484299182891846 0.6690289974212646
vt 0.38879698514938354 0.7089250087738037
vt 0.38990700244903564 0.8988829851150513
vt 0.38916200399398804 0.8752880096435547
vt 0.3923879861831665 0.8734779953956604
vt 0.39257800579071045 0.8983579874038696
vt 0.3636919856071472 0.930899977684021
vt 0.3760260045528412 0.9353749752044678
vt 0.36148801445961 0.9453709721565247
vt 0.3521519899368286 0.9412559866905212
vt 0.40821799635887146 0.6700659990310669
vt 0.4127019941806793 0.7090700268745422
vt 0.3141170144081116 0.7888979911804199
vt 0.3347280025482178 0.8008599877357483
vt 0.3314110040664673 0.8069130182266235
vt 0.31180500984191895 0.795589029788971
vt 0.42919600009918213 0.672730028629303
vt 0.4320240020751953 0.7111989855766296
vt 0.9552980065345764 0.4756610095500946
vt 0.9504479765892029 0.4753130078315735
vt 0.9502900242805481 0.4628260135650635
vt 0.9542379975318909 0.4637390077114105
vt 0.329941987991333 0.6204580068588257
vt 0.30406299233436584 0.6211540102958679
vt 0.763014018535614 0.7279620170593262
vt 0.775950014591217 0.7274500131607056
vt 0.7776349782943726 0.7354490160942078
vt 0.7627429962158203 0.7359009981155396
vt 0.4533950090408325 0.7324150204658508
vt 0.43428799510002136 0.7287669777870178
vt 0.4504829943180084 0.7150130271911621
vt 0.44866999983787537 0.6760749816894531
vt 0.20187899470329285 0.015585999935865402
vt 0.2250010073184967 0.01725899986922741
vt 0.2296230047941208 0.03418700024485588
vt 0.20643900334835052 0.03309899941086769
vt 0.10003200173377991 0.07254000008106232
vt 0.10023199766874313 0.033100999891757965
vt 0.11273899674415588 0.03339499980211258
vt 0.11383700370788574 0.07293800264596939
vt 0.08471400290727615 0.015308000147342682
vt 0.08592899888753891 0.009166000410914421
vt 0.10316800326108932 0.009839000180363655
vt 0.10099799931049347 0.016101999208331108
vt 0.2114569991827011 0.07258100062608719
vt 0.23429599404335022 0.07288599759340286
vt 0.5989559888839722 0.13206200301647186
vt 0.6008710265159607 0.0825129970908165
vt 0.6262850165367126 0.08146499842405319
vt 0.6248819828033447 0.13139000535011292
vt 0.13366800546646118 0.07298099994659424
vt 0.1788180023431778 0.015173000283539295
vt 0.18155699968338013 0.03327599912881851
vt 0.18549999594688416 0.07303699851036072
vt 0.4045259952545166 0.6222929954528809
vt 0.38058000802993774 0.6207979917526245
vt 0.1352580040693283 0.12275200337171555
vt 0.13529999554157257 0.17388099431991577
vt 0.11435499787330627 0.17369799315929413
vt 0.11464399844408035 0.122639000415802
vt 0.16097399592399597 0.12280700355768204
vt 0.1589909940958023 0.07309599965810776
vt 0.18787099421024323 0.12278799712657928
vt 0.08003000169992447 0.725284993648529
vt 0.08028200268745422 0.7296749949455261
vt 0.05698699876666069 0.7284359931945801
vt 0.0564350001513958 0.7243189811706543
vt 0.22082699835300446 0.8240669965744019
vt 0.227060005068779 0.8395320177078247
vt 0.21620599925518036 0.8439900279045105
vt 0.20700900256633759 0.8342700004577637
vt 0.8453649878501892 0.13137300312519073
vt 0.8724030256271362 0.13063199818134308
vt 0.09868499636650085 0.3982369899749756
vt 0.07775100320577621 0.3982959985733032
vt 0.0771619975566864 0.3631010055541992
vt 0.0980440005660057 0.363103985786438
vt 0.08310499787330627 0.032604001462459564
vt 0.20911100506782532 0.9648709893226624
vt 0.22797000408172607 0.9647809863090515
vt 0.22328299283981323 0.9702180027961731
vt 0.20206299424171448 0.9699220061302185
vt 0.5799639821052551 0.022414999082684517
vt 0.5783630013465881 0.04247099906206131
vt 0.2601909935474396 0.9791039824485779
vt 0.24217000603675842 0.9798160195350647
vt 0.24278999865055084 0.9760940074920654
vt 0.26009199023246765 0.9752789735794067
vt 0.31349000334739685 0.9474589824676514
vt 0.29938000440597534 0.9514819979667664
vt 0.2947950065135956 0.94206702709198
vt 0.30748501420021057 0.9387450218200684
vt 0.5372959971427917 0.721343994140625
vt 0.5130739808082581 0.7245579957962036
vt 0.5095700025558472 0.705597996711731
vt 0.5343130230903625 0.7028729915618896
vt 0.08067800104618073 0.07222399860620499
vt 0.056359000504016876 0.07189899682998657
vt 0.0609159991145134 0.03201499953866005
vt 0.06526000052690506 0.0009410000056959689
vt 0.08725599944591522 0.005379000212997198
vt 0.06434299796819687 0.005098999943584204
vt 0.031098000705242157 0.07148800045251846
vt 0.03655900061130524 0.032044000923633575
vt 0.22252799570560455 0.9328389763832092
vt 0.22450299561023712 0.9441829919815063
vt 0.213796004652977 0.9420940279960632
vt 0.2091210037469864 0.9326559901237488
vt 0.3550359904766083 0.8812329769134521
vt 0.3563239872455597 0.897812008857727
vt 0.338265985250473 0.8974909782409668
vt 0.33721300959587097 0.8833910226821899
vt 0.2194249927997589 0.9768490195274353
vt 0.22091299295425415 0.9736440181732178
vt 0.03952300176024437 0.012547999620437622
vt 0.06356699764728546 0.012906000018119812
vt 0.6301169991493225 0.012728000059723854
vt 0.6295120120048523 0.02097100019454956
vt 0.6050350069999695 0.021650999784469604
vt 0.6060130000114441 0.014066999778151512
vt 0.5726069808006287 0.1327809989452362
vt 0.5750210285186768 0.08313699811697006
vt 0.5490760207176208 0.08280999958515167
vt 0.2848280072212219 0.9535369873046875
vt 0.30480098724365234 0.9593300223350525
vt 0.2876009941101074 0.9628769755363464
vt 0.6036170125007629 0.041891999542713165
vt 0.3215320110321045 0.9526789784431458
vt 0.21434299647808075 0.12233699858188629
vt 0.2376279979944229 0.12214300036430359
vt 0.3059990108013153 0.8808349967002869
vt 0.3218179941177368 0.8826730251312256
vt 0.3226099908351898 0.897042989730835
vt 0.30643799901008606 0.8965380191802979
vt 0.4026010036468506 0.2878189980983734
vt 0.4293160140514374 0.2881869971752167
vt 0.4288569986820221 0.31057900190353394
vt 0.40214699506759644 0.31020599603652954
vt 0.628154993057251 0.04096800088882446
vt 0.5628659725189209 0.7350239753723145
vt 0.5634670257568359 0.7383790016174316
vt 0.5394039750099182 0.7362509965896606
vt 0.5389530062675476 0.7319759726524353
vt 0.33611300587654114 0.9100520014762878
vt 0.33104100823402405 0.921284019947052
vt 0.31644299626350403 0.9205549955368042
vt 0.3208619952201843 0.9095050096511841
vt 0.5005789995193481 0.9200869798660278
vt 0.49506500363349915 0.9131219983100891
vt 0.5085489749908447 0.9144870042800903
vt 0.5113829970359802 0.9232469797134399
vt 0.23442600667476654 0.9564769864082336
vt 0.24927499890327454 0.9555349946022034
vt 0.24605299532413483 0.9633240103721619
vt 0.5816659927368164 0.012470000423491001
vt 0.6457470059394836 0.9439910054206848
vt 0.6396899819374084 0.940530002117157
vt 0.6531230211257935 0.9274579882621765
vt 0.6592659950256348 0.9305710196495056
vt 0.20419800281524658 0.9513390064239502
vt 0.19184300303459167 0.9606059789657593
vt 0.1780499964952469 0.9480130076408386
vt 0.19342100620269775 0.9392319917678833
vt 0.5950120091438293 0.4473550021648407
vt 0.6221529841423035 0.4472000002861023
vt 0.6227210164070129 0.469404011964798
vt 0.5957710146903992 0.46970000863075256
vt 0.015595999546349049 0.013810000382363796
vt 0.012059999629855156 0.03191399946808815
vt 0.1436849981546402 0.8947659730911255
vt 0.14873099327087402 0.8950759768486023
vt 0.1506589949131012 0.915673017501831
vt 0.14505800604820251 0.9167079925537109
vt 0.15443800389766693 0.8485599756240845
vt 0.16607899963855743 0.8265600204467773
vt 0.17110499739646912 0.8299540281295776
vt 0.15990500152111053 0.8509100079536438
vt 0.16240200400352478 0.8955720067024231
vt 0.16387300193309784 0.9133279919624329
vt 0.14606599509716034 0.8714950084686279
vt 0.15196800231933594 0.8731060028076172
vt 0.15620000660419464 0.9345089793205261
vt 0.1507679969072342 0.9370260238647461
vt 0.16858600080013275 0.9300789833068848
vt 0.6109200119972229 0.7347930073738098
vt 0.6116319894790649 0.730866014957428
vt 0.6349909901618958 0.7315750122070312
vt 0.6338800191879272 0.7361299991607666
vt 0.6511520147323608 0.022306999191641808
vt 0.6498349905014038 0.040766000747680664
vt 0.19590100646018982 0.9750930070877075
vt 0.19793599843978882 0.9724770188331604
vt 0.01846100017428398 0.008593999780714512
vt 0.04108300060033798 0.0052200001664459705
vt 0.1605750024318695 0.9570059776306152
vt 0.16700799763202667 0.9537339806556702
vt 0.18268300592899323 0.966035008430481
vt 0.1769459992647171 0.9694120287895203
vt 0.7546460032463074 0.008352999575436115
vt 0.7559059858322144 0.012782000005245209
vt 0.7362070083618164 0.015351000241935253
vt 0.7355669736862183 0.010780000127851963
vt 0.6727619767189026 0.02073800005018711
vt 0.6717740297317505 0.0397149994969368
vt 0.2436250001192093 0.9705470204353333
vt 0.6701809763908386 0.08009199798107147
vt 0.6485170125961304 0.08115000277757645
vt 0.560634970664978 0.7226259708404541
vt 0.5620880126953125 0.7308310270309448
vt 0.5384349822998047 0.7278389930725098
vt 0.17377600073814392 0.9719390273094177
vt 0.15668100118637085 0.9593089818954468
vt 0.2831209897994995 0.9322059750556946
vt 0.2968829870223999 0.9312800168991089
vt 0.2821600139141083 0.9448279738426208
vt 0.05183900147676468 0.39825698733329773
vt 0.05130099877715111 0.36304599046707153
vt 0.2602449953556061 0.9692059755325317
vt 0.8211399912834167 0.7084259986877441
vt 0.8207389712333679 0.727724015712738
vt 0.7960500121116638 0.726656973361969
vt 0.7972750067710876 0.7074900269508362
vt 0.5952600240707397 0.23445600271224976
vt 0.597557008266449 0.18324199318885803
vt 0.6235489845275879 0.1825210005044937
vt 0.62152498960495 0.2338860034942627
vt 0.5567569732666016 0.013705000281333923
vt 0.27284500002861023 0.9698539972305298
vt 0.7967919707298279 0.735450029373169
vt 0.7967280149459839 0.7402819991111755
vt 0.7779560089111328 0.7401990294456482
vt 0.7782589793205261 0.7442160248756409
vt 0.7965840101242065 0.7442399859428406
vt 0.6673030257225037 0.8521729707717896
vt 0.6556289792060852 0.8547989726066589
vt 0.6477879881858826 0.8358349800109863
vt 0.657941997051239 0.8313729763031006
vt 0.1136149987578392 0.36316201090812683
vt 0.13452699780464172 0.3633570075035095
vt 0.1351960003376007 0.3983660042285919
vt 0.11428999900817871 0.39820900559425354
vt 0.3093869984149933 0.9708219766616821
vt 0.2900499999523163 0.9760450124740601
vt 0.28888100385665894 0.9711549878120422
vt 0.30779001116752625 0.966497004032135
vt 0.04224599897861481 0.001297999988310039
vt 0.24848699569702148 0.8781200051307678
vt 0.24706099927425385 0.8948289752006531
vt 0.23034900426864624 0.8947169780731201
vt 0.23185299336910248 0.8790370225906372
vt 0.11663399636745453 0.010545999743044376
vt 0.13452200591564178 0.012329000048339367
vt 0.11391600221395493 0.016318999230861664
vt 0.2357970029115677 0.9338709712028503
vt 0.23757199943065643 0.9464970231056213
vt 0.8469160199165344 0.7100939750671387
vt 0.8229479789733887 0.6699060201644897
vt 0.849012017250061 0.6738219857215881
vt 0.8463839888572693 0.7296440005302429
vt 0.27830201387405396 0.7741249799728394
vt 0.2776699960231781 0.7814940214157104
vt 0.2647700011730194 0.7820039987564087
vt 0.2645359933376312 0.7739279866218567
vt 0.2478249967098236 0.7850239872932434
vt 0.24664300680160522 0.7771679759025574
vt 0.24963900446891785 0.7960270047187805
vt 0.2649089992046356 0.7937189936637878
vt 0.9015190005302429 0.25060901045799255
vt 0.8922410011291504 0.2512489855289459
vt 0.8921779990196228 0.2057739943265915
vt 0.9002389907836914 0.20531800389289856
vt 0.1560560017824173 0.010317999869585037
vt 0.16136899590492249 0.4186440110206604
vt 0.13554799556732178 0.4183349907398224
vt 0.16102799773216248 0.39866501092910767
vt 0.16043899953365326 0.3636299967765808
vt 0.18795999884605408 0.3990809917449951
vt 0.18753400444984436 0.3639810085296631
vt 0.5688660144805908 0.47010400891304016
vt 0.5679579973220825 0.4476830065250397
vt 0.2731429934501648 0.9757720232009888
vt 0.36708900332450867 0.9476420283317566
vt 0.34740400314331055 0.9539420008659363
vt 0.3435870110988617 0.9513189792633057
vt 0.30159300565719604 0.9209100008010864
vt 0.31039801239967346 0.9301490187644958
vt 0.5134199857711792 0.2792859971523285
vt 0.5402430295944214 0.2818570137023926
vt 0.5401300191879272 0.30337101221084595
vt 0.5131509900093079 0.3028450012207031
vt 0.3374049961566925 0.9485729932785034
vt 0.4665209949016571 0.813368022441864
vt 0.4807470142841339 0.8234109878540039
vt 0.47227099537849426 0.8384019732475281
vt 0.45482900738716125 0.8306139707565308
vt 0.327767014503479 0.9614089727401733
vt 0.3256169855594635 0.9577019810676575
vt 0.1340699940919876 0.3283649981021881
vt 0.11309900134801865 0.3281579911708832
vt 0.16123400628566742 0.17395299673080444
vt 0.1993899941444397 0.008177000097930431
vt 0.17770099639892578 0.007532999850809574
vt 0.13461999595165253 0.22497600317001343
vt 0.11358799785375595 0.22476999461650848
vt 0.4564270079135895 0.7394049763679504
vt 0.43619298934936523 0.7347350120544434
vt 0.32685500383377075 0.9426789879798889
vt 0.33838900923728943 0.935142993927002
vt 0.5192750096321106 0.13235099613666534
vt 0.5459460020065308 0.13281400501728058
vt 0.2740649878978729 0.8956030011177063
vt 0.2891480028629303 0.896041989326477
vt 0.2881990075111389 0.9096130132675171
vt 0.2734430134296417 0.9096570014953613
vt 0.7246180176734924 0.3041520118713379
vt 0.7173619866371155 0.30403101444244385
vt 0.714809000492096 0.2945620119571686
vt 0.7302579879760742 0.2943100035190582
vt 0.31865501403808594 0.8686100244522095
vt 0.31382399797439575 0.8553900122642517
vt 0.3271850049495697 0.8571979999542236
vt 0.3333339989185333 0.8697720170021057
vt 0.4157719910144806 0.7292400002479553
vt 0.34220999479293823 0.8508539795875549
vt 0.3502100110054016 0.865418016910553
vt 0.31844499707221985 0.8273599743843079
vt 0.31181100010871887 0.8419399857521057
vt 0.3537589907646179 0.912792980670929
vt 0.3849309980869293 0.9191179871559143
vt 0.371737003326416 0.9158539772033691
vt 0.39178699254989624 0.7416700124740601
vt 0.39130499958992004 0.7317780256271362
vt 0.4163550138473511 0.7366819977760315
vt 0.3641510009765625 0.7314140200614929
vt 0.3649289906024933 0.7415310144424438
vt 0.21835100650787354 0.9563969969749451
vt 0.35473400354385376 0.815326988697052
vt 0.3729479908943176 0.8314880132675171
vt 0.36644598841667175 0.8358309864997864
vt 0.35049501061439514 0.8197010159492493
vt 0.3393220007419586 0.7298750281333923
vt 0.3478119969367981 0.925823986530304
vt 0.3180280029773712 0.9363560080528259
vt 0.3222459852695465 0.8468729853630066
vt 0.33153900504112244 0.8379949927330017
vt 0.3849349915981293 0.852741003036499
vt 0.3781619966030121 0.8557850122451782
vt 0.5712389945983887 0.9327210187911987
vt 0.5842959880828857 0.9305279850959778
vt 0.5900920033454895 0.9399340152740479
vt 0.5747820138931274 0.9411829710006714
vt 0.020362000912427902 0.005475999787449837
vt 0.35637301206588745 0.8422600030899048
vt 0.3665649890899658 0.8598719835281372
vt 0.31666499376296997 0.7353379726409912
vt 0.34093499183654785 0.7379760146141052
vt 0.4275279939174652 0.6247029900550842
vt 0.0975160002708435 0.3279989957809448
vt 0.18190300464630127 0.8068510293960571
vt 0.1854649931192398 0.8109930157661438
vt 0.7025529742240906 0.3055559992790222
vt 0.7094039916992188 0.28474199771881104
vt 0.708387017250061 0.3067989945411682
vt 0.3430669903755188 0.827019989490509
vt 0.2913990020751953 0.7353929877281189
vt 0.21488100290298462 0.8947650194168091
vt 0.19964599609375 0.8949499726295471
vt 0.2007959932088852 0.8812140226364136
vt 0.21613700687885284 0.880486011505127
vt 0.7374470233917236 0.022637000307440758
vt 0.3268199861049652 0.8145430088043213
vt 0.2657650113105774 0.7395039796829224
vt 0.2645449936389923 0.7307360172271729
vt 0.8986650109291077 0.005009000189602375
vt 0.8954449892044067 0.005092000123113394
vt 0.8905180096626282 0.0009410000056959689
vt 0.9033539891242981 0.0012280000373721123
vt 0.27515000104904175 0.8614209890365601
vt 0.2884509861469269 0.8625230193138123
vt 0.28925400972366333 0.8793290257453918
vt 0.2747710049152374 0.8784980177879333
vt 0.30895599722862244 0.8046069741249084
vt 0.5970399975776672 0.9265879988670349
vt 0.6050289869308472 0.936926007270813
vt 0.7119920253753662 0.015665000304579735
vt 0.6863189935684204 0.013158000074326992
vt 0.35578298568725586 0.6203129887580872
vt 0.5406439900398254 0.31953901052474976
vt 0.5699859857559204 0.3198229968547821
vt 0.5706329941749573 0.33949899673461914
vt 0.5407189726829529 0.3396809995174408
vt 0.21111199259757996 0.854548990726471
vt 0.20487099885940552 0.867467999458313
vt 0.1879190057516098 0.8629080057144165
vt 0.19607700407505035 0.8475109934806824
vt 0.291500985622406 0.7970290184020996
vt 0.2936420142650604 0.7856590151786804
vt 0.4663659930229187 0.1293870061635971
vt 0.49279099702835083 0.13093499839305878
vt 0.6068699955940247 0.009917999617755413
vt 0.630316972732544 0.008009999990463257
vt 0.09955699741840363 0.12226200103759766
vt 0.18283100426197052 0.8792780041694641
vt 0.2365099936723709 0.8166540265083313
vt 0.25224098563194275 0.8121010065078735
vt 0.2540709972381592 0.8302729725837708
vt 0.24049599468708038 0.8339580297470093
vt 0.2766590118408203 0.7937620282173157
vt 0.1718910038471222 0.8561350107192993
vt 0.18160200119018555 0.8373960256576538
vt 0.7595630288124084 0.020934000611305237
vt 0.27818500995635986 0.6223509907722473
vt 0.7038710117340088 0.37772101163864136
vt 0.7333570122718811 0.37801599502563477
vt 0.29496800899505615 0.7791230082511902
vt 0.8151819705963135 0.018818000331521034
vt 0.8414700031280518 0.017983999103307724
vt 0.27545300126075745 0.8104029893875122
vt 0.6530420184135437 0.016029000282287598
vt 0.07903099805116653 0.12192299962043762
vt 0.22394700348377228 0.7826930284500122
vt 0.8148580193519592 0.009217999875545502
vt 0.1415890008211136 0.9173099994659424
vt 0.14097200334072113 0.8944069743156433
vt 0.892304003238678 0.6897119879722595
vt 0.8946560025215149 0.7063260078430176
vt 0.8919159770011902 0.7114430069923401
vt 0.8870609998703003 0.6909120082855225
vt 0.13798800110816956 0.9174169898033142
vt 0.13814899325370789 0.8935909867286682
vt 0.2738730013370514 0.979200005531311
vt 0.2914870083332062 0.9794139862060547
vt 0.29199400544166565 0.9827790260314941
vt 0.2737340033054352 0.9824349880218506
vt 0.2477869987487793 0.9217619895935059
vt 0.24937400221824646 0.9337279796600342
vt 0.0009410000056959689 0.268653005361557
vt 0.0010999999940395355 0.22310100495815277
vt 0.024515999481081963 0.22353699803352356
vt 0.024140000343322754 0.26905301213264465
vt 0.1326649934053421 0.7234470248222351
vt 0.1322699934244156 0.7279149889945984
vt 0.11404299736022949 0.7287409901618958
vt 0.1140730008482933 0.7241510152816772
vt 0.2651839852333069 0.8102120161056519
vt 0.6474199891090393 0.2339179962873459
vt 0.67050701379776 0.23408900201320648
vt 0.8408190011978149 0.007796999998390675
vt 0.6805989742279053 0.13165099918842316
vt 0.7080140113830566 0.13268700242042542
vt 0.3878040015697479 0.9398819804191589
vt 0.37083500623703003 0.9497010111808777
vt 0.3835729956626892 0.9384109973907471
vt 0.8666999936103821 0.005667999852448702
vt 0.8677240014076233 0.015832999721169472
vt 0.5871670246124268 0.7350429892539978
vt 0.5865880250930786 0.731086015701294
vt 0.19483600556850433 0.8211579918861389
vt 0.5038560032844543 0.018619000911712646
vt 0.47784000635147095 0.015457999892532825
vt 0.5312610268592834 0.012467999942600727
vt 0.505620002746582 0.009995999746024609
vt 0.8922380208969116 0.29043400287628174
vt 0.8918139934539795 0.31087398529052734
vt 0.8870540261268616 0.3104209899902344
vt 0.8875240087509155 0.2904199957847595
vt 0.165133997797966 0.8760499954223633
vt 0.3099760115146637 0.01854499988257885
vt 0.28474101424217224 0.014673000201582909
vt 0.2860339879989624 0.008906999602913857
vt 0.3108850121498108 0.013300999999046326
vt 0.6692119836807251 0.8941199779510498
vt 0.663191020488739 0.9123939871788025
vt 0.6531180143356323 0.9098719954490662
vt 0.6574649810791016 0.8927270174026489
vt 0.2505289912223816 0.9473099708557129
vt 0.08011399954557419 0.7375630140304565
vt 0.08017399907112122 0.7334110140800476
vt 0.09935600310564041 0.732895016670227
vt 0.09873200207948685 0.7375860214233398
vt 0.6586589813232422 0.874180018901825
vt 0.6711739897727966 0.8735219836235046
vt 0.14313800632953644 0.8702470064163208
vt 0.15192300081253052 0.8469539880752563
vt 0.20387199521064758 0.9207029938697815
vt 0.18650099635124207 0.9245399832725525
vt 0.6763550043106079 0.8944079875946045
vt 0.6690899729728699 0.9141700267791748
vt 0.18132300674915314 0.8953250050544739
vt 0.11356399953365326 0.7326329946517944
vt 0.09964899718761444 0.7289140224456787
vt 0.5941010117530823 0.37467101216316223
vt 0.6213300228118896 0.37472400069236755
vt 0.6215580105781555 0.41047000885009766
vt 0.5941950082778931 0.4104889929294586
vt 0.622215986251831 0.8742600083351135
vt 0.6202160120010376 0.8599479794502258
vt 0.637802004814148 0.8579869866371155
vt 0.6404380202293396 0.8741030097007751
vt 0.7224389910697937 0.4490619897842407
vt 0.7284669876098633 0.4592599868774414
vt 0.714464008808136 0.4593549966812134
vt 0.7168949842453003 0.4493339955806732
vt 0.6213780045509338 0.3391140103340149
vt 0.6479290127754211 0.3391439914703369
vt 0.6480699777603149 0.3748059868812561
vt 0.6212210059165955 0.30240198969841003
vt 0.6210910081863403 0.27994298934936523
vt 0.05351400002837181 0.12158600240945816
vt 0.5684869885444641 0.2350119948387146
vt 0.5708720088005066 0.18377600610256195
vt 0.5127999782562256 0.37542998790740967
vt 0.5128499865531921 0.41124001145362854
vt 0.593970000743866 0.28014299273490906
vt 0.5671839714050293 0.28106099367141724
vt 0.5130980014801025 0.3397209942340851
vt 0.8911219835281372 0.4039660096168518
vt 0.8815180063247681 0.4029400050640106
vt 0.8803849816322327 0.3818550109863281
vt 0.6213350296020508 0.3188740015029907
vt 0.647832989692688 0.3189080059528351
vt 0.5131310224533081 0.3194679915904999
vt 0.5147929787635803 0.2358669936656952
vt 0.5421040058135986 0.2358510047197342
vt 0.25052300095558167 0.86182701587677
vt 0.2528490126132965 0.846360981464386
vt 0.26495200395584106 0.8452119827270508
vt 0.2641940116882324 0.8612639904022217
vt 0.48533201217651367 0.3756769895553589
vt 0.4858889877796173 0.3396899998188019
vt 0.05083100125193596 0.32782599329948425
vt 0.07665199786424637 0.3279170095920563
vt 0.3235979974269867 0.9304599761962891
vt 0.4860750138759613 0.30278199911117554
vt 0.48626700043678284 0.2816210091114044
vt 0.5451850295066833 0.18496300280094147
vt 0.5178790092468262 0.1843779981136322
vt 0.48706600069999695 0.23468199372291565
vt 0.4904240071773529 0.182327002286911
vt 0.4599680006504059 0.3022019863128662
vt 0.45938000082969666 0.27988898754119873
vt 0.45988699793815613 0.23379699885845184
vt 0.8236839771270752 0.5184370279312134
vt 0.8232769966125488 0.4712870121002197
vt 0.849016010761261 0.47120100259780884
vt 0.849481999874115 0.5189779996871948
vt 0.5727859735488892 0.8565070033073425
vt 0.5893610119819641 0.8577849864959717
vt 0.5904279947280884 0.874405026435852
vt 0.5732399821281433 0.8743759989738464
vt 0.4638420045375824 0.18140099942684174
vt 0.8497989773750305 0.3784460127353668
vt 0.851127028465271 0.3397569954395294
vt 0.8768360018730164 0.341825008392334
vt 0.8762069940567017 0.3785400092601776
vt 0.8545439839363098 0.30459800362586975
vt 0.8487030267715454 0.2844829857349396
vt 0.8753269910812378 0.28206899762153625
vt 0.8765010237693787 0.30435600876808167
vt 0.8471320271492004 0.23613899946212769
vt 0.8748739957809448 0.23567700386047363
vt 0.8458179831504822 0.18375900387763977
vt 0.8728179931640625 0.18293899297714233
vt 0.8217989802360535 0.3780120015144348
vt 0.823328971862793 0.3399460017681122
vt 0.7945420145988464 0.3218260109424591
vt 0.7942379713058472 0.3054310083389282
vt 0.8187789916992188 0.3050689995288849
vt 0.8196280002593994 0.32103198766708374
vt 0.829567015171051 0.46069100499153137
vt 0.8439850211143494 0.4605180025100708
vt 0.821520984172821 0.28496599197387695
vt 0.8197180032730103 0.2368530035018921
vt 0.8184869885444641 0.18459300696849823
vt 0.8179730176925659 0.13243499398231506
vt 0.8761330246925354 0.4149399995803833
vt 0.850600004196167 0.41606399416923523
vt 0.793874979019165 0.37826600670814514
vt 0.7945340275764465 0.34217700362205505
vt 0.7743099927902222 0.28261199593544006
vt 0.7742720246315002 0.23691900074481964
vt 0.792078971862793 0.23717699944972992
vt 0.7936199903488159 0.28321799635887146
vt 0.7906870245933533 0.18525899946689606
vt 0.7903649806976318 0.13313999772071838
vt 0.8228350281715393 0.41549599170684814
vt 0.7565199732780457 0.34139901399612427
vt 0.7566829919815063 0.3772140145301819
vt 0.8916170001029968 0.420881986618042
vt 0.8954769968986511 0.4038119912147522
vt 0.8961740136146545 0.42066600918769836
vt 0.7938640117645264 0.4141640067100525
vt 0.6748030185699463 0.6173059940338135
vt 0.6748039722442627 0.6671500205993652
vt 0.6526079773902893 0.6655830144882202
vt 0.6520159840583801 0.6165599822998047
vt 0.7559340000152588 0.2823199927806854
vt 0.7562770247459412 0.30467501282691956
vt 0.7411149740219116 0.30502399802207947
vt 0.7363330125808716 0.2845659852027893
vt 0.27140501141548157 0.9464250206947327
vt 0.2618589997291565 0.9471560120582581
vt 0.7557250261306763 0.13281500339508057
vt 0.7345309853553772 0.13329100608825684
vt 0.7345989942550659 0.23712299764156342
vt 0.7560160160064697 0.23648099601268768
vt 0.7341979742050171 0.1851159930229187
vt 0.7557330131530762 0.18420900404453278
vt 0.7570310235023499 0.4128580093383789
vt 0.7745500206947327 0.3047269880771637
vt 0.09876199811697006 0.1733420044183731
vt 0.7083820104598999 0.23688200116157532
vt 0.7076500058174133 0.18482400476932526
vt 0.6783959865570068 0.3779979944229126
vt 0.6800360083580017 0.3424699902534485
vt 0.7058659791946411 0.34057700634002686
vt 0.6812719702720642 0.30518099665641785
vt 0.6819890141487122 0.28251299262046814
vt 0.6812599897384644 0.2362080067396164
vt 0.6804360151290894 0.18396100401878357
vt 0.2441529929637909 0.34589898586273193
vt 0.26635101437568665 0.34588900208473206
vt 0.2664110064506531 0.38128799200057983
vt 0.2435940057039261 0.3817180097103119
vt 0.26607298851013184 0.41684600710868835
vt 0.24163800477981567 0.4168420135974884
vt 0.26613500714302063 0.4534130096435547
vt 0.2670019865036011 0.4755060076713562
vt 0.2400600016117096 0.4759710133075714
vt 0.24019399285316467 0.4536069929599762
vt 0.2697660028934479 0.5196869969367981
vt 0.24270400404930115 0.5215780138969421
vt 0.2741340100765228 0.5711759924888611
vt 0.24718700349330902 0.572767972946167
vt 0.25171199440956116 0.6238930225372314
vt 0.2919909954071045 0.38145899772644043
vt 0.29228299856185913 0.41689398884773254
vt 0.2930940091609955 0.45336198806762695
vt 0.2939999997615814 0.47502100467681885
vt 0.2971450090408325 0.5166249871253967
vt 0.3023419976234436 0.5678290128707886
vt 0.3188210129737854 0.38168999552726746
vt 0.31901800632476807 0.41716599464416504
vt 0.3199999928474426 0.45359501242637634
vt 0.3208540081977844 0.4756529927253723
vt 0.8284270167350769 0.29476600885391235
vt 0.8250849843025208 0.3057819902896881
vt 0.32343798875808716 0.5185869932174683
vt 0.3284110128879547 0.5685309767723083
vt 0.29217100143432617 0.34621599316596985
vt 0.3459109961986542 0.38197898864746094
vt 0.3457840085029602 0.41764500737190247
vt 0.34664100408554077 0.45403799414634705
vt 0.3474240005016327 0.4760720133781433
vt 0.349355012178421 0.5211489796638489
vt 0.3525960147380829 0.570688009262085
vt 0.3192409873008728 0.3462739884853363
vt 0.37326401472091675 0.3823600113391876
vt 0.37291499972343445 0.4180780053138733
vt 0.37348198890686035 0.45461100339889526
vt 0.3740150034427643 0.476747989654541
vt 0.37551501393318176 0.5217080116271973
vt 0.5773360133171082 0.614611029624939
vt 0.601722002029419 0.6145709753036499
vt 0.6050660014152527 0.6624780297279358
vt 0.5796849727630615 0.6625750064849854
vt 0.3776549994945526 0.5715320110321045
vt 0.3465360105037689 0.3463650047779083
vt 0.4005550146102905 0.38269999623298645
vt 0.4001449942588806 0.4184260070323944
vt 0.4004800021648407 0.45511001348495483
vt 0.4008049964904785 0.47734299302101135
vt 0.4015760123729706 0.5226420164108276
vt 0.4025849997997284 0.5729050040245056
vt 0.3740279972553253 0.34666699171066284
vt 0.42735299468040466 0.3830470144748688
vt 0.426952987909317 0.41874098777770996
vt 0.4270159900188446 0.455484002828598
vt 0.4271259903907776 0.4777989983558655
vt 0.42729800939559937 0.5234770178794861
vt 0.42728400230407715 0.5745260119438171
vt 0.401309996843338 0.34695500135421753
vt 0.4501729905605316 0.38329699635505676
vt 0.4499030113220215 0.41890600323677063
vt 0.44991400837898254 0.45555201172828674
vt 0.4499819874763489 0.47782599925994873
vt 0.45012199878692627 0.5236309766769409
vt 0.4497790038585663 0.5752599835395813
vt 0.4490230083465576 0.6266300082206726
vt 0.42801201343536377 0.3473599851131439
vt 0.21398599445819855 0.36427199840545654
vt 0.21388299763202667 0.3290019929409027
vt 0.2364799976348877 0.3290170133113861
vt 0.23633599281311035 0.364327996969223
vt 0.2139589935541153 0.292618989944458
vt 0.2140830010175705 0.27049100399017334
vt 0.23673699796199799 0.2704229950904846
vt 0.23659299314022064 0.292589008808136
vt 0.21452300250530243 0.22500300407409668
vt 0.2373490035533905 0.22484099864959717
vt 0.21496500074863434 0.17364799976348877
vt 0.23817799985408783 0.17338800430297852
vt 0.45065999031066895 0.3477039933204651
vt 0.187281996011734 0.3288399875164032
vt 0.18732500076293945 0.2925660014152527
vt 0.18744699656963348 0.2705009877681732
vt 0.18788999319076538 0.22515200078487396
vt 0.18835000693798065 0.17396700382232666
vt 0.2363329976797104 0.39960500597953796
vt 0.2141759991645813 0.3994790017604828
vt 0.1600780040025711 0.3285920023918152
vt 0.16007100045681 0.29239600896835327
vt 0.16018199920654297 0.2703680098056793
vt 0.1606539934873581 0.22508099675178528
vt 0.7108460068702698 0.32992100715637207
vt 0.7014589905738831 0.32114899158477783
vt 0.7071629762649536 0.31825900077819824
vt 0.21468199789524078 0.457751989364624
vt 0.18872900307178497 0.4573209881782532
vt 0.18845799565315247 0.43526899814605713
vt 0.21442300081253052 0.43569499254226685
vt 0.13401000201702118 0.2922169864177704
vt 0.13411100208759308 0.2702150046825409
vt 0.09742700308561325 0.26972898840904236
vt 0.09736999869346619 0.29176899790763855
vt 0.07648000121116638 0.2916319966316223
vt 0.07651600241661072 0.2695609927177429
vt 0.0769520029425621 0.22420699894428253
vt 0.09790000319480896 0.22443999350070953
vt 0.07786399871110916 0.17305700480937958
vt 0.11299800127744675 0.3082039952278137
vt 0.13399800658226013 0.30841198563575745
vt 0.09739500284194946 0.3079969882965088
vt 0.8793420195579529 0.28928399085998535
vt 0.8787909746170044 0.30932700634002686
vt 0.11307500302791595 0.27000901103019714
vt 0.11298999935388565 0.29201000928878784
vt 0.05064399912953377 0.29149699211120605
vt 0.0506649985909462 0.26939499378204346
vt 0.05108100175857544 0.22396999597549438
vt 0.0520239993929863 0.17275500297546387
vt 0.025429999455809593 0.39806100726127625
vt 0.0249439999461174 0.36282700300216675
vt 0.07969599962234497 0.7166550159454346
vt 0.05519299954175949 0.7164469957351685
vt 0.024434000253677368 0.327580988407135
vt 0.02415500022470951 0.29119598865509033
vt 0.2214670032262802 0.010931000113487244
vt 0.0026730000972747803 0.36254701018333435
vt 0.0017549999756738544 0.3272719979286194
vt 0.0031759999692440033 0.3978019952774048
vt 0.001088000019080937 0.29082798957824707
vt 0.5584250092506409 0.8921440243721008
vt 0.5730550289154053 0.8916839957237244
vt 0.5722990036010742 0.9072870016098022
vt 0.5584909915924072 0.9089279770851135
vt 0.5674170255661011 0.30332401394844055
vt 0.5939890146255493 0.30266401171684265
vt 0.4348849952220917 0.012941000051796436
vt 0.40982499718666077 0.013481000438332558
vt 0.40946799516677856 0.010204999707639217
vt 0.4345729947090149 0.008445000275969505
vt 0.581043004989624 0.95032799243927
vt 0.5788159966468811 0.9461709856987
vt 0.5970199704170227 0.9459440112113953
vt 0.6017559766769409 0.9500190019607544
vt 0.6782370209693909 0.4141240119934082
vt 0.1828240007162094 0.9103279709815979
vt 0.15977300703525543 0.6550149917602539
vt 0.1348010003566742 0.6548299789428711
vt 0.13503800332546234 0.6045969724655151
vt 0.1605920046567917 0.6048700213432312
vt 0.2860549986362457 0.9208269715309143
vt 0.5866730213165283 0.8417869806289673
vt 0.6013020277023315 0.8449109792709351
vt 0.6049680113792419 0.8594229817390442
vt 0.22464799880981445 0.853115975856781
vt 0.2744860053062439 0.8288869857788086
vt 0.5949299931526184 0.3392379879951477
vt 0.6552960276603699 0.7205989956855774
vt 0.6567320227622986 0.7274770140647888
vt 0.635237991809845 0.7272070050239563
vt 0.6337670087814331 0.7212849855422974
vt 0.263045996427536 0.8781219720840454
vt 0.6724010109901428 0.4690769910812378
vt 0.6736170053482056 0.5146409869194031
vt 0.6505360007286072 0.5146849751472473
vt 0.64935302734375 0.46931400895118713
vt 0.6549959778785706 0.7368890047073364
vt 0.6539530158042908 0.7422170042991638
vt 0.6333630084991455 0.7413210272789001
vt 0.8204060196876526 0.7447879910469055
vt 0.8458380103111267 0.7452890276908875
vt 0.8455020189285278 0.7487450242042542
vt 0.8203819990158081 0.7490379810333252
vt 0.5473309755325317 0.8377230167388916
vt 0.5340359807014465 0.8382250070571899
vt 0.5359489917755127 0.8221560120582581
vt 0.5476660132408142 0.8212299942970276
vt 0.6149479746818542 0.944267988204956
vt 0.6222730278968811 0.9485599994659424
vt 0.821258008480072 0.7358310222625732
vt 0.8466989994049072 0.7371060252189636
vt 0.2009110003709793 0.9081370234489441
vt 0.6763550043106079 0.8724830150604248
vt 0.5899919867515564 0.8905969858169556
vt 0.286545991897583 0.8468279838562012
vt 0.30025601387023926 0.8506410121917725
vt 0.09959600120782852 0.6960170269012451
vt 0.09963399916887283 0.7159119844436646
vt 0.07931900024414062 0.6964520215988159
vt 0.2653079926967621 0.8287339806556702
vt 0.901997983455658 0.2728390097618103
vt 0.902347981929779 0.28933098912239075
vt 0.8923109769821167 0.2737399935722351
vt 0.48853498697280884 0.7294459939002991
vt 0.48411300778388977 0.7098289728164673
vt 0.2181520015001297 0.9210749864578247
vt 0.21560099720954895 0.9082210063934326
vt 0.8718060255050659 0.731531023979187
vt 0.8713759779930115 0.7385799884796143
vt 0.8731170296669006 0.711562991142273
vt 0.23855899274349213 0.8490980267524719
vt 0.6564840078353882 0.7323629856109619
vt 0.5596839785575867 0.7488660216331482
vt 0.5758060216903687 0.7531359791755676
vt 0.57499098777771 0.7599160075187683
vt 0.5595359802246094 0.7564210295677185
vt 0.2196120023727417 0.8664199709892273
vt 0.7438179850578308 0.7371960282325745
vt 0.7437790036201477 0.7287420034408569
vt 0.0780469998717308 0.41834598779678345
vt 0.05211300030350685 0.4183099865913391
vt 0.5404059886932373 0.4313009977340698
vt 0.5409060120582581 0.44793999195098877
vt 0.5138490200042725 0.4483239948749542
vt 0.5132700204849243 0.4316380023956299
vt 0.5906500220298767 0.7786449790000916
vt 0.5730909705162048 0.7717599868774414
vt 0.5937150120735168 0.7688339948654175
vt 0.8861780166625977 0.020052000880241394
vt 0.8931580185890198 0.02113799937069416
vt 0.8916450142860413 0.059328000992536545
vt 0.8833029866218567 0.058455001562833786
vt 0.2748109996318817 0.8452379703521729
vt 0.4768800139427185 0.6721680164337158
vt 0.5034250020980835 0.6689730286598206
vt 0.5287299752235413 0.6645640134811401
vt 0.6132720112800598 0.8134539723396301
vt 0.6239920258522034 0.8267449736595154
vt 0.60930997133255 0.8332480192184448
vt 0.6043609976768494 0.8227279782295227
vt 0.7792909741401672 0.7492740154266357
vt 0.7972999811172485 0.7486709952354431
vt 0.7988399863243103 0.6689879894256592
vt 0.7787650227546692 0.7076950073242188
vt 0.7791360020637512 0.6678820252418518
vt 0.4906820058822632 0.7361559867858887
vt 0.5146420001983643 0.7313759922981262
vt 0.6002860069274902 0.8024320006370544
vt 0.5853239893913269 0.7939260005950928
vt 0.6089779734611511 0.7881289720535278
vt 0.6763539910316467 0.7375779747962952
vt 0.6750739812850952 0.741553008556366
vt 0.09936299920082092 0.5021160244941711
vt 0.11505000293254852 0.5019530057907104
vt 0.11460799723863602 0.5532510280609131
vt 0.09895399957895279 0.5534399747848511
vt 0.8982430100440979 0.020580999553203583
vt 0.9054139852523804 0.01971600018441677
vt 0.7598329782485962 0.7089909911155701
vt 0.7432990074157715 0.7092829942703247
vt 0.5953360199928284 0.7631869912147522
vt 0.6350939869880676 0.7905369997024536
vt 0.6324819922447205 0.79339599609375
vt 0.6137999892234802 0.7799999713897705
vt 0.6160209774971008 0.7759310007095337
vt 0.7195550203323364 0.7109590172767639
vt 0.7177289724349976 0.6703659892082214
vt 0.7427459955215454 0.6692169904708862
vt 0.46481001377105713 0.871999979019165
vt 0.44589298963546753 0.8704130053520203
vt 0.44765400886535645 0.8502609729766846
vt 0.4667949974536896 0.8548370003700256
vt 0.6939859986305237 0.7130929827690125
vt 0.6914089918136597 0.6717889904975891
vt 0.25332000851631165 0.04324999824166298
vt 0.2797600030899048 0.04604699835181236
vt 0.2758159935474396 0.08729799836874008
vt 0.24894499778747559 0.08503399789333344
vt 0.3063789904117584 0.04827500134706497
vt 0.30256199836730957 0.08910900354385376
vt 0.3316130042076111 0.050046999007463455
vt 0.3285830020904541 0.09012600034475327
vt 0.35675498843193054 0.051024001091718674
vt 0.35453400015830994 0.09051000326871872
vt 0.382858008146286 0.05078599974513054
vt 0.3810949921607971 0.09044100344181061
vt 0.05295100063085556 0.6553559899330139
vt 0.07852300256490707 0.6552630066871643
vt 0.05415400117635727 0.6965140104293823
vt 0.408845990896225 0.0494999997317791
vt 0.40751099586486816 0.08987200260162354
vt 0.1142290011048317 0.6045860052108765
vt 0.11428900063037872 0.6547750234603882
vt 0.4337260127067566 0.04841899871826172
vt 0.4330269992351532 0.0892070010304451
vt 0.5577229857444763 0.785893976688385
vt 0.5477830171585083 0.7856190204620361
vt 0.5474410057067871 0.7683560252189636
vt 0.5586000084877014 0.7687060236930847
vt 0.4566369950771332 0.046936001628637314
vt 0.45616599917411804 0.0884229987859726
vt 0.5362650156021118 0.9458410143852234
vt 0.5514349937438965 0.9456419944763184
vt 0.5506920218467712 0.950685977935791
vt 0.5342519879341125 0.9515140056610107
vt 0.09912700206041336 0.6550210118293762
vt 0.22769899666309357 0.6971960067749023
vt 0.20486199855804443 0.6962400078773499
vt 0.2090590000152588 0.6553930044174194
vt 0.23226599395275116 0.6562950015068054
vt 0.11408600211143494 0.7156360149383545
vt 0.09963099658489227 0.724386990070343
vt 0.18185000121593475 0.6960809826850891
vt 0.18455900251865387 0.6550610065460205
vt 0.13421200215816498 0.6959239840507507
vt 0.11420899629592896 0.6957470178604126
vt 0.09900499880313873 0.4182789921760559
vt 0.030659999698400497 0.7146679759025574
vt 0.028672000393271446 0.6958280205726624
vt 0.15848900377750397 0.6960669755935669
vt 0.27820101380348206 0.7704079747200012
vt 0.2959359884262085 0.775177001953125
vt 0.5460169911384583 0.7485209703445435
vt 0.5468810200691223 0.7563980221748352
vt 0.630403995513916 0.9362949728965759
vt 0.6424360275268555 0.9237130284309387
vt 0.6516820192337036 0.5657470226287842
vt 0.6744419932365417 0.5660210251808167
vt 0.46922600269317627 0.9393730163574219
vt 0.47376900911331177 0.9372950196266174
vt 0.49293699860572815 0.9434859752655029
vt 0.4892669916152954 0.9473710060119629
vt 0.5682820081710815 0.8067209720611572
vt 0.5571159720420837 0.8047879934310913
vt 0.570294976234436 0.7883170247077942
vt 0.034391000866889954 0.7241640090942383
vt 0.01396699994802475 0.7226319909095764
vt 0.012222000397741795 0.7189069986343384
vt 0.03317100182175636 0.7206439971923828
vt 0.5710309743881226 0.9211310148239136
vt 0.5850409865379333 0.9187489748001099
vt 0.6217920184135437 0.4307680130004883
vt 0.5945320129394531 0.4308770000934601
vt 0.6118929982185364 0.7273529767990112
vt 0.6103730201721191 0.721813976764679
vt 0.026846999302506447 0.6550740003585815
vt 0.6079850196838379 0.7023299932479858
vt 0.6317269802093506 0.7026240229606628
vt 0.24419499933719635 0.7695140242576599
vt 0.2632159888744354 0.766700029373169
vt 0.26385998725891113 0.7699639797210693
vt 0.24536800384521484 0.7730050086975098
vt 0.005778999999165535 0.6948450207710266
vt 0.0037150001153349876 0.654670000076294
vt 0.6745989918708801 0.707252025604248
vt 0.6537839770317078 0.7039819955825806
vt 0.584792971611023 0.7230309844017029
vt 0.5059750080108643 0.9334920048713684
vt 0.49174898862838745 0.926613986492157
vt 0.582726001739502 0.7026469707489014
vt 0.5583360195159912 0.7027050256729126
vt 0.5541170239448547 0.6630730032920837
vt 0.6241629719734192 0.5146600008010864
vt 0.5988420248031616 0.5149679780006409
vt 0.5247160196304321 0.9278380274772644
vt 0.5215950012207031 0.9383670091629028
vt 0.4811689853668213 0.9342640042304993
vt 0.49848899245262146 0.9397839903831482
vt 0.014762000180780888 0.7264050245285034
vt 0.035064999014139175 0.7272409796714783
vt 0.5174170136451721 0.9439679980278015
vt 0.6488800048828125 0.44713398814201355
vt 0.6290670037269592 0.6638249754905701
vt 0.5746250152587891 0.5155969858169556
vt 0.5261340141296387 0.6166589856147766
vt 0.5542539954185486 0.6154090166091919
vt 0.6266980171203613 0.6155049800872803
vt 0.47271499037742615 0.6225159764289856
vt 0.49932900071144104 0.619379997253418
vt 0.11259400099515915 0.7367330193519592
vt 0.13149599730968475 0.7316100001335144
vt 0.12993399798870087 0.7348549962043762
vt 0.5157099962234497 0.7394239902496338
vt 0.5399929881095886 0.7408120036125183
vt 0.516185998916626 0.7427520155906677
vt 0.7769920229911804 0.4131540060043335
vt 0.7945169806480408 0.43438899517059326
vt 0.7775030136108398 0.43305298686027527
vt 0.7892150282859802 0.005154000129550695
vt 0.8145139813423157 0.004395000170916319
vt 0.4842720031738281 0.887594997882843
vt 0.46622198820114136 0.8892160058021545
vt 0.4829980134963989 0.8727499842643738
vt 0.7695879936218262 0.00672800000756979
vt 0.057165998965501785 0.7317669987678528
vt 0.0579960010945797 0.7353709936141968
vt 0.6633970141410828 0.8284149765968323
vt 0.671746015548706 0.8502990007400513
vt 0.6322680115699768 0.8418880105018616
vt 0.6155970096588135 0.8461300134658813
vt 0.6748350262641907 0.7258890271186829
vt 0.6762040257453918 0.7331290245056152
vt 0.6272609829902649 0.9523199796676636
vt 0.6274939775466919 0.9183520078659058
vt 0.6177269816398621 0.9295430183410645
vt 0.5495719909667969 0.9550549983978271
vt 0.563755989074707 0.9504730105400085
vt 0.5637030005455017 0.9550859928131104
vt 0.008840000256896019 0.71288001537323
vt 0.5451840162277222 0.5157759785652161
vt 0.5419139862060547 0.47024300694465637
vt 0.6050789952278137 0.9535350203514099
vt 0.025899000465869904 0.45653700828552246
vt 0.0029360000044107437 0.45625999569892883
vt 0.0030580000020563602 0.4341380000114441
vt 0.02578599937260151 0.4344030022621155
vt 0.5825870037078857 0.9540449976921082
vt 0.3579860031604767 0.03294999897480011
vt 0.3840689957141876 0.032614998519420624
vt 0.2128549963235855 0.6055020093917847
vt 0.23632599413394928 0.6062099933624268
vt 0.5136849880218506 0.9499830007553101
vt 0.15515099465847015 0.7220119833946228
vt 0.15703600645065308 0.7152889966964722
vt 0.17973899841308594 0.7158870100975037
vt 0.17756099998950958 0.7234939932823181
vt 0.5712910294532776 0.8393250107765198
vt 0.5318719744682312 0.9544619917869568
vt 0.5103269815444946 0.9535250067710876
vt 0.5375210046768188 0.9392399787902832
vt 0.5506830215454102 0.9390929937362671
vt 0.15397800505161285 0.7259060144424438
vt 0.15295200049877167 0.7297130227088928
vt 0.09875199943780899 0.6047980189323425
vt 0.13351799547672272 0.7156450152397156
vt 0.17125900089740753 0.9743850231170654
vt 0.15351800620555878 0.9615859985351562
vt 0.6110730171203613 0.7397559881210327
vt 0.9020730257034302 0.3097130060195923
vt 0.7628059983253479 0.7405139803886414
vt 0.7633190155029297 0.7446609735488892
vt 0.4569129943847656 0.9278820157051086
vt 0.46648699045181274 0.9235439896583557
vt 0.20215299725532532 0.7162020206451416
vt 0.1998859941959381 0.7244729995727539
vt 0.4508099853992462 0.9301829934120178
vt 0.23641900718212128 0.4579649865627289
vt 0.23617899417877197 0.4359009861946106
vt 0.09923800081014633 0.4345470070838928
vt 0.07826700061559677 0.4346100091934204
vt 0.22458699345588684 0.7170969843864441
vt 0.2217019945383072 0.7252309918403625
vt 0.16134800016880035 0.8229439854621887
vt 0.17765699326992035 0.803505003452301
vt 0.1797730028629303 0.805188000202179
vt 0.16354900598526 0.8247630000114441
vt 0.1960339993238449 0.7328640222549438
vt 0.2171110063791275 0.7330449819564819
vt 0.21476800739765167 0.7365279793739319
vt 0.1943179965019226 0.7366459965705872
vt 0.45648398995399475 0.026433000341057777
vt 0.4340609908103943 0.029117999598383904
vt 0.43476998805999756 0.021275000646710396
vt 0.45697999000549316 0.017388999462127686
vt 0.4361709952354431 0.8686739802360535
vt 0.4489330053329468 0.8906530141830444
vt 0.4379520118236542 0.8906049728393555
vt 0.40992799401283264 0.030388999730348587
vt 0.41066598892211914 0.02172200009226799
vt 0.4952380061149597 0.830689013004303
vt 0.48889800906181335 0.8437089920043945
vt 0.43284299969673157 0.8675479888916016
vt 0.43314599990844727 0.8905529975891113
vt 0.4449470043182373 0.9110749959945679
vt 0.4557340145111084 0.9087449908256531
vt 0.4359920024871826 0.8453689813613892
vt 0.43909499049186707 0.8471980094909668
vt 0.6065379977226257 0.8744500279426575
vt 0.4712580144405365 0.9051949977874756
vt 0.38494300842285156 0.023174000903964043
vt 0.35897698998451233 0.023382000625133514
vt 0.3753420114517212 0.2876049876213074
vt 0.37484800815582275 0.310029000043869
vt 0.5106120109558105 0.8154159784317017
vt 0.5044680237770081 0.7999160289764404
vt 0.5197290182113647 0.7921079993247986
vt 0.5237500071525574 0.809594988822937
vt 0.2938329875469208 0.2887539863586426
vt 0.32081401348114014 0.28874799609184265
vt 0.3201819956302643 0.30969199538230896
vt 0.29294198751449585 0.30982398986816406
vt 0.4571160078048706 0.8062790036201477
vt 0.44578999280929565 0.8258519768714905
vt 0.4528979957103729 0.8032559752464294
vt 0.44213399291038513 0.8238850235939026
vt 0.33331298828125 0.031143000349402428
vt 0.4680759906768799 0.7848640084266663
vt 0.4707390069961548 0.7878140211105347
vt 0.34809499979019165 0.2875399887561798
vt 0.3475080132484436 0.3098999857902527
vt 0.5077040195465088 0.7571769952774048
vt 0.5101580023765564 0.7641779780387878
vt 0.48819699883461 0.7732679843902588
vt 0.4859119951725006 0.7684490084648132
vt 0.1869100034236908 0.605105996131897
vt 0.4574970006942749 0.007621000055223703
vt 0.45711299777030945 0.003083999967202544
vt 0.3344520032405853 0.021897999569773674
vt 0.30869099497795105 0.02811400033533573
vt 0.5180259943008423 0.9062659740447998
vt 0.5222669839859009 0.9180399775505066
vt 0.5032070279121399 0.9025880098342896
vt 0.2823770046234131 0.025752000510692596
vt 0.5287550091743469 0.7509920001029968
vt 0.5304059982299805 0.7583439946174622
vt 0.25648701190948486 0.022818999364972115
vt 0.25893399119377136 0.012884000316262245
vt 0.47969698905944824 0.7976809740066528
vt 0.4913859963417053 0.8104220032691956
vt 0.5325120091438293 0.7704160213470459
vt 0.11462999880313873 0.41821399331092834
vt 0.6958990097045898 0.7435849905014038
vt 0.6952760219573975 0.7334719896316528
vt 0.7202720046043396 0.7311499714851379
vt 0.7202939987182617 0.7397310137748718
vt 0.5370270013809204 0.8058769702911377
vt 0.535165011882782 0.787388026714325
vt 0.4574970006942749 0.7438790202140808
vt 0.4368169903755188 0.7387800216674805
vt 0.5141170024871826 0.7760649919509888
vt 0.2667500078678131 0.28762298822402954
vt 0.2661289870738983 0.3095639944076538
vt 0.0779770016670227 0.6049439907073975
vt 0.39103201031684875 0.9214869737625122
vt 0.39451199769973755 0.9220200181007385
vt 0.49582499265670776 0.7852420210838318
vt 0.8898869752883911 0.10575500130653381
vt 0.8823450207710266 0.10461100190877914
vt 0.5986350178718567 0.9153540134429932
vt 0.6120139956474304 0.9138500094413757
vt 0.6075249910354614 0.9228990077972412
vt 0.5383059978485107 0.9315109848976135
vt 0.5364680290222168 0.9205440282821655
vt 0.5488079786300659 0.9219470024108887
vt 0.5501710176467896 0.9330790042877197
vt 0.7612220048904419 0.6196179986000061
vt 0.7424349784851074 0.6201859712600708
vt 0.7408040165901184 0.5691390037536621
vt 0.7598490118980408 0.5686089992523193
vt 0.6257759928703308 0.8004850149154663
vt 0.6503859758377075 0.8088290095329285
vt 0.6467390060424805 0.8114020228385925
vt 0.31611400842666626 0.7849850058555603
vt 0.3181850016117096 0.7816150188446045
vt 0.34002500772476196 0.7941619753837585
vt 0.3375389873981476 0.7968530058860779
vt 0.19428299367427826 0.9775099754333496
vt 0.48011401295661926 0.9175750017166138
vt 0.3851729929447174 0.017291000112891197
vt 0.384770005941391 0.013410000130534172
vt 0.41047000885009766 0.01692800037562847
vt 0.4920850098133087 0.7432950139045715
vt 0.492574006319046 0.7460659742355347
vt 0.6383389830589294 0.8172399997711182
vt 0.6482890248298645 0.41047099232673645
vt 0.1360519975423813 0.5019599795341492
vt 0.1355780065059662 0.5532500147819519
vt 0.8979499936103821 0.7056369781494141
vt 0.9040589928627014 0.7096499800682068
vt 0.5736709833145142 0.5653650164604187
vt 0.5995590090751648 0.5650839805603027
vt 0.5148869752883911 0.470768004655838
vt 0.48775801062583923 0.47136399149894714
vt 0.4867500066757202 0.4488700032234192
vt 0.5643079876899719 0.7417190074920654
vt 0.025790000334382057 0.6049540042877197
vt 0.05220299959182739 0.6050570011138916
vt 0.5475829839706421 0.5662999749183655
vt 0.49862098693847656 0.8730679750442505
vt 0.5147590041160583 0.8732450008392334
vt 0.5154889822006226 0.8899649977684021
vt 0.49968600273132324 0.8883500099182129
vt 0.6030330061912537 0.9030460119247437
vt 0.617812991142273 0.9017220139503479
vt 0.5941320061683655 0.8176789879798889
vt 0.14397799968719482 0.940280020236969
vt 0.14732900261878967 0.9387930035591125
vt 0.48569101095199585 0.41168299317359924
vt 0.6485790014266968 0.430743008852005
vt 0.48453399538993835 0.8579350113868713
vt 0.850255012512207 0.6246610283851624
vt 0.8768879771232605 0.6243510246276855
vt 0.8757089972496033 0.6736779808998108
vt 0.625665009021759 0.5653319954872131
vt 0.48844099044799805 0.9015889763832092
vt 0.6710420250892639 0.41052401065826416
vt 0.671405017375946 0.43063798546791077
vt 0.09942799806594849 0.45665401220321655
vt 0.0784429982304573 0.456712007522583
vt 0.5176270008087158 0.5163030028343201
vt 0.5213469862937927 0.5672209858894348
vt 0.7789070010185242 0.6199110150337219
vt 0.79790198802948 0.6215929985046387
vt 0.486176997423172 0.4320549964904785
vt 0.4905630052089691 0.5170000195503235
vt 0.4946500062942505 0.568103015422821
vt 0.8890500068664551 0.15511900186538696
vt 0.8822020292282104 0.15441100299358368
vt 0.7774040102958679 0.5684459805488586
vt 0.7977619767189026 0.56905198097229
vt 0.4609279930591583 0.4327149987220764
vt 0.46052899956703186 0.4125230014324188
vt 0.4611020088195801 0.47186899185180664
vt 0.46088001132011414 0.44909200072288513
vt 0.4635530114173889 0.5176709890365601
vt 0.4677329957485199 0.5690439939498901
vt 0.8917800188064575 0.44338101148605347
vt 0.8819980025291443 0.44272899627685547
vt 0.8820269703865051 0.4199419915676117
vt 0.7777220010757446 0.5168600082397461
vt 0.797573983669281 0.5179499983787537
vt 0.8548290133476257 0.43571799993515015
vt 0.8761420249938965 0.4351760149002075
vt 0.8750889897346497 0.4741710126399994
vt 0.8758479952812195 0.5197340250015259
vt 0.8766090273857117 0.5709499716758728
vt 0.850184977054596 0.5700160264968872
vt 0.7778970003128052 0.4718190133571625
vt 0.7957540154457092 0.47289198637008667
vt 0.8544409871101379 0.44964799284935
vt 0.8484269976615906 0.44821399450302124
vt 0.8240929841995239 0.5694419741630554
vt 0.8404330015182495 0.450531005859375
vt 0.8440939784049988 0.4451090097427368
vt 0.8244929909706116 0.6244360208511353
vt 0.7601680159568787 0.6686310172080994
vt 0.7951020002365112 0.4508819878101349
vt 0.7778580188751221 0.4494349956512451
vt 0.9552069902420044 0.4860439896583557
vt 0.9480879902839661 0.4847559928894043
vt 0.8196660280227661 0.4343400001525879
vt 0.9015550017356873 0.345770001411438
vt 0.9032059907913208 0.3820360004901886
vt 0.8756610155105591 0.45151999592781067
vt 0.7386890053749084 0.43441399931907654
vt 0.7304360270500183 0.43504899740219116
vt 0.5619419813156128 0.9416570067405701
vt 0.5599700212478638 0.933264970779419
vt 0.272381991147995 0.13764500617980957
vt 0.24527299404144287 0.13597600162029266
vt 0.20126500725746155 0.7919149994850159
vt 0.7593920230865479 0.5171509981155396
vt 0.7391369938850403 0.5177350044250488
vt 0.7366060018539429 0.4702860116958618
vt 0.7586309909820557 0.4715220034122467
vt 0.8435860276222229 0.2946709990501404
vt 0.8392279744148254 0.3041140139102936
vt 0.8318399786949158 0.30457600951194763
vt 0.8464829921722412 0.74161297082901
vt 0.8708599805831909 0.7427200078964233
vt 0.8701810240745544 0.7458170056343079
vt 0.6893470287322998 0.6216080188751221
vt 0.7160810232162476 0.6208109855651855
vt 0.7103310227394104 0.47076600790023804
vt 0.2991670072078705 0.13898499310016632
vt 0.23467299342155457 0.8636360168457031
vt 0.7131620049476624 0.5182430148124695
vt 0.7145990133285522 0.5696709752082825
vt 0.24040399491786957 0.2863749861717224
vt 0.24101899564266205 0.3087199926376343
vt 0.7009149789810181 0.4349299967288971
vt 0.7063090205192566 0.4363139867782593
vt 0.6838449835777283 0.47338101267814636
vt 0.6818670034408569 0.45131799578666687
vt 0.7033029794692993 0.4505870044231415
vt 0.5589749813079834 0.9222549796104431
vt 0.6862249970436096 0.5189080238342285
vt 0.6877779960632324 0.5702869892120361
vt 0.3257969915866852 0.13972599804401398
vt 0.3524230122566223 0.1399720013141632
vt 0.2660129964351654 0.3256640136241913
vt 0.24237099289894104 0.32524600625038147
vt 0.24146899580955505 0.2401770055294037
vt 0.26848000288009644 0.2425999939441681
vt 0.2431900054216385 0.18808099627494812
vt 0.27025699615478516 0.18971499800682068
vt 0.37917500734329224 0.13989199697971344
vt 0.29253900051116943 0.32617801427841187
vt 0.29575100541114807 0.24614399671554565
vt 0.29739800095558167 0.19213199615478516
vt 0.40591999888420105 0.13957799971103668
vt 0.3196769952774048 0.326321005821228
vt 0.3226189911365509 0.2436780035495758
vt 0.32413700222969055 0.1915230005979538
vt 0.3469969928264618 0.3262479901313782
vt 0.3493410050868988 0.241690993309021
vt 0.35079899430274963 0.19075199961662292
vt 0.4552600085735321 0.1390720009803772
vt 0.431984007358551 0.13925600051879883
vt 0.374457985162735 0.3263719975948334
vt 0.37633100152015686 0.2417220026254654
vt 0.377595990896225 0.19066500663757324
vt 0.11508399993181229 0.45653200149536133
vt 0.401762992143631 0.3266400098800659
vt 0.40348300337791443 0.2418999969959259
vt 0.4045329988002777 0.1905820071697235
vt 0.4284519851207733 0.32705599069595337
vt 0.43011799454689026 0.24222299456596375
vt 0.430976003408432 0.19061699509620667
vt 0.6752060055732727 0.01484800036996603
vt 0.450888991355896 0.3274860084056854
vt 0.4514800012111664 0.28884100914001465
vt 0.45280298590660095 0.24294300377368927
vt 0.45414701104164124 0.19100500643253326
vt 0.21430599689483643 0.41947099566459656
vt 0.23626300692558289 0.41965800523757935
vt 0.2377530038356781 0.5033659934997559
vt 0.21531899273395538 0.5030850172042847
vt 0.23817799985408783 0.5547850131988525
vt 0.2149530053138733 0.5543199777603149
vt 0.18823400139808655 0.41905900835990906
vt 0.18900200724601746 0.5027109980583191
vt 0.18844999372959137 0.5539529919624329
vt 0.8966349959373474 0.6892099976539612
vt 0.8923599720001221 0.6480349898338318
vt 0.8964210152626038 0.6479319930076599
vt 0.13603900372982025 0.45658400654792786
vt 0.7317669987678528 0.44863399863243103
vt 0.7398899793624878 0.4501839876174927
vt 0.1618870049715042 0.45691901445388794
vt 0.16197200119495392 0.5023249983787537
vt 0.1614460051059723 0.5536019802093506
vt 0.1616310030221939 0.4348619878292084
vt 0.13580599427223206 0.43454399704933167
vt 0.11487500369548798 0.4344559907913208
vt 0.35815900564193726 0.8114410042762756
vt 0.36128199100494385 0.8083549737930298
vt 0.37947899103164673 0.8254280090332031
vt 0.3769179880619049 0.8280879855155945
vt 0.5480089783668518 0.8045269846916199
vt 0.557345986366272 0.8215529918670654
vt 0.0783739984035492 0.5021770000457764
vt 0.07803700119256973 0.553525984287262
vt 0.7085070013999939 0.4480949938297272
vt 0.8921470046043396 0.5963500142097473
vt 0.8967670202255249 0.5964969992637634
vt 0.05248500034213066 0.4566909968852997
vt 0.0523190014064312 0.43457600474357605
vt 0.05243400111794472 0.5022010207176208
vt 0.19769400358200073 0.7290769815444946
vt 0.219200998544693 0.7297300100326538
vt 0.05216100066900253 0.5536059737205505
vt 0.8787699937820435 0.3451550006866455
vt 0.025642000138759613 0.4181259870529175
vt 0.025840999558568 0.5020890235900879
vt 0.02564300037920475 0.553534984588623
vt 0.0031689999159425497 0.4178679883480072
vt 0.002824000082910061 0.5018060207366943
vt 0.0027749999426305294 0.5532439947128296
vt 0.002706000115722418 0.6046559810638428
vt 0.5674359798431396 0.4310680031776428
vt 0.5813890099525452 0.8112040162086487
vt 0.5634509921073914 0.9460600018501282
vt 0.776091992855072 0.3779430091381073
vt 0.5082939863204956 0.8291770219802856
vt 0.5001490116119385 0.8200569748878479
vt 0.9776179790496826 0.06503599882125854
vt 0.9836810231208801 0.06374499946832657
vt 0.9792619943618774 0.07392600178718567
vt 0.9748799800872803 0.07515600323677063
vt 0.2324880063533783 0.9219729900360107
vt 0.6350780129432678 0.9049479961395264
vt 0.43821701407432556 0.9129210114479065
vt 0.6395400166511536 0.88994300365448
vt 0.5880789756774902 0.9055539965629578
vt 0.712240993976593 0.010766999796032906
vt 0.521930992603302 0.8249449729919434
vt 0.5182949900627136 0.8400899767875671
vt 0.5033310055732727 0.8428760170936584
vt 0.6213849782943726 0.8882489800453186
vt 0.5583779811859131 0.8741999864578247
vt 0.5319250226020813 0.8734560012817383
vt 0.5466870069503784 0.8738210201263428
vt 0.5467979907989502 0.8919489979743958
vt 0.5322930216789246 0.891185998916626
vt 0.6058880090713501 0.8891170024871826
vt 0.5831549763679504 0.826574981212616
vt 0.5692650079727173 0.8231269717216492
vt 0.3050830066204071 0.909608006477356
vt 0.7575060129165649 0.43307000398635864
vt 0.7580749988555908 0.44937700033187866
vt 0.5964549779891968 0.8312889933586121
vt 0.9043660163879395 0.6891329884529114
vt 0.41598498821258545 0.7409980297088623
vt 0.3916429877281189 0.7465019822120667
vt 0.26156800985336304 0.9097849726676941
vt 0.26197201013565063 0.8952339887619019
vt 0.2469410002231598 0.9095609784126282
vt 0.2305220067501068 0.9089379906654358
vt 0.30383598804473877 0.865218997001648
vt 0.5473600029945374 0.9093970060348511
vt 0.10497400164604187 0.006085999775677919
vt 0.533752977848053 0.9086440205574036
vt 0.8910660147666931 0.490119993686676
vt 0.8829200267791748 0.4897319972515106
vt 0.5157269835472107 0.856332004070282
vt 0.49986401200294495 0.8576610088348389
vt 0.5325859785079956 0.8554900288581848
vt 0.5579779744148254 0.8381279706954956
vt 0.547012984752655 0.8554099798202515
vt 0.5583789944648743 0.8558139801025391
vt 0.8939639925956726 0.10580000281333923
vt 0.9012870192527771 0.10548099875450134
vt 0.9011430144309998 0.15481600165367126
vt 0.893464982509613 0.1550610065460205
vt 0.2911919951438904 0.7400699853897095
vt 0.26576998829841614 0.7438290119171143
vt 0.8867130279541016 0.6484299898147583
vt 0.8917279839515686 0.5433480143547058
vt 0.8849999904632568 0.5428259968757629
vt 0.4816260039806366 0.0009410000056959689
vt 0.5067340135574341 0.00598399993032217
vt 0.48044100403785706 0.00559299997985363
vt 0.8807460069656372 0.20549200475215912
vt 0.8875619769096375 0.20599399507045746
vt 0.8875489830970764 0.25139498710632324
vt 0.8798379898071289 0.25049498677253723
vt 0.9045670032501221 0.6472529768943787
vt 0.9043200016021729 0.5963119864463806
vt 0.8966689705848694 0.5436620116233826
vt 0.9040849804878235 0.4897890090942383
vt 0.8957710266113281 0.49026599526405334
vt 0.8960919976234436 0.44353199005126953
vt 0.9053419828414917 0.4427349865436554
vt 0.8863570094108582 0.5962899923324585
vt 0.8195800185203552 0.4507020115852356
vt 0.31689000129699707 0.7394819855690002
vt 0.2412939965724945 0.9827790260314941
vt 0.21827000379562378 0.9793540239334106
vt 0.904591977596283 0.4027700126171112
vt 0.8964830040931702 0.059029001742601395
vt 0.9041630029678345 0.05836400017142296
vt 0.8875160217285156 0.27392399311065674
vt 0.9038869738578796 0.5434579849243164
vt 0.3661690056324005 0.7459999918937683
vt 0.35049301385879517 0.9568269848823547
vt 0.532230019569397 0.00841199979186058
vt 0.5579839944839478 0.009467000141739845
vt 0.2605310082435608 0.007631000131368637
vt 0.19853800535202026 0.003639000002294779
vt 0.219977006316185 0.006891000084578991
vt 0.17691099643707275 0.0031059999018907547
vt 0.7642199993133545 0.7501140236854553
vt 0.1497649997472763 0.8452309966087341
vt 0.3356510102748871 0.015413999557495117
vt 0.35992899537086487 0.016752999275922775
vt 0.36043301224708557 0.012698999606072903
vt 0.3609499931335449 0.00943399965763092
vt 0.3847149908542633 0.010412000119686127
vt 0.33011001348495483 0.9649749994277954
vt 0.15604999661445618 0.006277000065892935
vt 0.5832390189170837 0.008000999689102173
vt 0.31124401092529297 0.9744669795036316
vt 0.8403159976005554 0.002773999935016036
vt 0.865975022315979 0.0009410000056959689
vt 0.43501898646354675 0.016575999557971954
vt 0.33709800243377686 0.0073640001937747
vt 0.3365269899368286 0.011088999919593334
vt 0.3116590082645416 0.009363999590277672
vt 0.31227099895477295 0.005408000200986862
vt 0.19948899745941162 0.7896270155906677
vt 0.11838199943304062 0.006972000002861023
vt 0.4574970006942749 0.011880000121891499
vt 0.2218790054321289 0.7786759734153748
vt 0.5873910188674927 0.7383059859275818
vt 0.2970049977302551 0.7713760137557983
vt 0.2200849950313568 0.7756080031394958
vt 0.58815598487854 0.7417910099029541
vt 0.17577500641345978 0.7278519868850708
vt 0.6538879871368408 0.011730999685823917
vt 0.6763550043106079 0.011075999587774277
vt 0.1511719971895218 0.7331939935684204
vt 0.8338900208473206 0.32082000374794006
vt 0.841605007648468 0.32044699788093567
vt 0.8451020121574402 0.3302600085735321
vt 0.8302639722824097 0.3308179974555969
vt 0.17443899810314178 0.7317730188369751
vt 0.17285899817943573 0.7353039979934692
vt 0.5152760148048401 0.7357169985771179
vt 0.6871960163116455 0.008953999727964401
vt 0.4916360080242157 0.7401869893074036
vt 0.33229100704193115 0.9682210087776184
vt 0.3126089870929718 0.9777550101280212
vt 0.3738139867782593 0.951894998550415
vt 0.35306400060653687 0.9599109888076782
vt 0.38857701420783997 0.8500040173530579
vt 0.3908819854259491 0.9412599802017212
vt 0.39757800102233887 0.9227340221405029
vt 0.39550599455833435 0.8978139758110046
vt 0.3422209918498993 0.7423760294914246
vt 0.3952549993991852 0.8713740110397339
vt 0.3913240134716034 0.8471940159797668
vt 0.5947440266609192 0.31916001439094543
vt 0.197626993060112 0.7875509858131409
vt 0.45107701420783997 0.3111090064048767
vt 0.14053699374198914 0.8687120079994202
vt 0.03636699914932251 0.7312800288200378
vt 0.016318000853061676 0.7309889793395996
vt 0.6738499999046326 0.7466390132904053
vt 0.7439529895782471 0.7415210008621216
vt 0.744629979133606 0.7453340291976929
vt 0.6802530288696289 0.43483299016952515
vt 0.7205820083618164 0.7439690232276917
vt 0.6963549852371216 0.7490350008010864
vt 0.2867090106010437 0.005617999937385321
vt 0.28716200590133667 0.0028750000055879354
vt 0.261245995759964 0.00419300002977252
vt 0.26203298568725586 0.0009410000056959689
vt 0.6970419883728027 0.7524880170822144
vt 0.7215579748153687 0.747497022151947
vt 0.7225649952888489 0.7518640160560608
vt 0.6976240277290344 0.7557960152626038
vt 0.7454249858856201 0.7501729726791382
vt 0.8209890127182007 0.7406200170516968
vt 0.2595899999141693 0.9822970032691956
vt 0.2780570089817047 0.7671729922294617
vt 0.1357329934835434 0.00904799997806549
vt 0.7751359939575195 0.3419339954853058
vt 0.834276020526886 0.45005300641059875
vt 0.05069800093770027 0.30776599049568176
vt 0.07652000337839127 0.3078809976577759
vt 0.7120789885520935 0.44434601068496704
vt 0.8294559717178345 0.4239810109138489
vt 0.8447589874267578 0.4246219992637634
vt 0.006802999880164862 0.0714000016450882
vt 0.8553770184516907 0.320125013589859
vt 0.8484399914741516 0.3182010054588318
vt 0.8482800126075745 0.3065899908542633
vt 0.9506499767303467 0.44996100664138794
vt 0.944920003414154 0.46116799116134644
vt 0.9452509880065918 0.44759601354599
vt 0.8260350227355957 0.43537598848342896
vt 0.9399129748344421 0.4463759958744049
vt 0.9398030042648315 0.4601680040359497
vt 0.9361720085144043 0.46033599972724915
vt 0.9363920092582703 0.4468280076980591
vt 0.9720020294189453 0.4788079857826233
vt 0.9665799736976624 0.4821609854698181
vt 0.9632149934768677 0.47389599680900574
vt 0.9682869911193848 0.47196701169013977
vt 0.8435440063476562 0.3095040023326874
vt 0.8289949893951416 0.3091300129890442
vt 0.8261610269546509 0.31957799196243286
vt 0.8300920128822327 0.31556200981140137
vt 0.8331639766693115 0.4331119954586029
vt 0.8298529982566833 0.438634991645813
vt 0.9712910056114197 0.4704650044441223
vt 0.9764770269393921 0.4728719890117645
vt 0.8261820077896118 0.4493989944458008
vt 0.8308849930763245 0.44531598687171936
vt 0.9374840259552002 0.47780200839042664
vt 0.9335619807243347 0.47548800706863403
vt 0.9350129961967468 0.47099700570106506
vt 0.9386399984359741 0.47204700112342834
vt 0.942326009273529 0.48140400648117065
vt 0.9442830085754395 0.473688006401062
vt 0.970291018486023 0.45939901471138
vt 0.9673370122909546 0.46065500378608704
vt 0.9582499861717224 0.43970099091529846
vt 0.9544199705123901 0.43935298919677734
vt 0.955528974533081 0.42456600069999695
vt 0.9599660038948059 0.424699991941452
vt 0.9606260061264038 0.4848400056362152
vt 0.9587810039520264 0.47523799538612366
vt 0.8431419730186462 0.43860599398612976
vt 0.8396430015563965 0.4335080087184906
vt 0.8484339714050293 0.43687599897384644
vt 0.971231997013092 0.44599100947380066
vt 0.9683340191841125 0.4475579857826233
vt 0.9573969841003418 0.4638949930667877
vt 0.9540730118751526 0.4516009986400604
vt 0.9570209980010986 0.4520910084247589
vt 0.9507189989089966 0.4370189905166626
vt 0.9533259868621826 0.38774800300598145
vt 0.9491479992866516 0.387474000453949
vt 0.9496880173683167 0.3714590072631836
vt 0.9537990093231201 0.3713679909706116
vt 0.9383590221405029 0.40193799138069153
vt 0.9399049878120422 0.41694799065589905
vt 0.935483992099762 0.4170140027999878
vt 0.9331809878349304 0.40192699432373047
vt 0.9760040044784546 0.41758599877357483
vt 0.9740340113639832 0.43160301446914673
vt 0.9709050059318542 0.43316900730133057
vt 0.9722610116004944 0.4186060130596161
vt 0.9501680135726929 0.40517500042915344
vt 0.9511690139770508 0.4224109947681427
vt 0.9455779790878296 0.41887998580932617
vt 0.9442970156669617 0.40312400460243225
vt 0.9453750252723694 0.43343499302864075
vt 0.9764130115509033 0.40293899178504944
vt 0.9718359708786011 0.40331900119781494
vt 0.9387239813804626 0.35766398906707764
vt 0.9367939829826355 0.3714999854564667
vt 0.9317709803581238 0.3710710108280182
vt 0.9339960217475891 0.357030987739563
vt 0.954459011554718 0.4062969982624054
vt 0.9594110250473022 0.40648001432418823
vt 0.9428079724311829 0.38690900802612305
vt 0.9545149803161621 0.345876008272171
vt 0.950905978679657 0.34586799144744873
vt 0.9512360095977783 0.33206498622894287
vt 0.9553679823875427 0.33222299814224243
vt 0.9765939712524414 0.37264299392700195
vt 0.9766929745674133 0.3876500129699707
vt 0.9720190167427063 0.3875580132007599
vt 0.9720529913902283 0.3723990023136139
vt 0.9507240056991577 0.35777899622917175
vt 0.9430199861526489 0.3715820014476776
vt 0.944582998752594 0.35784101486206055
vt 0.9750940203666687 0.35876399278640747
vt 0.9707329869270325 0.35850000381469727
vt 0.9584490060806274 0.3714210093021393
vt 0.9543089866638184 0.3576599955558777
vt 0.9582499861717224 0.3575429916381836
vt 0.9453549981117249 0.3457140028476715
vt 0.9751290082931519 0.3347269892692566
vt 0.9741119742393494 0.3470480144023895
vt 0.9698740243911743 0.3465209901332855
vt 0.9708269834518433 0.3338879942893982
vt 0.9452080130577087 0.33202800154685974
vt 0.9523630142211914 0.31686198711395264
vt 0.9451550245285034 0.31747499108314514
vt 0.9772769808769226 0.32258498668670654
vt 0.9728590250015259 0.3209879994392395
vt 0.9583560228347778 0.3457750082015991
vt 0.9596019983291626 0.3324570059776306
vt 0.9572010040283203 0.3174450099468231
vt 0.961758017539978 0.3184260129928589
vt 0.9668340086936951 0.31945300102233887
vt 0.97148597240448 0.3089730143547058
vt 0.9776939749717712 0.3128100037574768
vt 0.9643319845199585 0.3058910071849823
vt 0.9436969757080078 0.3078269958496094
vt 0.950534999370575 0.3045699894428253
vt 0.9372140169143677 0.3111180067062378
vt 0.938444972038269 0.31888899207115173
vt 0.9396920204162598 0.33225899934768677
vt 0.9647679924964905 0.33285999298095703
vt 0.9636030197143555 0.3458330035209656
vt 0.933443009853363 0.3202250003814697
vt 0.931410014629364 0.3135730028152466
vt 0.9400569796562195 0.3454740047454834
vt 0.9640780091285706 0.3577420115470886
vt 0.9650880098342896 0.37171000242233276
vt 0.9350569844245911 0.3323740065097809
vt 0.9650989770889282 0.38771501183509827
vt 0.9583100080490112 0.38786301016807556
vt 0.9355400204658508 0.3449920117855072
vt 0.9366629719734192 0.3864949941635132
vt 0.965366005897522 0.4050559997558594
vt 0.9660810232162476 0.4218110144138336
vt 0.964697003364563 0.43691399693489075
vt 0.931410014629364 0.3863469958305359
vt 0.9398919939994812 0.4315730035305023
vt 0.9623860120773315 0.4504069983959198
vt 0.9620739817619324 0.46265000104904175
vt 0.9360659718513489 0.431863009929657
vt 0.957705020904541 0.3039569854736328
vt 0.844307005405426 0.31589800119400024
vt 0.9829530119895935 0.31737300753593445
vt 0.773281991481781 0.18522000312805176
vt 0.48601898550987244 0.3193010091781616
vt 0.7747349739074707 0.321274995803833
vt 0.6707000136375427 0.3750639855861664
vt 0.8796319961547852 0.27285000681877136
vt 0.7109379768371582 0.3156859874725342
vt 0.7130280137062073 0.3201119899749756
vt 0.7268450260162354 0.30853500962257385
vt 0.733718991279602 0.3052450120449066
vt 0.9054139852523804 0.41966599225997925
vt 0.6707730293273926 0.3192090094089508
vt 0.6707720160484314 0.33952999114990234
vt 0.7729399800300598 0.1332949995994568
vt 0.6717870235443115 0.44692501425743103
vt 0.7188180088996887 0.3203420042991638
vt 0.6804180145263672 0.32192400097846985
vt 0.8697540163993835 0.7486259937286377
vt 0.024251999333500862 0.30749401450157166
vt 0.0013409999664872885 0.3071550130844116
vt 0.16004100441932678 0.30861198902130127
vt 0.18727800250053406 0.3088119924068451
vt 0.21390800178050995 0.3089100122451782
vt 0.23655200004577637 0.30890199542045593
vt 0.4269370138645172 0.43904000520706177
vt 0.4498730003833771 0.4391539990901947
vt 0.4002389907836914 0.4387190043926239
vt 0.37314799427986145 0.4382629990577698
vt 0.34617599844932556 0.437716007232666
vt 0.3194890022277832 0.43723300099372864
vt 0.2926880121231079 0.4370039999485016
vt 0.26596799492836 0.4370650053024292
vt 0.24099500477313995 0.43712300062179565
vt 0.7564470171928406 0.32104599475860596
vt 0.8768879771232605 0.3209890127182007
vt 0.4604310095310211 0.33965399861335754
vt 0.46029898524284363 0.31883901357650757
vt 0.9599660038948059 0.15353600680828094
vt 0.9604330062866211 0.16947099566459656
vt 0.9559760093688965 0.1716179996728897
vt 0.9559860229492188 0.15484899282455444
vt 0.9544939994812012 0.06973399966955185
vt 0.9539690017700195 0.05484199896454811
vt 0.9597769975662231 0.057110000401735306
vt 0.9582089781761169 0.0711119994521141
vt 0.4597780108451843 0.37625598907470703
vt 0.98198002576828 0.21814900636672974
vt 0.9771289825439453 0.21821799874305725
vt 0.9747539758682251 0.20547699928283691
vt 0.9790779948234558 0.20566600561141968
vt 0.9461629986763 0.22620700299739838
vt 0.9432290196418762 0.23853799700737
vt 0.9362679719924927 0.2319899946451187
vt 0.939640998840332 0.22082500159740448
vt 0.7117549777030945 0.3096199929714203
vt 0.9638890027999878 0.22565199434757233
vt 0.9660019874572754 0.23869800567626953
vt 0.9579910039901733 0.24383799731731415
vt 0.9577599763870239 0.22892199456691742
vt 0.7240949869155884 0.3152199983596802
vt 0.9530760049819946 0.22961799800395966
vt 0.9536539912223816 0.2157900035381317
vt 0.9579169750213623 0.21489299833774567
vt 0.7240650057792664 0.43836599588394165
vt 0.7189229726791382 0.4331839978694916
vt 0.9934710264205933 0.2271910011768341
vt 0.9865229725837708 0.22698000073432922
vt 0.9864889979362488 0.21891699731349945
vt 0.9632459878921509 0.21190400421619415
vt 0.7247239947319031 0.4448300004005432
vt 0.9830080270767212 0.2075289934873581
vt 0.9804689884185791 0.2281460016965866
vt 0.9736610054969788 0.23196500539779663
vt 0.9710609912872314 0.2206680029630661
vt 0.9513620138168335 0.24349500238895416
vt 0.9693459868431091 0.20761500298976898
vt 0.9732369780540466 0.1925469934940338
vt 0.9774730205535889 0.19271600246429443
vt 0.9677879810333252 0.19464099407196045
vt 0.9619060158729553 0.19871599972248077
vt 0.9608759880065918 0.18475300073623657
vt 0.956358015537262 0.18752700090408325
vt 0.9530929923057556 0.20245200395584106
vt 0.9571130275726318 0.20157599449157715
vt 0.9666619896888733 0.18087700009346008
vt 0.9797679781913757 0.1807900071144104
vt 0.9763100147247314 0.1790360063314438
vt 0.9755430221557617 0.16530700027942657
vt 0.9790260195732117 0.16651099920272827
vt 0.9521620273590088 0.1882220059633255
vt 0.9513170123100281 0.1555889993906021
vt 0.9512900114059448 0.139723002910614
vt 0.955839991569519 0.1387680023908615
vt 0.9721329808235168 0.17894099652767181
vt 0.9712690114974976 0.1652050018310547
vt 0.965815007686615 0.16656099259853363
vt 0.9652659893035889 0.15196500718593597
vt 0.959210991859436 0.11238999664783478
vt 0.9591050148010254 0.1245729997754097
vt 0.9556630253791809 0.12465800344944
vt 0.9556260108947754 0.11180000007152557
vt 0.9513630270957947 0.11202800273895264
vt 0.9515050053596497 0.09759200364351273
vt 0.9554849863052368 0.09789799898862839
vt 0.9514049887657166 0.1721539944410324
vt 0.9595410227775574 0.1380780041217804
vt 0.9648630023002625 0.13777899742126465
vt 0.9586459994316101 0.08523400127887726
vt 0.9551029801368713 0.08349800109863281
vt 0.9748070240020752 0.13881200551986694
vt 0.9701830148696899 0.13825200498104095
vt 0.9696499705314636 0.1259309947490692
vt 0.9741610288619995 0.12636800110340118
vt 0.9644790291786194 0.12512899935245514
vt 0.9694809913635254 0.11464700102806091
vt 0.9736639857292175 0.11472100019454956
vt 0.964618980884552 0.11372599750757217
vt 0.9646580219268799 0.07400800287723541
vt 0.96458500623703 0.08838099986314774
vt 0.9514240026473999 0.12540699541568756
vt 0.9776660203933716 0.08688899874687195
vt 0.9737560153007507 0.08918499946594238
vt 0.9592350125312805 0.09937699884176254
vt 0.9648140072822571 0.10190299898386002
vt 0.9735810160636902 0.10265500098466873
vt 0.9695990085601807 0.10307099670171738
vt 0.9697309732437134 0.0898509994149208
vt 0.9515470266342163 0.08302599936723709
vt 0.9508680105209351 0.06943900138139725
vt 0.9457250237464905 0.07087700068950653
vt 0.9396899938583374 0.07491300255060196
vt 0.9362679719924927 0.06366200000047684
vt 0.9420469999313354 0.058494001626968384
vt 0.9484879970550537 0.055539000779390335
vt 0.9662399888038635 0.061430998146533966
vt 0.9722570180892944 0.06438600271940231
vt 0.9704089760780334 0.07560800015926361
vt 0.9463480114936829 0.08450400084257126
vt 0.9401900172233582 0.08851899951696396
vt 0.9458439946174622 0.09910699725151062
vt 0.939640998840332 0.10250700265169144
vt 0.9454240202903748 0.11332999914884567
vt 0.9395149946212769 0.11533199995756149
vt 0.9455350041389465 0.126569002866745
vt 0.9398189783096313 0.12745599448680878
vt 0.9774429798126221 0.1008640006184578
vt 0.9454830288887024 0.14041900634765625
vt 0.9398450255393982 0.14027999341487885
vt 0.9456110000610352 0.15506300330162048
vt 0.940106987953186 0.1536950021982193
vt 0.9782379865646362 0.12623600661754608
vt 0.9776250123977661 0.11388999968767166
vt 0.9706810116767883 0.15154600143432617
vt 0.9453459978103638 0.1700350046157837
vt 0.9400429725646973 0.16728100180625916
vt 0.9789549708366394 0.13922899961471558
vt 0.9455999732017517 0.18540999293327332
vt 0.9400240182876587 0.18135400116443634
vt 0.9753249883651733 0.15190699696540833
vt 0.979390025138855 0.15276800096035004
vt 0.9463130235671997 0.19972500205039978
vt 0.9402880072593689 0.19524000585079193
vt 0.9468790292739868 0.21298600733280182
vt 0.9403669834136963 0.20831100642681122
vt 0.981086015701294 0.1947139948606491
vt 0.7107620239257812 0.43828099966049194
vt 0.7125869989395142 0.4333829879760742
vn 0.3751749286855102 0.3111029856243248 -0.8731888141870883
vn 0.12229602908435878 0.2841231027312675 -0.950956225998103
vn 0.17262004854078766 0.49271216292506026 -0.8528991988198167
vn 0.4515950099406848 0.4447540398315827 -0.7734699677751941
vn 0.10573504134634004 0.6310173173044309 -0.7685292748447564
vn 0.18596103961630073 0.604022184804705 -0.7749681877397133
vn 0.1015379774356451 0.48754989612973204 -0.867170766298176
vn 0.9421456040172962 0.26699089710973656 -0.20267590308525157
vn 0.9488689888649623 0.3026399946241854 -0.08975898631477942
vn 0.9899742394521086 0.12183202858602253 -0.07147000791824121
vn 0.9861422841888922 0.10867503992856184 -0.12535202842890056
vn 0.08730905374480584 0.8049984712295841 -0.586817339938263
vn 0.1945690181501619 0.768152072482786 -0.6099879430910765
vn 0.1417729611838996 0.9166956966641004 0.3735899184863911
vn 0.10467501526118014 0.9321750665695602 0.346544061334353
vn 0.1605120749203935 0.9837694804851423 -0.08020899619583269
vn 0.13276900482939263 0.9867420419991524 -0.09334095514807982
vn -0.0049989992382237 0.7457698277434784 0.6661849398133215
vn 0.02188799384087798 0.9872286431552751 0.15779899194676722
vn 0.025281011694931008 0.9992354381645192 -0.029822970406085305
vn 0.030194005869062283 0.8093861415454244 0.5865001243680938
vn 0.006873995395774732 -0.8465004186288028 -0.5323436760670316
vn 0.04511198577298138 -0.8745657805335709 -0.4828038983472732
vn 0.03427401453306857 -0.9868354428090873 -0.15805410701269204
vn 0.010661995031531167 -0.9891155619720862 -0.14675396732828636
vn 0.07950001582544045 0.9277462087950004 -0.36464601951791314
vn 0.18233603824614095 0.9133702222553558 -0.3640170411586572
vn 0.1945690181501619 0.768152072482786 -0.6099879430910765
vn 0.08730905374480584 0.8049984712295841 -0.586817339938263
vn 0.0423789998462585 -0.48926296641590106 -0.8711060613185649
vn 0.04511198577298138 -0.8745657805335709 -0.4828038983472732
vn 0.006873995395774732 -0.8465004186288028 -0.5323436760670316
vn -0.004292999068074271 -0.4483778529727934 -0.8938338050904707
vn 0.10397903567364666 0.9683173347948963 -0.2270460289811019
vn 0.1641229171795433 0.9684484864273988 -0.18753985494544145
vn 0.9715316631663787 -0.2184459384684626 0.09169296282595886
vn 0.987023546960122 0.11126005380872389 0.11578306513795517
vn 0.9949890623927601 0.08735900599855861 0.04863301131659504
vn 0.9800588182830005 -0.1939839561058896 0.043068985119655644
vn -0.014579007051514098 -0.35255515870115756 -0.9356774618566984
vn -0.009568995299975222 -0.3723537621197062 -0.9280415454947318
vn 0.0011919996040007422 -0.7952947246470835 -0.6062218076623965
vn -0.0031770000117726667 -0.7907019672889354 -0.6121930296861705
vn 0.1046610291477465 0.9845512618443846 0.1403740780142994
vn 0.1547539172350363 0.9823004760957477 0.10553198454724014
vn 0.16395298116448173 0.958981801824731 0.231242997161582
vn 0.2165389237078707 0.9271806460885853 0.30569092894325556
vn 0.5931228265180418 0.8042517522731971 -0.037207951149461856
vn 0.32091111241054254 0.9442154007777278 -0.07398199014343279
vn 0.23079289501292102 0.9433855895433517 0.23823994008876323
vn 0.5817739527329199 0.7961208966289244 0.1665250307679653
vn 0.4974472708338986 0.6959863100529682 0.5178313132273478
vn 0.30373196401995967 0.8193337925337546 0.4862499670383865
vn 0.33144180039569415 0.769756496561848 0.5455467614708117
vn 0.6070862666147914 0.640899243898542 0.4697812512840328
vn 0.13490300545106648 0.805803045622069 0.5766130685186276
vn 0.15516708154264094 0.858877483040045 0.48811130486021004
vn 0.572345650927431 0.6348706596674085 0.518998748898227
vn 0.292261104094586 0.7019641837714677 0.6494842043771895
vn 0.19952601762863287 0.5047630067405784 0.8398831319388843
vn 0.4558081043204037 0.5185690477028366 0.7234121334346095
vn 0.12080999818398533 0.7157679264232849 0.6878089995358425
vn 0.33144180039569415 0.769756496561848 0.5455467614708117
vn 0.13490300545106648 0.805803045622069 0.5766130685186276
vn 0.9730513921367734 0.09496102859322524 0.21012708371174757
vn 0.9822208491013562 0.053210982381947165 0.18002998345986343
vn 0.9813540940808891 0.0021979917523107036 0.19219602197479072
vn 0.9853542203289106 0.0020999928857239948 0.17050703947310963
vn 0.08936701597206502 0.4728150422118596 0.8766182021350265
vn 0.29021601539421654 0.7032740106283908 0.6489840756007516
vn 0.11488294104813854 0.8516885686306094 0.5113007841966154
vn 0.12914399203447924 0.9532409344645321 0.27322801866313823
vn 0.33500307154197295 0.894929200120563 0.29474509127212495
vn 0.9792338188048817 0.009250990177434746 0.2025229549694187
vn 0.8652841264309841 0.025883981875448814 0.5006130242301333
vn 0.8489905333474767 -0.20996615255366452 0.4849013188971324
vn 0.9570490467935254 -0.19028102625746618 0.2187470070149762
vn 0.06721099143554715 0.24852891810387587 0.9662898423849688
vn 0.11919506228816901 0.22294906841901105 0.967515503760645
vn -0.12958005305940076 0.9887224041548427 0.07508007306463226
vn -0.07756697249796574 0.9955805937525998 0.052940023807332606
vn -0.111477993680068 0.9615449174714085 0.25100603301508306
vn -0.282812923399134 0.9134507058011927 0.2926169141210717
vn 0.06936797991004286 -0.9974887012484929 0.014295952042277786
vn 0.14755304321916102 -0.9889512955290957 -0.014263046942623517
vn 0.10085603805883461 -0.9947263798501698 -0.01864105193520197
vn 0.08244900087923814 -0.9962991081798269 -0.024295046698807315
vn 0.08926399939484915 0.12566996413682846 0.9880480750074282
vn 0.12878498055759882 0.04223195106062758 0.9907728756341646
vn 0.016236997417005933 0.10530102404521416 -0.9943078267065534
vn 0.022307005898003433 0.34375515556690334 -0.9387943281193387
vn 0.027671011862606686 0.37052720303365405 -0.9284093423240402
vn -0.014217997296817 0.1264440201060256 -0.9918718457201487
vn 0.8953761025449711 -0.4441700349039995 -0.0318530231651116
vn 0.9086836663554175 -0.41412982774411516 -0.052824996654100724
vn 0.4130901319992717 -0.9047802474336033 -0.10358207711188198
vn 0.41500798881581374 -0.9052969344795031 -0.0905860344703731
vn 0.07987997745583032 -0.05518503039405874 0.9952757415018527
vn 0.1531839399697976 -0.029754032347341634 0.9877496535531677
vn 0.6946694809515088 -0.19193987327213421 0.6932484383558598
vn 0.6529918445273325 0.02022596160488046 0.7570948166893958
vn 0.5747081255171066 0.020950969718547464 0.8180902317791517
vn 0.5951649206959287 -0.14147701529622383 0.7910518132940982
vn 0.9528200604770154 -0.21488102814698595 0.21438301260844136
vn 0.9180209118218169 -0.24842298101647808 0.30906896958563523
vn 0.8691989770172558 -0.30947400791983276 0.38564099467534735
vn 0.9463550550492528 0.11703799227649135 0.30118801129296907
vn 0.022994005608087467 -0.29485208421450737 0.9552662059030751
vn 0.09273204048317363 -0.2476111582506407 0.964411469745981
vn 0.3726499046085332 0.6610837828826236 0.6512298216488946
vn 0.36698695144045174 0.7346868686841175 0.570574957788694
vn 0.6558189019380295 0.5604438838198411 0.5057709174613839
vn 0.644114743969547 0.5401108122299582 0.5416608783301042
vn -0.005987002159310498 -0.6085222349512033 0.7935142376637845
vn 0.005281001793736383 -0.687337251288239 0.7263192232149601
vn 0.8094843366743443 0.5793472897259118 0.09535107008386146
vn 0.8999189706778772 0.07405402131785126 -0.42972299000719666
vn 0.8610851737987181 -0.0037229786382723417 -0.5084471092395847
vn 0.7279264431104042 0.6692074098637274 -0.14928005896340152
vn 0.051364984387418974 0.29969688886772344 0.9526507299015141
vn 0.04410299913362992 0.4715609437708675 0.8807299255602412
vn -0.2723130956117457 0.9518013945075559 0.14113710841525756
vn -0.20677704047307652 0.9779571997382063 -0.029033963101888247
vn -0.603508840066292 0.7925977689455747 -0.08698193274661215
vn -0.5756420469019838 0.8037360807165663 0.1504810499460564
vn 0.04388901477546406 -0.9765773254524485 0.21064301980882696
vn 0.1576850583762711 -0.7249252587356917 0.6705361970929402
vn 0.006212002211652091 -0.9520864028594755 0.3057660748327499
vn 0.020731007321722793 -0.8936712783211153 0.44824309435766035
vn 0.0717789853626177 -0.9961467910274296 0.050391943662327764
vn 0.04388901477546406 -0.9765773254524485 0.21064301980882696
vn 0.006212002211652091 -0.9520864028594755 0.3057660748327499
vn 0.07119701392743301 -0.9911921694448759 0.11166498304740577
vn 0.07188797439868466 -0.9953066259853612 -0.06478301788656095
vn 0.0490330080396218 -0.9907350984626876 -0.1266480508997865
vn 0.05043201854453746 -0.9909264178065532 -0.12458509541111108
vn 0.0477070142043944 -0.9952732789860832 -0.08458806613223942
vn -0.16141202914336444 -0.9859411340865945 0.04319996485949508
vn -0.3597879121180492 -0.9329687386187442 0.011044956038125955
vn -0.26862501945310396 -0.9599091321034492 -0.08009405114128275
vn -0.10736706181910892 -0.9850525181520042 -0.1346991110539602
vn 0.037118000803126217 -0.9886400834827366 0.14564696820609352
vn 0.020731007321722793 -0.8936712783211153 0.44824309435766035
vn 0.03488199682977028 0.09343803278748228 -0.9950138593637645
vn 0.09473502394081189 0.08802406181975928 -0.9916032673300774
vn 0.08195996343775415 -0.07386592283436151 -0.9938945566996078
vn 0.0377920187794612 -0.07353299076148001 -0.9965764710177765
vn 0.03234000817422556 -0.9990302128593819 -0.029879050611246745
vn 0.15888296427096138 -0.9872477878277915 0.00989995422234532
vn 0.0983969577715775 -0.9948055245555782 0.02607694412693555
vn 0.02796399598181895 -0.9992978601000484 0.024935952522270106
vn -0.011492996913063984 -0.3028759295843518 0.9529606929461315
vn 0.01823499090491323 -0.1010269949155615 0.9947165583245454
vn 0.008386000570834001 -0.9999020786010064 -0.01120304439928684
vn 0.0007470004043507268 -0.9999995225173335 -0.0006300440467777229
vn 0.0029680003131448227 -0.9999910622537936 -0.003011044116306505
vn 0.019194998209462917 -0.9994288859463383 -0.027811040609800126
vn 0.002897000208223434 -0.9999911308959208 -0.0030570442081618854
vn 0.025755003557042015 -0.9996091302097672 -0.010875044507937387
vn 0.0030639993129322586 -0.9998358213653605 0.017858953576992805
vn 0.13334596849490196 -0.9910637144934724 0.0034009558299717855
vn 0.3318201123270961 -0.9433093151252133 -0.007934043939518989
vn 0.23905300292170617 -0.9709980154669509 0.004063957843994534
vn 0.16850799810434516 -0.9856930386785937 0.003779957066705596
vn 0.9970740300800256 0.04280400275337096 -0.06333400262311997
vn 0.9996933825735589 0.007036003824040859 -0.023741008589017943
vn 0.9992671203041269 0.010905003685591698 -0.03669200422047025
vn 0.994151911767684 0.059722998746713496 -0.08997299455591709
vn 0.061372014589307994 0.9085512188529172 -0.41324104170100084
vn 0.023423998912002867 0.8117580399041903 -0.5835239506017535
vn -0.0004449998981436607 -0.9999837926245717 0.005675954833170357
vn -0.0014449994834128373 -0.9999976583961148 0.0016109558592457178
vn -0.00026500003963303057 -0.9999971422988553 0.002375956460457182
vn -0.000473000193653498 -0.9999853891395797 0.0053849585124095545
vn 0.04528700485443524 -0.9972231620811489 0.059118966501359
vn 0.6703231602844006 -0.720613138598576 -0.17715407211081413
vn 0.40675306029238195 -0.9102241297812704 -0.07774304796385885
vn 0.3183178414327301 -0.9479144848917505 0.011483952194905578
vn 0.6885142430140401 -0.713325267103696 -0.13082507587708225
vn 0.21306907509269576 0.07684707204677706 -0.9740103165557235
vn 0.07197200830666563 0.059586054630662945 -0.9956251966045541
vn 0.14309101911356645 -0.9862802323026277 -0.08231806374129251
vn 0.4581738234235129 -0.8868026415032445 0.06047993512188871
vn 0.44950607001758547 -0.8932771011623536 0.000559961005533962
vn 0.21306294657700228 -0.9665287200992715 -0.14292100622088413
vn 0.9780625440505915 0.04139097402140237 0.20415789770382187
vn 0.9443188340259047 -0.3131829454098241 0.10088796959193407
vn 0.9305721760591537 0.3402870703958771 0.13505604342613817
vn 0.8792628669134706 0.43642392035581146 0.19086899331313345
vn -0.2668219291367397 0.506459886756508 -0.819941730392065
vn -0.40602115513685527 0.5548552094053688 -0.7261422162201133
vn -0.2876899957852568 0.558776020310562 -0.7778199183943347
vn -0.23399609027617416 0.4626102169426925 -0.8551243283381076
vn 0.07133700133616755 -0.9966630163641393 0.039671955488717325
vn 0.04915297754954422 -0.9986965022551247 0.013757949752543292
vn 0.02212199166933666 -0.9970366258972312 0.07367892577967201
vn 0.13086903498243047 -0.9897812999544926 0.05662396968742208
vn -0.0804810223814318 -0.9957622552777214 0.04450096628911889
vn -0.2602589475088221 -0.964225788531493 0.05033794763814717
vn 0.04194000097961303 -0.987335044798705 -0.15300505099560965
vn 0.015215997103278795 -0.9928337577682317 -0.11853102069907753
vn 0.9791724005812585 -0.18633189292712063 -0.08063396069976458
vn 0.9862022303555119 0.04139501889120176 -0.16028603573864705
vn 0.9916028700306954 -0.0807059862131882 -0.10104598921404306
vn 0.9628475125089114 -0.2640768810650675 -0.05646298382434207
vn 0.9970306422581066 -0.01274999910100358 0.07594297809088167
vn 0.9881525798370209 -0.11050996165183287 0.1064989546293783
vn 0.9951106705526496 -0.00811800171289127 0.09843196330687361
vn 0.9978088123894093 -0.022709000315139997 0.06214398782443549
vn 0.6957909797720465 -0.7114499581354649 0.0985589647718607
vn 0.7290758302656383 -0.6809547994191226 0.06891295139908594
vn -0.10820496928317366 -0.9893336856632009 -0.0975220130765065
vn -0.15217998484264628 -0.9839898894195438 0.0927639463013823
vn 0.41539681369875164 -0.1942178694512391 -0.8886646759913136
vn 0.21552199295342359 -0.12089894951303995 -0.9689859207233239
vn 0.12244795448564703 0.011811039196928169 -0.9924046542592239
vn 0.33091902110286814 0.0023900414742375415 -0.9436561286687386
vn 0.026723987474457006 0.1328069900598939 -0.9907815762743554
vn 0.0785409602386718 0.09935598910520943 -0.99194743055956
vn 0.07823800149873447 0.26207802920226403 -0.9618700129076388
vn 0.8903387308901793 -0.4550638545188527 -0.01462301567082459
vn 0.4379748057899135 -0.8974986581768553 0.05171293903881178
vn 0.32403714109894793 -0.9454754491367586 -0.03280405871328996
vn 0.10387203112701969 0.05806506259495969 -0.9928942791936062
vn 0.806203109926579 -0.5704200812331328 0.15702699280919422
vn 0.00832200064672 -0.9886511289556845 0.14999896506271848
vn 0.00823400175233235 -0.8441161805301131 0.5360970760808124
vn 0.9963824081687556 -0.022994013676736424 0.08181303091112788
vn 0.9963722447234197 -0.024922010678428218 0.08137102265891688
vn 0.993189740843183 0.05357398324835831 0.10345997778250139
vn 0.9927606610338603 0.06473097526033933 0.10117396278419699
vn 0.02688998715743542 -0.18609095841020945 0.9821644891710568
vn 0.024541990083117016 -0.3712399000396348 0.928212598137583
vn -0.002904999789272642 -0.3649850026869175 0.9310088661177484
vn -0.0012399996478115716 -0.18461699382057636 0.9828097618529879
vn 0.14395091666904716 -0.06979492093328561 -0.9871204600260587
vn -0.5860250996632361 0.3463411240096436 -0.732545157914808
vn -0.8716768233758311 0.2694299875902031 -0.40937390900808907
vn -0.9154333538422829 0.2970661467702222 -0.2715390931636958
vn -0.6813511170019741 0.4502171081979322 -0.5771180215918174
vn 0.9631646055092362 -0.2430429155276973 0.11508294359301917
vn 0.9061248742325683 -0.4131099252261159 0.09098297630153383
vn 0.9015607998178298 -0.4277029143951837 0.06525596715781203
vn 0.9779792766202826 -0.18995006591996474 0.08646101409461882
vn -0.9613611654997127 0.2747450280679498 0.01731701535991559
vn -0.9975295948385321 -0.039577984624533616 0.058036975751104176
vn -0.9901749295906724 -0.13064298779761577 0.04985998946469094
vn -0.9440729405149272 0.3297269658942255 -0.0025319853251643616
vn 0.8900598580694324 -0.431123920990857 -0.1480730016001942
vn 0.8600730644892302 -0.5072980351367982 -0.05406502831265759
vn 0.3272780599323349 -0.9429801762914456 -0.06064205313378748
vn 0.4831987213759949 0.13166697155267265 -0.8655534670156149
vn -0.8649248810802103 -0.2590259344019642 -0.4298959355420488
vn -0.915812799524648 -0.15669293731648537 -0.3697759316423376
vn -0.9064933985272147 -0.22063308217487518 -0.35998716848881585
vn -0.8752696680530262 -0.24799288757245275 -0.4152138435792122
vn 0.968407695171093 -0.1907549321999418 -0.16062095683567212
vn 0.8587660005231776 -0.4514319691828376 -0.24234300803846487
vn 0.921161655484065 -0.3088248579563096 -0.2368299211968832
vn 0.9614242411313966 -0.24862305451372332 -0.11768604560093075
vn 0.0708540410378077 -0.12148202341768857 -0.9900615247826555
vn 0.06850201836771229 -0.253403035057855 -0.9649323164362448
vn 0.05042799961397112 -0.26754095066008077 -0.9622259903862675
vn 0.0792590228373601 -0.1556189969070088 -0.9846322842058974
vn 0.05913500924576058 -0.9168891237755028 -0.39473710920522087
vn 0.04107598749955618 -0.9211916878481963 -0.3869349266870689
vn 0.8728903112312223 0.08009704977916379 -0.48129717137682626
vn 0.9326120025163234 0.04480901438628944 -0.358087984987241
vn 0.9412315839458925 -0.0021819844703004636 -0.3377548583314206
vn 0.8950771467627395 0.004034020036562238 -0.44589306792707356
vn 0.8194537964422842 0.2867189428057239 -0.4962738390573248
vn 0.8081638327251397 0.29909395817210604 -0.5073598561770084
vn 0.9004160131266215 0.20892401137316544 -0.381577987804466
vn 0.8779359095549814 0.23412699460648934 -0.41762793142988
vn 0.9549443022124745 0.012934016900882752 -0.29650310433237936
vn 0.9551869261542955 -0.00901398653480363 -0.2958659901892394
vn 0.8360251371767683 0.257716068140972 -0.4844010716653333
vn 0.8991342289086124 0.2069860590853287 -0.38563507328722046
vn 0.9409634088741022 -0.11595403032030555 -0.31802912761649155
vn 0.9122608072544033 -0.1503919554604966 -0.3810019413078004
vn 0.9587971793300734 -0.08982800656897959 -0.2695160443174742
vn -0.7049753690449888 -0.0978930206127671 -0.7024433682192396
vn -0.42255307661623076 -0.06799297303099715 -0.9037841850024615
vn -0.6553391714160739 -0.27673601589741353 -0.7028141631419507
vn -0.7916439094313027 -0.2598199678360884 -0.5529859898532485
vn 0.2361740577129062 -0.5795710835374949 -0.7799481864781755
vn 0.11023593474713583 -0.5819166228040535 -0.8057425660809724
vn 0.7939298531174951 -0.5907498969213071 -0.1438400070088216
vn 0.8889939729516244 -0.4390000020563356 -0.130264017480745
vn 0.17293798840894545 -0.907336869614262 -0.38318697420927467
vn -0.0743150389407393 -0.9902745715076321 -0.11761610439311435
vn 0.860670310630073 -0.40763015529511776 -0.30509715320535485
vn 0.872597863986833 -0.38537691304545413 -0.3000959890721181
vn 0.822928773098867 -0.4998958146710655 -0.2699859420050325
vn 0.8660095707749649 -0.42053175690566363 -0.2705188805980033
vn 0.600788882309513 0.7318547713803704 0.32162293528458424
vn 0.4734132618653128 0.8050114408434257 0.3575422542878482
vn 0.47641803143753825 0.7078539848994516 0.5215060837450968
vn 0.5667360315407532 0.618279004101009 0.5445560977909464
vn 0.05913500924576058 -0.9168891237755028 -0.39473710920522087
vn 0.04107598749955618 -0.9211916878481963 -0.3869349266870689
vn 0.17049299026761222 -0.9842658529913801 -0.046399039912037726
vn 0.0476850166760477 -0.9016592344286048 -0.4298101489660607
vn 0.06162000853441843 -0.5434680244615014 -0.8371651455573931
vn -0.1968299327603274 0.34291492437142207 -0.9185136537977577
vn -0.29287482380774005 0.35315482412189403 -0.8885415059405045
vn -0.4080870425634196 0.5090151358900081 -0.7578710689337061
vn 0.7880984069713087 -0.5352472803462721 -0.3039921870890839
vn 0.8110591948319148 -0.4457691244703238 -0.37877812786322157
vn 0.9778123315813443 0.14256603079342434 0.15348606148853924
vn 0.978405982695609 0.12480599083510084 0.16475799730850238
vn 0.9742830572316789 0.20788301742689344 0.08693201629309667
vn -0.003437001383662389 -0.9997113539414846 -0.023778053368021485
vn -0.0016089992432075345 -0.9997765599087235 -0.02107703438613199
vn 0.20324196336601308 -0.9683408161675304 -0.14494401702426146
vn -0.2734500605138952 0.890782260185983 -0.36294907265744447
vn -0.4185638721143307 0.8203547770149126 -0.38964384351542297
vn -0.3047439375099295 0.9322157340067598 -0.19520491238998655
vn -0.18043603780927825 0.9820462101708533 -0.05502796878636194
vn 0.032804992489921886 0.07155902666937689 -0.9968967540171185
vn 0.03389600319601594 0.10802505871530353 -0.9935701523580963
vn 0.014343997492432922 -0.09160794604456222 -0.9956918368438268
vn -0.016288995361200667 -0.1458899210244066 -0.989166719806937
vn 0.6306851126273362 0.30372006992874645 -0.7141361269623053
vn 0.1934239108577971 -0.9770225193237289 -0.08952199418460817
vn -0.6141000501321355 0.749703120467104 -0.2466300054526936
vn -0.7828137639101299 0.583641803815349 -0.2157889150814311
vn -0.7706140209442304 0.6327069973437957 -0.07639297242785768
vn -0.7645659542487352 0.6394529555633437 -0.08086296571994855
vn -0.7847636931869898 0.5795698257306797 -0.2196469051865409
vn -0.9618210647720769 0.22548802628171655 -0.15509799922721168
vn -0.9233919050092624 0.26006497930391237 -0.2823359635310754
vn -0.8812566267527221 0.34322886243641243 -0.32493184792356067
vn -0.9653103960802161 0.23408309207508612 -0.11567603565139778
vn -0.0005230001975280884 -0.9999983285576519 0.0017519568190540416
vn -0.00014599999715377352 -0.9999999409679059 -0.00031104370373012235
vn -0.0006190002943160262 -0.9999994963343283 -0.0007900441288352612
vn -0.0005229998635920652 -0.9999986558454987 0.0015539557066193339
vn -0.3586470592687484 -0.9295411846807826 0.0855889762768904
vn -0.19721694418312305 -0.977233703418326 0.07822893218224304
vn 0.0496820174400326 -0.9985564212185856 0.020414964761641743
vn -0.039944008079234934 -0.9984961450977641 0.03754896061771681
vn 0.34204288905891106 -0.9255806025476155 -0.1621949759759121
vn 0.9783872181922205 0.20084103349055624 0.04920701722857905
vn 0.993491810757326 0.06968898135242947 0.09009699127157451
vn 0.9919822845122823 0.12576403445783868 0.012432009116828688
vn 0.9623683846348409 0.27152508600429215 -0.011009992083956508
vn -0.1082169778745553 -0.9939008190120372 -0.021219040197424544
vn 0.04072698463642985 -0.9978136162242454 0.052050936590213884
vn -0.009406003928112128 -0.9955073370843563 -0.09421607559922104
vn 0.9962383698056024 -0.02642100609013024 -0.0825290310391507
vn 0.9887607859156865 0.07649799203555106 -0.12845296979798715
vn -0.3018739996378504 0.7986139754520115 -0.5206609324266427
vn -0.07570999398875809 0.9427279396843702 -0.3248569355095945
vn -0.11209799359085534 0.8447079860030439 -0.5233569128382523
vn -0.48851509586120784 0.7091161642779118 -0.5084360989106661
vn 0.6047620775385928 0.7329550251818301 0.31151205535565996
vn 0.846652913326969 0.4704219492074788 0.24876099786500314
vn 0.8935669287382517 0.442654945276266 0.07479801660307604
vn 0.6985026891683594 0.7074476730849608 0.10775798379352099
vn 0.9285350471306356 0.37112099689493 -0.009584983767414058
vn 0.7823483384590275 0.6228402882676048 -0.001025973257902645
vn 0.9847409092279318 0.1711989842837895 -0.03124499116890416
vn 0.9784821382922696 0.1989000195903581 0.054877019324516454
vn -0.054999023554500634 0.9815984357759983 -0.18286502752075118
vn -0.046262007448528854 0.9338721680817694 -0.35460203094326403
vn -0.051186004768864556 0.9044071846214671 -0.4235889957504483
vn -0.05354101701384876 0.9784713009499878 -0.19931701561673368
vn 0.17611691105959595 -0.9843335008419836 -0.00839003927232274
vn -0.004859002271884951 -0.9999184541241567 0.011809961849159865
vn -0.001458999639756735 -0.9999986669827936 -0.0007330434415785129
vn -0.0021430007265621385 -0.9999633579710416 0.008287958926337394
vn -0.0006949997242718784 -0.9999826005237406 0.005857954008032965
vn -0.008618999741284404 -0.9992999510058452 0.036404955200835955
vn -0.003471000801756784 -0.9995642268914846 0.029313963776036
vn 0.07662797957719993 0.12583201144873582 -0.9890876895607797
vn 0.060554995324141624 0.10764103189256943 -0.9923439427912057
vn 0.03829001407006388 -0.996727284831473 -0.07119406221725239
vn 0.7006691346494298 -0.6192710843202002 0.3543530554044974
vn 0.14879996579675692 -0.9744947301979258 0.1679839010005305
vn 0.6643099758361675 -0.6784399857920929 0.3137059796736036
vn 0.9318776313206032 -0.3557278912708027 0.07114595994383376
vn 0.9850124679991015 -0.005020009886383871 0.17241008493432064
vn 0.12446000796640283 0.41199707707517147 -0.9026450658473232
vn 0.15021001527940328 0.35608112050579477 -0.9223031968550792
vn 0.08603502091095228 0.3732341321821576 -0.9237392801819589
vn 0.01886600070758786 0.4647250404235932 -0.8852540374494717
vn 0.9572273056980062 -0.11352304270591676 0.2661360629469943
vn -0.9899230978171466 0.05613800191814489 0.1300030197677829
vn -0.9999656036903332 0.005377003157540669 0.0063150038219348835
vn -0.9977067913406235 -0.006076001579020688 0.06741098365703938
vn -0.9783377938389949 -0.004546008407168271 0.20696496069095952
vn -0.27373590821504756 -0.9604436095917315 0.05115393775740867
vn 0.21447209277175763 -0.9734544454593012 0.07992599100184679
vn 0.0006559998285764358 -0.9999997828503427 0.00006295627490694004
vn 0.0003280001133173326 -0.9999963711774411 0.002673957343548221
vn -0.0003639998646541478 -0.9999995716889379 0.0008509559562905749
vn 0.04938698011897223 -0.9987415477418212 0.008731953332414426
vn 0.15994494103438675 -0.9869586765566967 -0.018171037586241508
vn 0.000006999999173588442 -0.9999998789650164 0.0004919562505389626
vn 0.00009999995220692898 -0.9999965733837979 0.0026159550210304644
vn 0.12523097066349376 -0.9779178185370968 0.16731390908805133
vn 0.36373886250183723 -0.7290927383185731 0.5797566893421708
vn 0.9139704173161175 0.32972513829740396 0.23651513576462702
vn 0.9683691459832313 0.13353700131871848 0.21078203525564473
vn 0.04326198411957039 0.4880718434226491 -0.8717306214582891
vn 0.032617993993803315 0.2544459851647173 -0.9665367593120173
vn 0.99098760987427 0.04804497174908161 0.12504094435548596
vn 0.991925637239538 0.0585449724277035 0.11249896173021305
vn 0.9772539241899575 -0.19780998758504462 0.07645898552121341
vn 0.9760424609160385 -0.20098690061123792 0.08333894810742253
vn 0.35744900342238517 0.920177039778182 0.1597010501449681
vn 0.5869796523396106 0.5339797151959105 0.6085396876938794
vn 0.20863204659891108 0.7550321352220217 0.6216101221135517
vn 0.20249108984080072 0.9534434585036403 0.22347914885219555
vn 0.9933137985561471 0.04088898314066223 0.10796197782404891
vn 0.9670902838009062 0.1846850425612948 0.1750080513348327
vn 0.975457676172441 0.19489292509737635 0.10246496837090155
vn 0.9959637301460006 0.05350998355215187 0.0720619864693788
vn 0.25084806421767986 -0.22904809571250112 0.9405382600026008
vn 0.9704080108156373 0.21776898979303316 0.104331009912488
vn 0.9887171937172474 0.12098201682011833 0.0883270199544144
vn 0.9867783043353588 0.033890003177071935 0.15849304646479723
vn 0.9736293675891814 0.13406103058654922 0.1845900719051899
vn 0.9325220658727706 -0.3384360238559732 0.12595100006327514
vn 0.8633110719937779 -0.383205052819895 0.32840201044795025
vn 0.9042767728183365 -0.38688290248893825 0.18056892839851824
vn 0.3497900193210886 -0.07335204624247928 0.9339520435736481
vn 0.22948708388587954 -0.0394890571703493 0.9725103046720648
vn 0.4468790164555232 -0.26003105709849794 0.8559690379890981
vn 0.20523105636240452 -0.007943044738732334 0.9786813176640546
vn 0.37935392853758276 0.0038139587423255987 0.9252437790235687
vn 0.9412845834865196 -0.2654748896065937 -0.20858191647162638
vn 0.5264467151625556 0.6630516450763249 0.5321807700923951
vn 0.6732337983529807 0.5050498541597926 0.5400748999614686
vn 0.8567188043342139 0.37301987357577204 0.3562149129636071
vn 0.7778347715739198 0.46004182575783853 0.4281758828845251
vn 0.30063191934518246 0.23633888632957498 0.9239937120345181
vn 0.9409686470038421 -0.307694892998966 0.1410739457806209
vn 0.8653906899213406 0.4488668198851942 0.22274993109677665
vn 0.9764082949072331 0.17624704266494484 0.12475504634366756
vn 0.9815266416790512 0.13569494727617262 0.13487895669065686
vn 0.7078338897208388 0.284940907214616 0.6463589281184094
vn 0.8767530840098609 0.2572650112862844 0.40634805726995404
vn -0.9450609109223408 0.32620898055063596 -0.021155983899358848
vn -0.983788731746974 0.17047394075126576 -0.05566297523861388
vn -0.9803364874980932 0.15460508110952137 -0.12262805623110698
vn -0.9917981532248227 0.10176001865969549 -0.07733900608495989
vn 0.5078222058974741 -0.7835443310376786 -0.35801520707386164
vn 0.9524026816495906 0.2519288962346066 0.17164196231889575
vn 0.9647100109108117 0.19390999768224945 0.17813901214313438
vn 0.692234941269572 0.4789389374169072 0.5398409768732603
vn 0.5470087818513205 0.2578858538925787 0.7964146400836878
vn -0.006478998888134114 -0.5279659467664106 0.8492408266378009
vn 0.0002200000977159433 -0.9999894235164623 0.0045939585512768605
vn 0.7897460883054134 0.43497906069401043 -0.43254402407622616
vn 0.9294315751060505 0.22694993261557098 -0.2909478910074342
vn -0.015032008704275464 0.7351383613645273 0.6777504174580731
vn 0.08184899313325278 0.8382128759206114 0.5391659456641994
vn 0.06476098769715985 0.5216308835362033 0.8507098423162436
vn 0.9578580249196802 0.18419999389588987 0.22040500526467993
vn 0.7593821932828032 0.5309781302482479 0.3760331231727783
vn 0.9830185987068834 0.15330594626338645 -0.10085495246463207
vn 0.9764856158804304 0.10044296366945285 -0.19075390697942113
vn 0.9737046148145523 0.2109169206499428 -0.08610096208748402
vn 0.9571299087612624 0.28538197885579053 -0.049592982356484704
vn 0.280529106053326 0.8581263660644725 0.4300262323648464
vn 0.9455208822388436 0.17274797327039948 0.2759499936242945
vn 0.7661189552826961 0.5085869537048063 0.3929389989270796
vn 0.6070862666147914 0.640899243898542 0.4697812512840328
vn -0.01155699723478897 0.9863998000688613 -0.16395691580115032
vn 0.07443196365331374 0.9885495414018352 -0.1312619022448377
vn -0.20677704047307652 0.9779571997382063 -0.029033963101888247
vn -0.2723130956117457 0.9518013945075559 0.14113710841525756
vn 0.9990747823212845 0.041762992087319276 0.010267999882763877
vn 0.9984947249671017 0.017087993396989323 0.05211798820500178
vn 0.9968655889984243 0.0040719947882398725 0.0790089636007802
vn 0.9942090421253112 0.059433999838090626 0.08953200667647804
vn 0.938310986655551 0.18439999549354993 0.29252202307427244
vn -0.9941151660625788 -0.0345439991614331 -0.10267301849223325
vn -0.9763990629641061 0.14232301537265696 -0.16244700409071877
vn 0.6509931606035461 0.5386970937370491 0.5348021559854286
vn 0.7661189552826961 0.5085869537048063 0.3929389989270796
vn 0.05752699027066214 0.16717293881109146 0.9842478620345905
vn 0.016903000309970034 0.41219903912063227 -0.9109370124923835
vn 0.08795302687168985 0.11586408364294846 -0.9893633201133382
vn -0.004616998019521223 0.11745399555798756 -0.9930675919879531
vn 0.024177003014033308 0.4132840901879449 -0.9102811287304501
vn 0.9994022892681906 0.007113003328259711 -0.033830007229561955
vn 0.9928134382234888 0.11526904795326474 -0.032164008873320125
vn 0.9870238503335128 0.10640798606941028 -0.12025497650184587
vn 0.9918566482109509 0.06545698464937234 -0.10925096137036867
vn 0.9467527961120918 0.16678195154920408 0.2753959398600041
vn 0.7493913151136768 0.4722901884087053 0.464063179712702
vn 0.023423998912002867 0.8117580399041903 -0.5835239506017535
vn 0.02692999888809011 0.6797720073782647 -0.7329289141143307
vn 0.6247809184631624 0.005898033078985224 -0.7807778282777543
vn 0.675508242651048 -0.2133520326976251 -0.7058112525698953
vn 0.029489012356034093 -0.9994184305308793 -0.01712305070539508
vn 0.9768837128145624 0.13289496269695394 -0.1674429470817179
vn 0.9980906806889578 0.024904995184461418 -0.056521981004871116
vn 0.9986821911976553 0.02731100470200254 -0.043451006971266595
vn 0.9989868801669118 -0.022478995560268063 -0.03898599765276851
vn 0.9993876759097019 -0.0071609959854358 -0.034248990880041345
vn 0.9660860653937976 0.17705999539475956 0.18795603816514816
vn 0.9440255451518086 0.16581294200022595 -0.2851698412631673
vn 0.9569890521068204 0.14788101817452937 -0.24960600676136377
vn 0.14549607014143334 0.9323034126155529 0.3311211868769395
vn 0.06172201172144025 0.7212530987175947 0.6899161984323358
vn 0.013901998816357052 0.8872959156137499 0.4609909896777457
vn 0.01417600196647976 0.9467321027313852 0.32171006609376773
vn 0.49423211007537043 0.6558791638754999 0.5705761507147158
vn 0.33729602082829485 0.9222340769268395 -0.18898598278258394
vn 0.40816719246086236 0.8350434040223786 -0.3689201219740338
vn 0.9868569201436879 0.015555991930584441 0.16084598310051312
vn 0.4242730898715549 -0.5949700403499247 -0.6826441212644055
vn 0.02701001072592987 -0.9995714400817172 0.011286961218457911
vn 0.8026460366137631 0.5801550344575843 -0.13848998484272101
vn 0.5946728910421778 0.7829528767697852 -0.18261693628318143
vn 0.8001069637839645 0.009255026162549874 -0.5997859543163181
vn 0.7731606293791475 0.10907797166667874 -0.6247596636108348
vn 0.007100997718944659 0.6354397579648733 0.7721177953064796
vn -0.12370597307866768 0.7593508379275516 0.6388138517309917
vn 0.23079289501292102 0.9433855895433517 0.23823994008876323
vn 0.10467501526118014 0.9321750665695602 0.346544061334353
vn 0.6247809184631624 0.005898033078985224 -0.7807778282777543
vn 0.661386209091186 0.1334940730231492 -0.7380701964526682
vn -0.16144505398186473 -0.9864902921592639 -0.027792049588382335
vn -0.2774560192347091 -0.9540561620683811 0.11311497252698116
vn -0.04497600046364619 -0.9946740469630658 0.09273995730218287
vn -0.15261998939892907 -0.9882848967288925 0.0003189567884910381
vn 0.9709074586694606 -0.23942786680283987 -0.003606008631613213
vn 0.9980301234835981 0.05757400859889077 -0.02492200138770491
vn 0.0011919996040007422 -0.7952947246470835 -0.6062218076623965
vn -0.006953998612121665 -0.8155648077359992 -0.5786239593085006
vn 0.0026610001009280395 -0.9885570425095382 -0.1508240457727412
vn 0.0031580011327529247 -0.9870622978720403 -0.1603061045263499
vn 0.01563700630078117 -0.9945264902792488 0.10330800630536215
vn 0.17648194647720616 -0.9731596727332065 0.14769689886187498
vn 0.3487038943648605 -0.937022675330871 0.019851951303523213
vn 0.15357302008651158 -0.9881361281931249 -0.001523043337652958
vn 0.998611043714658 0.03019200115229151 0.04317900459183102
vn -0.024944989656957867 -0.4070287941337932 -0.9130746454901727
vn -0.006953998612121665 -0.8155648077359992 -0.5786239593085006
vn 0.6648631195707144 0.667235160514964 -0.3357890302068669
vn 0.07916000206872491 0.7968220764581689 0.5990060705379968
vn 0.10082798514755315 0.8503168649166742 0.5165219711196835
vn 0.7246229537126155 -0.5148269655169642 0.4581209125650119
vn 0.503557896344682 -0.8165118426776746 0.2823789223650147
vn 0.8564625603531448 -0.3533998141515841 0.37627178218803736
vn 0.7091291138020105 0.5225111151824358 -0.47341106289268603
vn 0.4521021238102605 0.6849562166103196 -0.5713480996495298
vn -0.43189091110614214 0.1441760175029069 -0.8903277581210798
vn -0.12975502272808448 0.15537905518803885 -0.9792961672985893
vn 0.9736937606453396 0.13067196757724012 -0.18666895127425087
vn 0.4599121763970889 0.5314872179350547 -0.7113382649438653
vn 0.4521021238102605 0.6849562166103196 -0.5713480996495298
vn 0.6953771930437911 0.35668311321447765 -0.6238811714919487
vn 0.7122233822436851 0.39798224914961977 -0.5782283140310369
vn -0.02339500147334029 0.9876041305036897 -0.15521196899116185
vn -0.002648000969424108 0.9978364294312394 0.06569207098867612
vn -0.0613080054308112 0.8149020716026549 0.576347067458313
vn -0.08399599266413002 0.9168209286844832 0.3903640069761672
vn 0.9450482091733085 0.14763904833041777 -0.291696063988548
vn -0.5347070790989477 0.40950602785197204 0.7391841128665928
vn -0.5224909710676084 0.528199934212941 0.669334008287546
vn -0.6703409764782398 0.45872495362566595 0.5832790002865957
vn -0.6754658510779626 0.3280838877479506 0.6603838630885173
vn -0.9330600065490506 -0.08242998066278921 -0.35014900037929236
vn -0.9098169266079854 -0.2238639755144346 -0.34945397482998
vn -0.9501071257551839 -0.15972002128562807 -0.26792902864329904
vn -0.966907417282108 -0.05667401015952077 -0.2487530964174759
vn 0.9976045833375548 0.05605797915302663 -0.040528980707423154
vn -0.4573902048474151 -0.8853783893787215 -0.08306207396147039
vn 0.03523699943413368 -0.9987099898794191 -0.03656104465041116
vn 0.13564998491468255 -0.9901559269526202 -0.03450104220517861
vn -0.35657210362303404 -0.933922302783025 -0.025406048144008396
vn -0.9651408467204302 0.046062006084693165 -0.25764595395081313
vn -0.9589074629738077 0.05493498162865904 -0.2783498253036893
vn 0.7667512219545676 0.2857470810453892 -0.5748401249958263
vn 0.7747841170180133 0.31828303270762986 -0.5462650300971602
vn 0.9664110604486911 -0.2194290130662992 -0.13379301352158293
vn 0.9729599746842024 -0.11319499088343414 -0.20133499869971885
vn -0.8631570443322356 -0.10492298975361783 -0.4939140441825897
vn -0.8636938384347466 -0.24665992953980548 -0.4395359286898763
vn 0.9705027974235967 0.026118004351452992 -0.23967096203268112
vn 0.07799400069041944 -0.9955430837436487 0.05301796173457985
vn 0.38058285888959026 -0.9242846833919602 -0.029232029803793583
vn -0.023645008240862995 -0.15628900217530867 -0.9874283069592119
vn -0.017344006492580763 -0.24411006901936808 -0.9695924193402837
vn 0.021048007125218735 -0.253664029142692 -0.967063359721147
vn 0.01639600455171241 -0.1346810014293967 -0.9907533491685584
vn -0.9851371684680335 -0.11211901445130754 -0.13013103358251385
vn -0.9853074956044414 0.01558601543899809 -0.1700770861357836
vn -0.9511940741956854 0.15763201426680032 -0.2652960257772519
vn -0.9789799954300308 -0.03013999035873553 -0.20171700356933783
vn -0.43285392917722587 0.8985867922039527 0.07196702628598549
vn -0.26755603313449006 0.9411220762735184 0.20664705825139984
vn -0.3320401501325905 0.6919972988145318 0.6410063003850417
vn -0.6533460286317926 0.45985100677021234 0.6013950602087508
vn -0.0183649959027277 -0.21502091409031018 -0.9764367534199336
vn -0.04338500629633818 -0.3393250284787464 -0.9396681681724482
vn -0.028857987373716306 -0.34354280302130535 -0.9386935384122994
vn -0.016062002849647514 -0.1617129781041356 -0.9867071119522497
vn -0.02133299319879556 -0.16450990144912334 -0.986144713379522
vn 0.02184400475527038 -0.999624264657145 -0.01655804834254192
vn 0.06423997672845742 0.25516695202059436 -0.9647606190068325
vn 0.0064570016814416535 0.1940710916093225 -0.9809662168142448
vn 0.042800986015654734 0.4930988883978575 -0.8689197672149513
vn 0.023027998600820027 0.5014899998678072 -0.8648569195612805
vn 0.013253005458789262 -0.01683696371438614 -0.9997704108940161
vn 0.09821100772687492 0.20828406714371495 -0.9731250409558598
vn 0.04357699996384039 0.4852300310436764 -0.8732999839960519
vn 0.032280007899400984 0.9100411571796339 0.41325911161058226
vn 0.037275023534974853 0.8735764954257487 0.48525733303076807
vn 0.04419400234782212 0.8875240460199701 0.4586370655461924
vn -0.012026994619061909 -0.18143389082206107 -0.9833295961485151
vn -0.028668996066814563 -0.3414409360318682 -0.9394658992567015
vn -0.02064299856721494 0.4874570218907043 -0.8729029261146966
vn 0.05191602074579362 0.4285162105544305 -0.9020413427786962
vn 0.04600001069896108 0.3246201386874845 -0.9447252323158379
vn 0.9927726643830209 0.12000996233695205 -0.00021399467549572062
vn 0.9996881039439779 -0.006988999471285947 -0.02397600298808415
vn 0.9998223093447688 -0.009644002213228945 -0.01619700459359004
vn 0.9963007112003118 0.08497496993339577 0.012812000100344287
vn 0.030455001982141884 0.6233720621164583 -0.7813320453091258
vn 0.04012400914311837 0.6103511623311315 -0.7911141020935728
vn 0.0008430001855792564 -0.9998302389772694 -0.01840604730362772
vn 0.0011500001513584754 -0.9999981188939838 0.0015619565120928408
vn 0.9865514128702364 -0.031409019412699066 0.16040505996779908
vn -0.020116005227435636 0.6114812313788837 -0.7910031921585741
vn 0.05715001224980205 0.5756931510870882 -0.8156661522285124
vn -0.030192997384964164 0.2643030252984582 -0.9639669567609641
vn -0.02561999729012842 0.47623099833704186 -0.8789468993982279
vn 0.09954302227812352 0.5797441484352986 -0.8086951892219759
vn 0.020916990247547132 0.6661766874170881 -0.7455005705302843
vn 0.0026880015962228885 0.7635294977193747 -0.6457673580786025
vn 0.03524400167000174 0.7761821146640896 -0.6295229822825112
vn 0.11050100168155567 0.7504850690861539 -0.6515839851516636
vn -0.0475259872787479 0.9686167993718388 -0.24397290117518253
vn -0.03741500533085812 0.9708791720671656 -0.23662998673512817
vn -0.005334000279531835 0.8508330947808233 -0.5254089771470453
vn -0.02867899866152307 0.8663030015871334 -0.4986949212463422
vn -0.9943609360933824 -0.056906999363375475 0.08948699455758333
vn -0.9975683516921876 -0.06866802208753299 0.011920001875751887
vn -0.9936422558908705 -0.11051802907283183 -0.021467010922779122
vn -0.9976145571594363 -0.05773697582937601 0.03783697881253042
vn 0.08183198960382819 0.7654609169614557 -0.6382578711477098
vn 0.008506002842473812 0.8697353227792626 -0.49344515016939433
vn -0.03848301453043548 0.8470982774941973 -0.5300410982735341
vn 0.02381100185215993 0.7589760875700018 -0.6506829755631613
vn 0.016058996212547787 0.7720558273466952 -0.6353517986916032
vn 0.04732201110915867 0.7845831555678959 -0.6182150914234525
vn 0.10460303826029224 0.8634622993131611 -0.49344813511811464
vn 0.03524400167000174 0.7761821146640896 -0.6295229822825112
vn 0.0026880015962228885 0.7635294977193747 -0.6457673580786025
vn 0.09294701509423668 0.8896371936307044 -0.4471090650992846
vn 0.11050100168155567 0.7504850690861539 -0.6515839851516636
vn 0.11115104562936516 0.8855023470526793 -0.4511441437275843
vn 0.08183198960382819 0.7654609169614557 -0.6382578711477098
vn 0.007083003693418844 0.9355024629138987 -0.3532491655201873
vn -0.021754999160925673 0.9496449346907461 -0.31257194056363535
vn 0.04018599596377993 0.9980209034917575 -0.04836695071942518
vn 0.022077001063146157 0.9992381091236084 -0.03218396027734328
vn 0.02604700363669317 0.9915780791022143 -0.12686396905943376
vn 0.0026630015598345354 0.9886605466971108 -0.15014403693541079
vn -0.10739801752379831 0.9712451128375176 -0.2124819912867813
vn -0.053152017668226685 0.8194413535503656 -0.570693202263126
vn 0.1034479899910875 0.9563998825262602 -0.27312593811383007
vn 0.09313299371745262 0.9499878875789827 -0.2980759281365192
vn 0.10909896495293761 0.9504436513606612 -0.2911258858885819
vn 0.09592101491554988 0.955481146142916 -0.27902497784784486
vn 0.0022950011695276537 0.7796364078516885 -0.6262282367649572
vn 0.036182001682736005 0.8527760243350584 -0.5210219909692126
vn 0.00782799977343569 0.9953499784261921 -0.09600595224529349
vn 0.04403902032318053 0.9961774558790776 -0.07543898917180006
vn 0.002084999892194491 0.8832419058000667 0.4689129861862601
vn 0.03773399175123588 0.9151107748576273 0.40143295281527464
vn 0.08205597110062383 0.9939236681987507 -0.07336592806659686
vn 0.04129198601120017 0.9983296496730921 -0.040408940531175865
vn 0.09688997518949916 0.9890357395629882 -0.1114479186654974
vn 0.10993596496284357 0.9867257155486838 -0.11952592138371748
vn 0.019916998904116506 0.9458679733629599 -0.3239399483251493
vn -0.015310003518787306 0.9890362746951277 -0.14687699319307568
vn 0.024911993303881167 0.9964147517275462 -0.08085193336809975
vn 0.016040991867975897 0.9276605609835138 0.3730798442366515
vn 0.029525986185611374 0.9663285208706429 -0.25561182658813475
vn 0.050829987874554027 0.9503427859715806 -0.3070258970908602
vn -0.03906201507835824 0.9953233719625899 -0.08834899095653566
vn 0.011847999434028433 -0.8099559581587846 -0.586371018001825
vn -0.003685000200512832 -0.8522350803843498 -0.523146048953639
vn 0.01708300756733546 -0.5110311646317576 -0.8593924130614395
vn 0.03401399261766287 -0.4755668355328104 -0.8790217478808556
vn 0.07878202316803465 0.9680802473680027 -0.23793702419223908
vn 0.041110985269045476 0.9670786754847892 -0.2511348687713312
vn 0.01660999616582027 0.9998437529290376 -0.006047954707922688
vn 0.11786796410236608 0.9785477040521683 0.16897199156248777
vn 0.9929020377184106 0.10924200566933294 0.04702900904728526
vn 0.998102411189249 0.0593300261005701 0.01647800901543306
vn 0.11730296435404741 0.9843056938318352 0.13184201016361435
vn 0.11950495834476187 0.9699816607452549 0.21178796648746154
vn 0.08355798171048573 0.9746787858440907 0.20741101252816632
vn 0.08421797777212395 0.9860707264265995 -0.14342891864785276
vn 0.10796501296622582 0.9726061483908898 0.20586606346710343
vn 0.09797098016092483 0.9947467711089564 0.029674036035110932
vn 0.04847201614812967 0.996039358348772 -0.07453898490522988
vn 0.0038450012006621074 0.8702942202740982 0.4925171937336465
vn 0.005024000123481243 -0.9999820362260656 -0.0032690438863267244
vn 0.06785100919926768 0.8641431042859328 0.49865111637868864
vn 0.1006940366465509 0.8499252458065644 0.5171922152589639
vn 0.012814993095120986 0.8429815571186016 0.5377898012326658
vn -0.0006720003482376323 0.8383114153580262 0.5451912685433938
vn -0.10792900460833334 0.8522140040516196 0.5119400563176909
vn -0.01552399790605155 0.7994868410084357 0.6004829694032673
vn 0.016305002775522617 0.776461130788149 0.6299541723488141
vn 0.06012400496177126 0.761745052351563 0.6450810640882831
vn 0.08593104074214783 0.7731853484461997 0.6283313402856013
vn 0.017629004040236963 0.828577209774015 0.559597199474459
vn -0.024587995988159302 0.6580829206871655 0.7525438857323447
vn 0.0030489993649116206 0.6722478233282693 0.7403199089807573
vn 0.012814993095120986 0.8429815571186016 0.5377898012326658
vn 0.015526000324166995 0.6759389875377488 0.7367940203614419
vn -0.0006720003482376323 0.8383114153580262 0.5451912685433938
vn 0.010078004831972163 0.6609963609401682 0.750321427551194
vn 0.029775999342814205 0.6457169883367626 0.7629960424775726
vn 0.016305002775522617 0.776461130788149 0.6299541723488141
vn -0.01552399790605155 0.7994868410084357 0.6004829694032673
vn 0.04044499448738678 0.6463128912388298 0.7619999009444949
vn 0.06012400496177126 0.761745052351563 0.6450810640882831
vn 0.03990199259867376 0.6894998010669958 0.7231859064688891
vn 0.08593104074214783 0.7731853484461997 0.6283313402856013
vn 0.07916000206872491 0.7968220764581689 0.5990060705379968
vn -0.017755997036773396 0.4436508473627189 0.8960238000207204
vn 0.0013909998288436508 0.4627228710484464 0.8865018949377147
vn 0.0014270005808241744 0.4829181412971579 0.875664337788996
vn 0.0035620011679076075 0.5125781098087819 0.8586332124327222
vn 0.01965099711586282 0.5395208694019227 0.8417428762942673
vn 0.017441992182738363 0.5057297163081756 0.8625156409895125
vn -0.035519998627342286 0.23573096392581122 0.9711690081258368
vn -0.028716010135498123 0.2513570289332825 0.9674683637038117
vn -0.02645400141370393 0.2851389595901346 0.9581210568258374
vn -0.049909014872839996 0.3109580563998352 0.9491123102112097
vn 0.21714002486399983 0.9517900644970815 -0.2166699857541488
vn 0.06736400568184694 0.9928940858897632 0.09809905679275238
vn -0.016952003009187314 0.3459110185931881 0.9381141704557071
vn 0.030166995951921564 0.34610990758612853 0.9377088483244458
vn -0.03996101172427907 0.4318530819974923 0.9010582850799606
vn -0.037886983138154515 0.06185792996076659 0.9973656165166604
vn -0.045174009860405824 0.05616097142670358 0.9973992450977396
vn -0.054712005297211964 0.06384295689585218 0.9964590675643192
vn -0.07804100959650644 0.06153696680657089 0.9950491457899983
vn -0.0613740326965995 0.0830399998894203 0.9946545061120077
vn 0.003810001297612598 0.13869099435856896 0.9903283758299282
vn -0.03700702051736098 0.2328030802207323 0.971819533798414
vn -0.02653800797838161 -0.06859806595427874 0.9972913513511845
vn -0.0401889840839313 -0.08503000488328555 0.9955675486012238
vn -0.06372300901301423 -0.1023220569404015 0.9927082022355876
vn -0.08339202532205227 -0.10300206983417695 0.9911792692154944
vn -0.08039097652607796 -0.11417401673854347 0.9902027998319185
vn -0.055862009216776545 0.06880105418671524 -0.9960651840462358
vn -0.018448007099324443 -0.13805799976222685 -0.9902523212473254
vn -0.09533999087297781 -0.050164953778737836 -0.9941799452577575
vn -0.14256401156048415 0.0971720560807856 -0.9850041086842302
vn -0.0332430071404141 -0.12750106599067487 0.9912811814250809
vn -0.026387997683951225 0.07339295310486386 0.9969539347496348
vn -0.01345100112844287 -0.19374307118514036 0.9809600873309741
vn -0.03086901121514584 -0.2034511124847595 0.978598359376978
vn -0.0547440260021893 -0.22025713976633032 0.9739044532186033
vn -0.07594900849129543 -0.24191608762653372 0.9673201924164821
vn -0.07274695433694425 -0.26792488529157943 0.9606894068720611
vn -0.03830399185401732 -0.28518196815023805 0.9577077055396412
vn -0.013477998776917282 -0.053406040057335465 0.9984819169290766
vn -0.008064995250290115 -0.3540138296692572 0.9352054128663493
vn -0.02345901488158802 -0.35638022716405404 0.9340464701005421
vn -0.037229986376866274 -0.3787579186794864 0.92474665025182
vn -0.05052400753993914 -0.40684009594284065 0.9121011243252168
vn -0.05522697520359128 -0.45043082671094464 0.8911015944090531
vn -0.03406800512726184 -0.4857851378446151 0.8734140890070055
vn -0.004752001592888344 -0.18426909355827684 0.9828643444748985
vn -0.007733999213285205 -0.7575469231273928 0.6527348960461581
vn -0.015153995494189313 -0.757379774715535 0.6527987693557697
vn -0.02029999992762397 -0.7672899871853894 0.6409789275537716
vn -0.025284002712867376 -0.7782921260017078 0.6273930871555387
vn -0.028313996127971093 -0.7980649098221094 0.6019059040530287
vn -0.019479997002929655 -0.8201708852787823 0.57178689094608
vn 0.00823400175233235 -0.8441161805301131 0.5360970760808124
vn -0.0023360015230755966 -0.35735024640475177 0.9339675286065077
vn -0.006117000512924391 -0.9826071026560903 0.18559597009237155
vn -0.006404002469392174 -0.9828093909322063 0.18451203171565161
vn -0.015153995494189313 -0.757379774715535 0.6527987693557697
vn -0.007733999213285205 -0.7575469231273928 0.6527348960461581
vn -0.007617001866711455 -0.9838492314871218 0.17883699557072116
vn -0.007152996660072461 -0.9848374986969225 0.1733318660811398
vn -0.025284002712867376 -0.7782921260017078 0.6273930871555387
vn -0.02029999992762397 -0.7672899871853894 0.6409789275537716
vn -0.006455998960398835 -0.9865169142155076 0.16353194808396374
vn -0.028313996127971093 -0.7980649098221094 0.6019059040530287
vn -0.004161998748429283 -0.9881836611572906 0.15321791536302512
vn -0.019479997002929655 -0.8201708852787823 0.57178689094608
vn -0.008458002619365985 -0.7644283346182956 0.6446532272659387
vn -0.0027400010850855494 -0.9996723930127652 0.025447967348792504
vn -0.001924999609272477 -0.9997687775356753 0.021416952195068315
vn -0.0007780002527891925 -0.9998203201161817 0.018939962998443485
vn 0.0000130000061046637 -0.9998664774426763 0.01634096439547096
vn -0.0008570004487606641 -0.9998834977406023 0.01523996378768786
vn -0.008458002619365985 -0.7644283346182956 0.6446532272659387
vn -0.013058006606110317 -0.9828804693265967 0.18378104222091005
vn -0.00043900014388723946 -0.9999923765745669 0.0038799576831715778
vn 0.0007699996522386083 -0.9999995456529015 0.0005619559821952443
vn 0.0007859997534423982 -0.9999996832951107 0.00012495625567043736
vn 0.0006230002526800624 -0.9999993296894709 0.0009759566047006519
vn -0.28196103665987915 0.6990691311985944 0.6571151524740004
vn -0.06698602300442538 0.7354971916805961 0.6742082421270204
vn -0.09898999949359077 0.45940996719409055 0.8826910343053133
vn 0.01024799629932827 -0.9844146958723782 0.17556390609217523
vn 0.005152997526407128 -0.9985695727631679 0.05321893430046571
vn -0.011139000750475256 -0.9984291205974972 0.05491096252288296
vn -0.015372999152236057 -0.9837789703143628 0.1787249519912586
vn 0.0019440002278253042 -0.9999980808945858 -0.00024304373978456162
vn 0.0006899998327603234 -0.9999997500853596 -0.0001540436598811045
vn 0.0013979996103508242 -0.9999946893475601 0.0029439554626305405
vn 0.0015640006351582997 -0.9999904007519511 0.004092958094752875
vn 0.002494001031185095 -0.9999964965496353 -0.0008870441430978252
vn 0.0028040013382702638 -0.9999924935017687 -0.002674044990276358
vn 0.002171000390580921 -0.9999872097823002 -0.0045680443423982775
vn 0.0011390003427993354 -0.9999992876299214 0.00035695639651980713
vn 0.004311001446011656 -0.9999873869740484 -0.002577044692532331
vn 0.0017319991926084298 -0.999991521375767 0.003735954412972509
vn 0.0019920001141267465 -0.9999980159530849 -0.0000050437112485053515
vn 0.0012470005129927555 -0.9999904487643094 0.004188958089510073
vn -0.101812981936299 0.8945877975466672 0.4351399650570399
vn -0.0732700237950687 0.9035651886761652 0.4221391398883504
vn 0.0006659997144292285 -0.9999905204691846 0.0043029543513196525
vn 0.0017710002933306998 -0.9999881714544342 0.0045299568627369885
vn 0.003377999192345338 -0.9998516975256747 -0.016887038712663477
vn 0.0038639986828315847 -0.9998476482505301 -0.017022038716419947
vn 0.002804999576096307 -0.9998488553834394 -0.017158040849827038
vn 0.00440300139545881 -0.9998183308467676 -0.018545050053730798
vn -0.003952998234760451 -0.9805605406312216 -0.19617696083373892
vn -0.006935002445386661 -0.9812773487097985 -0.19247511696359756
vn -0.08262202450008102 -0.9965652892765705 0.0055879581792823785
vn -0.042142006501487264 -0.9979541354188207 -0.048079048331915474
vn -0.005776997153962006 -0.9832895257317661 -0.18195695889435348
vn 0.0007740001922674789 -0.9860782588832604 -0.1662800898528144
vn 0.12523097066349376 -0.9779178185370968 0.16731390908805133
vn -0.02338300681630986 -0.7474741761512471 -0.663879199086131
vn -0.031067016378629193 -0.7694033297487244 -0.638007332767348
vn 0.0030569985851865893 -0.7410266076128925 -0.6714687048324579
vn -0.0031770000117726667 -0.7907019672889354 -0.6121930296861705
vn -0.9988311339364766 0.04417000821790754 -0.019631002348389208
vn -0.999719583148574 0.022770992861914346 -0.006498996332061488
vn -0.9983763940239604 -0.05214202181933315 -0.02293001125829907
vn -0.9956922740118408 -0.08440302056309769 -0.038380015541352036
vn 0.1206550503381786 0.14275510801819952 -0.9823763728645981
vn 0.055433991183065294 -0.10104893818385637 -0.9933358871567216
vn -0.919024602974879 -0.1250979706790417 0.3738238580653351
vn -0.8981151821068919 -0.03051802450060533 0.43870009100715346
vn -0.9621627077910488 -0.044167998594270716 0.26887192422485007
vn -0.9769108923335532 0.005236990278465365 0.2135829636766097
vn -0.7736563509229024 -0.6256162936266447 -0.1003000689208076
vn -0.9459512367165807 -0.30585806647760694 -0.1078290356302583
vn -0.9692989005400305 -0.17150997369551024 -0.17619299173024303
vn -0.8086343179011058 -0.559218204066085 -0.18271710416300907
vn 0.017629004040236963 0.828577209774015 0.559597199474459
vn 0.9640240403946325 -0.025145989998730033 -0.264622993574239
vn -0.04081999986160073 -0.9962240429536354 0.0766249558069185
vn -0.021111007899024363 -0.9994134089373449 0.026965967101572806
vn -0.01062400211213223 -0.9998582086672164 0.013064958473204262
vn -0.02553299110703219 -0.9992606814052526 0.02874294631103197
vn 0.9565451022524722 -0.2756090170455095 0.09519000514767956
vn -0.9994810894363003 0.008562998904863282 0.031052003300617442
vn -0.9968090010175383 0.03686700308280716 -0.07079999699230026
vn -0.9956854593192377 -0.06265902972263081 -0.06844203455813919
vn 0.99983248937463 -0.008867993990957472 -0.016010992271145368
vn 0.9937590896043562 0.0054169958806520955 0.1114160131415134
vn -0.004818002458476978 -0.19412706028398893 -0.9809645617033302
vn -0.3152700075577685 -0.5142099523378255 -0.7976170429794336
vn -0.5791461035815116 -0.44527205479516996 -0.6828781647738051
vn -0.45106596858755993 -0.25587795343458136 -0.8550239557628175
vn -0.23993208920621995 -0.16807500652763246 -0.9561293765750926
vn 0.9882770321484542 0.12507399693558008 0.08755000296060436
vn 0.019943997629266703 -0.7803499435633969 -0.6250249615328713
vn 0.01143900001037709 -0.7878069439033983 -0.6158160183174439
vn 0.018009990001486304 -0.412978747979096 -0.9105625700509355
vn 0.036752995217591386 -0.3982508986338411 -0.9165399277063022
vn -0.8376489788863842 -0.2708469691251308 -0.4743270048039939
vn -0.8752696680530262 -0.24799288757245275 -0.4152138435792122
vn -0.8636938384347466 -0.24665992953980548 -0.4395359286898763
vn -0.8471644254681593 0.42212322439002187 -0.32268315675252573
vn -0.9085720572258982 0.2550120273417147 -0.330855984892774
vn -0.9733488206864753 0.03407500434449905 -0.22678396624799238
vn -0.917291727519681 0.26272794969333274 -0.2992489115667706
vn -0.9993920462193052 0.010804998604674083 0.03314800082573334
vn -0.996719580776279 0.074676044301048 -0.031202014433469462
vn -0.9967241149405908 0.06566200108166348 0.04721800832148468
vn -0.9956965359000356 0.020317986202010283 0.09041895726762245
vn -0.9700226975311009 -0.08211396782518379 -0.22872092725085538
vn -0.8900098076120172 -0.35154693168014606 -0.2903399682797648
vn -0.6749939146950621 0.6404939287411489 -0.3662659448684297
vn -0.7647640768497731 0.4877300404803347 -0.42101700009995485
vn 0.9728577661098006 -0.07080297646839706 -0.22030593601413456
vn -0.9242225993806678 0.04921899641340254 -0.3786688225694047
vn -0.999156687005521 -0.0023949976121837775 -0.04098998412526018
vn 0.9899109296064784 0.08728498733448423 0.11161398851244698
vn 0.9697858552721124 0.14673297535865804 0.19489696984954197
vn -0.04669997921067345 -0.9984335487702096 0.03081494169794823
vn -0.06430698443428663 -0.997803791870901 0.015880953404005894
vn -0.049357984770227015 -0.9987717227319779 0.004339955117184292
vn 0.9996510789212177 -0.022059000447945565 0.014530000374499667
vn -0.01984699169185084 0.9849626062540184 -0.1716238946128276
vn 0.024228994789246568 0.9918418222483295 -0.12515093068217834
vn -0.03326500607810817 0.9586502636643948 -0.282636005043253
vn -0.5089580438696333 0.6170400670130374 -0.6001860255628605
vn -0.3089769606676206 0.6985718574463542 -0.6453918172401555
vn 0.9412757208487194 -0.33140388907269097 -0.06458699287177909
vn 0.981535791903679 -0.1535179769243086 -0.11410398754243882
vn -0.5089580438696333 0.6170400670130374 -0.6001860255628605
vn -0.7794281178348063 0.43220107059219004 -0.4535350523470664
vn -0.3089769606676206 0.6985718574463542 -0.6453918172401555
vn 0.9997883808596247 -0.001470999705602115 -0.020519007236121403
vn -0.7338319286819568 -0.3486559370529013 -0.583034937207611
vn -0.8246469388683336 0.5587129749860279 -0.08830196938545162
vn -0.8466832589863125 0.48133915973421404 -0.22680403933501217
vn -0.9307567115067723 0.29718392862141374 -0.21301093059803689
vn -0.9414508198418562 0.3288569522269986 -0.07431997572030348
vn 0.9900832380143553 0.1372740293759666 -0.029850002711816436
vn -0.5125849856209781 0.8092470064425669 0.287012046924316
vn -0.2767280048846971 0.9026049849221794 0.32973603458852846
vn -0.001981000031670921 -0.9999980161763742 -0.00020804372215832157
vn -0.004167998748612451 -0.9996676609825543 -0.025440034828989322
vn 0.025331002751142778 0.3411950813705898 -0.9396511356605377
vn 0.03420400271411324 0.35043010640511907 -0.9359641161514847
vn 0.008738999437597213 0.5094770079615647 -0.8604398922919378
vn 0.017743993801403353 0.504519871722205 -0.8632177301940603
vn -0.9127055744797314 0.24232516353940653 -0.3290091935329827
vn -0.9659138243118036 0.19513197541642852 -0.17009995935751507
vn -0.9288759297489843 0.19240200804950275 -0.3164979848774384
vn -0.013831003238926656 0.9850422362539748 0.17175708470154358
vn 0.06189997245273088 0.9829515490656339 -0.17313187343704767
vn -0.07103996949554249 0.9967765691674834 -0.03727993954895012
vn -0.07773603091875443 0.9434143861989095 0.3223761861706492
vn 0.9995274914213493 0.023181010975087298 0.020185009861708732
vn -0.09962800015178276 0.7453430485899172 -0.6591949647141161
vn -0.1333939793241463 0.6360509313503149 -0.7600297750802044
vn -0.16973595357956325 0.4765239149290589 -0.8626208115754681
vn -0.8892067964791124 0.3242329309311563 -0.3227758968621207
vn -0.8821518747940212 0.32746598604482996 -0.33848795810350557
vn -0.9435822755912866 0.23278107285537886 -0.2355110640931082
vn -0.9217490165190103 0.2974480181538181 -0.24880399322077396
vn -0.8246469388683336 0.5587129749860279 -0.08830196938545162
vn -0.8466832589863125 0.48133915973421404 -0.22680403933501217
vn -0.0701049994435103 0.997402999503817 -0.016508956169745136
vn -0.013831003238926656 0.9850422362539748 0.17175708470154358
vn -0.07773603091875443 0.9434143861989095 0.3223761861706492
vn -0.7794281178348063 0.43220107059219004 -0.4535350523470664
vn -0.6323718044923629 0.5027228546430709 -0.5893858093834587
vn -0.9193232115908502 0.2574610689101554 -0.2975880216438918
vn -0.9609510247625553 0.17432801183896085 -0.21490200626348238
vn -0.8782900557166575 0.29020201802986534 -0.37998600863798176
vn -0.5331292052506773 -0.6920133486697451 -0.48671426501764575
vn -0.7781748499955095 -0.4206559009295625 -0.46636092873181895
vn -0.00006400000913268606 -0.9999701754716027 0.007722957418688149
vn -0.0009510003436662648 -0.9999663526194202 0.008147958478036394
vn -0.00165900019918038 -0.9999411740895698 0.010718958844573554
vn -0.000855000085629114 -0.9999521122601702 0.009748956932806616
vn 0.0324390018998739 0.9079440846725007 -0.4178339984538776
vn -0.09431799592917375 0.9955369139136098 0.0032200433647109005
vn -0.09431799592917375 0.9955369139136098 0.0032200433647109005
vn -0.16952908206029324 0.9368954259486815 0.30575619563997913
vn -0.917291727519681 0.26272794969333274 -0.2992489115667706
vn -0.9964722511001152 -0.012721999205218307 -0.08295301997933181
vn -0.9803838045520487 0.08983999232753583 -0.17543195703929979
vn -0.9529997641983526 0.10022598941967156 -0.2859129246514263
vn -0.9733488206864753 0.03407500434449905 -0.22678396624799238
vn -0.1765190982773038 0.8899534721661749 0.42050425125405894
vn -0.09970003784356163 0.891360353527694 0.442195231332244
vn -0.08942197826580864 0.9649456643419031 0.24674597194441217
vn -0.9796896545183523 -0.08962597707989446 0.17937492874475386
vn -0.9599161209886072 -0.11188702836231193 0.25698702992648625
vn -0.9662780607420257 -0.0414370116528496 0.2541450046605516
vn -0.9914433239869219 -0.017592010872255856 0.12934703891173543
vn -0.1673060093907863 0.7772790587887252 0.6065030618144015
vn -0.09775099009094698 0.7846179219155407 0.6122250081017421
vn -0.1673060093907863 0.7772790587887252 0.6065030618144015
vn -0.16566707666715058 0.6192692955552792 0.7675024164724361
vn -0.10430703291630336 0.6389361413884709 0.7621552664069239
vn -0.09775099009094698 0.7846179219155407 0.6122250081017421
vn -0.16729900237996642 0.5212819805617955 0.8368250358015346
vn -0.10659103063846859 0.5213441098756365 0.8466632573139153
vn -0.16471495574915074 0.3276118696330756 0.9303437247749221
vn -0.09436598187077185 0.324374924620924 0.9412098436282607
vn -0.1510840194281349 0.0994649687004254 0.9835041123832997
vn -0.08340000066618511 0.1028539515823545 0.9911939792658021
vn -0.1363749994458899 -0.0037890434550580205 0.9906500404662735
vn -0.08209896800957821 -0.00865304073189767 0.9965866165757267
vn -0.023663999470175424 -0.9989659751265337 -0.03882004209901251
vn -0.014896998703928369 -0.9998839195164677 0.003197955909811886
vn -0.05161899958971589 -0.9969859473161651 -0.05791804326326846
vn -0.12415794542085722 -0.1458859754096121 0.9814795396581925
vn -0.07883100243375574 -0.14397804338566628 0.9864360070871929
vn -0.0061970026068496895 -0.9998964496296818 0.01298796275971836
vn -0.018492999134013244 -0.9997558911893282 0.012089955138924505
vn -0.11494194130767199 -0.47091676229359003 0.8746575061813316
vn -0.0739109884732422 -0.44792098482640036 0.8910128826987049
vn -0.9983074226605196 0.056513023274355985 0.013732008640495062
vn -0.9962858074417158 0.022203993926483253 0.08319598874898601
vn -0.9937956111645228 0.09868795725575476 0.05129298512290578
vn -0.9883270785931713 0.14769501146430636 -0.03735999609269274
vn -0.08004496506425833 -0.8817116511575124 0.4649487797391825
vn -0.055314997114896826 -0.8607779657628277 0.5059659521661387
vn -0.6568589791448508 -0.7539920703883939 0.005677966907920881
vn -0.8437329848458339 -0.53662197065732 0.012308976033546627
vn -0.6349016680321325 -0.7700206248048891 0.0629929305962517
vn -0.3663938865944036 -0.9210666290631663 0.1318779158633586
vn -0.016986993274966295 -0.999512567020466 0.026192946142707944
vn -0.08004496506425833 -0.8817116511575124 0.4649487797391825
vn -0.043654011450485974 -0.9990453268915606 0.001661956803256139
vn -0.03995800917427374 -0.9976841881988036 0.05504196690638012
vn -0.055314997114896826 -0.8607779657628277 0.5059659521661387
vn -0.056116985405589584 -0.9983917713361821 -0.00804704151781316
vn 0.16045105464837553 -0.9869883932035751 -0.010458046837208836
vn -0.059123021929071116 -0.9982483541334045 -0.002166044303196733
vn -0.04975699726580825 -0.9987449683903372 0.005720956045509993
vn -0.041596998580117915 -0.9983579487787527 0.03938395383156616
vn -0.037657990647352355 -0.9992897403839112 0.001374955948196684
vn -0.0003710001465343774 -0.9999853350939683 0.005402958069014472
vn -0.029455987864229448 -0.9925165732078759 -0.11850399439106432
vn -0.04897900668601486 -0.9910241745010766 -0.12438706708702145
vn -0.06546898776193383 -0.9904668745565958 0.12119893583491738
vn 0.5084958405649428 0.7993947900202149 0.3199999215885668
vn 0.4623451070739949 0.6733371127046618 0.5769351216725203
vn -0.8462311324039083 0.5298111225323703 0.05650703488406267
vn -0.9576007370087407 0.2851729269765943 0.04095400102454874
vn -0.9635077252175269 -0.03344497998265272 -0.26558293762986074
vn -0.9448014180611957 -0.17973106788878285 -0.2739471183734403
vn 0.02485300305420143 -0.43867901080267124 -0.8983000911278912
vn 0.012875993178016971 -0.7910935244709397 -0.6115596817480909
vn -0.4150160312357522 -0.901469064964895 0.12294396580817961
vn -0.6281169827397989 -0.7535019215059755 0.19417494761336704
vn -0.0037059988242709486 -0.998270674167839 0.05866793561394939
vn 0.13916401758069313 -0.9902451172661124 -0.006927044205417356
vn -0.9975220581169296 0.06891800003486281 0.014144003724539268
vn -0.9977886720112874 0.03016898721544615 0.05922497966521919
vn -0.9919412310169304 0.1026050275398268 -0.07432901541234344
vn -0.05800498631791277 -0.9839087620815045 -0.16899399238286622
vn -0.5331292052506773 -0.6920133486697451 -0.48671426501764575
vn -0.3500441377620516 -0.814941281944256 -0.4618872249818939
vn 0.05199002266259019 -0.9908284093470955 -0.12472409861068505
vn -0.9976507798415936 -0.063081988306599 -0.02671299744967559
vn -0.9929613551736258 -0.11232204058931013 -0.037570019025944576
vn 0.059542968335478244 -0.2521078439809895 -0.9658655547875477
vn 0.04820902304223448 -0.1261860154301969 -0.9908344864845811
vn -0.15264105215672757 -0.019599963746148863 -0.988087319328427
vn -0.09747500852306565 0.03268604398546948 -0.9947010833622371
vn -0.027165990648089954 -0.9888386184693667 -0.14649298814517497
vn -0.1456780097516337 0.02254704366304766 -0.9890750974000204
vn -0.11441901369509179 -0.15701897684303714 -0.9809451208993336
vn 0.6774381118307645 0.7354811181402642 -0.012046970503626393
vn 0.6722371816598024 0.7269811778314876 0.13998406578189077
vn 0.5859250334915073 0.8003030834938423 0.1273060472963652
vn 0.6461659727496463 0.7631699405793723 -0.006416966306675584
vn -0.05800597349750103 -0.8839246425851407 -0.4640178156809697
vn -0.003685000200512832 -0.8522350803843498 -0.523146048953639
vn -0.05800597349750103 -0.8839246425851407 -0.4640178156809697
vn -0.07791703347040221 -0.5278751583868251 -0.8457403579428244
vn -0.11499797039570042 0.12533001691419912 -0.9854277516211709
vn -0.9802162154542794 0.19677703490343731 0.021330013949859936
vn -0.9540555595995581 0.2950161525025951 0.052378038906967087
vn -0.16245294596440596 0.10823801381199517 -0.98076173085695
vn -0.1881019633856212 0.33003999438158366 -0.925035811998151
vn -0.17191592687879398 0.30503490508393993 -0.9366955859647448
vn 0.03467800779493457 -0.3003730006203014 -0.9531912170565416
vn 0.05454703399471408 -0.20619407416857005 -0.9769895725442241
vn -0.9191367282182501 0.3931508822078659 -0.024900977077764366
vn -0.9988388580297237 0.036194994859469594 -0.031793993725240374
vn -0.9705367126430557 -0.19949194232804457 0.135134948692759
vn -0.7487911688932023 -0.6581412086046061 0.07849799312097117
vn -0.7781748499955095 -0.4206559009295625 -0.46636092873181895
vn -0.4938618918946778 -0.8282028455289556 -0.2649159836475531
vn -0.5437551587883714 -0.8379612951822545 0.046380977431609495
vn 0.05395199004245168 -0.3838718772621644 -0.9218088547077864
vn -0.023338990928359317 -0.2311818500712033 -0.9726305792540668
vn 0.05884502423429908 0.10866308822382456 -0.9923354253378874
vn -0.024630013964079323 0.575831348427651 -0.8171974183635936
vn -0.06371098463918355 0.30899995312632494 -0.9489256764384841
vn 0.025234993897054615 -0.3112809056192604 -0.9499828382028112
vn 0.009158998217996666 0.7322969326680788 -0.680923868840391
vn 0.015305998956075465 0.71058296934218 -0.7034469205823615
vn -0.3855462325962572 -0.9191345497362089 0.08090600726799832
vn -0.089131999440691 -0.9754909141521325 0.20117893299831688
vn -0.3001410374294834 -0.9341231366119755 0.19320797938221387
vn -0.9456541614954926 0.24498904830702445 -0.2138190193969548
vn -0.9886747582777013 0.1496889742522066 -0.010743990499402126
vn -0.9988383910085994 0.048111018925138964 0.002683003044563979
vn -0.0732700237950687 0.9035651886761652 0.4221391398883504
vn -0.05104500949111366 0.9975011660737331 -0.048844965836765994
vn -0.101812981936299 0.8945877975466672 0.4351399650570399
vn 0.6774381118307645 0.7354811181402642 -0.012046970503626393
vn 0.6736712603965682 0.71577729800884 -0.18392904221700102
vn -0.9831941410020383 -0.1236390267642439 0.13432301426060558
vn -0.9700462393527723 -0.147850059292065 0.1927450478867787
vn -0.9935151971281948 -0.03687101120035896 0.10755501665839308
vn 0.6722371816598024 0.7269811778314876 0.13998406578189077
vn -0.18444596022628865 -0.9788707345575498 -0.08827101893014226
vn -0.5953208548041397 -0.787419755128762 -0.15988498700074658
vn -0.9886747582777013 0.1496889742522066 -0.010743990499402126
vn -0.970682641527552 0.19090093224251184 -0.1460549331793819
vn -0.9051998257362898 0.2780829625330033 -0.3213769460242272
vn -0.9668733399502071 0.13738005692686847 -0.21513406158091697
vn -0.23301206034253358 -0.8537861319986617 -0.46556913615669515
vn -0.3500441377620516 -0.814941281944256 -0.4618872249818939
vn -0.7588354247804016 -0.5713853174329627 -0.3125501833632163
vn -0.9657943067312504 -0.16297503602342883 -0.20169406217998906
vn -0.981158049602678 -0.05905899563478012 -0.18395900829934858
vn -0.3855462325962572 -0.9191345497362089 0.08090600726799832
vn -0.7563708582245292 -0.6538148730436298 -0.020718026344980225
vn -0.35657210362303404 -0.933922302783025 -0.025406048144008396
vn -0.23301206034253358 -0.8537861319986617 -0.46556913615669515
vn 0.03895999885995967 0.4251840534146213 -0.9042680129313124
vn 0.02550300751374933 0.3873491677643781 -0.9215802834479465
vn -0.5953208548041397 -0.787419755128762 -0.15988498700074658
vn 0.003154000665341239 -0.9836651989066345 -0.17998007873032532
vn 0.019943997629266703 -0.7803499435633969 -0.6250249615328713
vn 0.024938005653746726 -0.7651161178104192 -0.6434092182590535
vn 0.00042600013486341644 -0.982520278602561 -0.18615509839548006
vn -0.4573902048474151 -0.8853783893787215 -0.08306207396147039
vn -0.36585197486913795 0.09306795720945998 0.9260079307571883
vn -0.34566988689482075 0.018200952080377236 0.9381796494475299
vn -0.026683991646541377 -0.9932296776509704 0.11306092173318184
vn -0.03160098834886441 -0.8320267165450997 0.5538347411372416
vn 0.033401995208573794 -0.993799849390058 0.10604794231093954
vn -0.10726495818297853 -0.9839745722049552 0.1424368983096704
vn -0.16652600534226106 -0.9765500247445499 0.1364519648673789
vn -0.0816470082186543 -0.9961091211948987 -0.03317204728788265
vn -0.010989996641163418 -0.9985326538572247 -0.053026023372255975
vn -0.9953419408491934 -0.0027970041106857063 0.09636699411398937
vn -0.3001410374294834 -0.9341231366119755 0.19320797938221387
vn -0.028634006133371408 -0.9855501671372564 0.16694598452337833
vn -0.9925011979231158 0.10504401848639025 -0.06250701001816458
vn -0.9789028873346123 0.20205597938418388 -0.030372987391063654
vn 0.031218002167316444 -0.9875501045895546 0.15417596202340006
vn -0.09585401428199827 -0.9826801501267909 0.15859297113306822
vn -0.004509999835296998 -0.9998800220191719 0.014818956387870567
vn -0.12098199774668286 -0.9903950042988431 0.0669409566791244
vn 0.5078222058974741 -0.7835443310376786 -0.35801520707386164
vn 0.6607510554305939 -0.5268310159907791 -0.5346560794917421
vn -0.8631570443322356 -0.10492298975361783 -0.4939140441825897
vn 0.04847201614812967 0.996039358348772 -0.07453898490522988
vn -0.743940648314783 0.6609147120341257 0.09871198104500414
vn -0.7673899099495871 0.6366939647795832 0.0757200192869724
vn -0.952875464153687 -0.11384406056814322 0.28119011306810326
vn -0.9706686402856279 0.16260093118249253 0.1770969450460304
vn -0.04350201014344977 -0.9988432794299384 -0.020486050159194975
vn -0.034452999428516685 -0.9992939404214431 -0.014987043316264555
vn -0.8876648424595294 -0.3476359928955593 0.30199394680161656
vn 0.018399997575076973 -0.786153838474295 0.6177568958266425
vn -0.009801004700892891 -0.7808183455806625 0.6246812399228344
vn -0.0002730001057660392 -0.9999863856009327 0.005210958042925007
vn -0.0015129996519614843 -0.9999968272257869 -0.0020140432996729614
vn -0.16881890691338888 -0.8760445188202152 0.45171470832111077
vn -0.324634996592086 -0.840664995412475 0.4334679739909279
vn 0.7388001461269351 0.3740030959275875 -0.5606211094129431
vn 0.7176519048712222 0.5079209003681232 -0.4764368818678306
vn 0.6487910934120886 0.5601240782750438 -0.5151030324563031
vn 0.7234211022240203 0.37850707458382477 -0.5774030683560475
vn -0.29830397054618013 -0.9542859128805978 0.018791956631170868
vn -0.7511242575476034 -0.5747391227162296 0.3247880701979992
vn -0.8876648424595294 -0.3476359928955593 0.30199394680161656
vn -0.4150160312357522 -0.901469064964895 0.12294396580817961
vn -0.16881890691338888 -0.8760445188202152 0.45171470832111077
vn -0.2847999675132647 -0.4598039940270076 0.8411119221490414
vn -0.540030102829634 -0.4013471189708221 0.7397891443726624
vn -0.324634996592086 -0.840664995412475 0.4334679739909279
vn -0.92385808896422 -0.08074001963055655 0.3741220130992519
vn -0.9661072814999162 -0.13086804542120742 0.22250904548012018
vn -0.9746558681654759 -0.0842690038211062 0.20723096690794268
vn -0.32811599224886223 -0.1271500405227461 0.9360410048847266
vn -0.6084788689109363 -0.08634401086112875 0.788858781961183
vn -0.9977481949965887 0.030885007954898104 -0.059537010881258644
vn -0.9990020584279657 0.04396300177196447 0.007883002720140152
vn -0.8115215374511547 -0.009839020218859892 0.5842396665188411
vn -0.9621627077910488 -0.044167998594270716 0.26887192422485007
vn -0.9780982185814298 0.05245400111077672 0.20142604741022
vn -0.980819643412362 0.03675397769608977 0.19142092941985725
vn -0.6530212458201948 0.06357699020327845 0.7546662963350973
vn -0.853533796755056 0.0012819768469360545 0.5210359050317576
vn -0.9878884547416541 -0.13560205359420838 -0.07542203954534867
vn -0.9858772023699213 -0.061767021565091514 0.15566302352914396
vn -0.6066640314835458 0.04010396879396113 0.7939461093746254
vn -0.6053248611590473 0.07480395061700075 0.7924557914703315
vn 0.025015993120298195 -0.03466903440091189 0.9990857111088686
vn -0.010602000026007806 -0.037108044010197176 0.9992550178333787
vn -0.9926163686275453 0.04204201879053214 -0.1137770336609359
vn -0.9937735368710321 0.042479984590404876 -0.10300295298698293
vn -0.9979898724120537 0.020419000056009905 -0.0599939913631796
vn -0.9985379093016935 0.03973899986608527 -0.03664499388792873
vn -0.008947999179001421 0.4189269128194775 0.9079758669844891
vn 0.01757100163907528 0.2665059649414143 0.9636730931970889
vn -0.09163201625058535 0.25827800953938174 0.9617151570949828
vn -0.0781320213997052 0.398663040688923 0.9137631899024268
vn -0.9094870159670976 0.17937698947510636 0.3750430154450448
vn -0.8609661341449404 0.08011798489866742 0.5023130740397802
vn -0.7485561813687464 0.2837390281600849 0.5992960931237675
vn -0.6708983287606269 0.15514904313314168 0.7251373710415624
vn -0.3598941315425757 0.29063605761925615 0.886570299577395
vn -0.8140619720433475 0.3643989541230274 0.45223501402140465
vn -0.9390372706502212 0.23181604445684267 0.2539100743613111
vn 0.02344000910066907 0.13554101314112102 0.9904944218571041
vn -0.05174399062852315 0.12777194263789385 0.9904528712202182
vn -0.840514175642934 0.5055221189492275 0.19489306759441682
vn -0.9655279995395731 0.2531869950202586 0.06043200855276338
vn -0.9576740775879826 0.25042301995134497 0.14194601859317915
vn -0.8366816788306186 0.45143180295005175 0.31011787371005134
vn -0.03338299207636779 -0.9993827013941241 0.010944952910451316
vn -0.7511242575476034 -0.5747391227162296 0.3247880701979992
vn -0.8876648424595294 -0.3476359928955593 0.30199394680161656
vn -0.5883550935243973 0.20841799652230658 0.7812811418750137
vn -0.3206719687320446 0.4905658798931752 0.8102558891820222
vn -0.980480117169947 -0.1956800345233553 0.01918499213827316
vn -0.9975947315220619 -0.06494798342077553 0.02421799101907774
vn -0.9774711599585996 -0.20400202489002087 0.054159997137753116
vn -0.3065009388046629 0.59269484077964 0.7448288395497704
vn -0.8498660901941422 0.5063170714791727 0.14618704411430053
vn -0.964465360499678 0.25275107378210193 0.07696403769437263
vn -0.31184206072337595 0.7481101653502309 0.58573518731885
vn -0.539211958935413 0.6632009154757299 0.5190520292352089
vn -0.9919700095626459 0.11046399728929186 0.0615890041416115
vn -0.9972939141459102 0.04106000061217471 -0.06098299072084152
vn -0.9966137656218452 0.06634798549554274 0.048568992101224874
vn -0.0006220002005043988 -0.999997291126432 0.002242956876169401
vn -0.539211958935413 0.6632009154757299 0.5190520292352089
vn -0.31184206072337595 0.7481101653502309 0.58573518731885
vn -0.2933749774136477 0.8691080109474194 0.3982240423863958
vn -0.5182760935497174 0.7767401749658871 0.3578611343088375
vn -0.9960988144440598 0.020681992733187524 0.08578698642406736
vn -0.9977057996757823 0.005891995826184167 0.06744198750401639
vn 0.2708541010642615 -0.9393714258107444 0.2102840467248044
vn 0.554579918639743 -0.6359369450940268 0.5366799005981245
vn -0.9963524773847261 0.0787600354769142 -0.0328420100023443
vn -0.05528099839902293 0.6257279776843918 0.7780800146251081
vn -0.03223602073634574 0.6123883922604043 0.7898995480387383
vn -0.002679000613889564 -0.9999932990504018 0.0024949569143389023
vn 0.8144676446540878 -0.35062385183836914 0.4622827817836697
vn 0.7282032448905166 -0.3105641605914481 0.6109582115718322
vn -0.9943767869000922 0.10559798155094824 -0.007991993907272486
vn 0.002923001345261142 0.9992875386938106 0.03762806232589885
vn 0.002681999760378016 0.9452759097164025 0.32626103259064376
vn -0.9904938782997098 -0.11968498195473459 -0.0678039980037653
vn -0.9857681245513982 -0.11477800494369339 -0.12283002157275975
vn -0.9741760641727928 -0.17991900512941997 -0.1364190147525136
vn -0.9032280245903365 0.42789503288834957 -0.032938980313856926
vn -0.9996195025998803 -0.02679698589655544 -0.006539997616802129
vn -0.9994066450459052 -0.014113994004342633 -0.03141899125263879
vn -0.9022191875030344 0.430223055776581 -0.030143987453976676
vn -0.0023379998414127332 0.9739378651085902 -0.2268029291355455
vn -0.016372992497444106 0.9803185838966726 0.19674196091200633
vn -0.015525998247269912 0.9817548717455645 0.18951600244379332
vn -0.012905005941600156 0.974408430722091 -0.22441406141184467
vn -0.870497702879324 0.3300919093753082 -0.3650658579582366
vn -0.9988383910085994 0.048111018925138964 0.002683003044563979
vn -0.9798461142649931 0.15617101349363272 -0.124548010438408
vn 0.4612979050554891 0.608605861078869 0.6456029342032652
vn 0.6324231646235988 0.5146061057583415 0.5789831575820725
vn 0.7102841471044703 0.5533361039204768 0.4351041099210422
vn 0.5058129364533004 0.6813239136007367 0.5291039577174466
vn 0.34204288905891106 -0.9255806025476155 -0.1621949759759121
vn -0.9830382281162993 0.1547430234498016 0.09844002618640925
vn -0.7344900934152583 0.03958097898587688 0.6774641309895045
vn -0.7585006905448367 0.026924961490112528 0.6511157722646271
vn -0.7878591234224734 -0.04912603234939389 0.6138930155862485
vn -0.9421829759877011 0.21372100892169335 -0.25809798547151114
vn -0.9964722511001152 -0.012721999205218307 -0.08295301997933181
vn -0.8693147997493161 0.34547289778784823 -0.35346888948091826
vn 0.015699995418806727 -0.35198287456092037 -0.9358747598689051
vn -0.0011109996429500377 -0.999998656774368 -0.0012050432577437181
vn -0.0035380004976955036 -0.9999921482104861 0.0017849565415650201
vn -0.13354307939031712 0.8600874899080537 0.49235734548254173
vn 0.14549607014143334 0.9323034126155529 0.3311211868769395
vn 0.029688989344636516 0.08880301327187179 -0.9956066435824591
vn 0.02869300904912963 -0.1971850128709543 -0.979946315841224
vn -0.005983999910179142 0.5117090106698851 -0.859137986672876
vn 0.00028199995419264456 0.6115899804340142 -0.7911748329596614
vn 0.007580002027134436 0.6315031963888081 -0.7753362215967902
vn -0.970682641527552 0.19090093224251184 -0.1460549331793819
vn -0.003785999115949059 -0.9864897869113985 -0.16377901736851955
vn -0.004172001407291845 -0.9997343189677818 -0.022669051199446944
vn 0.05765898650880827 0.39388196564887173 -0.9173507717396644
vn -0.9995980581347206 0.009122999277126837 0.026842001741398138
vn -0.9984735495281055 0.03351398831496548 -0.04390197580941375
vn -0.9989291260159968 -0.0393770021787612 -0.024291004432316615
vn -0.9957323603477862 -0.08014302846937046 0.04576200983331364
vn -0.996932071409993 0.05225500685346898 -0.05827400151804181
vn -0.9928807284299951 0.03790699684911852 -0.11291996591481573
vn -0.9592845127223467 0.22641989588728614 -0.1688409144651869
vn 0.675508242651048 -0.2133520326976251 -0.7058112525698953
vn 0.8413907306334896 -0.18561191165520313 -0.5075528116912996
vn 0.014153003304571464 0.6364742084000893 -0.7711681233939462
vn 0.047981987316365333 -0.3665108471590657 -0.929175724934695
vn -0.997450284004119 0.03583900489957227 0.06171301862582203
vn -0.014193999622373176 0.8513180271510343 -0.524457955438175
vn 0.009158998217996666 0.7322969326680788 -0.680923868840391
vn -0.09962800015178276 0.7453430485899172 -0.6591949647141161
vn 0.037976979265539425 -0.3300947946714162 -0.9431835322866385
vn -0.9793517965274713 -0.16739996915249145 0.11334597022461596
vn 0.0030569985851865893 -0.7410266076128925 -0.6714687048324579
vn 0.019896993275594705 -0.7505396859814325 -0.6605257674197758
vn -0.00008900001942551451 -0.9999821995581171 0.00596595724982733
vn -0.00010000002640913109 -0.9999952762593513 -0.00307204475530294
vn 0.0011559998725513803 0.5440609982716985 -0.8390448699705502
vn 0.04512799946645398 0.6066710256684072 -0.793671046642498
vn 0.002681999760378016 0.9452759097164025 0.32626103259064376
vn 0.005321000242222222 0.9998561160695075 -0.016106958583854938
vn 0.014323002577327673 0.6400411608265282 -0.7682071101239563
vn -0.025992005264646928 0.601125137555904 -0.7987321106983982
vn -0.02060700013018899 0.6649910509934962 -0.7465669786725098
vn -0.012442000336280862 0.9994810337781223 -0.02971295585175131
vn -0.02014100206788504 0.9384071209225381 0.3449440758116804
vn -0.02014100206788504 0.9384071209225381 0.3449440758116804
vn -0.05981899382390353 0.9960718650819167 0.06528803542861314
vn 0.025173001617104156 0.7770721209424548 -0.6289079732707961
vn 0.0022950011695276537 0.7796364078516885 -0.6262282367649572
vn 0.02328600646148376 0.7328142543059536 -0.6800301688815614
vn 0.0402309795374585 0.7573836266039862 -0.6517296298601519
vn -0.02544999029633157 0.7069587758169127 -0.7067967086011147
vn -0.06816300680637463 0.6954790595899175 -0.7153060059688008
vn 0.0033789980525616345 0.8711694933626272 0.49097076919758104
vn 0.002084999892194491 0.8832419058000667 0.4689129861862601
vn 0.0038450012006621074 0.8702942202740982 0.4925171937336465
vn -0.08081099779004342 0.9165279289099485 0.3917220164405084
vn -0.07360297798344312 0.9905257247983038 0.11593700938338813
vn 0.05275999821122183 0.7995849645429152 -0.5982309479337029
vn 0.025173001617104156 0.7770721209424548 -0.6289079732707961
vn 0.02328600646148376 0.7328142543059536 -0.6800301688815614
vn -0.02544999029633157 0.7069587758169127 -0.7067967086011147
vn -0.06816300680637463 0.6954790595899175 -0.7153060059688008
vn -0.0810999942215954 0.8554278808414628 -0.5115329232965765
vn -0.08559803386371143 0.9007563708052432 0.4258062200725046
vn -0.048376011181107174 0.9962241923301524 0.07209105463468417
vn 0.07913402494077817 0.7715962700114017 -0.6311711354309258
vn 0.08459399100223056 0.6577989962068853 -0.7484279105401727
vn -0.08370704222089152 0.9676405051335752 -0.23804407975723504
vn -0.36465604446235356 0.5949780875554014 -0.7162590624669172
vn -0.02557500175709831 0.223292041431224 -0.9744160217887433
vn -0.005367001351468881 0.9607502044105175 -0.27736301127158647
vn -0.062553000563868 0.9829559547342362 -0.17287195600490732
vn -0.03875399785103748 0.9992389394141462 0.00443504329785952
vn -0.08647600023309249 0.8954070654491113 0.4367700636805333
vn 0.536577110141429 0.8434741580679243 -0.02522596963209311
vn 0.5249238027617197 0.5980258184971957 -0.6056567688921957
vn 0.007356997974509791 0.9837937339094107 -0.17915290592503055
vn 0.024911993303881167 0.9964147517275462 -0.08085193336809975
vn -0.015310003518787306 0.9890362746951277 -0.14687699319307568
vn 0.0402309795374585 0.7573836266039862 -0.6517296298601519
vn 0.085996976874536 0.9937907298175485 0.07060102900910696
vn 0.19260308239836257 0.9808283916051111 0.029660055158078936
vn -0.9971909536989898 0.074017997737244 -0.011468996114250611
vn -0.9155247754730125 0.4018129095477565 -0.018993978410450453
vn -0.054131996098681474 0.6666139202689971 0.7434350061047511
vn -0.038165987445369226 0.7935547155844109 0.6073008074884018
vn 0.7801142560428873 0.5440991397428865 -0.3088330838004622
vn -0.05354101701384876 0.9784713009499878 -0.19931701561673368
vn -0.060059990809751385 0.9761108677126682 0.20880701960699088
vn -0.13359799963609734 0.9752290159029836 0.17629503973206861
vn -0.054999023554500634 0.9815984357759983 -0.18286502752075118
vn 0.20771101906275952 0.8123891317614518 -0.5448669848282096
vn 0.5249238027617197 0.5980258184971957 -0.6056567688921957
vn 0.536577110141429 0.8434741580679243 -0.02522596963209311
vn -0.8632999932576749 0.3463740082027868 -0.36706698037665336
vn -0.8738608182779517 0.3311589150535293 -0.3559509000679142
vn -0.9421829759877011 0.21372100892169335 -0.25809798547151114
vn -0.038165987445369226 0.7935547155844109 0.6073008074884018
vn -0.02897198747689894 0.895259620894312 0.4446018838666916
vn -0.15946698853534963 0.8520319003004277 0.4986099883053976
vn -0.07162399871921232 0.5317949493127967 0.8438389269836217
vn 0.9902638119010148 0.136655978166881 -0.026508988485500207
vn -0.05991596798806734 0.8944975088809907 0.44303982144470394
vn -0.017807001859568496 0.8975891839839715 0.4404731177719721
vn -0.07100597329506357 0.8066986043459792 0.5866817821465655
vn -0.00329600066058647 0.8058341508242409 0.5921321286208172
vn 0.055673986085987316 0.7416137682482897 0.6685128465615822
vn 0.056307005166153015 0.443318018373103 0.8945941290635457
vn -0.07100597329506357 0.8066986043459792 0.5866817821465655
vn -0.00329600066058647 0.8058341508242409 0.5921321286208172
vn -0.06336498465376304 0.7362908068508842 0.673691863144199
vn -0.9991813443559079 -0.021141005674722678 -0.034492013136116044
vn -0.06186298693041316 0.8063437733139696 0.5882029327416152
vn -0.02370299148756553 0.8025767360989134 0.5960778060516557
vn -0.07729703422419439 0.3194760950413915 0.9444364421162746
vn -0.0747160375485043 0.10952000989764106 0.9911724780102963
vn -0.0280630017851426 0.6360939730694515 0.7711011122774543
vn 0.03267500132606563 0.8101559779847582 0.5853030288866626
vn -0.06186298693041316 0.8063437733139696 0.5882029327416152
vn -0.046949008470877275 0.6711150349379376 0.7398651231703334
vn -0.02370299148756553 0.8025767360989134 0.5960778060516557
vn -0.0328640135193628 0.6872002336742785 0.7257243246945883
vn -0.06821100830828367 -0.016275046373546462 0.997538160278145
vn -0.07803896834402953 0.4213618251886935 0.903528711050984
vn 0.007340002371833456 0.49567811920253313 0.868475288369808
vn -0.037006011744299495 0.5434101255008364 0.8386512926109075
vn -0.051944012924707454 -0.15750409632985748 0.9861512455808149
vn -0.0775010138491671 0.24493001639170361 0.9664382442363874
vn 0.050080990418740895 0.2915199171036382 0.9552528630318602
vn -0.03507501629599534 0.3156341195715622 0.9482324850974683
vn -0.03653398016898668 0.09423390538291179 0.9948795099756033
vn 0.05157799026404102 0.11067993540112893 0.9925168325121363
vn -0.028248990882016985 0.10532392287436589 0.994036652133362
vn -0.03160098834886441 -0.8320267165450997 0.5538347411372416
vn -0.039980008616927944 -0.42465909694752374 0.9044701489218446
vn -0.00897899944835557 -0.045852042861752026 0.9989078875123125
vn 0.04145800961067766 -0.04446805419758888 0.9981502019210341
vn -0.016007003855611063 -0.03742505029390807 0.9991712272869275
vn -0.0010229995993718186 -0.9999845819843565 0.005457954322968926
vn -0.0070600022092028696 -0.18228009818044735 0.9832212986790575
vn 0.03784300336536423 -0.18834207520712656 0.9813741232593012
vn -0.0020180001611990574 -0.18080405084837775 0.9835170679109574
vn -0.00995599557695046 -0.3615628539853466 0.932294578322776
vn 0.03250399683970298 -0.3858210047802534 0.9220008907044506
vn 0.00209799904200394 -0.40540984995394524 0.9141326227415468
vn 0.17293798840894545 -0.907336869614262 -0.38318697420927467
vn -0.017951997707092614 -0.7732198615077336 0.6338838785994529
vn 0.018399997575076973 -0.786153838474295 0.6177568958266425
vn 0.0252919999256834 -0.7922940559429608 0.6096149962535468
vn 0.0002010000994834414 -0.8071683704825793 0.5903212526171302
vn -0.0230849979302285 -0.9832189475544613 0.18096293554332912
vn -0.017951997707092614 -0.7732198615077336 0.6338838785994529
vn 0.0252919999256834 -0.7922940559429608 0.6096149962535468
vn 0.01776798985026403 -0.9855685220162116 0.1683418752047785
vn 0.0002010000994834414 -0.8071683704825793 0.5903212526171302
vn -0.0015729999986350692 -0.9885490080852368 0.15089196229322083
vn -0.015736996311720354 -0.9988147118730055 0.04605994239173411
vn 0.009832002672418913 -0.9992451790961365 0.037581960786789895
vn -0.006518002954242935 -0.9997614938969716 0.020843966954109953
vn 0.02450999425873488 0.8476577746738426 0.529976940268561
vn 0.127306946155926 0.6646426829247775 0.7362357268531634
vn 0.1511079722043013 0.8446708156710415 0.5135149402791718
vn -0.0013819999557609026 -0.9999989215112698 -0.0004970436798498983
vn -0.000433000036712597 0.9985960653041157 -0.052968961384064026
vn -0.014013006100123031 0.9998934687137268 -0.004084958221247983
vn 0.0006300000489611619 -0.9999080372996632 0.013546956982067865
vn 0.0017300000671687126 -0.9999820126143746 0.005742956335596493
vn -0.00727699908457088 -0.9999618238442284 0.004836955493662429
vn -0.00394299840377228 -0.9998756176953101 0.015270949610626517
vn -0.0017030009820871918 -0.9999985042774603 -0.0003020438666324855
vn -0.0007999996990853387 -0.999993635371594 0.0034769551025460714
vn 0.575861919647484 0.6611579317812453 0.4808879690142611
vn 0.7396320091556656 0.5551720085492009 0.3804320332934642
vn 0.7452012216408047 0.4781491499313205 0.46481020824096336
vn 0.6604712165550654 0.5220571047825789 0.5396611450237115
vn -0.994269768585778 0.013888991186418101 0.10599397718836255
vn -0.9951694929288031 0.015338988038375708 0.09696595170361565
vn 0.0007690002289949874 -0.9999963137885224 -0.0026040445493291423
vn 0.0004549999371780223 -0.9999998679165792 -0.00023904368008077296
vn -0.17287405116546609 0.4370200836660458 0.8826822808384465
vn 0.09421599027550187 0.754772941994338 0.6491849915159918
vn 0.10555003316184898 0.8393762262114268 0.5332042210734985
vn -0.00025600011485115066 -0.9996504736234496 -0.026436055839595476
vn -0.003170000391057954 -0.9996480936061367 -0.026337047046648666
vn 0.002246000819357019 -0.9996953664184417 -0.024579052907246157
vn -0.113105967786192 -0.9935117371495056 -0.011894040411925759
vn -0.5284641564066261 -0.7547332814796066 0.3887200910944247
vn 0.0024569998623619237 -0.9997748775576711 -0.021075041072799228
vn -0.0023050004186210976 0.9042481655339527 0.4270011031619842
vn -0.0013469995176339285 -0.9813086095990947 -0.1924359590071236
vn 0.005915996839006508 -0.9845184795179928 -0.1751809477910794
vn 0.005996002712961473 -0.9852244610401764 -0.17116310735541154
vn 0.019896993275594705 -0.7505396859814325 -0.6605257674197758
vn 0.01143900001037709 -0.7878069439033983 -0.6158160183174439
vn 0.012875993178016971 -0.7910935244709397 -0.6115596817480909
vn 0.011847999434028433 -0.8099559581587846 -0.586371018001825
vn 0.03354900682318483 0.10221706888748833 -0.9941962255858893
vn -0.9869677618152426 0.13959397999492 -0.08005097055369483
vn -0.8999323778530932 -0.43506216653795465 -0.0290280302290482
vn -0.0023050004186210976 0.9042481655339527 0.4270011031619842
vn -0.9937411628081713 0.09052801694477063 -0.06544600437544582
vn -0.9922360763962824 0.021739006333504618 -0.12245400892311543
vn 0.846987019992872 -0.5016409896496787 0.1759809804123311
vn 0.6964240188884517 0.7154989932310022 0.05527003347818591
vn 0.9370505330940502 0.023401002463400856 -0.3484087994179598
vn 0.6459571613956586 -0.7625021826253269 0.03646597226559863
vn 0.9477097686533723 -0.3178059246740204 -0.029079006878885975
vn -0.9802501793584197 -0.050310000512963395 -0.1912550384072837
vn -0.9769108923335532 0.005236990278465365 0.2135829636766097
vn -0.9842185636019635 -0.048967967767717106 -0.1700469264467541
vn -0.9995118844486882 -0.000785998497723564 -0.031230995056097294
vn 0.6324231646235988 0.5146061057583415 0.5789831575820725
vn -0.9944314241382686 0.10312104323464598 -0.021730005258477677
vn -0.9928771876895149 0.11552002487238236 -0.029154999901281252
vn -0.9951268735947163 0.09727798184716477 -0.01610899429971247
vn -0.9927164580342039 -0.04808501628170147 -0.1104620530191836
vn -0.9996179237541399 0.007621998134304949 0.02656899798455144
vn -0.9938995776140516 0.05226598385947952 -0.09711795173813428
vn -0.9960376681605579 0.05129698640547757 -0.07264697372220214
vn -0.9967808949453701 0.04189799991248471 -0.068354993052743
vn -0.9978977701460814 0.004130001758405621 -0.06467598799364628
vn -0.9968064381469477 -0.029452009573218918 -0.07422603317498558
vn -0.9961676547578665 0.08705496707370639 0.008452001065329635
vn -0.9964207437375314 0.04428298468442672 0.07200499091718275
vn 0.9796192672156074 -0.18955304069606707 0.06645100497984475
vn 0.024228994789246568 0.9918418222483295 -0.12515093068217834
vn -0.01984699169185084 0.9849626062540184 -0.1716238946128276
vn -0.9862112308653025 0.14172403752438073 -0.08545001640101106
vn 0.1046610291477465 0.9845512618443846 0.1403740780142994
vn 0.593941870075044 -0.27873996346534957 0.7546768101241053
vn 0.5034970985038419 -0.10779505450123383 0.8572461128656628
vn 0.9735020142164725 -0.21766100713391653 0.070124990480712
vn 0.9918197348458958 0.04409598388071961 0.11978797007967125
vn 0.9691812394506356 -0.24080306533299461 0.05197700282974734
vn 0.9739999998780503 -0.22654800853991094 -0.000008009902825576163
vn 0.9926944238241634 0.0314560085902528 0.11648304783092726
vn -0.9927903419879971 -0.11203903525572155 -0.0425980214836649
vn -0.11291996897918062 -0.9927627218237884 -0.04088103182118091
vn -0.9881708258122957 -0.15253297353551262 -0.015878003585466934
vn 0.009277997037455991 0.7943887217501234 0.6073388490185508
vn 0.03773399175123588 0.9151107748576273 0.40143295281527464
vn -0.9960500649481201 0.07615400634041583 -0.04565999819480619
vn -0.9973471190659692 0.07189300625167488 0.011407004116248766
vn -0.9941977224369136 0.06013498461557175 -0.08918896975825238
vn -0.9930848869981778 -0.018233002199245674 0.1159739834903454
vn -0.9993005451887613 0.019902992628237158 -0.03165898403114996
vn -0.9953856921033781 -0.02904299458146515 0.09145396886751268
vn 0.003790000007991519 0.9001130189878076 -0.4356399762976235
vn -0.0023379998414127332 0.9739378651085902 -0.2268029291355455
vn -0.012905005941600156 0.974408430722091 -0.22441406141184467
vn -0.011149007262897448 0.8925855351610413 -0.45074023789576345
vn 0.7396320091556656 0.5551720085492009 0.3804320332934642
vn 0.7102841471044703 0.5533361039204768 0.4351041099210422
vn 0.1417729611838996 0.9166956966641004 0.3735899184863911
vn 0.02787600691890057 0.7770711119194148 0.6287952093158643
vn 0.062132980928046935 0.9479336668432878 0.31234797253389274
vn 0.7176519048712222 0.5079209003681232 -0.4764368818678306
vn 0.7388001461269351 0.3740030959275875 -0.5606211094129431
vn 0.7091291138020105 0.5225111151824358 -0.47341106289268603
vn -0.08081099779004342 0.9165279289099485 0.3917220164405084
vn -0.07357897699149464 0.9972866482373899 -0.0023399556230798927
vn -0.07991600236177399 0.9891370131916462 0.1233750448868098
vn -0.08559803386371143 0.9007563708052432 0.4258062200725046
vn 0.1547539172350363 0.9823004760957477 0.10553198454724014
vn 0.11730296435404741 0.9843056938318352 0.13184201016361435
vn 0.055510994129139346 0.903674883310012 0.4246059759417319
vn 0.08421797777212395 0.9860707264265995 -0.14342891864785276
vn 0.04661697670828532 0.9861494952453979 0.1591729578471984
vn 0.05215100366586417 0.9889321484996636 -0.13890096644905814
vn 0.07878202316803465 0.9680802473680027 -0.23793702419223908
vn 0.10946397067434549 0.9493677772860504 0.29447998671412323
vn 0.009686000662126378 0.9910731391093845 -0.1329669670521353
vn 0.7452012216408047 0.4781491499313205 0.46481020824096336
vn -0.0804810223814318 -0.9957622552777214 0.04450096628911889
vn 0.13086903498243047 -0.9897812999544926 0.05662396968742208
vn -0.015665999665058637 0.9762209796061937 -0.21621095122869685
vn -0.04598099741308714 0.8777149418708577 -0.47697193700838875
vn -0.062553000563868 0.9829559547342362 -0.17287195600490732
vn -0.07770496527398044 0.9669614825320205 0.24279091760452384
vn 0.09797098016092483 0.9947467711089564 0.029674036035110932
vn 0.536856854310256 0.027043955872957846 0.8432397894020645
vn 0.019094007587621913 -0.9986343883357579 0.048628976007218355
vn 0.7468663359280237 0.33365916316479405 -0.5752062578707035
vn 0.7189869806626605 0.2970210259847962 -0.6283599539758483
vn -0.6922285796645355 0.5740766533019878 0.4373277828233753
vn 0.013702995763112215 -0.999905742249549 -0.0008570434612869203
vn 0.2708541010642615 -0.9393714258107444 0.2102840467248044
vn 0.011697995951405646 -0.9994216157483189 -0.03193103295761223
vn -0.8462311324039083 0.5298111225323703 0.05650703488406267
vn 0.7468663359280237 0.33365916316479405 -0.5752062578707035
vn -0.6999850382878297 0.14661796787573925 0.6989450033222745
vn -0.7017478799269434 0.06485895753004318 0.7094668622607798
vn -0.6533171831622282 0.07114298746739386 0.7537342592181848
vn -0.6530212458201948 0.06357699020327845 0.7546662963350973
vn -0.8115215374511547 -0.009839020218859892 0.5842396665188411
vn -0.24362402874402447 -0.96986513228432 0.002992958009888234
vn 0.042574006233095145 -0.9989181292148664 0.01870895825897313
vn 0.661386209091186 0.1334940730231492 -0.7380701964526682
vn -0.2919071351041571 -0.9533064134093713 0.07744098803504863
vn 0.6898871336665913 0.6355371924704615 -0.34662403232906164
vn 0.7176519048712222 0.5079209003681232 -0.4764368818678306
vn -0.75882807399747 -0.2852660562416432 0.5854940061773733
vn -0.6708983287606269 0.15514904313314168 0.7251373710415624
vn -0.6682871888482983 0.14805001666789616 0.7290222395687765
vn -0.700331088712559 0.3037160080396465 0.6459821612421998
vn -0.7485561813687464 0.2837390281600849 0.5992960931237675
vn 0.6239200828772432 0.689337090662784 -0.3681550021648802
vn -0.15261998939892907 -0.9882848967288925 0.0003189567884910381
vn -0.5284641564066261 -0.7547332814796066 0.3887200910944247
vn 0.6494352234446699 0.7387232792076207 -0.18033803621563493
vn -0.7714798488845362 0.09565100635765744 -0.629022835633064
vn 0.5667360315407532 0.618279004101009 0.5445560977909464
vn 0.6736712603965682 0.71577729800884 -0.18392904221700102
vn -0.9242225993806678 0.04921899641340254 -0.3786688225694047
vn 0.026747013213857432 -0.9983904999854158 -0.050010067216602574
vn 0.6607510554305939 -0.5268310159907791 -0.5346560794917421
vn 0.5078222058974741 -0.7835443310376786 -0.35801520707386164
vn -0.028634006133371408 -0.9855501671372564 0.16694598452337833
vn -0.5504590359977134 0.8337280305125782 -0.043501963473912525
vn -0.5184131567914911 0.4658411791589762 -0.7171051489602173
vn -0.16693502882434572 0.8133801441588322 -0.5572660381178562
vn -0.1746830333173609 0.9475321614686647 -0.26770999393665873
vn -0.05242701741246548 -0.9972332811285237 -0.05269905933574078
vn 0.13916401758069313 -0.9902451172661124 -0.006927044205417356
vn -0.808425751058046 0.41398188680157905 -0.4184098498200521
vn 0.7102841471044703 0.5533361039204768 0.4351041099210422
vn -0.8738608182779517 0.3311589150535293 -0.3559509000679142
vn 0.011697995951405646 -0.9994216157483189 -0.03193103295761223
vn 0.042574006233095145 -0.9989181292148664 0.01870895825897313
vn 0.2708541010642615 -0.9393714258107444 0.2102840467248044
vn 0.013702995763112215 -0.999905742249549 -0.0008570434612869203
vn 0.6575620792471988 0.2903600040961843 0.6952001006597776
vn 0.554579918639743 -0.6359369450940268 0.5366799005981245
vn 0.593941870075044 -0.27873996346534957 0.7546768101241053
vn 0.5034970985038419 -0.10779505450123383 0.8572461128656628
vn 0.6732452212278647 0.27913104233317115 0.6847092326672986
vn 0.536856854310256 0.027043955872957846 0.8432397894020645
vn 0.6732452212278647 0.27913104233317115 0.6847092326672986
vn 0.058877978891525816 -0.17745189670879488 -0.9823666362189325
vn 0.6898871336665913 0.6355371924704615 -0.34662403232906164
vn -0.009801004700892891 -0.7808183455806625 0.6246812399228344
vn 0.7189869806626605 0.2970210259847962 -0.6283599539758483
vn -0.7588354247804016 -0.5713853174329627 -0.3125501833632163
vn -0.8649248810802103 -0.2590259344019642 -0.4298959355420488
vn -0.8649248810802103 -0.2590259344019642 -0.4298959355420488
vn -0.7008780867719819 0.6781750254446245 0.22101706347254998
vn -0.7544628643416241 0.6278988953220265 0.19112499465745167
vn 0.03267500132606563 0.8101559779847582 0.5853030288866626
vn -0.694480989820998 0.6558419692994575 0.29591800567497795
vn -0.6922285796645355 0.5740766533019878 0.4373277828233753
vn -0.7223091706782941 0.4274200550704237 0.5436741289390467
vn -0.8140619720433475 0.3643989541230274 0.45223501402140465
vn -0.7359786250419175 0.5476797362952898 0.3979728256212107
vn -0.8366816788306186 0.45143180295005175 0.31011787371005134
vn -0.7359786250419175 0.5476797362952898 0.3979728256212107
vn -0.7401429712891073 0.6175779931456282 0.2660560174729189
vn -0.840514175642934 0.5055221189492275 0.19489306759441682
vn -0.8366816788306186 0.45143180295005175 0.31011787371005134
vn -0.8498660901941422 0.5063170714791727 0.14618704411430053
vn -0.8173437723281562 0.4747368494905638 -0.3264568602007821
vn -0.11291996897918062 -0.9927627218237884 -0.04088103182118091
vn 0.600788882309513 0.7318547713803704 0.32162293528458424
vn -0.04497600046364619 -0.9946740469630658 0.09273995730218287
vn 0.04419400234782212 0.8875240460199701 0.4586370655461924
vn -0.44239990797503637 0.8902938194302451 -0.10797794454417751
vn 0.0025439991653960765 -0.9998506498177977 -0.017094037766848324
vn 0.002042999765192707 -0.9999978744438803 0.0002779562574636463
vn -0.44061904352139775 -0.11229304934918193 0.890643098864046
vn 0.14794201624653291 0.9367821271763286 -0.31709999374314674
vn 0.14610098895388585 0.8132349595628211 -0.563296903570003
vn 0.0476850166760477 -0.9016592344286048 -0.4298101489660607
vn -0.011268999676851394 0.7850649748456872 -0.6193109032762333
vn -0.027965002469075045 0.669547085773172 -0.7422429915934252
vn 0.0756749844827669 0.7095727866071602 -0.70055674804407
vn 0.698841839605541 0.12551901369938956 -0.7041768672831251
vn 0.48719514211634973 -0.683581178612794 -0.5434681828263481
vn 0.49364005671194405 -0.6091129999882396 -0.6207260649068601
vn 0.08357696458124264 0.9964725644297261 -0.007570953059627738
vn 0.12371792829369146 -0.9687904170550036 -0.21479991164129716
vn -0.0976259966891803 -0.9717589725378186 -0.21483403841730314
vn -0.6593964437972316 -0.7093155215477047 0.24913414217861043
vn -0.3329050918948821 -0.8744212157352866 0.35293304926357294
vn -0.5504590359977134 0.8337280305125782 -0.043501963473912525
vn -0.33183885407364394 0.8252966254744247 0.4569118677684112
vn -0.5353539911606626 0.6196749242416779 0.5739330034197545
vn -0.9032240942281182 0.2536930244551577 0.3461590457413902
vn 0.25426901616505126 0.27536406289575854 -0.9271040396223057
vn 0.10776902989313707 0.8680192220856804 0.48469419873324504
vn -0.0915190396833225 0.9952884554162548 0.032018055696249575
vn -0.33183885407364394 0.8252966254744247 0.4569118677684112
vn 0.6125080845085631 0.7901201420410714 -0.023323969487368243
vn 0.17883594555791898 0.8484547025636292 0.4981388584261102
vn -0.9336193444798203 -0.32521409882348096 -0.15030206099552343
vn -0.5184131567914911 0.4658411791589762 -0.7171051489602173
vn -0.026832991272864478 0.9983116709769306 0.05151502858971479
vn -0.22208212208149877 0.8796194571032528 0.42065323217248324
vn -0.11211297093213655 0.19170700108282887 -0.9750277470331797
vn -0.5184131567914911 0.4658411791589762 -0.7171051489602173
vn -0.9336193444798203 -0.32521409882348096 -0.15030206099552343
vn -0.3129889845420299 -0.6606539533100537 -0.6823300151181584
vn 0.25426901616505126 0.27536406289575854 -0.9271040396223057
vn 0.44608909206208935 -0.4731690846771716 -0.7596812089613565
vn -0.6593964437972316 -0.7093155215477047 0.24913414217861043
vn -0.8551482306893997 0.08565400141415483 0.5112581496568378
vn -0.24778804314055594 0.8781541521451136 0.4092021147878766
vn 0.21138895904323318 0.9195428520767809 -0.3312939045456731
vn 0.06864899198980598 0.9717158493815133 -0.22595491576760993
vn -0.08894801597594697 0.8205391252806932 0.5646271285880069
vn 0.10776902989313707 0.8680192220856804 0.48469419873324504
vn 0.1504860021835327 0.8249889687837304 0.5447450454405025
vn 0.32611099798783955 0.15771705006558304 -0.9320820506318024
vn 0.17231307804939283 0.7927183024265948 -0.5847271980428494
vn 0.10355201668899774 0.7125262022792812 -0.6939620961587935
vn -0.3329050918948821 -0.8744212157352866 0.35293304926357294
vn -0.7131394198695582 -0.06571406988452676 0.697935404494801
vn 0.0352020176586207 0.9495764495252694 0.31155318078900357
vn 0.4764068563917869 0.8186098204522742 -0.32080285073856635
vn -0.16120604157853896 0.9530621652244102 0.2562910871964483
vn 0.44263995449325066 0.3165800098130215 -0.8389558796939207
vn -0.04993600391979557 0.8677100693122035 -0.49455599392458394
vn -0.11196398790681743 0.21939700717038285 -0.9691898775042386
vn -0.2648248847432995 0.13451998504226426 -0.9548676107424144
vn -0.11322702729943646 0.8374991889720423 -0.534579038833458
vn 0.023108993044876007 -0.938333628446908 -0.3449579339080513
vn 0.036710004867180034 -0.8831610978312022 -0.4676311054883298
vn -0.05031300878410438 -0.981067208874301 0.18701800132254498
vn 0.03736100305982114 -0.943765108105229 0.3284989743872722
vn -0.05031300878410438 -0.981067208874301 0.18701800132254498
vn -0.10845099746393233 -0.9680959930571452 0.22589495208122312
vn -0.3855571757581517 -0.38668022349268916 0.8377494070311491
vn -0.10394100575158434 -0.5350670658609005 0.8383910199628546
vn 0.032015000391897495 0.411443057581194 -0.9108730153639119
vn 0.18180495525436632 0.48399091594489985 -0.8559788265651055
vn 0.13971995953373179 -0.32768184992455224 -0.9343997742604155
vn 0.02208299969984793 -0.4365270041909925 -0.8994200996955171
vn 0.35199789083992644 -0.4469518034225475 -0.8223938048535967
vn 0.03736100305982114 -0.943765108105229 0.3284989743872722
vn 0.04702599380540087 -0.41796998476300645 0.9072428824431894
vn -0.08147998804501565 -0.9897918534996734 -0.11693202424428138
vn -0.08451101441035483 -0.9885151952884349 -0.12528207025428692
vn 0.09513101058457428 -0.8398210645981218 0.5344629737244997
vn 0.18944792203315197 -0.8197717200299752 0.5404477882982003
vn 0.012924003693007223 0.9427863028629779 -0.33314705050848065
vn -0.007909001284285695 0.9189751589055242 0.3942361031326934
vn -0.0933869980904503 -0.5832259762662584 -0.8069239922049191
vn -0.5392797794519172 0.7354977373183902 -0.41014680039446844
vn -0.6559329327421746 0.043132026903739774 -0.7535858385077474
vn -0.7856148987185249 0.004426026701875204 -0.6186999605617544
vn -0.6847370612387137 0.670522022112589 -0.2855439980602194
vn 0.09513101058457428 -0.8398210645981218 0.5344629737244997
vn 0.09750297372170501 -0.8817177351318131 0.461591817160411
vn 0.14578096912786467 -0.2639759960046043 0.9534487834034494
vn 0.2264999984849723 -0.1742050424085043 0.9583059813471679
vn -0.44576818670039775 0.11408008263188466 -0.8878493444681601
vn -0.239671989331034 -0.6326219295396581 -0.7364420084403284
vn -0.3345760412686821 -0.6337290115798203 -0.6974571044093257
vn 0.18944792203315197 -0.8197717200299752 0.5404477882982003
vn 0.3713129737500697 -0.10610002525082228 0.9224258561893496
vn 0.08380402604871813 0.9818703434777546 0.17002209802523394
vn -0.29252502437426453 0.81592913983093 -0.498687024986208
vn 0.024167994285855823 0.9874387416773934 0.15614300972750814
vn -0.38893714458976414 -0.6636861951933712 -0.6389432931552745
vn 0.7024268320822188 -0.6582838239826204 0.27066391088166325
vn 0.47507086093480877 -0.7631587411682563 0.4380598279563442
vn 0.6319167963602387 -0.023766027171055703 0.7746717617354575
vn 0.8168596296818488 0.024948963736223028 0.5762967070915136
vn -0.4004508857161651 -0.6923267667023206 -0.6002688866138652
vn -0.7972788734755251 0.14526800253548 -0.5858699560047
vn -0.2881739960414297 -0.5048199408110761 -0.8137030019392922
vn 0.8905600328800387 -0.4525200411438728 -0.04613502140296364
vn 0.879466709359679 0.1454179381728352 0.45320186494057996
vn -0.1131720367188641 0.9837083523327822 0.13967808581029076
vn -0.2021111138643263 0.9646935454031166 0.16887113758747013
vn -0.7520446310043495 0.6569117443645285 -0.05381294540799986
vn -0.3115370176861823 0.8581921013451129 0.40798407297351513
vn 0.33225301888335473 0.6908699769613555 0.6421110545507789
vn 0.17883594555791898 0.8484547025636292 0.4981388584261102
vn 0.6125080845085631 0.7901201420410714 -0.023323969487368243
vn -0.22208212208149877 0.8796194571032528 0.42065323217248324
vn -0.02557500175709831 0.223292041431224 -0.9744160217887433
vn -0.36465604446235356 0.5949780875554014 -0.7162590624669172
vn 0.32611099798783955 0.15771705006558304 -0.9320820506318024
vn 0.404480800571742 -0.746929660124535 -0.5277228105692318
vn 0.22680399660539907 -0.9519499773009099 -0.20579404228649345
vn 0.429345257067018 0.7310663436602489 0.5302873290974347
vn 0.3644439367876557 0.7106618804376827 0.6017809473815967
vn 0.8905600328800387 -0.4525200411438728 -0.04613502140296364
vn 0.88483120945045 -0.3080760245611592 -0.3495180880484528
vn 0.06275203227516057 -0.9858704970835996 -0.15531112460307955
vn 0.28890195350581427 0.6587698636955255 0.6946638956697716
vn 0.21272404719745303 0.6231221017476818 0.752640236804735
vn 0.7024268320822188 -0.6582838239826204 0.27066391088166325
vn 0.09726600030446696 0.5764159612848438 0.8113470063794165
vn 0.021391994723988447 0.9783827331441319 0.20569299950933437
vn 0.47507086093480877 -0.7631587411682563 0.4380598279563442
vn -0.0004930002224679866 -0.979219409886839 -0.20280311696729741
vn 0.018687002412344708 0.3926920201694656 0.919480164677882
vn -0.12248496760759582 0.23008889303197375 0.9654307505012918
vn -0.42560596132747847 0.3653029511285968 0.827896925697427
vn 0.09750297372170501 -0.8817177351318131 0.461591817160411
vn 0.13538999148434208 -0.9095369526676728 -0.39295302764818274
vn -0.5992733323987907 0.5512692799460436 0.5804943187176076
vn -0.6027863176992568 0.6172043019007443 0.5056752959259387
vn -0.10845099746393233 -0.9680959930571452 0.22589495208122312
vn -0.44239990797503637 0.8902938194302451 -0.10797794454417751
vn -0.11211297093213655 0.19170700108282887 -0.9750277470331797
vn 0.88483120945045 -0.3080760245611592 -0.3495180880484528
vn 0.062132980928046935 0.9479336668432878 0.31234797253389274
vn -0.006133002676293237 0.6112053125884164 -0.7914483256295821
vn 0.037275023534974853 0.8735764954257487 0.48525733303076807
vn -0.02338300681630986 -0.7474741761512471 -0.663879199086131
vn -0.08647600023309249 0.8954070654491113 0.4367700636805333
vn -0.057337022118710765 0.2843300931737718 0.9570103782145483
vn -0.2565779268167888 0.6094157791203753 0.7501867605000132
vn -0.02312399313963787 0.9934046938277216 -0.11230492073960502
vn 0.005689000078618516 0.9999550880940005 0.007580044394679037
vn 0.041110985269045476 0.9670786754847892 -0.2511348687713312
vn -0.016788992425295416 -0.7864005608163334 -0.6174886943751278
vn -0.031067016378629193 -0.7694033297487244 -0.638007332767348
vn 0.10946397067434549 0.9493677772860504 0.29447998671412323
vn 0.024938005653746726 -0.7651161178104192 -0.6434092182590535
vn -0.5541821625175192 0.814115264621914 0.1734890966516255
vn -0.010411002079596322 0.819932090992048 0.5723661216364109
vn -0.9964722511001152 -0.012721999205218307 -0.08295301997933181
vn -0.0019890002307466625 -0.9850451247947378 -0.17228507189017137
vn -0.016788992425295416 -0.7864005608163334 -0.6174886943751278
vn 0.000412999920590061 -0.999997799179106 0.0020569560058044016
vn -0.0024560005647321424 -0.9997241254573472 0.023358960588354634
vn -0.00745900043393025 -0.983283016071239 0.18193095838359663
vn -0.01817900134561928 -0.761760127956839 0.6476040699109727
vn -0.030427991241431997 -0.36501893165729715 0.9305027226616679
vn -0.01817900134561928 -0.761760127956839 0.6476040699109727
vn -0.04198101055607767 -0.21071708572858588 0.9766452296175628
vn -0.05000998177993068 -0.09575700823157401 0.9941476736868167
vn -0.04542200146153363 0.05735396179213948 0.9973200914701228
vn -0.016469995471443653 0.2703588922099728 0.9626187244450249
vn 0.01517200636703971 0.4749381698986874 0.8798883707585208
vn 0.01998900100043225 0.6692060030362182 0.7428080272447879
vn -0.010411002079596322 0.819932090992048 0.5723661216364109
vn -0.015665999665058637 0.9762209796061937 -0.21621095122869685
vn -0.0011569997774631537 0.7492078984536072 -0.66233389332439
vn 0.02381100185215993 0.7589760875700018 -0.6506829755631613
vn -0.0011569997774631537 0.7492078984536072 -0.66233389332439
vn 0.19714698247037804 0.6597479379496419 0.7251659987023799
vn 0.3117348592998338 0.6302357088588987 0.7110726606869614
vn 0.07120696506873933 0.996942525964273 0.032174027563771766
vn 0.07208101558893361 0.9973842809189011 0.005378044956562789
vn -0.6394179805420911 0.7683049743977052 -0.02919096564376658
vn -0.43285392917722587 0.8985867922039527 0.07196702628598549
vn -0.6533460286317926 0.45985100677021234 0.6013950602087508
vn -0.8812550217033726 0.1633849866140906 0.4435030246477489
vn 0.016058996212547787 0.7720558273466952 -0.6353517986916032
vn -0.7406400340166933 -0.6654510447041355 0.09288297537184101
vn -0.0822219636880007 -0.9095576485578574 0.4073627776775759
vn 0.01770100023379858 -0.9260990541214975 0.3768649845050486
vn -0.5191719048841351 -0.8505487805896477 -0.08382902251870772
vn -0.6519450525306246 0.6298710869060101 -0.42217302419823416
vn -0.3591898786085061 0.9286437175653613 -0.09275492941936837
vn -0.5541821625175192 0.814115264621914 0.1734890966516255
vn -0.9522479725386713 0.17079601713445117 -0.253085991961227
vn 0.09841695400273537 0.36473481896898385 0.9258955745636147
vn 0.9090193174748761 0.0639700057373941 0.4118151512796347
vn 0.5869796523396106 0.5339797151959105 0.6085396876938794
vn 0.35744900342238517 0.920177039778182 0.1597010501449681
vn 0.7054182891793771 0.7087802890584168 -0.0039419707644381555
vn -0.3591898786085061 0.9286437175653613 -0.09275492941936837
vn -0.05038201972015424 0.9139703387996438 -0.40264112045763806
vn -0.1359970199783675 0.8899821955465487 -0.4352430380455826
vn 0.6328061236153697 0.7711691115549496 0.06967504071357837
vn 0.36941298800102307 0.8943320487396251 -0.25239697084818735
vn 0.6964240188884517 0.7154989932310022 0.05527003347818591
vn -0.5541821625175192 0.814115264621914 0.1734890966516255
vn -0.9226698761790022 -0.32184398706153533 0.21235994816386378
vn -0.9522479725386713 0.17079601713445117 -0.253085991961227
vn 0.852198838035508 0.18307394811942906 0.4901439278119178
vn -0.006190001092009422 0.9581881381513198 -0.28607197659433203
vn -0.8457326262518403 -0.2035268923821635 -0.4932678065416638
vn -0.1518780219401859 -0.8559751322668236 0.4942060697647588
vn 0.5801478338862707 -0.5737898916149196 0.5780948461261414
vn 0.5688128913641931 -0.6004138672284178 0.5620988192993491
vn -0.02312399313963787 0.9934046938277216 -0.11230492073960502
vn 0.5818639477896683 -0.5027199817427801 0.6393019366615131
vn 0.11303204410518491 -0.8890973621905188 0.44354214856230406
vn -0.30891296004121716 -0.9465348599205246 -0.09297602956572369
vn 0.5295489736259245 -0.3539410078475978 0.7709109205968979
vn 0.6869960217451379 0.391143015053968 0.6124080403463409
vn 0.4822141691416275 0.5513961459565766 0.6807582429198221
vn 0.19300102963709959 0.9780611248124992 0.07840305280745266
vn -0.24967499727339282 0.8215720005079871 -0.5125249688725764
vn 0.419966079760517 0.9018411718032024 0.10154305831128807
vn 0.42895988474792773 -0.24925297072970898 0.8682547862577318
vn -0.45635712188143523 -0.576167077511828 -0.6780631800205434
vn -0.15479293552070866 -0.9865546258684773 -0.05243202542712579
vn -0.08418001954233263 -0.9962652597543038 -0.019216048411212175
vn -0.2634148911375319 -0.6650416585058244 -0.6988076899826051
vn -0.3092939126786207 0.737702841552896 -0.6001098175706947
vn -0.08079297828673067 0.7606408270324352 -0.644125785007069
vn 0.021159991546602565 0.7828847916736295 -0.6218067687987044
vn 0.07948396351951523 0.9966745365026769 0.017949034247068413
vn 0.14594596187946368 -0.84432482448244 0.5155728532164733
vn 0.11087298505913884 -0.8157519433128814 0.5676759182538339
vn 0.2938969781573441 -0.18918902692194492 0.9369269332889887
vn 0.17703005336634167 -0.16788809942684177 0.9697803598114129
vn -0.38813785167159637 0.5314647883715958 0.752923758969587
vn -0.12420197918114308 0.625647908116828 0.7701548957427486
vn -0.019740004090358008 0.9985291588567285 0.05049605084941331
vn -0.15969305879930026 0.9796553859919734 0.12154608865875066
vn 0.1721599943945646 0.826588986689971 -0.5358279419859612
vn 0.24056501217517173 0.8924060500044572 -0.38175897740930975
vn -0.28088600538934666 0.941773045316316 0.1848420490365972
vn -0.23084898466495118 0.7142959714538635 -0.660673907040336
vn 0.08491195630729113 0.6498975963145309 0.7552635791435092
vn 0.054850987634265734 -0.16192901226723352 0.9852767956983985
vn -0.7836253443975174 0.284138111696569 0.5524462445336926
vn -0.4689340463714145 0.8725601137223706 0.1368930534926285
vn -0.015304997389895521 -0.99935577904659 -0.03246203846153829
vn 0.022967987676177193 -0.8041366266122539 0.5940006374430685
vn -0.01982600961012165 -0.8044943963712415 0.5936292576602089
vn 0.05595201432614678 -0.9973332448011731 -0.04685905363118285
vn -0.11025698476078082 -0.16403803033608877 0.9802728813523902
vn -0.09304496086686638 -0.837476651400692 0.5384937266263805
vn 0.14190398810022253 -0.9865389445097016 -0.0812660391980299
vn -0.33005212425971064 -0.23923813537301822 0.9131433128785942
vn -0.6327709769192114 -0.4980429965110937 0.5929199477121321
vn -0.6513683202368338 -0.4394652221454504 0.6185383010909633
vn 0.08485496339666747 0.7852086873002161 -0.6133897232390041
vn 0.7793550622882803 -0.2871239962860176 -0.5569250377226523
vn 0.3755778997776519 -0.91142879624764 -0.16804401378563286
vn -0.6121572534046054 0.4104011444181513 0.6758952565038474
vn -0.540692949847465 -0.34611602570190914 0.7667169169501624
vn 0.21394591837982302 -0.9648226123592634 -0.15278897436942374
vn -0.18992700284482877 -0.8899870177587702 0.41454896189862844
vn -0.19459095510772664 -0.9270887955867743 0.3203759124649151
vn 0.15604701168644236 0.9304991532874254 -0.33139199730095426
vn -0.0006120001980205379 0.9010142310211543 -0.43378909731932574
vn 0.5815671199727597 0.6335082347526384 -0.5103400841274236
vn 0.9370505330940502 0.023401002463400856 -0.3484087994179598
vn 0.6964240188884517 0.7154989932310022 0.05527003347818591
vn 0.36941298800102307 0.8943320487396251 -0.25239697084818735
vn -0.006190001092009422 0.9581881381513198 -0.28607197659433203
vn -0.44061904352139775 -0.11229304934918193 0.890643098864046
vn 0.01706000048245343 -0.3410150453865757 0.9399030243613065
vn -0.07775402824969124 -0.9055713013979826 0.4170071092623128
vn 0.6540210026476188 0.48890201131808836 -0.5772619435099904
vn 0.7793550622882803 -0.2871239962860176 -0.5569250377226523
vn 0.5839650625590884 0.35479206025541343 -0.7301420407633565
vn 0.56139104776362 -0.4814260240710245 -0.673104059442543
vn 0.36727816803826835 0.23540915192446416 -0.8998273603712315
vn 0.33433308890906777 -0.6041010842670994 -0.7233832080217486
vn 0.12824202193700338 0.18874207119037176 -0.9736171806065657
vn 0.11028300425709346 -0.654800990275393 -0.7477120582860722
vn 0.56139104776362 -0.4814260240710245 -0.673104059442543
vn -0.040952017136537046 0.1664601158254954 -0.9851974229218282
vn -0.05431501795919383 -0.6750801897180599 -0.735742221348157
vn -0.15846593867938344 0.12349700471195234 -0.9796106553655068
vn -0.1476339803751199 -0.6731268333649753 -0.724640927661859
vn 0.11028300425709346 -0.654800990275393 -0.7477120582860722
vn 0.33433308890906777 -0.6041010842670994 -0.7233832080217486
vn 0.06973099823935121 -0.8070560817303748 0.5863429617779666
vn -0.32638402052015675 0.07315604396982082 -0.9424020715065219
vn -0.2634148911375319 -0.6650416585058244 -0.6988076899826051
vn -0.05431501795919383 -0.6750801897180599 -0.735742221348157
vn -0.5197541353846992 0.11127406310568787 -0.8470382055317548
vn -0.45635712188143523 -0.576167077511828 -0.6780631800205434
vn -0.0471990173936044 -0.9985683357696133 -0.025170052748912028
vn -0.1476339803751199 -0.6731268333649753 -0.724640927661859
vn -0.6468361183566177 0.23120907089392778 -0.7267361292282849
vn -0.6674732262599116 -0.41631410896055726 -0.6173832317989874
vn -0.7073767207474884 0.39424284659207504 -0.5866777248673307
vn -0.8457326262518403 -0.2035268923821635 -0.4932678065416638
vn -0.6674732262599116 -0.41631410896055726 -0.6173832317989874
vn 0.01706000048245343 -0.3410150453865757 0.9399030243613065
vn 0.32144710213254735 0.6075051070014145 0.7263671974268852
f 4/4/4 1/1/1 2/2/2
f 2/2/2 3/3/3 4/4/4
f 7/7/7 5/5/5 6/6/6
f 6/6/6 3/3/3 7/7/7
f 11/11/11 8/8/8 9/9/9
f 9/9/9 10/10/10 11/11/11
f 5/5/5 12/12/12 13/13/13
f 13/13/13 6/6/6 5/5/5
f 17/17/17 14/14/14 15/15/15
f 15/15/15 16/16/16 17/17/17
f 21/21/21 18/18/18 19/19/19
f 19/19/19 20/20/20 21/21/21
f 25/25/25 22/22/22 23/23/23
f 23/23/23 24/24/24 25/25/25
f 29/29/29 26/26/26 27/27/27
f 27/27/27 28/28/28 29/29/29
f 33/33/33 30/30/30 31/31/31
f 31/31/31 32/32/32 33/33/33
f 26/26/26 34/34/34 35/35/35
f 35/35/35 27/27/27 26/26/26
f 39/39/39 36/36/36 37/37/37
f 37/37/37 38/38/38 39/39/39
f 43/43/43 40/40/40 41/41/41
f 41/41/41 42/42/42 43/43/43
f 47/47/47 44/44/44 45/45/45
f 45/45/45 46/46/46 47/47/47
f 51/51/51 48/48/48 49/49/49
f 49/49/49 50/50/50 51/51/51
f 55/55/55 52/52/52 53/53/53
f 53/53/53 54/54/54 55/55/55
f 57/57/57 56/56/56 54/54/54
f 54/54/54 53/53/53 57/57/57
f 61/61/61 58/58/58 59/59/59
f 59/59/59 60/60/60 61/61/61
f 64/64/64 62/62/62 59/59/59
f 59/59/59 63/63/63 64/64/64
f 68/68/68 65/65/65 66/66/66
f 66/66/66 67/67/67 68/68/68
f 62/62/62 69/69/69 60/60/60
f 60/60/60 59/59/59 62/62/62
f 73/73/73 70/70/70 71/71/71
f 71/71/71 72/72/72 73/73/73
f 77/77/77 74/74/74 75/75/75
f 75/75/75 76/76/76 77/77/77
f 69/69/69 78/78/78 79/79/79
f 79/79/79 60/60/60 69/69/69
f 83/83/83 80/80/80 81/81/81
f 81/81/81 82/82/82 83/83/83
f 87/87/87 84/84/84 85/85/85
f 85/85/85 86/86/86 87/87/87
f 78/78/78 88/88/88 89/89/89
f 89/89/89 79/79/79 78/78/78
f 93/93/93 90/90/90 91/91/91
f 91/91/91 92/92/92 93/93/93
f 97/97/97 94/94/94 95/95/95
f 95/95/95 96/96/96 97/97/97
f 88/88/88 98/98/98 99/99/99
f 99/99/99 89/89/89 88/88/88
f 103/103/103 100/100/100 101/101/101
f 101/101/101 102/102/102 103/103/103
f 107/107/107 104/104/104 105/105/105
f 105/105/105 106/106/106 107/107/107
f 98/98/98 108/108/108 109/109/109
f 109/109/109 99/99/99 98/98/98
f 113/113/113 110/110/110 111/111/111
f 111/111/111 112/112/112 113/113/113
f 108/108/108 114/114/114 115/115/115
f 115/115/115 109/109/109 108/108/108
f 119/119/119 116/116/116 117/117/117
f 117/117/117 118/118/118 119/119/119
f 121/121/121 120/120/120 78/78/78
f 78/78/78 69/69/69 121/121/121
f 125/125/125 122/122/122 123/123/123
f 123/123/123 124/124/124 125/125/125
f 128/128/128 126/126/126 127/127/127
f 127/127/127 115/115/115 128/128/128
f 114/114/114 129/129/129 128/128/128
f 128/128/128 115/115/115 114/114/114
f 133/133/133 130/130/130 131/131/131
f 131/131/131 132/132/132 133/133/133
f 137/137/137 134/134/134 135/135/135
f 135/135/135 136/136/136 137/137/137
f 141/141/141 138/138/138 139/139/139
f 139/139/139 140/140/140 141/141/141
f 143/143/143 142/142/142 133/133/133
f 133/133/133 132/132/132 143/143/143
f 147/147/147 144/144/144 145/145/145
f 145/145/145 146/146/146 147/147/147
f 148/148/148 137/137/137 136/136/136
f 136/136/136 87/87/87 148/148/148
f 150/150/150 149/149/149 130/130/130
f 130/130/130 133/133/133 150/150/150
f 142/142/142 151/151/151 150/150/150
f 150/150/150 133/133/133 142/142/142
f 153/153/153 152/152/152 108/108/108
f 108/108/108 98/98/98 153/153/153
f 86/86/86 85/85/85 149/149/149
f 149/149/149 150/150/150 86/86/86
f 157/157/157 154/154/154 155/155/155
f 155/155/155 156/156/156 157/157/157
f 160/160/160 158/158/158 159/159/159
f 159/159/159 151/151/151 160/160/160
f 151/151/151 159/159/159 86/86/86
f 86/86/86 150/150/150 151/151/151
f 164/164/164 161/161/161 162/162/162
f 162/162/162 163/163/163 164/164/164
f 168/168/168 165/165/165 166/166/166
f 166/166/166 167/167/167 168/168/168
f 170/170/170 169/169/169 26/26/26
f 26/26/26 29/29/29 170/170/170
f 174/174/174 171/171/171 172/172/172
f 172/172/172 173/173/173 174/174/174
f 138/138/138 141/141/141 135/135/135
f 135/135/135 175/175/175 138/138/138
f 179/179/179 176/176/176 177/177/177
f 177/177/177 178/178/178 179/179/179
f 2/2/2 1/1/1 180/180/180
f 180/180/180 181/181/181 2/2/2
f 185/185/185 182/182/182 183/183/183
f 183/183/183 184/184/184 185/185/185
f 189/189/189 186/186/186 187/187/187
f 187/187/187 188/188/188 189/189/189
f 193/193/193 190/190/190 191/191/191
f 191/191/191 192/192/192 193/193/193
f 175/175/175 194/194/194 195/195/195
f 195/195/195 196/196/196 175/175/175
f 199/199/199 197/197/197 198/198/198
f 198/198/198 139/139/139 199/199/199
f 195/195/195 200/200/200 201/201/201
f 201/201/201 196/196/196 195/195/195
f 205/205/205 202/202/202 203/203/203
f 203/203/203 204/204/204 205/205/205
f 209/209/209 206/206/206 207/207/207
f 207/207/207 208/208/208 209/209/209
f 184/184/184 183/183/183 210/210/210
f 210/210/210 211/211/211 184/184/184
f 201/201/201 212/212/212 213/213/213
f 213/213/213 196/196/196 201/201/201
f 217/217/217 214/214/214 215/215/215
f 215/215/215 216/216/216 217/217/217
f 144/144/144 218/218/218 219/219/219
f 219/219/219 145/145/145 144/144/144
f 220/220/220 2/2/2 181/181/181
f 181/181/181 219/219/219 220/220/220
f 223/223/223 221/221/221 187/187/187
f 187/187/187 222/222/222 223/223/223
f 219/219/219 181/181/181 224/224/224
f 224/224/224 145/145/145 219/219/219
f 186/186/186 225/225/225 222/222/222
f 222/222/222 187/187/187 186/186/186
f 227/227/227 226/226/226 142/142/142
f 142/142/142 143/143/143 227/227/227
f 231/231/231 228/228/228 229/229/229
f 229/229/229 230/230/230 231/231/231
f 235/235/235 232/232/232 233/233/233
f 233/233/233 234/234/234 235/235/235
f 224/224/224 216/216/216 215/215/215
f 215/215/215 236/236/236 224/224/224
f 240/240/240 237/237/237 238/238/238
f 238/238/238 239/239/239 240/240/240
f 244/244/244 241/241/241 242/242/242
f 242/242/242 243/243/243 244/244/244
f 248/248/248 245/245/245 246/246/246
f 246/246/246 247/247/247 248/248/248
f 2/2/2 220/220/220 7/7/7
f 7/7/7 3/3/3 2/2/2
f 177/177/177 249/249/249 250/250/250
f 250/250/250 251/251/251 177/177/177
f 252/252/252 217/217/217 216/216/216
f 216/216/216 180/180/180 252/252/252
f 256/256/256 253/253/253 254/254/254
f 254/254/254 255/255/255 256/256/256
f 181/181/181 180/180/180 216/216/216
f 216/216/216 224/224/224 181/181/181
f 260/260/260 257/257/257 258/258/258
f 258/258/258 259/259/259 260/260/260
f 264/264/264 261/261/261 262/262/262
f 262/262/262 263/263/263 264/264/264
f 266/266/266 265/265/265 212/212/212
f 212/212/212 201/201/201 266/266/266
f 270/270/270 267/267/267 268/268/268
f 268/268/268 269/269/269 270/270/270
f 274/274/274 271/271/271 272/272/272
f 272/272/272 273/273/273 274/274/274
f 268/268/268 275/275/275 276/276/276
f 276/276/276 269/269/269 268/268/268
f 267/267/267 277/277/277 278/278/278
f 278/278/278 268/268/268 267/267/267
f 269/269/269 279/279/279 280/280/280
f 280/280/280 270/270/270 269/269/269
f 269/269/269 276/276/276 281/281/281
f 281/281/281 279/279/279 269/269/269
f 285/285/285 282/282/282 283/283/283
f 283/283/283 284/284/284 285/285/285
f 236/236/236 215/215/215 286/286/286
f 286/286/286 287/287/287 236/236/236
f 211/211/211 210/210/210 288/288/288
f 288/288/288 289/289/289 211/211/211
f 265/265/265 290/290/290 291/291/291
f 291/291/291 212/212/212 265/265/265
f 295/295/295 292/292/292 293/293/293
f 293/293/293 294/294/294 295/295/295
f 293/293/293 259/259/259 258/258/258
f 258/258/258 294/294/294 293/293/293
f 146/146/146 145/145/145 224/224/224
f 224/224/224 236/236/236 146/146/146
f 299/299/299 296/296/296 297/297/297
f 297/297/297 298/298/298 299/299/299
f 287/287/287 286/286/286 300/300/300
f 300/300/300 301/301/301 287/287/287
f 212/212/212 291/291/291 199/199/199
f 199/199/199 213/213/213 212/212/212
f 295/295/295 294/294/294 179/179/179
f 179/179/179 289/289/289 295/295/295
f 178/178/178 177/177/177 251/251/251
f 251/251/251 302/302/302 178/178/178
f 304/304/304 287/287/287 301/301/301
f 301/301/301 303/303/303 304/304/304
f 307/307/307 190/190/190 305/305/305
f 305/305/305 306/306/306 307/307/307
f 292/292/292 295/295/295 308/308/308
f 308/308/308 309/309/309 292/292/292
f 312/312/312 310/310/310 311/311/311
f 311/311/311 188/188/188 312/312/312
f 196/196/196 213/213/213 138/138/138
f 138/138/138 175/175/175 196/196/196
f 139/139/139 138/138/138 213/213/213
f 213/213/213 199/199/199 139/139/139
f 173/173/173 172/172/172 313/313/313
f 313/313/313 314/314/314 173/173/173
f 302/302/302 251/251/251 97/97/97
f 97/97/97 315/315/315 302/302/302
f 319/319/319 316/316/316 317/317/317
f 317/317/317 318/318/318 319/319/319
f 323/323/323 320/320/320 321/321/321
f 321/321/321 322/322/322 323/323/323
f 324/324/324 252/252/252 180/180/180
f 180/180/180 1/1/1 324/324/324
f 184/184/184 302/302/302 315/315/315
f 315/315/315 185/185/185 184/184/184
f 97/97/97 96/96/96 325/325/325
f 325/325/325 315/315/315 97/97/97
f 124/124/124 326/326/326 327/327/327
f 327/327/327 328/328/328 124/124/124
f 330/330/330 329/329/329 328/328/328
f 328/328/328 327/327/327 330/330/330
f 334/334/334 331/331/331 332/332/332
f 332/332/332 333/333/333 334/334/334
f 338/338/338 335/335/335 336/336/336
f 336/336/336 337/337/337 338/338/338
f 342/342/342 339/339/339 340/340/340
f 340/340/340 341/341/341 342/342/342
f 291/291/291 343/343/343 197/197/197
f 197/197/197 199/199/199 291/291/291
f 347/347/347 344/344/344 345/345/345
f 345/345/345 346/346/346 347/347/347
f 350/350/350 348/348/348 349/349/349
f 349/349/349 84/84/84 350/350/350
f 202/202/202 351/351/351 352/352/352
f 352/352/352 203/203/203 202/202/202
f 355/355/355 353/353/353 316/316/316
f 316/316/316 354/354/354 355/355/355
f 353/353/353 356/356/356 317/317/317
f 317/317/317 316/316/316 353/353/353
f 360/360/360 357/357/357 358/358/358
f 358/358/358 359/359/359 360/360/360
f 223/223/223 96/96/96 95/95/95
f 95/95/95 221/221/221 223/223/223
f 359/359/359 361/361/361 362/362/362
f 362/362/362 360/360/360 359/359/359
f 364/364/364 363/363/363 361/361/361
f 361/361/361 359/359/359 364/364/364
f 368/368/368 365/365/365 366/366/366
f 366/366/366 367/367/367 368/368/368
f 349/349/349 369/369/369 85/85/85
f 85/85/85 84/84/84 349/349/349
f 372/372/372 370/370/370 371/371/371
f 371/371/371 337/337/337 372/372/372
f 337/337/337 336/336/336 373/373/373
f 373/373/373 372/372/372 337/337/337
f 375/375/375 374/374/374 372/372/372
f 372/372/372 373/373/373 375/375/375
f 261/261/261 264/264/264 376/376/376
f 376/376/376 377/377/377 261/261/261
f 325/325/325 96/96/96 223/223/223
f 223/223/223 341/341/341 325/325/325
f 340/340/340 378/378/378 325/325/325
f 325/325/325 341/341/341 340/340/340
f 106/106/106 379/379/379 380/380/380
f 380/380/380 381/381/381 106/106/106
f 311/311/311 382/382/382 243/243/243
f 243/243/243 383/383/383 311/311/311
f 304/304/304 30/30/30 147/147/147
f 147/147/147 146/146/146 304/304/304
f 387/387/387 384/384/384 385/385/385
f 385/385/385 386/386/386 387/387/387
f 222/222/222 342/342/342 341/341/341
f 341/341/341 223/223/223 222/222/222
f 388/388/388 107/107/107 106/106/106
f 106/106/106 381/381/381 388/388/388
f 392/392/392 389/389/389 390/390/390
f 390/390/390 391/391/391 392/392/392
f 381/381/381 380/380/380 393/393/393
f 393/393/393 394/394/394 381/381/381
f 396/396/396 395/395/395 336/336/336
f 336/336/336 335/335/335 396/396/396
f 393/393/393 339/339/339 342/342/342
f 342/342/342 394/394/394 393/393/393
f 397/397/397 155/155/155 154/154/154
f 154/154/154 158/158/158 397/397/397
f 399/399/399 398/398/398 130/130/130
f 130/130/130 149/149/149 399/399/399
f 225/225/225 388/388/388 381/381/381
f 381/381/381 394/394/394 225/225/225
f 156/156/156 155/155/155 400/400/400
f 400/400/400 401/401/401 156/156/156
f 403/403/403 127/127/127 126/126/126
f 126/126/126 402/402/402 403/403/403
f 107/107/107 388/388/388 404/404/404
f 404/404/404 405/405/405 107/107/107
f 407/407/407 406/406/406 7/7/7
f 7/7/7 220/220/220 407/407/407
f 411/411/411 408/408/408 409/409/409
f 409/409/409 410/410/410 411/411/411
f 186/186/186 404/404/404 388/388/388
f 388/388/388 225/225/225 186/186/186
f 415/415/415 412/412/412 413/413/413
f 413/413/413 414/414/414 415/415/415
f 419/419/419 416/416/416 417/417/417
f 417/417/417 418/418/418 419/419/419
f 115/115/115 127/127/127 420/420/420
f 420/420/420 109/109/109 115/115/115
f 419/419/419 418/418/418 421/421/421
f 421/421/421 422/422/422 419/419/419
f 424/424/424 65/65/65 68/68/68
f 68/68/68 423/423/423 424/424/424
f 244/244/244 230/230/230 208/208/208
f 208/208/208 241/241/241 244/244/244
f 425/425/425 241/241/241 208/208/208
f 208/208/208 207/207/207 425/425/425
f 427/427/427 77/77/77 76/76/76
f 76/76/76 426/426/426 427/427/427
f 430/430/430 428/428/428 429/429/429
f 429/429/429 420/420/420 430/430/430
f 148/148/148 154/154/154 157/157/157
f 157/157/157 137/137/137 148/148/148
f 140/140/140 348/348/348 350/350/350
f 350/350/350 141/141/141 140/140/140
f 104/104/104 427/427/427 426/426/426
f 426/426/426 105/105/105 104/104/104
f 159/159/159 148/148/148 87/87/87
f 87/87/87 86/86/86 159/159/159
f 432/432/432 431/431/431 429/429/429
f 429/429/429 428/428/428 432/432/432
f 176/176/176 433/433/433 249/249/249
f 249/249/249 177/177/177 176/176/176
f 77/77/77 427/427/427 425/425/425
f 425/425/425 207/207/207 77/77/77
f 437/437/437 434/434/434 435/435/435
f 435/435/435 436/436/436 437/437/437
f 438/438/438 61/61/61 60/60/60
f 60/60/60 79/79/79 438/438/438
f 104/104/104 439/439/439 425/425/425
f 425/425/425 427/427/427 104/104/104
f 186/186/186 189/189/189 440/440/440
f 440/440/440 404/404/404 186/186/186
f 75/75/75 101/101/101 100/100/100
f 100/100/100 76/76/76 75/75/75
f 89/89/89 431/431/431 438/438/438
f 438/438/438 79/79/79 89/89/89
f 418/418/418 441/441/441 442/442/442
f 442/442/442 421/421/421 418/418/418
f 436/436/436 435/435/435 443/443/443
f 443/443/443 444/444/444 436/436/436
f 448/448/448 445/445/445 446/446/446
f 446/446/446 447/447/447 448/448/448
f 290/290/290 449/449/449 343/343/343
f 343/343/343 291/291/291 290/290/290
f 451/451/451 450/450/450 436/436/436
f 436/436/436 444/444/444 451/451/451
f 453/453/453 452/452/452 61/61/61
f 61/61/61 438/438/438 453/453/453
f 152/152/152 454/454/454 114/114/114
f 114/114/114 108/108/108 152/152/152
f 335/335/335 174/174/174 455/455/455
f 455/455/455 396/396/396 335/335/335
f 74/74/74 451/451/451 444/444/444
f 444/444/444 75/75/75 74/74/74
f 273/273/273 272/272/272 456/456/456
f 456/456/456 457/457/457 273/273/273
f 460/460/460 458/458/458 459/459/459
f 459/459/459 414/414/414 460/460/460
f 450/450/450 461/461/461 437/437/437
f 437/437/437 436/436/436 450/450/450
f 452/452/452 462/462/462 58/58/58
f 58/58/58 61/61/61 452/452/452
f 107/107/107 405/405/405 439/439/439
f 439/439/439 104/104/104 107/107/107
f 112/112/112 111/111/111 434/434/434
f 434/434/434 437/437/437 112/112/112
f 74/74/74 206/206/206 422/422/422
f 422/422/422 451/451/451 74/74/74
f 466/466/466 463/463/463 464/464/464
f 464/464/464 465/465/465 466/466/466
f 53/53/53 52/52/52 467/467/467
f 467/467/467 47/47/47 53/53/53
f 461/461/461 468/468/468 112/112/112
f 112/112/112 437/437/437 461/461/461
f 462/462/462 469/469/469 470/470/470
f 470/470/470 58/58/58 462/462/462
f 474/474/474 471/471/471 472/472/472
f 472/472/472 473/473/473 474/474/474
f 478/478/478 475/475/475 476/476/476
f 476/476/476 477/477/477 478/478/478
f 468/468/468 479/479/479 113/113/113
f 113/113/113 112/112/112 468/468/468
f 447/447/447 446/446/446 480/480/480
f 480/480/480 481/481/481 447/447/447
f 483/483/483 482/482/482 52/52/52
f 52/52/52 55/55/55 483/483/483
f 120/120/120 484/484/484 88/88/88
f 88/88/88 78/78/78 120/120/120
f 442/442/442 423/423/423 468/468/468
f 468/468/468 461/461/461 442/442/442
f 421/421/421 442/442/442 461/461/461
f 461/461/461 450/450/450 421/421/421
f 488/488/488 485/485/485 486/486/486
f 486/486/486 487/487/487 488/488/488
f 492/492/492 489/489/489 490/490/490
f 490/490/490 491/491/491 492/492/492
f 479/479/479 493/493/493 494/494/494
f 494/494/494 113/113/113 479/479/479
f 496/496/496 495/495/495 12/12/12
f 12/12/12 5/5/5 496/496/496
f 482/482/482 298/298/298 467/467/467
f 467/467/467 52/52/52 482/482/482
f 77/77/77 207/207/207 206/206/206
f 206/206/206 74/74/74 77/77/77
f 217/217/217 497/497/497 498/498/498
f 498/498/498 214/214/214 217/217/217
f 157/157/157 499/499/499 134/134/134
f 134/134/134 137/137/137 157/157/157
f 491/491/491 490/490/490 465/465/465
f 465/465/465 500/500/500 491/491/491
f 504/504/504 501/501/501 502/502/502
f 502/502/502 503/503/503 504/504/504
f 505/505/505 358/358/358 494/494/494
f 494/494/494 493/493/493 505/505/505
f 507/507/507 492/492/492 491/491/491
f 491/491/491 506/506/506 507/507/507
f 297/297/297 508/508/508 467/467/467
f 467/467/467 298/298/298 297/297/297
f 509/509/509 121/121/121 69/69/69
f 69/69/69 62/62/62 509/509/509
f 511/511/511 72/72/72 71/71/71
f 71/71/71 510/510/510 511/511/511
f 358/358/358 357/357/357 512/512/512
f 512/512/512 494/494/494 358/358/358
f 27/27/27 35/35/35 513/513/513
f 513/513/513 514/514/514 27/27/27
f 58/58/58 470/470/470 63/63/63
f 63/63/63 59/59/59 58/58/58
f 515/515/515 505/505/505 493/493/493
f 493/493/493 67/67/67 515/515/515
f 297/297/297 51/51/51 50/50/50
f 50/50/50 508/508/508 297/297/297
f 479/479/479 68/68/68 67/67/67
f 67/67/67 493/493/493 479/479/479
f 215/215/215 214/214/214 516/516/516
f 516/516/516 286/286/286 215/215/215
f 134/134/134 499/499/499 517/517/517
f 517/517/517 194/194/194 134/134/134
f 518/518/518 362/362/362 361/361/361
f 361/361/361 9/9/9 518/518/518
f 48/48/48 519/519/519 513/513/513
f 513/513/513 49/49/49 48/48/48
f 270/270/270 520/520/520 521/521/521
f 521/521/521 267/267/267 270/270/270
f 525/525/525 522/522/522 523/523/523
f 523/523/523 524/524/524 525/525/525
f 520/520/520 526/526/526 527/527/527
f 527/527/527 521/521/521 520/520/520
f 531/531/531 528/528/528 529/529/529
f 529/529/529 530/530/530 531/531/531
f 533/533/533 532/532/532 39/39/39
f 39/39/39 38/38/38 533/533/533
f 537/537/537 534/534/534 535/535/535
f 535/535/535 536/536/536 537/537/537
f 541/541/541 538/538/538 539/539/539
f 539/539/539 540/540/540 541/541/541
f 502/502/502 363/363/363 364/364/364
f 364/364/364 542/542/542 502/502/502
f 494/494/494 512/512/512 110/110/110
f 110/110/110 113/113/113 494/494/494
f 41/41/41 543/543/543 544/544/544
f 544/544/544 42/42/42 41/41/41
f 519/519/519 545/545/545 514/514/514
f 514/514/514 513/513/513 519/519/519
f 547/547/547 546/546/546 56/56/56
f 56/56/56 57/57/57 547/547/547
f 550/550/550 548/548/548 549/549/549
f 549/549/549 379/379/379 550/550/550
f 361/361/361 363/363/363 10/10/10
f 10/10/10 9/9/9 361/361/361
f 545/545/545 551/551/551 552/552/552
f 552/552/552 514/514/514 545/545/545
f 554/554/554 553/553/553 237/237/237
f 237/237/237 306/306/306 554/554/554
f 11/11/11 555/555/555 457/457/457
f 457/457/457 8/8/8 11/11/11
f 6/6/6 556/556/556 4/4/4
f 4/4/4 3/3/3 6/6/6
f 6/6/6 13/13/13 557/557/557
f 557/557/557 556/556/556 6/6/6
f 558/558/558 324/324/324 1/1/1
f 1/1/1 4/4/4 558/558/558
f 543/543/543 33/33/33 32/32/32
f 32/32/32 544/544/544 543/543/543
f 559/559/559 558/558/558 4/4/4
f 4/4/4 556/556/556 559/559/559
f 46/46/46 57/57/57 53/53/53
f 53/53/53 47/47/47 46/46/46
f 563/563/563 560/560/560 561/561/561
f 561/561/561 562/562/562 563/563/563
f 506/506/506 564/564/564 278/278/278
f 278/278/278 274/274/274 506/506/506
f 507/507/507 506/506/506 274/274/274
f 274/274/274 273/273/273 507/507/507
f 34/34/34 17/17/17 16/16/16
f 16/16/16 35/35/35 34/34/34
f 568/568/568 565/565/565 566/566/566
f 566/566/566 567/567/567 568/568/568
f 572/572/572 569/569/569 570/570/570
f 570/570/570 571/571/571 572/572/572
f 203/203/203 352/352/352 249/249/249
f 249/249/249 433/433/433 203/203/203
f 352/352/352 573/573/573 250/250/250
f 250/250/250 249/249/249 352/352/352
f 577/577/577 574/574/574 575/575/575
f 575/575/575 576/576/576 577/577/577
f 579/579/579 569/569/569 572/572/572
f 572/572/572 578/578/578 579/579/579
f 277/277/277 580/580/580 581/581/581
f 581/581/581 271/271/271 277/277/277
f 583/583/583 582/582/582 205/205/205
f 205/205/205 260/260/260 583/583/583
f 569/569/569 584/584/584 585/585/585
f 585/585/585 570/570/570 569/569/569
f 465/465/465 464/464/464 586/586/586
f 586/586/586 500/500/500 465/465/465
f 259/259/259 281/281/281 583/583/583
f 583/583/583 260/260/260 259/259/259
f 540/540/540 587/587/587 576/576/576
f 576/576/576 588/588/588 540/540/540
f 592/592/592 589/589/589 590/590/590
f 590/590/590 591/591/591 592/592/592
f 451/451/451 422/422/422 421/421/421
f 421/421/421 450/450/450 451/451/451
f 596/596/596 593/593/593 594/594/594
f 594/594/594 595/595/595 596/596/596
f 275/275/275 564/564/564 500/500/500
f 500/500/500 586/586/586 275/275/275
f 600/600/600 597/597/597 598/598/598
f 598/598/598 599/599/599 600/600/600
f 603/603/603 590/590/590 601/601/601
f 601/601/601 602/602/602 603/603/603
f 40/40/40 604/604/604 605/605/605
f 605/605/605 41/41/41 40/40/40
f 303/303/303 31/31/31 30/30/30
f 30/30/30 304/304/304 303/303/303
f 41/41/41 605/605/605 323/323/323
f 323/323/323 543/543/543 41/41/41
f 543/543/543 323/323/323 322/322/322
f 322/322/322 33/33/33 543/543/543
f 606/606/606 24/24/24 200/200/200
f 200/200/200 195/195/195 606/606/606
f 33/33/33 322/322/322 147/147/147
f 147/147/147 30/30/30 33/33/33
f 225/225/225 394/394/394 342/342/342
f 342/342/342 222/222/222 225/225/225
f 555/555/555 507/507/507 273/273/273
f 273/273/273 457/457/457 555/555/555
f 608/608/608 321/321/321 320/320/320
f 320/320/320 607/607/607 608/608/608
f 610/610/610 609/609/609 92/92/92
f 92/92/92 91/91/91 610/610/610
f 320/320/320 611/611/611 612/612/612
f 612/612/612 607/607/607 320/320/320
f 488/488/488 487/487/487 93/93/93
f 93/93/93 92/92/92 488/488/488
f 609/609/609 613/613/613 488/488/488
f 488/488/488 92/92/92 609/609/609
f 21/21/21 614/614/614 615/615/615
f 615/615/615 616/616/616 21/21/21
f 618/618/618 617/617/617 604/604/604
f 604/604/604 40/40/40 618/618/618
f 488/488/488 613/613/613 619/619/619
f 619/619/619 485/485/485 488/488/488
f 621/621/621 385/385/385 384/384/384
f 384/384/384 620/620/620 621/621/621
f 625/625/625 622/622/622 623/623/623
f 623/623/623 624/624/624 625/625/625
f 406/406/406 496/496/496 5/5/5
f 5/5/5 7/7/7 406/406/406
f 609/609/609 626/626/626 627/627/627
f 627/627/627 613/613/613 609/609/609
f 173/173/173 314/314/314 628/628/628
f 628/628/628 629/629/629 173/173/173
f 630/630/630 383/383/383 243/243/243
f 243/243/243 242/242/242 630/630/630
f 387/387/387 631/631/631 632/632/632
f 632/632/632 384/384/384 387/387/387
f 242/242/242 439/439/439 405/405/405
f 405/405/405 630/630/630 242/242/242
f 406/406/406 407/407/407 633/633/633
f 633/633/633 634/634/634 406/406/406
f 384/384/384 632/632/632 635/635/635
f 635/635/635 620/620/620 384/384/384
f 620/620/620 635/635/635 636/636/636
f 636/636/636 634/634/634 620/620/620
f 634/634/634 636/636/636 496/496/496
f 496/496/496 406/406/406 634/634/634
f 631/631/631 637/637/637 638/638/638
f 638/638/638 632/632/632 631/631/631
f 632/632/632 638/638/638 639/639/639
f 639/639/639 635/635/635 632/632/632
f 643/643/643 640/640/640 641/641/641
f 641/641/641 642/642/642 643/643/643
f 647/647/647 644/644/644 645/645/645
f 645/645/645 646/646/646 647/647/647
f 635/635/635 639/639/639 648/648/648
f 648/648/648 636/636/636 635/635/635
f 636/636/636 648/648/648 495/495/495
f 495/495/495 496/496/496 636/636/636
f 652/652/652 649/649/649 650/650/650
f 650/650/650 651/651/651 652/652/652
f 656/656/656 653/653/653 654/654/654
f 654/654/654 655/655/655 656/656/656
f 655/655/655 654/654/654 657/657/657
f 657/657/657 658/658/658 655/655/655
f 658/658/658 657/657/657 659/659/659
f 659/659/659 660/660/660 658/658/658
f 660/660/660 659/659/659 169/169/169
f 169/169/169 170/170/170 660/660/660
f 649/649/649 661/661/661 662/662/662
f 662/662/662 650/650/650 649/649/649
f 666/666/666 663/663/663 664/664/664
f 664/664/664 665/665/665 666/666/666
f 668/668/668 642/642/642 641/641/641
f 641/641/641 667/667/667 668/668/668
f 654/654/654 669/669/669 670/670/670
f 670/670/670 657/657/657 654/654/654
f 657/657/657 670/670/670 671/671/671
f 671/671/671 659/659/659 657/657/657
f 659/659/659 671/671/671 672/672/672
f 672/672/672 169/169/169 659/659/659
f 652/652/652 673/673/673 674/674/674
f 674/674/674 649/649/649 652/652/652
f 661/661/661 675/675/675 676/676/676
f 676/676/676 662/662/662 661/661/661
f 680/680/680 677/677/677 678/678/678
f 678/678/678 679/679/679 680/680/680
f 665/665/665 664/664/664 680/680/680
f 680/680/680 669/669/669 665/665/665
f 669/669/669 680/680/680 679/679/679
f 679/679/679 670/670/670 669/669/669
f 670/670/670 679/679/679 681/681/681
f 681/681/681 671/671/671 670/670/670
f 671/671/671 681/681/681 682/682/682
f 682/682/682 672/672/672 671/671/671
f 649/649/649 674/674/674 683/683/683
f 683/683/683 661/661/661 649/649/649
f 685/685/685 511/511/511 82/82/82
f 82/82/82 684/684/684 685/685/685
f 688/688/688 686/686/686 614/614/614
f 614/614/614 687/687/687 688/688/688
f 661/661/661 683/683/683 689/689/689
f 689/689/689 675/675/675 661/661/661
f 693/693/693 690/690/690 691/691/691
f 691/691/691 692/692/692 693/693/693
f 697/697/697 694/694/694 695/695/695
f 695/695/695 696/696/696 697/697/697
f 699/699/699 38/38/38 37/37/37
f 37/37/37 698/698/698 699/699/699
f 45/45/45 700/700/700 701/701/701
f 701/701/701 46/46/46 45/45/45
f 697/697/697 702/702/702 703/703/703
f 703/703/703 694/694/694 697/697/697
f 705/705/705 703/703/703 702/702/702
f 702/702/702 704/704/704 705/705/705
f 705/705/705 704/704/704 701/701/701
f 701/701/701 700/700/700 705/705/705
f 685/685/685 706/706/706 72/72/72
f 72/72/72 511/511/511 685/685/685
f 664/664/664 707/707/707 677/677/677
f 677/677/677 680/680/680 664/664/664
f 499/499/499 157/157/157 156/156/156
f 156/156/156 708/708/708 499/499/499
f 697/697/697 459/459/459 709/709/709
f 709/709/709 702/702/702 697/697/697
f 702/702/702 709/709/709 710/710/710
f 710/710/710 704/704/704 702/702/702
f 704/704/704 710/710/710 547/547/547
f 547/547/547 701/701/701 704/704/704
f 547/547/547 57/57/57 46/46/46
f 46/46/46 701/701/701 547/547/547
f 510/510/510 711/711/711 712/712/712
f 712/712/712 713/713/713 510/510/510
f 458/458/458 714/714/714 715/715/715
f 715/715/715 459/459/459 458/458/458
f 459/459/459 715/715/715 716/716/716
f 716/716/716 709/709/709 459/459/459
f 709/709/709 716/716/716 717/717/717
f 717/717/717 710/710/710 709/709/709
f 710/710/710 717/717/717 546/546/546
f 546/546/546 547/547/547 710/710/710
f 721/721/721 718/718/718 719/719/719
f 719/719/719 720/720/720 721/721/721
f 721/721/721 720/720/720 722/722/722
f 722/722/722 723/723/723 721/721/721
f 727/727/727 724/724/724 725/725/725
f 725/725/725 726/726/726 727/727/727
f 726/726/726 725/725/725 728/728/728
f 728/728/728 729/729/729 726/726/726
f 729/729/729 728/728/728 730/730/730
f 730/730/730 731/731/731 729/729/729
f 731/731/731 730/730/730 509/509/509
f 509/509/509 732/732/732 731/731/731
f 720/720/720 733/733/733 734/734/734
f 734/734/734 722/722/722 720/720/720
f 724/724/724 735/735/735 736/736/736
f 736/736/736 725/725/725 724/724/724
f 725/725/725 736/736/736 737/737/737
f 737/737/737 728/728/728 725/725/725
f 728/728/728 737/737/737 738/738/738
f 738/738/738 730/730/730 728/728/728
f 730/730/730 738/738/738 121/121/121
f 121/121/121 509/509/509 730/730/730
f 733/733/733 739/739/739 740/740/740
f 740/740/740 734/734/734 733/733/733
f 735/735/735 741/741/741 742/742/742
f 742/742/742 736/736/736 735/735/735
f 744/744/744 665/665/665 669/669/669
f 669/669/669 743/743/743 744/744/744
f 736/736/736 742/742/742 745/745/745
f 745/745/745 737/737/737 736/736/736
f 737/737/737 745/745/745 746/746/746
f 746/746/746 738/738/738 737/737/737
f 738/738/738 746/746/746 120/120/120
f 120/120/120 121/121/121 738/738/738
f 720/720/720 719/719/719 747/747/747
f 747/747/747 733/733/733 720/720/720
f 739/739/739 748/748/748 749/749/749
f 749/749/749 740/740/740 739/739/739
f 741/741/741 750/750/750 751/751/751
f 751/751/751 742/742/742 741/741/741
f 742/742/742 751/751/751 752/752/752
f 752/752/752 745/745/745 742/742/742
f 745/745/745 752/752/752 753/753/753
f 753/753/753 746/746/746 745/745/745
f 746/746/746 753/753/753 484/484/484
f 484/484/484 120/120/120 746/746/746
f 733/733/733 747/747/747 754/754/754
f 754/754/754 739/739/739 733/733/733
f 748/748/748 755/755/755 756/756/756
f 756/756/756 749/749/749 748/748/748
f 750/750/750 757/757/757 758/758/758
f 758/758/758 751/751/751 750/750/750
f 751/751/751 758/758/758 759/759/759
f 759/759/759 752/752/752 751/751/751
f 763/763/763 760/760/760 761/761/761
f 761/761/761 762/762/762 763/763/763
f 752/752/752 759/759/759 764/764/764
f 764/764/764 753/753/753 752/752/752
f 753/753/753 764/764/764 153/153/153
f 153/153/153 484/484/484 753/753/753
f 739/739/739 754/754/754 765/765/765
f 765/765/765 748/748/748 739/739/739
f 755/755/755 766/766/766 767/767/767
f 767/767/767 756/756/756 755/755/755
f 757/757/757 768/768/768 769/769/769
f 769/769/769 758/758/758 757/757/757
f 758/758/758 769/769/769 770/770/770
f 770/770/770 759/759/759 758/758/758
f 759/759/759 770/770/770 771/771/771
f 771/771/771 764/764/764 759/759/759
f 764/764/764 771/771/771 152/152/152
f 152/152/152 153/153/153 764/764/764
f 748/748/748 765/765/765 772/772/772
f 772/772/772 755/755/755 748/748/748
f 766/766/766 773/773/773 774/774/774
f 774/774/774 767/767/767 766/766/766
f 768/768/768 775/775/775 776/776/776
f 776/776/776 769/769/769 768/768/768
f 769/769/769 776/776/776 777/777/777
f 777/777/777 770/770/770 769/769/769
f 770/770/770 777/777/777 778/778/778
f 778/778/778 771/771/771 770/770/770
f 771/771/771 778/778/778 454/454/454
f 454/454/454 152/152/152 771/771/771
f 755/755/755 772/772/772 779/779/779
f 779/779/779 766/766/766 755/755/755
f 773/773/773 780/780/780 781/781/781
f 781/781/781 774/774/774 773/773/773
f 775/775/775 782/782/782 783/783/783
f 783/783/783 776/776/776 775/775/775
f 776/776/776 783/783/783 784/784/784
f 784/784/784 777/777/777 776/776/776
f 777/777/777 784/784/784 785/785/785
f 785/785/785 778/778/778 777/777/777
f 778/778/778 785/785/785 786/786/786
f 786/786/786 454/454/454 778/778/778
f 766/766/766 779/779/779 787/787/787
f 787/787/787 773/773/773 766/766/766
f 791/791/791 788/788/788 789/789/789
f 789/789/789 790/790/790 791/791/791
f 795/795/795 792/792/792 793/793/793
f 793/793/793 794/794/794 795/795/795
f 794/794/794 793/793/793 796/796/796
f 796/796/796 797/797/797 794/794/794
f 797/797/797 796/796/796 798/798/798
f 798/798/798 799/799/799 797/797/797
f 799/799/799 798/798/798 226/226/226
f 226/226/226 227/227/227 799/799/799
f 773/773/773 787/787/787 800/800/800
f 800/800/800 780/780/780 773/773/773
f 788/788/788 375/375/375 801/801/801
f 801/801/801 789/789/789 788/788/788
f 792/792/792 802/802/802 803/803/803
f 803/803/803 793/793/793 792/792/792
f 793/793/793 803/803/803 804/804/804
f 804/804/804 796/796/796 793/793/793
f 796/796/796 804/804/804 805/805/805
f 805/805/805 798/798/798 796/796/796
f 798/798/798 805/805/805 160/160/160
f 160/160/160 226/226/226 798/798/798
f 791/791/791 806/806/806 807/807/807
f 807/807/807 788/788/788 791/791/791
f 375/375/375 373/373/373 808/808/808
f 808/808/808 801/801/801 375/375/375
f 802/802/802 809/809/809 810/810/810
f 810/810/810 803/803/803 802/802/802
f 803/803/803 810/810/810 811/811/811
f 811/811/811 804/804/804 803/803/803
f 814/814/814 812/812/812 713/713/713
f 713/713/713 813/813/813 814/814/814
f 804/804/804 811/811/811 397/397/397
f 397/397/397 805/805/805 804/804/804
f 805/805/805 397/397/397 158/158/158
f 158/158/158 160/160/160 805/805/805
f 788/788/788 807/807/807 374/374/374
f 374/374/374 375/375/375 788/788/788
f 818/818/818 815/815/815 816/816/816
f 816/816/816 817/817/817 818/818/818
f 378/378/378 185/185/185 315/315/315
f 315/315/315 325/325/325 378/378/378
f 809/809/809 819/819/819 820/820/820
f 820/820/820 810/810/810 809/809/809
f 810/810/810 820/820/820 400/400/400
f 400/400/400 811/811/811 810/810/810
f 399/399/399 149/149/149 85/85/85
f 85/85/85 369/369/369 399/399/399
f 174/174/174 173/173/173 629/629/629
f 629/629/629 455/455/455 174/174/174
f 824/824/824 821/821/821 822/822/822
f 822/822/822 823/823/823 824/824/824
f 821/821/821 824/824/824 825/825/825
f 825/825/825 826/826/826 821/821/821
f 826/826/826 825/825/825 827/827/827
f 827/827/827 708/708/708 826/826/826
f 395/395/395 396/396/396 828/828/828
f 828/828/828 829/829/829 395/395/395
f 455/455/455 830/830/830 828/828/828
f 828/828/828 396/396/396 455/455/455
f 832/832/832 831/831/831 563/563/563
f 563/563/563 562/562/562 832/832/832
f 517/517/517 499/499/499 708/708/708
f 708/708/708 827/827/827 517/517/517
f 687/687/687 614/614/614 21/21/21
f 21/21/21 20/20/20 687/687/687
f 821/821/821 826/826/826 401/401/401
f 401/401/401 833/833/833 821/821/821
f 819/819/819 834/834/834 833/833/833
f 833/833/833 820/820/820 819/819/819
f 454/454/454 786/786/786 129/129/129
f 129/129/129 114/114/114 454/454/454
f 289/289/289 179/179/179 178/178/178
f 178/178/178 211/211/211 289/289/289
f 823/823/823 835/835/835 836/836/836
f 836/836/836 824/824/824 823/823/823
f 824/824/824 836/836/836 837/837/837
f 837/837/837 825/825/825 824/824/824
f 825/825/825 837/837/837 838/838/838
f 838/838/838 827/827/827 825/825/825
f 827/827/827 838/838/838 606/606/606
f 606/606/606 517/517/517 827/827/827
f 313/313/313 839/839/839 840/840/840
f 840/840/840 314/314/314 313/313/313
f 842/842/842 841/841/841 161/161/161
f 161/161/161 164/164/164 842/842/842
f 314/314/314 840/840/840 843/843/843
f 843/843/843 628/628/628 314/314/314
f 835/835/835 844/844/844 537/537/537
f 537/537/537 836/836/836 835/835/835
f 836/836/836 537/537/537 536/536/536
f 536/536/536 837/837/837 836/836/836
f 837/837/837 536/536/536 25/25/25
f 25/25/25 838/838/838 837/837/837
f 845/845/845 131/131/131 130/130/130
f 130/130/130 398/398/398 845/845/845
f 838/838/838 25/25/25 24/24/24
f 24/24/24 606/606/606 838/838/838
f 820/820/820 833/833/833 401/401/401
f 401/401/401 400/400/400 820/820/820
f 840/840/840 846/846/846 847/847/847
f 847/847/847 843/843/843 840/840/840
f 839/839/839 848/848/848 846/846/846
f 846/846/846 840/840/840 839/839/839
f 844/844/844 849/849/849 534/534/534
f 534/534/534 537/537/537 844/844/844
f 853/853/853 850/850/850 851/851/851
f 851/851/851 852/852/852 853/853/853
f 169/169/169 672/672/672 34/34/34
f 34/34/34 26/26/26 169/169/169
f 386/386/386 385/385/385 612/612/612
f 612/612/612 854/854/854 386/386/386
f 633/633/633 407/407/407 218/218/218
f 218/218/218 608/608/608 633/633/633
f 607/607/607 612/612/612 385/385/385
f 385/385/385 621/621/621 607/607/607
f 604/604/604 855/855/855 611/611/611
f 611/611/611 605/605/605 604/604/604
f 387/387/387 386/386/386 485/485/485
f 485/485/485 619/619/619 387/387/387
f 634/634/634 633/633/633 621/621/621
f 621/621/621 620/620/620 634/634/634
f 859/859/859 856/856/856 857/857/857
f 857/857/857 858/858/858 859/859/859
f 97/97/97 251/251/251 250/250/250
f 250/250/250 94/94/94 97/97/97
f 863/863/863 860/860/860 861/861/861
f 861/861/861 862/862/862 863/863/863
f 510/510/510 71/71/71 864/864/864
f 864/864/864 711/711/711 510/510/510
f 555/555/555 168/168/168 492/492/492
f 492/492/492 507/507/507 555/555/555
f 95/95/95 94/94/94 699/699/699
f 699/699/699 698/698/698 95/95/95
f 276/276/276 275/275/275 586/586/586
f 586/586/586 865/865/865 276/276/276
f 869/869/869 866/866/866 867/867/867
f 867/867/867 868/868/868 869/869/869
f 36/36/36 411/411/411 410/410/410
f 410/410/410 870/870/870 36/36/36
f 221/221/221 312/312/312 188/188/188
f 188/188/188 187/187/187 221/221/221
f 873/873/873 645/645/645 871/871/871
f 871/871/871 872/872/872 873/873/873
f 188/188/188 311/311/311 383/383/383
f 383/383/383 189/189/189 188/188/188
f 855/855/855 854/854/854 612/612/612
f 612/612/612 611/611/611 855/855/855
f 630/630/630 405/405/405 404/404/404
f 404/404/404 440/440/440 630/630/630
f 489/489/489 167/167/167 166/166/166
f 166/166/166 874/874/874 489/489/489
f 875/875/875 515/515/515 67/67/67
f 67/67/67 66/66/66 875/875/875
f 601/601/601 590/590/590 589/589/589
f 589/589/589 876/876/876 601/601/601
f 403/403/403 430/430/430 420/420/420
f 420/420/420 127/127/127 403/403/403
f 11/11/11 10/10/10 501/501/501
f 501/501/501 165/165/165 11/11/11
f 880/880/880 877/877/877 878/878/878
f 878/878/878 879/879/879 880/880/880
f 555/555/555 11/11/11 165/165/165
f 165/165/165 168/168/168 555/555/555
f 506/506/506 491/491/491 500/500/500
f 500/500/500 564/564/564 506/506/506
f 575/575/575 162/162/162 588/588/588
f 588/588/588 576/576/576 575/575/575
f 478/478/478 881/881/881 625/625/625
f 625/625/625 475/475/475 478/478/478
f 346/346/346 463/463/463 466/466/466
f 466/466/466 347/347/347 346/346/346
f 885/885/885 882/882/882 883/883/883
f 883/883/883 884/884/884 885/885/885
f 888/888/888 285/285/285 886/886/886
f 886/886/886 887/887/887 888/888/888
f 892/892/892 889/889/889 890/890/890
f 890/890/890 891/891/891 892/892/892
f 229/229/229 416/416/416 419/419/419
f 419/419/419 209/209/209 229/229/229
f 467/467/467 508/508/508 44/44/44
f 44/44/44 47/47/47 467/467/467
f 896/896/896 893/893/893 894/894/894
f 894/894/894 895/895/895 896/896/896
f 165/165/165 501/501/501 504/504/504
f 504/504/504 166/166/166 165/165/165
f 898/898/898 863/863/863 862/862/862
f 862/862/862 897/897/897 898/898/898
f 364/364/364 505/505/505 515/515/515
f 515/515/515 542/542/542 364/364/364
f 900/900/900 899/899/899 317/317/317
f 317/317/317 356/356/356 900/900/900
f 464/464/464 901/901/901 865/865/865
f 865/865/865 586/586/586 464/464/464
f 569/569/569 579/579/579 902/902/902
f 902/902/902 584/584/584 569/569/569
f 351/351/351 533/533/533 573/573/573
f 573/573/573 352/352/352 351/351/351
f 646/646/646 903/903/903 851/851/851
f 851/851/851 647/647/647 646/646/646
f 95/95/95 698/698/698 312/312/312
f 312/312/312 221/221/221 95/95/95
f 905/905/905 904/904/904 66/66/66
f 66/66/66 65/65/65 905/905/905
f 908/908/908 906/906/906 907/907/907
f 907/907/907 841/841/841 908/908/908
f 304/304/304 146/146/146 236/236/236
f 236/236/236 287/287/287 304/304/304
f 909/909/909 624/624/624 623/623/623
f 623/623/623 503/503/503 909/909/909
f 542/542/542 909/909/909 503/503/503
f 503/503/503 502/502/502 542/542/542
f 912/912/912 910/910/910 911/911/911
f 911/911/911 560/560/560 912/912/912
f 192/192/192 191/191/191 913/913/913
f 913/913/913 914/914/914 192/192/192
f 916/916/916 915/915/915 582/582/582
f 582/582/582 901/901/901 916/916/916
f 464/464/464 463/463/463 916/916/916
f 916/916/916 901/901/901 464/464/464
f 918/918/918 900/900/900 356/356/356
f 356/356/356 917/917/917 918/918/918
f 919/919/919 917/917/917 356/356/356
f 356/356/356 353/353/353 919/919/919
f 623/623/623 920/920/920 504/504/504
f 504/504/504 503/503/503 623/623/623
f 886/886/886 285/285/285 284/284/284
f 284/284/284 921/921/921 886/886/886
f 925/925/925 922/922/922 923/923/923
f 923/923/923 924/924/924 925/925/925
f 466/466/466 465/465/465 490/490/490
f 490/490/490 926/926/926 466/466/466
f 579/579/579 578/578/578 332/332/332
f 332/332/332 331/331/331 579/579/579
f 122/122/122 125/125/125 927/927/927
f 927/927/927 928/928/928 122/122/122
f 172/172/172 929/929/929 930/930/930
f 930/930/930 313/313/313 172/172/172
f 934/934/934 931/931/931 932/932/932
f 932/932/932 933/933/933 934/934/934
f 937/937/937 935/935/935 936/936/936
f 936/936/936 924/924/924 937/937/937
f 941/941/941 938/938/938 939/939/939
f 939/939/939 940/940/940 941/941/941
f 66/66/66 904/904/904 942/942/942
f 942/942/942 875/875/875 66/66/66
f 192/192/192 914/914/914 943/943/943
f 943/943/943 944/944/944 192/192/192
f 945/945/945 193/193/193 192/192/192
f 192/192/192 944/944/944 945/945/945
f 949/949/949 946/946/946 947/947/947
f 947/947/947 948/948/948 949/949/949
f 951/951/951 950/950/950 329/329/329
f 329/329/329 330/330/330 951/951/951
f 954/954/954 952/952/952 319/319/319
f 319/319/319 953/953/953 954/954/954
f 956/956/956 955/955/955 913/913/913
f 913/913/913 191/191/191 956/956/956
f 959/959/959 957/957/957 958/958/958
f 958/958/958 935/935/935 959/959/959
f 961/961/961 886/886/886 921/921/921
f 921/921/921 960/960/960 961/961/961
f 965/965/965 962/962/962 963/963/963
f 963/963/963 964/964/964 965/965/965
f 967/967/967 966/966/966 471/471/471
f 471/471/471 474/474/474 967/967/967
f 354/354/354 316/316/316 319/319/319
f 319/319/319 952/952/952 354/354/354
f 969/969/969 968/968/968 122/122/122
f 122/122/122 928/928/928 969/969/969
f 923/923/923 970/970/970 937/937/937
f 937/937/937 924/924/924 923/923/923
f 974/974/974 971/971/971 972/972/972
f 972/972/972 973/973/973 974/974/974
f 977/977/977 969/969/969 975/975/975
f 975/975/975 976/976/976 977/977/977
f 981/981/981 978/978/978 979/979/979
f 979/979/979 980/980/980 981/981/981
f 976/976/976 975/975/975 982/982/982
f 982/982/982 983/983/983 976/976/976
f 987/987/987 984/984/984 985/985/985
f 985/985/985 986/986/986 987/987/987
f 986/986/986 985/985/985 988/988/988
f 988/988/988 989/989/989 986/986/986
f 989/989/989 988/988/988 990/990/990
f 990/990/990 991/991/991 989/989/989
f 991/991/991 990/990/990 992/992/992
f 992/992/992 993/993/993 991/991/991
f 993/993/993 992/992/992 994/994/994
f 994/994/994 995/995/995 993/993/993
f 998/998/998 996/996/996 997/997/997
f 997/997/997 908/908/908 998/998/998
f 995/995/995 994/994/994 999/999/999
f 999/999/999 1000/1000/1000 995/995/995
f 1002/1002/1002 1001/1001/1001 868/868/868
f 868/868/868 867/867/867 1002/1002/1002
f 1000/1000/1000 999/999/999 1003/1003/1003
f 1003/1003/1003 1004/1004/1004 1000/1000/1000
f 1008/1008/1008 1005/1005/1005 1006/1006/1006
f 1006/1006/1006 1007/1007/1007 1008/1008/1008
f 1004/1004/1004 1003/1003/1003 1009/1009/1009
f 1009/1009/1009 1010/1010/1010 1004/1004/1004
f 1014/1014/1014 1011/1011/1011 1012/1012/1012
f 1012/1012/1012 1013/1013/1013 1014/1014/1014
f 1015/1015/1015 906/906/906 908/908/908
f 908/908/908 997/997/997 1015/1015/1015
f 1019/1019/1019 1016/1016/1016 1017/1017/1017
f 1017/1017/1017 1018/1018/1018 1019/1019/1019
f 907/907/907 1020/1020/1020 541/541/541
f 541/541/541 1021/1021/1021 907/907/907
f 1018/1018/1018 1017/1017/1017 1022/1022/1022
f 1022/1022/1022 1023/1023/1023 1018/1018/1018
f 1025/1025/1025 1002/1002/1002 867/867/867
f 867/867/867 1024/1024/1024 1025/1025/1025
f 171/171/171 1026/1026/1026 929/929/929
f 929/929/929 172/172/172 171/171/171
f 998/998/998 842/842/842 1027/1027/1027
f 1027/1027/1027 1028/1028/1028 998/998/998
f 1023/1023/1023 1022/1022/1022 1029/1029/1029
f 1029/1029/1029 866/866/866 1023/1023/1023
f 1031/1031/1031 512/512/512 357/357/357
f 357/357/357 1030/1030/1030 1031/1031/1031
f 866/866/866 1029/1029/1029 1024/1024/1024
f 1024/1024/1024 867/867/867 866/866/866
f 1033/1033/1033 1032/1032/1032 922/922/922
f 922/922/922 925/925/925 1033/1033/1033
f 907/907/907 1021/1021/1021 161/161/161
f 161/161/161 841/841/841 907/907/907
f 908/908/908 841/841/841 842/842/842
f 842/842/842 998/998/998 908/908/908
f 1035/1035/1035 255/255/255 254/254/254
f 254/254/254 1034/1034/1034 1035/1035/1035
f 254/254/254 898/898/898 897/897/897
f 897/897/897 1034/1034/1034 254/254/254
f 690/690/690 693/693/693 1036/1036/1036
f 1036/1036/1036 1037/1037/1037 690/690/690
f 1041/1041/1041 1038/1038/1038 1039/1039/1039
f 1039/1039/1039 1040/1040/1040 1041/1041/1041
f 1044/1044/1044 1042/1042/1042 1043/1043/1043
f 1043/1043/1043 1005/1005/1005 1044/1044/1044
f 1048/1048/1048 1045/1045/1045 1046/1046/1046
f 1046/1046/1046 1047/1047/1047 1048/1048/1048
f 446/446/446 445/445/445 1049/1049/1049
f 1049/1049/1049 1050/1050/1050 446/446/446
f 591/591/591 1051/1051/1051 1052/1052/1052
f 1052/1052/1052 592/592/592 591/591/591
f 879/879/879 1053/1053/1053 1054/1054/1054
f 1054/1054/1054 880/880/880 879/879/879
f 996/996/996 998/998/998 1028/1028/1028
f 1028/1028/1028 1055/1055/1055 996/996/996
f 1052/1052/1052 1051/1051/1051 262/262/262
f 262/262/262 261/261/261 1052/1052/1052
f 1054/1054/1054 1056/1056/1056 1057/1057/1057
f 1057/1057/1057 880/880/880 1054/1054/1054
f 1061/1061/1061 1058/1058/1058 1059/1059/1059
f 1059/1059/1059 1060/1060/1060 1061/1061/1061
f 1055/1055/1055 1028/1028/1028 1062/1062/1062
f 1062/1062/1062 1063/1063/1063 1055/1055/1055
f 691/691/691 1064/1064/1064 1065/1065/1065
f 1065/1065/1065 692/692/692 691/691/691
f 884/884/884 883/883/883 1037/1037/1037
f 1037/1037/1037 1036/1036/1036 884/884/884
f 1054/1054/1054 1053/1053/1053 554/554/554
f 554/554/554 1066/1066/1066 1054/1054/1054
f 1068/1068/1068 245/245/245 248/248/248
f 248/248/248 1067/1067/1067 1068/1068/1068
f 1071/1071/1071 763/763/763 1069/1069/1069
f 1069/1069/1069 1070/1070/1070 1071/1071/1071
f 264/264/264 263/263/263 1072/1072/1072
f 1072/1072/1072 1073/1073/1073 264/264/264
f 248/248/248 1074/1074/1074 1075/1075/1075
f 1075/1075/1075 1067/1067/1067 248/248/248
f 1069/1069/1069 763/763/763 762/762/762
f 762/762/762 1056/1056/1056 1069/1069/1069
f 1077/1077/1077 1076/1076/1076 1068/1068/1068
f 1068/1068/1068 1067/1067/1067 1077/1077/1077
f 1079/1079/1079 1078/1078/1078 1046/1046/1046
f 1046/1046/1046 1045/1045/1045 1079/1079/1079
f 1075/1075/1075 1080/1080/1080 1077/1077/1077
f 1077/1077/1077 1067/1067/1067 1075/1075/1075
f 1081/1081/1081 885/885/885 263/263/263
f 263/263/263 262/262/262 1081/1081/1081
f 1056/1056/1056 762/762/762 1082/1082/1082
f 1082/1082/1082 1057/1057/1057 1056/1056/1056
f 1073/1073/1073 1083/1083/1083 376/376/376
f 376/376/376 264/264/264 1073/1073/1073
f 945/945/945 1084/1084/1084 1085/1085/1085
f 1085/1085/1085 1071/1071/1071 945/945/945
f 193/193/193 945/945/945 1071/1071/1071
f 1071/1071/1071 1070/1070/1070 193/193/193
f 1082/1082/1082 1086/1086/1086 693/693/693
f 693/693/693 692/692/692 1082/1082/1082
f 944/944/944 943/943/943 1087/1087/1087
f 1087/1087/1087 1088/1088/1088 944/944/944
f 1069/1069/1069 1066/1066/1066 305/305/305
f 305/305/305 1070/1070/1070 1069/1069/1069
f 1057/1057/1057 1082/1082/1082 692/692/692
f 692/692/692 1065/1065/1065 1057/1057/1057
f 1091/1091/1091 1089/1089/1089 587/587/587
f 587/587/587 1090/1090/1090 1091/1091/1091
f 1094/1094/1094 1092/1092/1092 239/239/239
f 239/239/239 1093/1093/1093 1094/1094/1094
f 1056/1056/1056 1054/1054/1054 1066/1066/1066
f 1066/1066/1066 1069/1069/1069 1056/1056/1056
f 1097/1097/1097 1095/1095/1095 689/689/689
f 689/689/689 1096/1096/1096 1097/1097/1097
f 519/519/519 48/48/48 1098/1098/1098
f 1098/1098/1098 1099/1099/1099 519/519/519
f 1102/1102/1102 1100/1100/1100 1101/1101/1101
f 1101/1101/1101 978/978/978 1102/1102/1102
f 51/51/51 1103/1103/1103 1098/1098/1098
f 1098/1098/1098 48/48/48 51/51/51
f 1105/1105/1105 1104/1104/1104 575/575/575
f 575/575/575 574/574/574 1105/1105/1105
f 334/334/334 1106/1106/1106 1107/1107/1107
f 1107/1107/1107 331/331/331 334/334/334
f 1107/1107/1107 902/902/902 579/579/579
f 579/579/579 331/331/331 1107/1107/1107
f 947/947/947 1108/1108/1108 1109/1109/1109
f 1109/1109/1109 948/948/948 947/947/947
f 1057/1057/1057 1065/1065/1065 877/877/877
f 877/877/877 880/880/880 1057/1057/1057
f 571/571/571 570/570/570 255/255/255
f 255/255/255 1035/1035/1035 571/571/571
f 877/877/877 1110/1110/1110 1111/1111/1111
f 1111/1111/1111 878/878/878 877/877/877
f 253/253/253 1112/1112/1112 898/898/898
f 898/898/898 254/254/254 253/253/253
f 1114/1114/1114 1113/1113/1113 1035/1035/1035
f 1035/1035/1035 1034/1034/1034 1114/1114/1114
f 1117/1117/1117 1115/1115/1115 1013/1013/1013
f 1013/1013/1013 1116/1116/1116 1117/1117/1117
f 1118/1118/1118 1027/1027/1027 1048/1048/1048
f 1048/1048/1048 1047/1047/1047 1118/1118/1118
f 376/376/376 1083/1083/1083 1119/1119/1119
f 1119/1119/1119 1120/1120/1120 376/376/376
f 1112/1112/1112 1121/1121/1121 863/863/863
f 863/863/863 898/898/898 1112/1112/1112
f 37/37/37 36/36/36 870/870/870
f 870/870/870 310/310/310 37/37/37
f 1034/1034/1034 897/897/897 481/481/481
f 481/481/481 1114/1114/1114 1034/1034/1034
f 1027/1027/1027 842/842/842 164/164/164
f 164/164/164 1048/1048/1048 1027/1027/1027
f 554/554/554 1053/1053/1053 283/283/283
f 283/283/283 553/553/553 554/554/554
f 1125/1125/1125 1122/1122/1122 1123/1123/1123
f 1123/1123/1123 1124/1124/1124 1125/1125/1125
f 1121/1121/1121 1126/1126/1126 860/860/860
f 860/860/860 863/863/863 1121/1121/1121
f 994/994/994 992/992/992 1127/1127/1127
f 1127/1127/1127 1128/1128/1128 994/994/994
f 862/862/862 447/447/447 481/481/481
f 481/481/481 897/897/897 862/862/862
f 1019/1019/1019 1018/1018/1018 1129/1129/1129
f 1129/1129/1129 1130/1130/1130 1019/1019/1019
f 1131/1131/1131 1080/1080/1080 1011/1011/1011
f 1011/1011/1011 1014/1014/1014 1131/1131/1131
f 1126/1126/1126 1117/1117/1117 1116/1116/1116
f 1116/1116/1116 860/860/860 1126/1126/1126
f 861/861/861 448/448/448 447/447/447
f 447/447/447 862/862/862 861/861/861
f 1135/1135/1135 1132/1132/1132 1133/1133/1133
f 1133/1133/1133 1134/1134/1134 1135/1135/1135
f 644/644/644 1136/1136/1136 871/871/871
f 871/871/871 645/645/645 644/644/644
f 1014/1014/1014 1137/1137/1137 1138/1138/1138
f 1138/1138/1138 1131/1131/1131 1014/1014/1014
f 1140/1140/1140 1012/1012/1012 1011/1011/1011
f 1011/1011/1011 1139/1139/1139 1140/1140/1140
f 1142/1142/1142 1090/1090/1090 539/539/539
f 539/539/539 1141/1141/1141 1142/1142/1142
f 1007/1007/1007 1033/1033/1033 925/925/925
f 925/925/925 1008/1008/1008 1007/1007/1007
f 1001/1001/1001 1143/1143/1143 965/965/965
f 965/965/965 964/964/964 1001/1001/1001
f 936/936/936 1008/1008/1008 925/925/925
f 925/925/925 924/924/924 936/936/936
f 1132/1132/1132 538/538/538 1144/1144/1144
f 1144/1144/1144 1133/1133/1133 1132/1132/1132
f 1024/1024/1024 1029/1029/1029 1133/1133/1133
f 1133/1133/1133 1144/1144/1144 1024/1024/1024
f 1025/1025/1025 1024/1024/1024 1144/1144/1144
f 1144/1144/1144 1020/1020/1020 1025/1025/1025
f 1133/1133/1133 1029/1029/1029 1022/1022/1022
f 1022/1022/1022 1134/1134/1134 1133/1133/1133
f 309/309/309 308/308/308 1145/1145/1145
f 1145/1145/1145 1146/1146/1146 309/309/309
f 1147/1147/1147 282/282/282 285/285/285
f 285/285/285 888/888/888 1147/1147/1147
f 1137/1137/1137 1014/1014/1014 1013/1013/1013
f 1013/1013/1013 1115/1115/1115 1137/1137/1137
f 561/561/561 560/560/560 911/911/911
f 911/911/911 1148/1148/1148 561/561/561
f 1150/1150/1150 1149/1149/1149 328/328/328
f 328/328/328 329/329/329 1150/1150/1150
f 1138/1138/1138 1041/1041/1041 1040/1040/1040
f 1040/1040/1040 1131/1131/1131 1138/1138/1138
f 1039/1039/1039 1151/1151/1151 1152/1152/1152
f 1152/1152/1152 1076/1076/1076 1039/1039/1039
f 1080/1080/1080 1075/1075/1075 1139/1139/1139
f 1139/1139/1139 1011/1011/1011 1080/1080/1080
f 1154/1154/1154 1135/1135/1135 1134/1134/1134
f 1134/1134/1134 1153/1153/1153 1154/1154/1154
f 1040/1040/1040 1039/1039/1039 1076/1076/1076
f 1076/1076/1076 1077/1077/1077 1040/1040/1040
f 1038/1038/1038 1155/1155/1155 1151/1151/1151
f 1151/1151/1151 1039/1039/1039 1038/1038/1038
f 1157/1157/1157 1156/1156/1156 815/815/815
f 815/815/815 818/818/818 1157/1157/1157
f 929/929/929 1026/1026/1026 1158/1158/1158
f 1158/1158/1158 1159/1159/1159 929/929/929
f 1161/1161/1161 1154/1154/1154 1153/1153/1153
f 1153/1153/1153 1160/1160/1160 1161/1161/1161
f 307/307/307 956/956/956 191/191/191
f 191/191/191 190/190/190 307/307/307
f 1165/1165/1165 1162/1162/1162 1163/1163/1163
f 1163/1163/1163 1164/1164/1164 1165/1165/1165
f 1169/1169/1169 1166/1166/1166 1167/1167/1167
f 1167/1167/1167 1168/1168/1168 1169/1169/1169
f 1173/1173/1173 1170/1170/1170 1171/1171/1171
f 1171/1171/1171 1172/1172/1172 1173/1173/1173
f 1176/1176/1176 1174/1174/1174 979/979/979
f 979/979/979 1175/1175/1175 1176/1176/1176
f 1172/1172/1172 1171/1171/1171 1177/1177/1177
f 1177/1177/1177 1178/1178/1178 1172/1172/1172
f 1180/1180/1180 391/391/391 390/390/390
f 390/390/390 1179/1179/1179 1180/1180/1180
f 1128/1128/1128 1177/1177/1177 999/999/999
f 999/999/999 994/994/994 1128/1128/1128
f 1182/1182/1182 1181/1181/1181 1174/1174/1174
f 1174/1174/1174 1176/1176/1176 1182/1182/1182
f 1177/1177/1177 1171/1171/1171 1003/1003/1003
f 1003/1003/1003 999/999/999 1177/1177/1177
f 1184/1184/1184 1152/1152/1152 1151/1151/1151
f 1151/1151/1151 1183/1183/1183 1184/1184/1184
f 1181/1181/1181 1185/1185/1185 1186/1186/1186
f 1186/1186/1186 1174/1174/1174 1181/1181/1181
f 1183/1183/1183 1176/1176/1176 1175/1175/1175
f 1175/1175/1175 1184/1184/1184 1183/1183/1183
f 646/646/646 645/645/645 873/873/873
f 873/873/873 1187/1187/1187 646/646/646
f 1025/1025/1025 906/906/906 1015/1015/1015
f 1015/1015/1015 1002/1002/1002 1025/1025/1025
f 1101/1101/1101 1188/1188/1188 1184/1184/1184
f 1184/1184/1184 1175/1175/1175 1101/1101/1101
f 1190/1190/1190 1189/1189/1189 1128/1128/1128
f 1128/1128/1128 1127/1127/1127 1190/1190/1190
f 1192/1192/1192 1191/1191/1191 232/232/232
f 232/232/232 235/235/235 1192/1192/1192
f 1196/1196/1196 1193/1193/1193 1194/1194/1194
f 1194/1194/1194 1195/1195/1195 1196/1196/1196
f 1200/1200/1200 1197/1197/1197 1198/1198/1198
f 1198/1198/1198 1199/1199/1199 1200/1200/1200
f 1202/1202/1202 1201/1201/1201 389/389/389
f 389/389/389 392/392/392 1202/1202/1202
f 1204/1204/1204 1203/1203/1203 1201/1201/1201
f 1201/1201/1201 1202/1202/1202 1204/1204/1204
f 1205/1205/1205 1127/1127/1127 992/992/992
f 992/992/992 990/990/990 1205/1205/1205
f 980/980/980 979/979/979 1174/1174/1174
f 1174/1174/1174 1186/1186/1186 980/980/980
f 1203/1203/1203 1206/1206/1206 1207/1207/1207
f 1207/1207/1207 1201/1201/1201 1203/1203/1203
f 1199/1199/1199 1198/1198/1198 1208/1208/1208
f 1208/1208/1208 1209/1209/1209 1199/1199/1199
f 1186/1186/1186 1202/1202/1202 392/392/392
f 392/392/392 980/980/980 1186/1186/1186
f 1213/1213/1213 1210/1210/1210 1211/1211/1211
f 1211/1211/1211 1212/1212/1212 1213/1213/1213
f 1023/1023/1023 866/866/866 869/869/869
f 869/869/869 1214/1214/1214 1023/1023/1023
f 1216/1216/1216 1215/1215/1215 856/856/856
f 856/856/856 859/859/859 1216/1216/1216
f 565/565/565 1217/1217/1217 1205/1205/1205
f 1205/1205/1205 1218/1218/1218 565/565/565
f 391/391/391 981/981/981 980/980/980
f 980/980/980 392/392/392 391/391/391
f 1221/1221/1221 1219/1219/1219 1220/1220/1220
f 1220/1220/1220 247/247/247 1221/1221/1221
f 566/566/566 565/565/565 1218/1218/1218
f 1218/1218/1218 1222/1222/1222 566/566/566
f 1210/1210/1210 1223/1223/1223 1224/1224/1224
f 1224/1224/1224 1211/1211/1211 1210/1210/1210
f 1226/1226/1226 566/566/566 1222/1222/1222
f 1222/1222/1222 1225/1225/1225 1226/1226/1226
f 389/389/389 1227/1227/1227 1228/1228/1228
f 1228/1228/1228 390/390/390 389/389/389
f 1007/1007/1007 1229/1229/1229 1224/1224/1224
f 1224/1224/1224 1033/1033/1033 1007/1007/1007
f 1230/1230/1230 338/338/338 337/337/337
f 337/337/337 371/371/371 1230/1230/1230
f 1234/1234/1234 1231/1231/1231 1232/1232/1232
f 1232/1232/1232 1233/1233/1233 1234/1234/1234
f 927/927/927 1234/1234/1234 1233/1233/1233
f 1233/1233/1233 928/928/928 927/927/927
f 1236/1236/1236 1235/1235/1235 1196/1196/1196
f 1196/1196/1196 1195/1195/1195 1236/1236/1236
f 1238/1238/1238 403/403/403 402/402/402
f 402/402/402 1237/1237/1237 1238/1238/1238
f 1229/1229/1229 1236/1236/1236 1195/1195/1195
f 1195/1195/1195 1239/1239/1239 1229/1229/1229
f 1241/1241/1241 1240/1240/1240 1197/1197/1197
f 1197/1197/1197 1200/1200/1200 1241/1241/1241
f 1015/1015/1015 997/997/997 1242/1242/1242
f 1242/1242/1242 1143/1143/1143 1015/1015/1015
f 1229/1229/1229 1007/1007/1007 1006/1006/1006
f 1006/1006/1006 1236/1236/1236 1229/1229/1229
f 899/899/899 326/326/326 318/318/318
f 318/318/318 317/317/317 899/899/899
f 953/953/953 319/319/319 318/318/318
f 318/318/318 123/123/123 953/953/953
f 550/550/550 1243/1243/1243 1244/1244/1244
f 1244/1244/1244 548/548/548 550/550/550
f 441/441/441 424/424/424 423/423/423
f 423/423/423 442/442/442 441/441/441
f 1207/1207/1207 1212/1212/1212 1245/1245/1245
f 1245/1245/1245 1227/1227/1227 1207/1207/1207
f 594/594/594 1109/1109/1109 1108/1108/1108
f 1108/1108/1108 595/595/595 594/594/594
f 1247/1247/1247 941/941/941 940/940/940
f 940/940/940 1246/1246/1246 1247/1247/1247
f 1250/1250/1250 480/480/480 1248/1248/1248
f 1248/1248/1248 1249/1249/1249 1250/1250/1250
f 935/935/935 958/958/958 1044/1044/1044
f 1044/1044/1044 936/936/936 935/935/935
f 1254/1254/1254 1251/1251/1251 1252/1252/1252
f 1252/1252/1252 1253/1253/1253 1254/1254/1254
f 937/937/937 973/973/973 959/959/959
f 959/959/959 935/935/935 937/937/937
f 970/970/970 974/974/974 973/973/973
f 973/973/973 937/937/937 970/970/970
f 1258/1258/1258 1255/1255/1255 1256/1256/1256
f 1256/1256/1256 1257/1257/1257 1258/1258/1258
f 475/475/475 942/942/942 904/904/904
f 904/904/904 476/476/476 475/475/475
f 973/973/973 972/972/972 1259/1259/1259
f 1259/1259/1259 959/959/959 973/973/973
f 971/971/971 1260/1260/1260 1261/1261/1261
f 1261/1261/1261 972/972/972 971/971/971
f 1265/1265/1265 1262/1262/1262 1263/1263/1263
f 1263/1263/1263 1264/1264/1264 1265/1265/1265
f 1145/1145/1145 308/308/308 288/288/288
f 288/288/288 1266/1266/1266 1145/1145/1145
f 305/305/305 190/190/190 193/193/193
f 193/193/193 1070/1070/1070 305/305/305
f 1188/1188/1188 1267/1267/1267 1152/1152/1152
f 1152/1152/1152 1184/1184/1184 1188/1188/1188
f 204/204/204 203/203/203 433/433/433
f 433/433/433 257/257/257 204/204/204
f 1270/1270/1270 1268/1268/1268 1269/1269/1269
f 1269/1269/1269 857/857/857 1270/1270/1270
f 1272/1272/1272 1271/1271/1271 1092/1092/1092
f 1092/1092/1092 1094/1094/1094 1272/1272/1272
f 433/433/433 176/176/176 258/258/258
f 258/258/258 257/257/257 433/433/433
f 1260/1260/1260 1106/1106/1106 334/334/334
f 334/334/334 1261/1261/1261 1260/1260/1260
f 1261/1261/1261 334/334/334 333/333/333
f 333/333/333 1273/1273/1273 1261/1261/1261
f 267/267/267 521/521/521 580/580/580
f 580/580/580 277/277/277 267/267/267
f 141/141/141 350/350/350 136/136/136
f 136/136/136 135/135/135 141/141/141
f 603/603/603 1274/1274/1274 591/591/591
f 591/591/591 590/590/590 603/603/603
f 1276/1276/1276 964/964/964 963/963/963
f 963/963/963 1275/1275/1275 1276/1276/1276
f 110/110/110 1262/1262/1262 1265/1265/1265
f 1265/1265/1265 111/111/111 110/110/110
f 333/333/333 1108/1108/1108 947/947/947
f 947/947/947 1273/1273/1273 333/333/333
f 523/523/523 1277/1277/1277 1278/1278/1278
f 1278/1278/1278 524/524/524 523/523/523
f 1280/1280/1280 1279/1279/1279 1083/1083/1083
f 1083/1083/1083 1073/1073/1073 1280/1280/1280
f 99/99/99 429/429/429 431/431/431
f 431/431/431 89/89/89 99/99/99
f 933/933/933 1281/1281/1281 1282/1282/1282
f 1282/1282/1282 1283/1283/1283 933/933/933
f 1093/1093/1093 239/239/239 238/238/238
f 238/238/238 1284/1284/1284 1093/1093/1093
f 996/996/996 1055/1055/1055 1285/1285/1285
f 1285/1285/1285 1286/1286/1286 996/996/996
f 1287/1287/1287 1279/1279/1279 760/760/760
f 760/760/760 1085/1085/1085 1287/1287/1287
f 761/761/761 760/760/760 1279/1279/1279
f 1279/1279/1279 1280/1280/1280 761/761/761
f 1075/1075/1075 1074/1074/1074 1251/1251/1251
f 1251/1251/1251 1139/1139/1139 1075/1075/1075
f 1291/1291/1291 1288/1288/1288 1289/1289/1289
f 1289/1289/1289 1290/1290/1290 1291/1291/1291
f 1249/1249/1249 1248/1248/1248 1292/1292/1292
f 1292/1292/1292 1293/1293/1293 1249/1249/1249
f 949/949/949 1294/1294/1294 957/957/957
f 957/957/957 946/946/946 949/949/949
f 1296/1296/1296 309/309/309 1146/1146/1146
f 1146/1146/1146 1295/1295/1295 1296/1296/1296
f 1267/1267/1267 246/246/246 245/245/245
f 245/245/245 1068/1068/1068 1267/1267/1267
f 332/332/332 578/578/578 596/596/596
f 596/596/596 595/595/595 332/332/332
f 609/609/609 610/610/610 1297/1297/1297
f 1297/1297/1297 626/626/626 609/609/609
f 1298/1298/1298 1051/1051/1051 591/591/591
f 591/591/591 1274/1274/1274 1298/1298/1298
f 391/391/391 1180/1180/1180 1299/1299/1299
f 1299/1299/1299 981/981/981 391/391/391
f 1072/1072/1072 263/263/263 885/885/885
f 885/885/885 884/884/884 1072/1072/1072
f 1302/1302/1302 355/355/355 1300/1300/1300
f 1300/1300/1300 1301/1301/1301 1302/1302/1302
f 1299/1299/1299 1102/1102/1102 978/978/978
f 978/978/978 981/981/981 1299/1299/1299
f 884/884/884 1036/1036/1036 1303/1303/1303
f 1303/1303/1303 1072/1072/1072 884/884/884
f 1242/1242/1242 997/997/997 996/996/996
f 996/996/996 1286/1286/1286 1242/1242/1242
f 1304/1304/1304 246/246/246 1267/1267/1267
f 1267/1267/1267 1188/1188/1188 1304/1304/1304
f 1036/1036/1036 693/693/693 1086/1086/1086
f 1086/1086/1086 1303/1303/1303 1036/1036/1036
f 1306/1306/1306 1298/1298/1298 1274/1274/1274
f 1274/1274/1274 1305/1305/1305 1306/1306/1306
f 933/933/933 932/932/932 1120/1120/1120
f 1120/1120/1120 1281/1281/1281 933/933/933
f 1158/1158/1158 1307/1307/1307 1308/1308/1308
f 1308/1308/1308 1159/1159/1159 1158/1158/1158
f 1310/1310/1310 1309/1309/1309 1119/1119/1119
f 1119/1119/1119 1287/1287/1287 1310/1310/1310
f 1084/1084/1084 1310/1310/1310 1287/1287/1287
f 1287/1287/1287 1085/1085/1085 1084/1084/1084
f 954/954/954 1311/1311/1311 1312/1312/1312
f 1312/1312/1312 952/952/952 954/954/954
f 934/934/934 1313/1313/1313 1297/1297/1297
f 1297/1297/1297 610/610/610 934/934/934
f 1314/1314/1314 1282/1282/1282 1281/1281/1281
f 1281/1281/1281 1309/1309/1309 1314/1314/1314
f 1309/1309/1309 1310/1310/1310 1315/1315/1315
f 1315/1315/1315 1314/1314/1314 1309/1309/1309
f 1310/1310/1310 1084/1084/1084 1088/1088/1088
f 1088/1088/1088 1315/1315/1315 1310/1310/1310
f 1246/1246/1246 1316/1316/1316 1317/1317/1317
f 1317/1317/1317 1247/1247/1247 1246/1246/1246
f 1312/1312/1312 1311/1311/1311 1318/1318/1318
f 1318/1318/1318 1319/1319/1319 1312/1312/1312
f 1313/1313/1313 1320/1320/1320 1321/1321/1321
f 1321/1321/1321 1297/1297/1297 1313/1313/1313
f 1283/1283/1283 1282/1282/1282 1322/1322/1322
f 1322/1322/1322 1323/1323/1323 1283/1283/1283
f 1119/1119/1119 1309/1309/1309 1281/1281/1281
f 1281/1281/1281 1120/1120/1120 1119/1119/1119
f 1324/1324/1324 1322/1322/1322 1282/1282/1282
f 1282/1282/1282 1314/1314/1314 1324/1324/1324
f 1314/1314/1314 1315/1315/1315 1325/1325/1325
f 1325/1325/1325 1324/1324/1324 1314/1314/1314
f 1315/1315/1315 1088/1088/1088 1087/1087/1087
f 1087/1087/1087 1325/1325/1325 1315/1315/1315
f 1328/1328/1328 686/686/686 1326/1326/1326
f 1326/1326/1326 1327/1327/1327 1328/1328/1328
f 1319/1319/1319 1318/1318/1318 1329/1329/1329
f 1329/1329/1329 1330/1330/1330 1319/1319/1319
f 1332/1332/1332 1331/1331/1331 674/674/674
f 674/674/674 673/673/673 1332/1332/1332
f 643/643/643 642/642/642 1333/1333/1333
f 1333/1333/1333 1334/1334/1334 643/643/643
f 1334/1334/1334 1335/1335/1335 1336/1336/1336
f 1336/1336/1336 643/643/643 1334/1334/1334
f 1335/1335/1335 1301/1301/1301 1300/1300/1300
f 1300/1300/1300 1336/1336/1336 1335/1335/1335
f 1330/1330/1330 1329/1329/1329 1337/1337/1337
f 1337/1337/1337 1338/1338/1338 1330/1330/1330
f 1340/1340/1340 1339/1339/1339 642/642/642
f 642/642/642 668/668/668 1340/1340/1340
f 643/643/643 1336/1336/1336 1341/1341/1341
f 1341/1341/1341 640/640/640 643/643/643
f 668/668/668 1342/1342/1342 1343/1343/1343
f 1343/1343/1343 1340/1340/1340 668/668/668
f 1336/1336/1336 1300/1300/1300 1344/1344/1344
f 1344/1344/1344 1341/1341/1341 1336/1336/1336
f 355/355/355 354/354/354 1344/1344/1344
f 1344/1344/1344 1300/1300/1300 355/355/355
f 875/875/875 909/909/909 542/542/542
f 542/542/542 515/515/515 875/875/875
f 1255/1255/1255 1345/1345/1345 977/977/977
f 977/977/977 1256/1256/1256 1255/1255/1255
f 1347/1347/1347 1346/1346/1346 1338/1338/1338
f 1338/1338/1338 1337/1337/1337 1347/1347/1347
f 116/116/116 1348/1348/1348 1349/1349/1349
f 1349/1349/1349 117/117/117 116/116/116
f 1350/1350/1350 1096/1096/1096 689/689/689
f 689/689/689 683/683/683 1350/1350/1350
f 19/19/19 1351/1351/1351 1352/1352/1352
f 1352/1352/1352 20/20/20 19/19/19
f 1330/1330/1330 1338/1338/1338 641/641/641
f 641/641/641 640/640/640 1330/1330/1330
f 640/640/640 1341/1341/1341 1319/1319/1319
f 1319/1319/1319 1330/1330/1330 640/640/640
f 294/294/294 258/258/258 176/176/176
f 176/176/176 179/179/179 294/294/294
f 1341/1341/1341 1344/1344/1344 1312/1312/1312
f 1312/1312/1312 1319/1319/1319 1341/1341/1341
f 1304/1304/1304 1221/1221/1221 247/247/247
f 247/247/247 246/246/246 1304/1304/1304
f 1353/1353/1353 1333/1333/1333 642/642/642
f 642/642/642 1339/1339/1339 1353/1353/1353
f 1355/1355/1355 73/73/73 72/72/72
f 72/72/72 1354/1354/1354 1355/1355/1355
f 448/448/448 1356/1356/1356 1357/1357/1357
f 1357/1357/1357 445/445/445 448/448/448
f 987/987/987 986/986/986 1358/1358/1358
f 1358/1358/1358 1359/1359/1359 987/987/987
f 1360/1360/1360 518/518/518 9/9/9
f 9/9/9 8/8/8 1360/1360/1360
f 1364/1364/1364 1361/1361/1361 1362/1362/1362
f 1362/1362/1362 1363/1363/1363 1364/1364/1364
f 552/552/552 28/28/28 27/27/27
f 27/27/27 514/514/514 552/552/552
f 1361/1361/1361 1258/1258/1258 1257/1257/1257
f 1257/1257/1257 1362/1362/1362 1361/1361/1361
f 1367/1367/1367 743/743/743 1365/1365/1365
f 1365/1365/1365 1366/1366/1366 1367/1367/1367
f 890/890/890 1368/1368/1368 1369/1369/1369
f 1369/1369/1369 1370/1370/1370 890/890/890
f 976/976/976 983/983/983 1371/1371/1371
f 1371/1371/1371 1372/1372/1372 976/976/976
f 598/598/598 1363/1363/1363 1373/1373/1373
f 1373/1373/1373 599/599/599 598/598/598
f 986/986/986 989/989/989 1374/1374/1374
f 1374/1374/1374 1358/1358/1358 986/986/986
f 622/622/622 1375/1375/1375 920/920/920
f 920/920/920 623/623/623 622/622/622
f 1376/1376/1376 1373/1373/1373 1363/1363/1363
f 1363/1363/1363 1362/1362/1362 1376/1376/1376
f 1362/1362/1362 1257/1257/1257 1377/1377/1377
f 1377/1377/1377 1376/1376/1376 1362/1362/1362
f 1257/1257/1257 1256/1256/1256 1372/1372/1372
f 1372/1372/1372 1377/1377/1377 1257/1257/1257
f 1379/1379/1379 1378/1378/1378 1240/1240/1240
f 1240/1240/1240 1241/1241/1241 1379/1379/1379
f 1381/1381/1381 1380/1380/1380 71/71/71
f 71/71/71 70/70/70 1381/1381/1381
f 1384/1384/1384 1373/1373/1373 1382/1382/1382
f 1382/1382/1382 1383/1383/1383 1384/1384/1384
f 1357/1357/1357 1254/1254/1254 1253/1253/1253
f 1253/1253/1253 1385/1385/1385 1357/1357/1357
f 1386/1386/1386 1382/1382/1382 1373/1373/1373
f 1373/1373/1373 1376/1376/1376 1386/1386/1386
f 1376/1376/1376 1377/1377/1377 1387/1387/1387
f 1387/1387/1387 1386/1386/1386 1376/1376/1376
f 167/167/167 489/489/489 492/492/492
f 492/492/492 168/168/168 167/167/167
f 1377/1377/1377 1372/1372/1372 1371/1371/1371
f 1371/1371/1371 1387/1387/1387 1377/1377/1377
f 989/989/989 991/991/991 1388/1388/1388
f 1388/1388/1388 1374/1374/1374 989/989/989
f 991/991/991 993/993/993 1389/1389/1389
f 1389/1389/1389 1388/1388/1388 991/991/991
f 1391/1391/1391 1390/1390/1390 719/719/719
f 719/719/719 718/718/718 1391/1391/1391
f 1393/1393/1393 1240/1240/1240 1378/1378/1378
f 1378/1378/1378 1392/1392/1392 1393/1393/1393
f 1392/1392/1392 1394/1394/1394 1395/1395/1395
f 1395/1395/1395 1393/1393/1393 1392/1392/1392
f 1394/1394/1394 1359/1359/1359 1358/1358/1358
f 1358/1358/1358 1395/1395/1395 1394/1394/1394
f 993/993/993 995/995/995 1396/1396/1396
f 1396/1396/1396 1389/1389/1389 993/993/993
f 1390/1390/1390 1397/1397/1397 747/747/747
f 747/747/747 719/719/719 1390/1390/1390
f 1398/1398/1398 1197/1197/1197 1240/1240/1240
f 1240/1240/1240 1393/1393/1393 1398/1398/1398
f 1393/1393/1393 1395/1395/1395 1399/1399/1399
f 1399/1399/1399 1398/1398/1398 1393/1393/1393
f 1395/1395/1395 1358/1358/1358 1374/1374/1374
f 1374/1374/1374 1399/1399/1399 1395/1395/1395
f 995/995/995 1000/1000/1000 1400/1400/1400
f 1400/1400/1400 1396/1396/1396 995/995/995
f 1397/1397/1397 1401/1401/1401 754/754/754
f 754/754/754 747/747/747 1397/1397/1397
f 1402/1402/1402 1198/1198/1198 1197/1197/1197
f 1197/1197/1197 1398/1398/1398 1402/1402/1402
f 1398/1398/1398 1399/1399/1399 1403/1403/1403
f 1403/1403/1403 1402/1402/1402 1398/1398/1398
f 1399/1399/1399 1374/1374/1374 1388/1388/1388
f 1388/1388/1388 1403/1403/1403 1399/1399/1399
f 1401/1401/1401 1404/1404/1404 765/765/765
f 765/765/765 754/754/754 1401/1401/1401
f 1405/1405/1405 1208/1208/1208 1198/1198/1198
f 1198/1198/1198 1402/1402/1402 1405/1405/1405
f 1402/1402/1402 1403/1403/1403 1406/1406/1406
f 1406/1406/1406 1405/1405/1405 1402/1402/1402
f 1403/1403/1403 1388/1388/1388 1389/1389/1389
f 1389/1389/1389 1406/1406/1406 1403/1403/1403
f 1004/1004/1004 1010/1010/1010 1407/1407/1407
f 1407/1407/1407 1408/1408/1408 1004/1004/1004
f 1404/1404/1404 1409/1409/1409 772/772/772
f 772/772/772 765/765/765 1404/1404/1404
f 1410/1410/1410 1191/1191/1191 1208/1208/1208
f 1208/1208/1208 1405/1405/1405 1410/1410/1410
f 1405/1405/1405 1406/1406/1406 1411/1411/1411
f 1411/1411/1411 1410/1410/1410 1405/1405/1405
f 1406/1406/1406 1389/1389/1389 1396/1396/1396
f 1396/1396/1396 1411/1411/1411 1406/1406/1406
f 338/338/338 171/171/171 174/174/174
f 174/174/174 335/335/335 338/338/338
f 963/963/963 962/962/962 1307/1307/1307
f 1307/1307/1307 1412/1412/1412 963/963/963
f 1409/1409/1409 1413/1413/1413 779/779/779
f 779/779/779 772/772/772 1409/1409/1409
f 1414/1414/1414 232/232/232 1191/1191/1191
f 1191/1191/1191 1410/1410/1410 1414/1414/1414
f 1410/1410/1410 1411/1411/1411 1415/1415/1415
f 1415/1415/1415 1414/1414/1414 1410/1410/1410
f 1411/1411/1411 1396/1396/1396 1400/1400/1400
f 1400/1400/1400 1415/1415/1415 1411/1411/1411
f 1413/1413/1413 1416/1416/1416 787/787/787
f 787/787/787 779/779/779 1413/1413/1413
f 1417/1417/1417 233/233/233 232/232/232
f 232/232/232 1414/1414/1414 1417/1417/1417
f 1414/1414/1414 1415/1415/1415 1418/1418/1418
f 1418/1418/1418 1417/1417/1417 1414/1414/1414
f 1415/1415/1415 1400/1400/1400 1408/1408/1408
f 1408/1408/1408 1418/1418/1418 1415/1415/1415
f 1018/1018/1018 1023/1023/1023 1214/1214/1214
f 1214/1214/1214 1129/1129/1129 1018/1018/1018
f 286/286/286 516/516/516 1419/1419/1419
f 1419/1419/1419 300/300/300 286/286/286
f 1416/1416/1416 1420/1420/1420 800/800/800
f 800/800/800 787/787/787 1416/1416/1416
f 1422/1422/1422 1421/1421/1421 233/233/233
f 233/233/233 1417/1417/1417 1422/1422/1422
f 1417/1417/1417 1418/1418/1418 1423/1423/1423
f 1423/1423/1423 1422/1422/1422 1417/1417/1417
f 1418/1418/1418 1408/1408/1408 1407/1407/1407
f 1407/1407/1407 1423/1423/1423 1418/1418/1418
f 1425/1425/1425 1424/1424/1424 807/807/807
f 807/807/807 806/806/806 1425/1425/1425
f 1427/1427/1427 815/815/815 1156/1156/1156
f 1156/1156/1156 1426/1426/1426 1427/1427/1427
f 1426/1426/1426 1428/1428/1428 1429/1429/1429
f 1429/1429/1429 1427/1427/1427 1426/1426/1426
f 1428/1428/1428 1130/1130/1130 1129/1129/1129
f 1129/1129/1129 1429/1429/1429 1428/1428/1428
f 1424/1424/1424 1430/1430/1430 374/374/374
f 374/374/374 807/807/807 1424/1424/1424
f 1431/1431/1431 816/816/816 815/815/815
f 815/815/815 1427/1427/1427 1431/1431/1431
f 1427/1427/1427 1429/1429/1429 1432/1432/1432
f 1432/1432/1432 1431/1431/1431 1427/1427/1427
f 1429/1429/1429 1129/1129/1129 1214/1214/1214
f 1214/1214/1214 1432/1432/1432 1429/1429/1429
f 1435/1435/1435 1433/1433/1433 522/522/522
f 522/522/522 1434/1434/1434 1435/1435/1435
f 1000/1000/1000 1004/1004/1004 1408/1408/1408
f 1408/1408/1408 1400/1400/1400 1000/1000/1000
f 1275/1275/1275 963/963/963 1412/1412/1412
f 1412/1412/1412 1436/1436/1436 1275/1275/1275
f 598/598/598 1437/1437/1437 1438/1438/1438
f 1438/1438/1438 1363/1363/1363 598/598/598
f 1430/1430/1430 370/370/370 372/372/372
f 372/372/372 374/374/374 1430/1430/1430
f 1440/1440/1440 1439/1439/1439 816/816/816
f 816/816/816 1431/1431/1431 1440/1440/1440
f 1431/1431/1431 1432/1432/1432 1441/1441/1441
f 1441/1441/1441 1440/1440/1440 1431/1431/1431
f 1432/1432/1432 1214/1214/1214 869/869/869
f 869/869/869 1441/1441/1441 1432/1432/1432
f 817/817/817 816/816/816 1439/1439/1439
f 1439/1439/1439 1442/1442/1442 817/817/817
f 1444/1444/1444 1443/1443/1443 1436/1436/1436
f 1436/1436/1436 1412/1412/1412 1444/1444/1444
f 1442/1442/1442 1439/1439/1439 1436/1436/1436
f 1436/1436/1436 1443/1443/1443 1442/1442/1442
f 1448/1448/1448 1445/1445/1445 1446/1446/1446
f 1446/1446/1446 1447/1447/1447 1448/1448/1448
f 1275/1275/1275 1436/1436/1436 1439/1439/1439
f 1439/1439/1439 1440/1440/1440 1275/1275/1275
f 1440/1440/1440 1441/1441/1441 1276/1276/1276
f 1276/1276/1276 1275/1275/1275 1440/1440/1440
f 1441/1441/1441 869/869/869 868/868/868
f 868/868/868 1276/1276/1276 1441/1441/1441
f 1450/1450/1450 896/896/896 1449/1449/1449
f 1449/1449/1449 1043/1043/1043 1450/1450/1450
f 1006/1006/1006 1005/1005/1005 1043/1043/1043
f 1043/1043/1043 1449/1449/1449 1006/1006/1006
f 1307/1307/1307 962/962/962 1451/1451/1451
f 1451/1451/1451 1308/1308/1308 1307/1307/1307
f 962/962/962 965/965/965 1452/1452/1452
f 1452/1452/1452 1451/1451/1451 962/962/962
f 538/538/538 541/541/541 1020/1020/1020
f 1020/1020/1020 1144/1144/1144 538/538/538
f 1453/1453/1453 1384/1384/1384 1380/1380/1380
f 1380/1380/1380 1381/1381/1381 1453/1453/1453
f 281/281/281 259/259/259 293/293/293
f 293/293/293 279/279/279 281/281/281
f 1230/1230/1230 1026/1026/1026 171/171/171
f 171/171/171 338/338/338 1230/1230/1230
f 1455/1455/1455 1435/1435/1435 1434/1434/1434
f 1434/1434/1434 1454/1454/1454 1455/1455/1455
f 1457/1457/1457 1456/1456/1456 1122/1122/1122
f 1122/1122/1122 1125/1125/1125 1457/1457/1457
f 1159/1159/1159 1308/1308/1308 1456/1456/1456
f 1456/1456/1456 1457/1457/1457 1159/1159/1159
f 1458/1458/1458 1456/1456/1456 1308/1308/1308
f 1308/1308/1308 1451/1451/1451 1458/1458/1458
f 1460/1460/1460 1167/1167/1167 1166/1166/1166
f 1166/1166/1166 1459/1459/1459 1460/1460/1460
f 1451/1451/1451 1452/1452/1452 1461/1461/1461
f 1461/1461/1461 1458/1458/1458 1451/1451/1451
f 1452/1452/1452 1242/1242/1242 1286/1286/1286
f 1286/1286/1286 1461/1461/1461 1452/1452/1452
f 832/832/832 562/562/562 18/18/18
f 18/18/18 1462/1462/1462 832/832/832
f 930/930/930 1463/1463/1463 839/839/839
f 839/839/839 313/313/313 930/930/930
f 1464/1464/1464 1122/1122/1122 1456/1456/1456
f 1456/1456/1456 1458/1458/1458 1464/1464/1464
f 1458/1458/1458 1461/1461/1461 1465/1465/1465
f 1465/1465/1465 1464/1464/1464 1458/1458/1458
f 1461/1461/1461 1286/1286/1286 1285/1285/1285
f 1285/1285/1285 1465/1465/1465 1461/1461/1461
f 762/762/762 761/761/761 1086/1086/1086
f 1086/1086/1086 1082/1082/1082 762/762/762
f 1463/1463/1463 1466/1466/1466 848/848/848
f 848/848/848 839/839/839 1463/1463/1463
f 1467/1467/1467 1123/1123/1123 1122/1122/1122
f 1122/1122/1122 1464/1464/1464 1467/1467/1467
f 1464/1464/1464 1465/1465/1465 1468/1468/1468
f 1468/1468/1468 1467/1467/1467 1464/1464/1464
f 1465/1465/1465 1285/1285/1285 1469/1469/1469
f 1469/1469/1469 1468/1468/1468 1465/1465/1465
f 1052/1052/1052 1470/1470/1470 90/90/90
f 90/90/90 592/592/592 1052/1052/1052
f 164/164/164 163/163/163 1045/1045/1045
f 1045/1045/1045 1048/1048/1048 164/164/164
f 932/932/932 377/377/377 376/376/376
f 376/376/376 1120/1120/1120 932/932/932
f 481/481/481 480/480/480 1250/1250/1250
f 1250/1250/1250 1114/1114/1114 481/481/481
f 957/957/957 1294/1294/1294 1471/1471/1471
f 1471/1471/1471 958/958/958 957/957/957
f 1471/1471/1471 1042/1042/1042 1044/1044/1044
f 1044/1044/1044 958/958/958 1471/1471/1471
f 945/945/945 944/944/944 1088/1088/1088
f 1088/1088/1088 1084/1084/1084 945/945/945
f 760/760/760 763/763/763 1071/1071/1071
f 1071/1071/1071 1085/1085/1085 760/760/760
f 936/936/936 1044/1044/1044 1005/1005/1005
f 1005/1005/1005 1008/1008/1008 936/936/936
f 1472/1472/1472 1356/1356/1356 448/448/448
f 448/448/448 861/861/861 1472/1472/1472
f 972/972/972 1261/1261/1261 1273/1273/1273
f 1273/1273/1273 1259/1259/1259 972/972/972
f 915/915/915 202/202/202 205/205/205
f 205/205/205 582/582/582 915/915/915
f 1095/1095/1095 1473/1473/1473 675/675/675
f 675/675/675 689/689/689 1095/1095/1095
f 1475/1475/1475 1193/1193/1193 1474/1474/1474
f 1474/1474/1474 1179/1179/1179 1475/1475/1475
f 1479/1479/1479 1476/1476/1476 1477/1477/1477
f 1477/1477/1477 1478/1478/1478 1479/1479/1479
f 621/621/621 633/633/633 608/608/608
f 608/608/608 607/607/607 621/621/621
f 1228/1228/1228 1475/1475/1475 1179/1179/1179
f 1179/1179/1179 390/390/390 1228/1228/1228
f 915/915/915 1480/1480/1480 351/351/351
f 351/351/351 202/202/202 915/915/915
f 1250/1250/1250 1249/1249/1249 1113/1113/1113
f 1113/1113/1113 1114/1114/1114 1250/1250/1250
f 1249/1249/1249 1293/1293/1293 1481/1481/1481
f 1481/1481/1481 1113/1113/1113 1249/1249/1249
f 1254/1254/1254 1357/1357/1357 1356/1356/1356
f 1356/1356/1356 1140/1140/1140 1254/1254/1254
f 533/533/533 351/351/351 1480/1480/1480
f 1480/1480/1480 532/532/532 533/533/533
f 1155/1155/1155 1482/1482/1482 1183/1183/1183
f 1183/1183/1183 1151/1151/1151 1155/1155/1155
f 572/572/572 1483/1483/1483 596/596/596
f 596/596/596 578/578/578 572/572/572
f 1050/1050/1050 1484/1484/1484 1292/1292/1292
f 1292/1292/1292 1248/1248/1248 1050/1050/1050
f 1140/1140/1140 1139/1139/1139 1251/1251/1251
f 1251/1251/1251 1254/1254/1254 1140/1140/1140
f 1113/1113/1113 1481/1481/1481 571/571/571
f 571/571/571 1035/1035/1035 1113/1113/1113
f 482/482/482 1485/1485/1485 299/299/299
f 299/299/299 298/298/298 482/482/482
f 1152/1152/1152 1267/1267/1267 1068/1068/1068
f 1068/1068/1068 1076/1076/1076 1152/1152/1152
f 575/575/575 1104/1104/1104 163/163/163
f 163/163/163 162/162/162 575/575/575
f 1474/1474/1474 1486/1486/1486 1487/1487/1487
f 1487/1487/1487 1488/1488/1488 1474/1474/1474
f 1072/1072/1072 1303/1303/1303 1280/1280/1280
f 1280/1280/1280 1073/1073/1073 1072/1072/1072
f 1022/1022/1022 1017/1017/1017 1153/1153/1153
f 1153/1153/1153 1134/1134/1134 1022/1022/1022
f 87/87/87 136/136/136 350/350/350
f 350/350/350 84/84/84 87/87/87
f 1100/1100/1100 1291/1291/1291 1221/1221/1221
f 1221/1221/1221 1304/1304/1304 1100/1100/1100
f 1483/1483/1483 1481/1481/1481 1293/1293/1293
f 1293/1293/1293 1489/1489/1489 1483/1483/1483
f 163/163/163 1104/1104/1104 1079/1079/1079
f 1079/1079/1079 1045/1045/1045 163/163/163
f 1132/1132/1132 1141/1141/1141 539/539/539
f 539/539/539 538/538/538 1132/1132/1132
f 572/572/572 571/571/571 1481/1481/1481
f 1481/1481/1481 1483/1483/1483 572/572/572
f 446/446/446 1050/1050/1050 1248/1248/1248
f 1248/1248/1248 480/480/480 446/446/446
f 1344/1344/1344 354/354/354 952/952/952
f 952/952/952 1312/1312/1312 1344/1344/1344
f 850/850/850 1490/1490/1490 647/647/647
f 647/647/647 851/851/851 850/850/850
f 1494/1494/1494 1491/1491/1491 1492/1492/1492
f 1492/1492/1492 1493/1493/1493 1494/1494/1494
f 1484/1484/1484 903/903/903 1495/1495/1495
f 1495/1495/1495 1292/1292/1292 1484/1484/1484
f 1196/1196/1196 1486/1486/1486 1474/1474/1474
f 1474/1474/1474 1193/1193/1193 1196/1196/1196
f 1235/1235/1235 895/895/895 1486/1486/1486
f 1486/1486/1486 1196/1196/1196 1235/1235/1235
f 1006/1006/1006 1449/1449/1449 1235/1235/1235
f 1235/1235/1235 1236/1236/1236 1006/1006/1006
f 1220/1220/1220 1252/1252/1252 1251/1251/1251
f 1251/1251/1251 1074/1074/1074 1220/1220/1220
f 853/853/853 852/852/852 1049/1049/1049
f 1049/1049/1049 1385/1385/1385 853/853/853
f 1074/1074/1074 248/248/248 247/247/247
f 247/247/247 1220/1220/1220 1074/1074/1074
f 1357/1357/1357 1385/1385/1385 1049/1049/1049
f 1049/1049/1049 445/445/445 1357/1357/1357
f 1497/1497/1497 1042/1042/1042 1471/1471/1471
f 1471/1471/1471 1496/1496/1496 1497/1497/1497
f 382/382/382 1498/1498/1498 244/244/244
f 244/244/244 243/243/243 382/382/382
f 1354/1354/1354 1499/1499/1499 1500/1500/1500
f 1500/1500/1500 1438/1438/1438 1354/1354/1354
f 1102/1102/1102 1288/1288/1288 1291/1291/1291
f 1291/1291/1291 1100/1100/1100 1102/1102/1102
f 833/833/833 834/834/834 822/822/822
f 822/822/822 821/821/821 833/833/833
f 949/949/949 948/948/948 1501/1501/1501
f 1501/1501/1501 1294/1294/1294 949/949/949
f 872/872/872 871/871/871 1496/1496/1496
f 1496/1496/1496 1501/1501/1501 872/872/872
f 1495/1495/1495 1489/1489/1489 1293/1293/1293
f 1293/1293/1293 1292/1292/1292 1495/1495/1495
f 1179/1179/1179 1474/1474/1474 1488/1488/1488
f 1488/1488/1488 1180/1180/1180 1179/1179/1179
f 948/948/948 1109/1109/1109 872/872/872
f 872/872/872 1501/1501/1501 948/948/948
f 920/920/920 874/874/874 166/166/166
f 166/166/166 504/504/504 920/920/920
f 594/594/594 873/873/873 872/872/872
f 872/872/872 1109/1109/1109 594/594/594
f 593/593/593 1187/1187/1187 873/873/873
f 873/873/873 594/594/594 593/593/593
f 1502/1502/1502 1278/1278/1278 1277/1277/1277
f 1277/1277/1277 1433/1433/1433 1502/1502/1502
f 811/811/811 400/400/400 155/155/155
f 155/155/155 397/397/397 811/811/811
f 311/311/311 310/310/310 870/870/870
f 870/870/870 382/382/382 311/311/311
f 430/430/430 1503/1503/1503 1504/1504/1504
f 1504/1504/1504 428/428/428 430/430/430
f 582/582/582 583/583/583 865/865/865
f 865/865/865 901/901/901 582/582/582
f 1302/1302/1302 919/919/919 353/353/353
f 353/353/353 355/355/355 1302/1302/1302
f 411/411/411 1505/1505/1505 1506/1506/1506
f 1506/1506/1506 408/408/408 411/411/411
f 1505/1505/1505 39/39/39 532/532/532
f 532/532/532 1507/1507/1507 1505/1505/1505
f 1498/1498/1498 231/231/231 230/230/230
f 230/230/230 244/244/244 1498/1498/1498
f 382/382/382 870/870/870 410/410/410
f 410/410/410 1498/1498/1498 382/382/382
f 36/36/36 39/39/39 1505/1505/1505
f 1505/1505/1505 411/411/411 36/36/36
f 916/916/916 1508/1508/1508 1480/1480/1480
f 1480/1480/1480 915/915/915 916/916/916
f 408/408/408 1506/1506/1506 881/881/881
f 881/881/881 478/478/478 408/408/408
f 1505/1505/1505 1507/1507/1507 345/345/345
f 345/345/345 1506/1506/1506 1505/1505/1505
f 346/346/346 345/345/345 1507/1507/1507
f 1507/1507/1507 1508/1508/1508 346/346/346
f 1498/1498/1498 410/410/410 409/409/409
f 409/409/409 231/231/231 1498/1498/1498
f 463/463/463 346/346/346 1508/1508/1508
f 1508/1508/1508 916/916/916 463/463/463
f 1273/1273/1273 947/947/947 946/946/946
f 946/946/946 1259/1259/1259 1273/1273/1273
f 1506/1506/1506 345/345/345 344/344/344
f 344/344/344 881/881/881 1506/1506/1506
f 228/228/228 1509/1509/1509 416/416/416
f 416/416/416 229/229/229 228/228/228
f 231/231/231 409/409/409 477/477/477
f 477/477/477 228/228/228 231/231/231
f 881/881/881 344/344/344 622/622/622
f 622/622/622 625/625/625 881/881/881
f 1375/1375/1375 622/622/622 344/344/344
f 344/344/344 347/347/347 1375/1375/1375
f 228/228/228 477/477/477 476/476/476
f 476/476/476 1509/1509/1509 228/228/228
f 1025/1025/1025 1020/1020/1020 907/907/907
f 907/907/907 906/906/906 1025/1025/1025
f 1509/1509/1509 905/905/905 417/417/417
f 417/417/417 416/416/416 1509/1509/1509
f 1510/1510/1510 853/853/853 1385/1385/1385
f 1385/1385/1385 1253/1253/1253 1510/1510/1510
f 139/139/139 198/198/198 1511/1511/1511
f 1511/1511/1511 140/140/140 139/139/139
f 1509/1509/1509 476/476/476 904/904/904
f 904/904/904 905/905/905 1509/1509/1509
f 417/417/417 905/905/905 65/65/65
f 65/65/65 424/424/424 417/417/417
f 706/706/706 1499/1499/1499 1354/1354/1354
f 1354/1354/1354 72/72/72 706/706/706
f 1290/1290/1290 1289/1289/1289 1491/1491/1491
f 1491/1491/1491 1494/1494/1494 1290/1290/1290
f 1219/1219/1219 1290/1290/1290 1494/1494/1494
f 1494/1494/1494 1512/1512/1512 1219/1219/1219
f 1327/1327/1327 1326/1326/1326 1513/1513/1513
f 1513/1513/1513 1514/1514/1514 1327/1327/1327
f 852/852/852 851/851/851 903/903/903
f 903/903/903 1484/1484/1484 852/852/852
f 1290/1290/1290 1219/1219/1219 1221/1221/1221
f 1221/1221/1221 1291/1291/1291 1290/1290/1290
f 475/475/475 625/625/625 624/624/624
f 624/624/624 942/942/942 475/475/475
f 698/698/698 37/37/37 310/310/310
f 310/310/310 312/312/312 698/698/698
f 850/850/850 853/853/853 1510/1510/1510
f 1510/1510/1510 1493/1493/1493 850/850/850
f 1219/1219/1219 1512/1512/1512 1252/1252/1252
f 1252/1252/1252 1220/1220/1220 1219/1219/1219
f 903/903/903 646/646/646 1187/1187/1187
f 1187/1187/1187 1495/1495/1495 903/903/903
f 1488/1488/1488 1487/1487/1487 1515/1515/1515
f 1515/1515/1515 1516/1516/1516 1488/1488/1488
f 1515/1515/1515 1289/1289/1289 1288/1288/1288
f 1288/1288/1288 1516/1516/1516 1515/1515/1515
f 1490/1490/1490 850/850/850 1493/1493/1493
f 1493/1493/1493 1492/1492/1492 1490/1490/1490
f 1515/1515/1515 1517/1517/1517 1491/1491/1491
f 1491/1491/1491 1289/1289/1289 1515/1515/1515
f 1518/1518/1518 1450/1450/1450 1497/1497/1497
f 1497/1497/1497 1136/1136/1136 1518/1518/1518
f 1520/1520/1520 1490/1490/1490 1492/1492/1492
f 1492/1492/1492 1519/1519/1519 1520/1520/1520
f 1487/1487/1487 894/894/894 1517/1517/1517
f 1517/1517/1517 1515/1515/1515 1487/1487/1487
f 1524/1524/1524 1521/1521/1521 1522/1522/1522
f 1522/1522/1522 1523/1523/1523 1524/1524/1524
f 1512/1512/1512 1494/1494/1494 1493/1493/1493
f 1493/1493/1493 1510/1510/1510 1512/1512/1512
f 49/49/49 16/16/16 15/15/15
f 15/15/15 50/50/50 49/49/49
f 1180/1180/1180 1488/1488/1488 1516/1516/1516
f 1516/1516/1516 1299/1299/1299 1180/1180/1180
f 1518/1518/1518 1520/1520/1520 1519/1519/1519
f 1519/1519/1519 893/893/893 1518/1518/1518
f 1487/1487/1487 1486/1486/1486 895/895/895
f 895/895/895 894/894/894 1487/1487/1487
f 1512/1512/1512 1510/1510/1510 1253/1253/1253
f 1253/1253/1253 1252/1252/1252 1512/1512/1512
f 1299/1299/1299 1516/1516/1516 1288/1288/1288
f 1288/1288/1288 1102/1102/1102 1299/1299/1299
f 469/469/469 462/462/462 1525/1525/1525
f 1525/1525/1525 1526/1526/1526 469/469/469
f 1450/1450/1450 1518/1518/1518 893/893/893
f 893/893/893 896/896/896 1450/1450/1450
f 1043/1043/1043 1042/1042/1042 1497/1497/1497
f 1497/1497/1497 1450/1450/1450 1043/1043/1043
f 1491/1491/1491 1517/1517/1517 1519/1519/1519
f 1519/1519/1519 1492/1492/1492 1491/1491/1491
f 1277/1277/1277 523/523/523 522/522/522
f 522/522/522 1433/1433/1433 1277/1277/1277
f 1351/1351/1351 19/19/19 561/561/561
f 561/561/561 1148/1148/1148 1351/1351/1351
f 1434/1434/1434 522/522/522 525/525/525
f 525/525/525 1527/1527/1527 1434/1434/1434
f 426/426/426 1243/1243/1243 550/550/550
f 550/550/550 105/105/105 426/426/426
f 1513/1513/1513 1528/1528/1528 1529/1529/1529
f 1529/1529/1529 1514/1514/1514 1513/1513/1513
f 441/441/441 418/418/418 417/417/417
f 417/417/417 424/424/424 441/441/441
f 1532/1532/1532 1530/1530/1530 1531/1531/1531
f 1531/1531/1531 559/559/559 1532/1532/1532
f 19/19/19 18/18/18 562/562/562
f 562/562/562 561/561/561 19/19/19
f 1536/1536/1536 1533/1533/1533 1534/1534/1534
f 1534/1534/1534 1535/1535/1535 1536/1536/1536
f 1538/1538/1538 1537/1537/1537 1435/1435/1435
f 1435/1435/1435 1455/1455/1455 1538/1538/1538
f 1454/1454/1454 1528/1528/1528 1539/1539/1539
f 1539/1539/1539 1455/1455/1455 1454/1454/1454
f 1490/1490/1490 1520/1520/1520 644/644/644
f 644/644/644 647/647/647 1490/1490/1490
f 1523/1523/1523 368/368/368 367/367/367
f 367/367/367 1524/1524/1524 1523/1523/1523
f 1246/1246/1246 1521/1521/1521 1524/1524/1524
f 1524/1524/1524 1316/1316/1316 1246/1246/1246
f 1159/1159/1159 1457/1457/1457 930/930/930
f 930/930/930 929/929/929 1159/1159/1159
f 1543/1543/1543 1540/1540/1540 1541/1541/1541
f 1541/1541/1541 1542/1542/1542 1543/1543/1543
f 1080/1080/1080 1131/1131/1131 1040/1040/1040
f 1040/1040/1040 1077/1077/1077 1080/1080/1080
f 875/875/875 942/942/942 624/624/624
f 624/624/624 909/909/909 875/875/875
f 1264/1264/1264 1446/1446/1446 1445/1445/1445
f 1445/1445/1445 1265/1265/1265 1264/1264/1264
f 1227/1227/1227 1245/1245/1245 1194/1194/1194
f 1194/1194/1194 1228/1228/1228 1227/1227/1227
f 230/230/230 229/229/229 209/209/209
f 209/209/209 208/208/208 230/230/230
f 1454/1454/1454 1544/1544/1544 1529/1529/1529
f 1529/1529/1529 1528/1528/1528 1454/1454/1454
f 1201/1201/1201 1207/1207/1207 1227/1227/1227
f 1227/1227/1227 389/389/389 1201/1201/1201
f 1545/1545/1545 641/641/641 1338/1338/1338
f 1338/1338/1338 1346/1346/1346 1545/1545/1545
f 1500/1500/1500 1364/1364/1364 1363/1363/1363
f 1363/1363/1363 1438/1438/1438 1500/1500/1500
f 462/462/462 452/452/452 1546/1546/1546
f 1546/1546/1546 1525/1525/1525 462/462/462
f 1548/1548/1548 210/210/210 183/183/183
f 183/183/183 1547/1547/1547 1548/1548/1548
f 1532/1532/1532 559/559/559 556/556/556
f 556/556/556 557/557/557 1532/1532/1532
f 1549/1549/1549 687/687/687 20/20/20
f 20/20/20 1352/1352/1352 1549/1549/1549
f 1522/1522/1522 1521/1521/1521 1550/1550/1550
f 1550/1550/1550 1551/1551/1551 1522/1522/1522
f 1528/1528/1528 1513/1513/1513 1541/1541/1541
f 1541/1541/1541 1539/1539/1539 1528/1528/1528
f 1513/1513/1513 1326/1326/1326 1542/1542/1542
f 1542/1542/1542 1541/1541/1541 1513/1513/1513
f 472/472/472 471/471/471 966/966/966
f 966/966/966 939/939/939 472/472/472
f 939/939/939 966/966/966 1550/1550/1550
f 1550/1550/1550 940/940/940 939/939/939
f 1550/1550/1550 1521/1521/1521 1246/1246/1246
f 1246/1246/1246 940/940/940 1550/1550/1550
f 365/365/365 910/910/910 912/912/912
f 912/912/912 366/366/366 365/365/365
f 1502/1502/1502 1433/1433/1433 1435/1435/1435
f 1435/1435/1435 1537/1537/1537 1502/1502/1502
f 1524/1524/1524 367/367/367 1534/1534/1534
f 1534/1534/1534 1316/1316/1316 1524/1524/1524
f 367/367/367 366/366/366 1535/1535/1535
f 1535/1535/1535 1534/1534/1534 367/367/367
f 1535/1535/1535 366/366/366 912/912/912
f 912/912/912 1552/1552/1552 1535/1535/1535
f 1489/1489/1489 1495/1495/1495 1187/1187/1187
f 1187/1187/1187 593/593/593 1489/1489/1489
f 1483/1483/1483 1489/1489/1489 593/593/593
f 593/593/593 596/596/596 1483/1483/1483
f 1449/1449/1449 896/896/896 895/895/895
f 895/895/895 1235/1235/1235 1449/1449/1449
f 18/18/18 21/21/21 616/616/616
f 616/616/616 1462/1462/1462 18/18/18
f 966/966/966 967/967/967 1551/1551/1551
f 1551/1551/1551 1550/1550/1550 966/966/966
f 1539/1539/1539 1541/1541/1541 1540/1540/1540
f 1540/1540/1540 1553/1553/1553 1539/1539/1539
f 161/161/161 1021/1021/1021 588/588/588
f 588/588/588 162/162/162 161/161/161
f 874/874/874 920/920/920 1375/1375/1375
f 1375/1375/1375 926/926/926 874/874/874
f 1316/1316/1316 1534/1534/1534 1533/1533/1533
f 1533/1533/1533 1317/1317/1317 1316/1316/1316
f 1538/1538/1538 1455/1455/1455 1539/1539/1539
f 1539/1539/1539 1553/1553/1553 1538/1538/1538
f 1066/1066/1066 554/554/554 306/306/306
f 306/306/306 305/305/305 1066/1066/1066
f 1307/1307/1307 1158/1158/1158 1444/1444/1444
f 1444/1444/1444 1412/1412/1412 1307/1307/1307
f 428/428/428 1504/1504/1504 1554/1554/1554
f 1554/1554/1554 432/432/432 428/428/428
f 520/520/520 1296/1296/1296 1295/1295/1295
f 1295/1295/1295 526/526/526 520/520/520
f 1239/1239/1239 1195/1195/1195 1194/1194/1194
f 1194/1194/1194 1245/1245/1245 1239/1239/1239
f 379/379/379 549/549/549 1555/1555/1555
f 1555/1555/1555 380/380/380 379/379/379
f 558/558/558 1556/1556/1556 1557/1557/1557
f 1557/1557/1557 324/324/324 558/558/558
f 1226/1226/1226 1558/1558/1558 567/567/567
f 567/567/567 566/566/566 1226/1226/1226
f 398/398/398 1559/1559/1559 1560/1560/1560
f 1560/1560/1560 845/845/845 398/398/398
f 399/399/399 1561/1561/1561 1559/1559/1559
f 1559/1559/1559 398/398/398 399/399/399
f 1562/1562/1562 1150/1150/1150 329/329/329
f 329/329/329 950/950/950 1562/1562/1562
f 581/581/581 1563/1563/1563 1162/1162/1162
f 1162/1162/1162 1165/1165/1165 581/581/581
f 1217/1217/1217 1564/1564/1564 1565/1565/1565
f 1565/1565/1565 1190/1190/1190 1217/1217/1217
f 1568/1568/1568 1269/1269/1269 1566/1566/1566
f 1566/1566/1566 1567/1567/1567 1568/1568/1568
f 1268/1268/1268 1565/1565/1565 1566/1566/1566
f 1566/1566/1566 1269/1269/1269 1268/1268/1268
f 1012/1012/1012 1140/1140/1140 1356/1356/1356
f 1356/1356/1356 1472/1472/1472 1012/1012/1012
f 380/380/380 1555/1555/1555 1569/1569/1569
f 1569/1569/1569 393/393/393 380/380/380
f 1244/1244/1244 1243/1243/1243 100/100/100
f 100/100/100 103/103/103 1244/1244/1244
f 577/577/577 576/576/576 587/587/587
f 587/587/587 1089/1089/1089 577/577/577
f 558/558/558 559/559/559 1531/1531/1531
f 1531/1531/1531 1556/1556/1556 558/558/558
f 1160/1160/1160 1153/1153/1153 1017/1017/1017
f 1017/1017/1017 1016/1016/1016 1160/1160/1160
f 399/399/399 369/369/369 1570/1570/1570
f 1570/1570/1570 1561/1561/1561 399/399/399
f 541/541/541 540/540/540 588/588/588
f 588/588/588 1021/1021/1021 541/541/541
f 93/93/93 487/487/487 876/876/876
f 876/876/876 589/589/589 93/93/93
f 271/271/271 581/581/581 1165/1165/1165
f 1165/1165/1165 272/272/272 271/271/271
f 1568/1568/1568 858/858/858 857/857/857
f 857/857/857 1269/1269/1269 1568/1568/1568
f 324/324/324 1557/1557/1557 1571/1571/1571
f 1571/1571/1571 252/252/252 324/324/324
f 393/393/393 1569/1569/1569 1572/1572/1572
f 1572/1572/1572 339/339/339 393/393/393
f 205/205/205 204/204/204 257/257/257
f 257/257/257 260/260/260 205/205/205
f 539/539/539 1090/1090/1090 587/587/587
f 587/587/587 540/540/540 539/539/539
f 297/297/297 296/296/296 1103/1103/1103
f 1103/1103/1103 51/51/51 297/297/297
f 1189/1189/1189 1268/1268/1268 1270/1270/1270
f 1270/1270/1270 1178/1178/1178 1189/1189/1189
f 272/272/272 1165/1165/1165 1164/1164/1164
f 1164/1164/1164 456/456/456 272/272/272
f 339/339/339 1572/1572/1572 529/529/529
f 529/529/529 340/340/340 339/339/339
f 360/360/360 1060/1060/1060 1030/1030/1030
f 1030/1030/1030 357/357/357 360/360/360
f 959/959/959 1259/1259/1259 946/946/946
f 946/946/946 957/957/957 959/959/959
f 551/551/551 545/545/545 1573/1573/1573
f 1573/1573/1573 1574/1574/1574 551/551/551
f 1178/1178/1178 1270/1270/1270 1575/1575/1575
f 1575/1575/1575 1172/1172/1172 1178/1178/1178
f 497/497/497 217/217/217 252/252/252
f 252/252/252 1571/1571/1571 497/497/497
f 276/276/276 865/865/865 583/583/583
f 583/583/583 281/281/281 276/276/276
f 378/378/378 528/528/528 182/182/182
f 182/182/182 185/185/185 378/378/378
f 1579/1579/1579 1576/1576/1576 1577/1577/1577
f 1577/1577/1577 1578/1578/1578 1579/1579/1579
f 456/456/456 1164/1164/1164 1580/1580/1580
f 1580/1580/1580 1360/1360/1360 456/456/456
f 340/340/340 529/529/529 528/528/528
f 528/528/528 378/378/378 340/340/340
f 140/140/140 1511/1511/1511 1581/1581/1581
f 1581/1581/1581 348/348/348 140/140/140
f 1172/1172/1172 1575/1575/1575 1582/1582/1582
f 1582/1582/1582 1173/1173/1173 1172/1172/1172
f 926/926/926 1375/1375/1375 347/347/347
f 347/347/347 466/466/466 926/926/926
f 1360/1360/1360 1580/1580/1580 1583/1583/1583
f 1583/1583/1583 518/518/518 1360/1360/1360
f 1584/1584/1584 238/238/238 237/237/237
f 237/237/237 553/553/553 1584/1584/1584
f 1217/1217/1217 1190/1190/1190 1127/1127/1127
f 1127/1127/1127 1205/1205/1205 1217/1217/1217
f 270/270/270 280/280/280 1296/1296/1296
f 1296/1296/1296 520/520/520 270/270/270
f 1262/1262/1262 1031/1031/1031 1585/1585/1585
f 1585/1585/1585 1263/1263/1263 1262/1262/1262
f 401/401/401 826/826/826 708/708/708
f 708/708/708 156/156/156 401/401/401
f 1190/1190/1190 1565/1565/1565 1268/1268/1268
f 1268/1268/1268 1189/1189/1189 1190/1190/1190
f 1161/1161/1161 1460/1460/1460 1459/1459/1459
f 1459/1459/1459 1154/1154/1154 1161/1161/1161
f 1508/1508/1508 1507/1507/1507 532/532/532
f 532/532/532 1480/1480/1480 1508/1508/1508
f 280/280/280 279/279/279 293/293/293
f 293/293/293 292/292/292 280/280/280
f 518/518/518 1583/1583/1583 1061/1061/1061
f 1061/1061/1061 362/362/362 518/518/518
f 1583/1583/1583 1586/1586/1586 1058/1058/1058
f 1058/1058/1058 1061/1061/1061 1583/1583/1583
f 306/306/306 237/237/237 240/240/240
f 240/240/240 307/307/307 306/306/306
f 1284/1284/1284 238/238/238 1584/1584/1584
f 1584/1584/1584 1587/1587/1587 1284/1284/1284
f 444/444/444 443/443/443 101/101/101
f 101/101/101 75/75/75 444/444/444
f 1154/1154/1154 1459/1459/1459 1588/1588/1588
f 1588/1588/1588 1135/1135/1135 1154/1154/1154
f 274/274/274 278/278/278 277/277/277
f 277/277/277 271/271/271 274/274/274
f 1590/1590/1590 1419/1419/1419 516/516/516
f 516/516/516 1589/1589/1589 1590/1590/1590
f 1591/1591/1591 1091/1091/1091 1090/1090/1090
f 1090/1090/1090 1142/1142/1142 1591/1591/1591
f 1595/1595/1595 1592/1592/1592 1593/1593/1593
f 1593/1593/1593 1594/1594/1594 1595/1595/1595
f 1597/1597/1597 1591/1591/1591 1142/1142/1142
f 1142/1142/1142 1596/1596/1596 1597/1597/1597
f 307/307/307 240/240/240 1598/1598/1598
f 1598/1598/1598 956/956/956 307/307/307
f 1212/1212/1212 1211/1211/1211 1239/1239/1239
f 1239/1239/1239 1245/1245/1245 1212/1212/1212
f 482/482/482 483/483/483 1599/1599/1599
f 1599/1599/1599 1485/1485/1485 482/482/482
f 1135/1135/1135 1588/1588/1588 1141/1141/1141
f 1141/1141/1141 1132/1132/1132 1135/1135/1135
f 1228/1228/1228 1194/1194/1194 1193/1193/1193
f 1193/1193/1193 1475/1475/1475 1228/1228/1228
f 956/956/956 1598/1598/1598 1600/1600/1600
f 1600/1600/1600 955/955/955 956/956/956
f 1222/1222/1222 1218/1218/1218 988/988/988
f 988/988/988 985/985/985 1222/1222/1222
f 1206/1206/1206 1213/1213/1213 1212/1212/1212
f 1212/1212/1212 1207/1207/1207 1206/1206/1206
f 985/985/985 984/984/984 1225/1225/1225
f 1225/1225/1225 1222/1222/1222 985/985/985
f 403/403/403 1238/1238/1238 1503/1503/1503
f 1503/1503/1503 430/430/430 403/403/403
f 1567/1567/1567 1566/1566/1566 1577/1577/1577
f 1577/1577/1577 1576/1576/1576 1567/1567/1567
f 1572/1572/1572 1569/1569/1569 1601/1601/1601
f 1601/1601/1601 1602/1602/1602 1572/1572/1572
f 1064/1064/1064 1110/1110/1110 877/877/877
f 877/877/877 1065/1065/1065 1064/1064/1064
f 1119/1119/1119 1083/1083/1083 1279/1279/1279
f 1279/1279/1279 1287/1287/1287 1119/1119/1119
f 1604/1604/1604 1555/1555/1555 549/549/549
f 549/549/549 1603/1603/1603 1604/1604/1604
f 443/443/443 1605/1605/1605 102/102/102
f 102/102/102 101/101/101 443/443/443
f 549/549/549 548/548/548 1606/1606/1606
f 1606/1606/1606 1603/1603/1603 549/549/549
f 435/435/435 1448/1448/1448 1605/1605/1605
f 1605/1605/1605 443/443/443 435/435/435
f 1143/1143/1143 1001/1001/1001 1002/1002/1002
f 1002/1002/1002 1015/1015/1015 1143/1143/1143
f 548/548/548 1244/1244/1244 1607/1607/1607
f 1607/1607/1607 1606/1606/1606 548/548/548
f 1009/1009/1009 1003/1003/1003 1171/1171/1171
f 1171/1171/1171 1170/1170/1170 1009/1009/1009
f 434/434/434 1445/1445/1445 1448/1448/1448
f 1448/1448/1448 435/435/435 434/434/434
f 1244/1244/1244 103/103/103 1608/1608/1608
f 1608/1608/1608 1607/1607/1607 1244/1244/1244
f 432/432/432 1554/1554/1554 1609/1609/1609
f 1609/1609/1609 453/453/453 432/432/432
f 1347/1347/1347 1097/1097/1097 1096/1096/1096
f 1096/1096/1096 1346/1346/1346 1347/1347/1347
f 103/103/103 102/102/102 1610/1610/1610
f 1610/1610/1610 1608/1608/1608 103/103/103
f 453/453/453 1609/1609/1609 1546/1546/1546
f 1546/1546/1546 452/452/452 453/453/453
f 102/102/102 1605/1605/1605 1611/1611/1611
f 1611/1611/1611 1610/1610/1610 102/102/102
f 928/928/928 1233/1233/1233 975/975/975
f 975/975/975 969/969/969 928/928/928
f 1548/1548/1548 1266/1266/1266 288/288/288
f 288/288/288 210/210/210 1548/1548/1548
f 1605/1605/1605 1448/1448/1448 1447/1447/1447
f 1447/1447/1447 1611/1611/1611 1605/1605/1605
f 1233/1233/1233 1232/1232/1232 982/982/982
f 982/982/982 975/975/975 1233/1233/1233
f 487/487/487 486/486/486 1612/1612/1612
f 1612/1612/1612 876/876/876 487/487/487
f 1178/1178/1178 1177/1177/1177 1128/1128/1128
f 1128/1128/1128 1189/1189/1189 1178/1178/1178
f 1520/1520/1520 1518/1518/1518 1136/1136/1136
f 1136/1136/1136 644/644/644 1520/1520/1520
f 868/868/868 1001/1001/1001 964/964/964
f 964/964/964 1276/1276/1276 868/868/868
f 1583/1583/1583 1580/1580/1580 1613/1613/1613
f 1613/1613/1613 1586/1586/1586 1583/1583/1583
f 1580/1580/1580 1164/1164/1164 1163/1163/1163
f 1163/1163/1163 1613/1613/1613 1580/1580/1580
f 1185/1185/1185 1204/1204/1204 1202/1202/1202
f 1202/1202/1202 1186/1186/1186 1185/1185/1185
f 124/124/124 328/328/328 1149/1149/1149
f 1149/1149/1149 125/125/125 124/124/124
f 468/468/468 423/423/423 68/68/68
f 68/68/68 479/479/479 468/468/468
f 1452/1452/1452 965/965/965 1143/1143/1143
f 1143/1143/1143 1242/1242/1242 1452/1452/1452
f 1555/1555/1555 1604/1604/1604 1601/1601/1601
f 1601/1601/1601 1569/1569/1569 1555/1555/1555
f 234/234/234 233/233/233 1421/1421/1421
f 1421/1421/1421 1614/1614/1614 234/234/234
f 581/581/581 580/580/580 1615/1615/1615
f 1615/1615/1615 1563/1563/1563 581/581/581
f 1482/1482/1482 1182/1182/1182 1176/1176/1176
f 1176/1176/1176 1183/1183/1183 1482/1482/1482
f 512/512/512 1031/1031/1031 1262/1262/1262
f 1262/1262/1262 110/110/110 512/512/512
f 1617/1617/1617 1078/1078/1078 1079/1079/1079
f 1079/1079/1079 1616/1616/1616 1617/1617/1617
f 887/887/887 886/886/886 961/961/961
f 961/961/961 1618/1618/1618 887/887/887
f 1620/1620/1620 1619/1619/1619 1149/1149/1149
f 1149/1149/1149 1150/1150/1150 1620/1620/1620
f 1597/1597/1597 1596/1596/1596 1166/1166/1166
f 1166/1166/1166 1169/1169/1169 1597/1597/1597
f 1111/1111/1111 960/960/960 921/921/921
f 921/921/921 878/878/878 1111/1111/1111
f 125/125/125 1149/1149/1149 1619/1619/1619
f 1619/1619/1619 927/927/927 125/125/125
f 71/71/71 1380/1380/1380 1621/1621/1621
f 1621/1621/1621 864/864/864 71/71/71
f 878/878/878 921/921/921 284/284/284
f 284/284/284 879/879/879 878/878/878
f 282/282/282 1147/1147/1147 1587/1587/1587
f 1587/1587/1587 1584/1584/1584 282/282/282
f 553/553/553 283/283/283 282/282/282
f 282/282/282 1584/1584/1584 553/553/553
f 1028/1028/1028 1027/1027/1027 1118/1118/1118
f 1118/1118/1118 1062/1062/1062 1028/1028/1028
f 879/879/879 284/284/284 283/283/283
f 283/283/283 1053/1053/1053 879/879/879
f 570/570/570 585/585/585 256/256/256
f 256/256/256 255/255/255 570/570/570
f 373/373/373 336/336/336 395/395/395
f 395/395/395 808/808/808 373/373/373
f 1223/1223/1223 1032/1032/1032 1033/1033/1033
f 1033/1033/1033 1224/1224/1224 1223/1223/1223
f 1050/1050/1050 1049/1049/1049 852/852/852
f 852/852/852 1484/1484/1484 1050/1050/1050
f 1141/1141/1141 1588/1588/1588 1596/1596/1596
f 1596/1596/1596 1142/1142/1142 1141/1141/1141
f 1175/1175/1175 979/979/979 978/978/978
f 978/978/978 1101/1101/1101 1175/1175/1175
f 1588/1588/1588 1459/1459/1459 1166/1166/1166
f 1166/1166/1166 1596/1596/1596 1588/1588/1588
f 1575/1575/1575 1270/1270/1270 857/857/857
f 857/857/857 856/856/856 1575/1575/1575
f 699/699/699 573/573/573 533/533/533
f 533/533/533 38/38/38 699/699/699
f 1234/1234/1234 1622/1622/1622 1623/1623/1623
f 1623/1623/1623 1231/1231/1231 1234/1234/1234
f 1579/1579/1579 1578/1578/1578 1624/1624/1624
f 1624/1624/1624 1625/1625/1625 1579/1579/1579
f 927/927/927 1619/1619/1619 1622/1622/1622
f 1622/1622/1622 1234/1234/1234 927/927/927
f 1564/1564/1564 568/568/568 1578/1578/1578
f 1578/1578/1578 1577/1577/1577 1564/1564/1564
f 505/505/505 364/364/364 359/359/359
f 359/359/359 358/358/358 505/505/505
f 1625/1625/1625 1624/1624/1624 1626/1626/1626
f 1626/1626/1626 1627/1627/1627 1625/1625/1625
f 568/568/568 567/567/567 1624/1624/1624
f 1624/1624/1624 1578/1578/1578 568/568/568
f 1631/1631/1631 1628/1628/1628 1629/1629/1629
f 1629/1629/1629 1630/1630/1630 1631/1631/1631
f 333/333/333 332/332/332 595/595/595
f 595/595/595 1108/1108/1108 333/333/333
f 567/567/567 1558/1558/1558 1626/1626/1626
f 1626/1626/1626 1624/1624/1624 567/567/567
f 1630/1630/1630 1629/1629/1629 1620/1620/1620
f 1620/1620/1620 1632/1632/1632 1630/1630/1630
f 1623/1623/1623 1622/1622/1622 1629/1629/1629
f 1629/1629/1629 1628/1628/1628 1623/1623/1623
f 322/322/322 321/321/321 144/144/144
f 144/144/144 147/147/147 322/322/322
f 951/951/951 330/330/330 889/889/889
f 889/889/889 892/892/892 951/951/951
f 899/899/899 1633/1633/1633 327/327/327
f 327/327/327 326/326/326 899/899/899
f 1622/1622/1622 1619/1619/1619 1620/1620/1620
f 1620/1620/1620 1629/1629/1629 1622/1622/1622
f 874/874/874 926/926/926 490/490/490
f 490/490/490 489/489/489 874/874/874
f 918/918/918 1369/1369/1369 1368/1368/1368
f 1368/1368/1368 900/900/900 918/918/918
f 330/330/330 327/327/327 1633/1633/1633
f 1633/1633/1633 889/889/889 330/330/330
f 900/900/900 1368/1368/1368 1633/1633/1633
f 1633/1633/1633 899/899/899 900/900/900
f 889/889/889 1633/1633/1633 1368/1368/1368
f 1368/1368/1368 890/890/890 889/889/889
f 49/49/49 513/513/513 35/35/35
f 35/35/35 16/16/16 49/49/49
f 1600/1600/1600 1598/1598/1598 1092/1092/1092
f 1092/1092/1092 1271/1271/1271 1600/1600/1600
f 1598/1598/1598 240/240/240 239/239/239
f 239/239/239 1092/1092/1092 1598/1598/1598
f 182/182/182 528/528/528 531/531/531
f 531/531/531 1634/1634/1634 182/182/182
f 1059/1059/1059 1635/1635/1635 1030/1030/1030
f 1030/1030/1030 1060/1060/1060 1059/1059/1059
f 1632/1632/1632 1620/1620/1620 1150/1150/1150
f 1150/1150/1150 1562/1562/1562 1632/1632/1632
f 348/348/348 1581/1581/1581 1636/1636/1636
f 1636/1636/1636 349/349/349 348/348/348
f 1013/1013/1013 1012/1012/1012 1472/1472/1472
f 1472/1472/1472 1116/1116/1116 1013/1013/1013
f 362/362/362 1061/1061/1061 1060/1060/1060
f 1060/1060/1060 360/360/360 362/362/362
f 292/292/292 309/309/309 1296/1296/1296
f 1296/1296/1296 280/280/280 292/292/292
f 182/182/182 1634/1634/1634 1547/1547/1547
f 1547/1547/1547 183/183/183 182/182/182
f 289/289/289 288/288/288 308/308/308
f 308/308/308 295/295/295 289/289/289
f 1585/1585/1585 1031/1031/1031 1030/1030/1030
f 1030/1030/1030 1635/1635/1635 1585/1585/1585
f 675/675/675 1473/1473/1473 1637/1637/1637
f 1637/1637/1637 676/676/676 675/675/675
f 1342/1342/1342 668/668/668 667/667/667
f 667/667/667 1638/1638/1638 1342/1342/1342
f 519/519/519 1099/1099/1099 1573/1573/1573
f 1573/1573/1573 545/545/545 519/519/519
f 629/629/629 628/628/628 1639/1639/1639
f 1639/1639/1639 1640/1640/1640 629/629/629
f 1211/1211/1211 1224/1224/1224 1229/1229/1229
f 1229/1229/1229 1239/1239/1239 1211/1211/1211
f 278/278/278 564/564/564 275/275/275
f 275/275/275 268/268/268 278/278/278
f 600/600/600 599/599/599 1453/1453/1453
f 1453/1453/1453 1641/1641/1641 600/600/600
f 1643/1643/1643 1642/1642/1642 683/683/683
f 683/683/683 674/674/674 1643/1643/1643
f 214/214/214 498/498/498 1589/1589/1589
f 1589/1589/1589 516/516/516 214/214/214
f 1575/1575/1575 856/856/856 1215/1215/1215
f 1215/1215/1215 1582/1582/1582 1575/1575/1575
f 1280/1280/1280 1303/1303/1303 1086/1086/1086
f 1086/1086/1086 761/761/761 1280/1280/1280
f 1372/1372/1372 1256/1256/1256 977/977/977
f 977/977/977 976/976/976 1372/1372/1372
f 1564/1564/1564 1577/1577/1577 1566/1566/1566
f 1566/1566/1566 1565/1565/1565 1564/1564/1564
f 1209/1209/1209 1208/1208/1208 1191/1191/1191
f 1191/1191/1191 1192/1192/1192 1209/1209/1209
f 969/969/969 977/977/977 1345/1345/1345
f 1345/1345/1345 968/968/968 969/969/969
f 1644/1644/1644 266/266/266 201/201/201
f 201/201/201 200/200/200 1644/1644/1644
f 484/484/484 153/153/153 98/98/98
f 98/98/98 88/88/88 484/484/484
f 1646/1646/1646 1645/1645/1645 650/650/650
f 650/650/650 1594/1594/1594 1646/1646/1646
f 654/654/654 653/653/653 1647/1647/1647
f 1647/1647/1647 1365/1365/1365 654/654/654
f 1650/1650/1650 1648/1648/1648 118/118/118
f 118/118/118 1649/1649/1649 1650/1650/1650
f 1651/1651/1651 1350/1350/1350 683/683/683
f 683/683/683 1642/1642/1642 1651/1651/1651
f 1655/1655/1655 1652/1652/1652 1653/1653/1653
f 1653/1653/1653 1654/1654/1654 1655/1655/1655
f 1052/1052/1052 261/261/261 377/377/377
f 377/377/377 1470/1470/1470 1052/1052/1052
f 1659/1659/1659 1656/1656/1656 1657/1657/1657
f 1657/1657/1657 1658/1658/1658 1659/1659/1659
f 1647/1647/1647 1660/1660/1660 1366/1366/1366
f 1366/1366/1366 1365/1365/1365 1647/1647/1647
f 1367/1367/1367 1661/1661/1661 744/744/744
f 744/744/744 743/743/743 1367/1367/1367
f 1592/1592/1592 1595/1595/1595 1662/1662/1662
f 1662/1662/1662 1663/1663/1663 1592/1592/1592
f 1651/1651/1651 1642/1642/1642 1664/1664/1664
f 1664/1664/1664 1665/1665/1665 1651/1651/1651
f 1545/1545/1545 1346/1346/1346 1096/1096/1096
f 1096/1096/1096 1350/1350/1350 1545/1545/1545
f 1659/1659/1659 1666/1666/1666 1667/1667/1667
f 1667/1667/1667 1656/1656/1656 1659/1659/1659
f 1638/1638/1638 667/667/667 1668/1668/1668
f 1668/1668/1668 1669/1669/1669 1638/1638/1638
f 1673/1673/1673 1670/1670/1670 1671/1671/1671
f 1671/1671/1671 1672/1672/1672 1673/1673/1673
f 1349/1349/1349 1674/1674/1674 1675/1675/1675
f 1675/1675/1675 117/117/117 1349/1349/1349
f 1677/1677/1677 1676/1676/1676 1666/1666/1666
f 1666/1666/1666 1659/1659/1659 1677/1677/1677
f 1681/1681/1681 1678/1678/1678 1679/1679/1679
f 1679/1679/1679 1680/1680/1680 1681/1681/1681
f 1683/1683/1683 1682/1682/1682 1348/1348/1348
f 1348/1348/1348 116/116/116 1683/1683/1683
f 1686/1686/1686 1684/1684/1684 1685/1685/1685
f 1685/1685/1685 1643/1643/1643 1686/1686/1686
f 1649/1649/1649 118/118/118 117/117/117
f 117/117/117 1675/1675/1675 1649/1649/1649
f 1688/1688/1688 1687/1687/1687 1676/1676/1676
f 1676/1676/1676 1677/1677/1677 1688/1688/1688
f 1691/1691/1691 1689/1689/1689 119/119/119
f 119/119/119 1690/1690/1690 1691/1691/1691
f 1679/1679/1679 1690/1690/1690 1648/1648/1648
f 1648/1648/1648 1692/1692/1692 1679/1679/1679
f 1678/1678/1678 1691/1691/1691 1690/1690/1690
f 1690/1690/1690 1679/1679/1679 1678/1678/1678
f 1696/1696/1696 1693/1693/1693 1694/1694/1694
f 1694/1694/1694 1695/1695/1695 1696/1696/1696
f 1700/1700/1700 1697/1697/1697 1698/1698/1698
f 1698/1698/1698 1699/1699/1699 1700/1700/1700
f 1704/1704/1704 1701/1701/1701 1702/1702/1702
f 1702/1702/1702 1703/1703/1703 1704/1704/1704
f 1708/1708/1708 1705/1705/1705 1706/1706/1706
f 1706/1706/1706 1707/1707/1707 1708/1708/1708
f 1707/1707/1707 1706/1706/1706 1692/1692/1692
f 1692/1692/1692 1709/1709/1709 1707/1707/1707
f 1711/1711/1711 1710/1710/1710 1701/1701/1701
f 1701/1701/1701 1704/1704/1704 1711/1711/1711
f 1709/1709/1709 1692/1692/1692 1648/1648/1648
f 1648/1648/1648 1650/1650/1650 1709/1709/1709
f 1715/1715/1715 1712/1712/1712 1713/1713/1713
f 1713/1713/1713 1714/1714/1714 1715/1715/1715
f 1717/1717/1717 1681/1681/1681 1680/1680/1680
f 1680/1680/1680 1716/1716/1716 1717/1717/1717
f 1693/1693/1693 1716/1716/1716 1705/1705/1705
f 1705/1705/1705 1694/1694/1694 1693/1693/1693
f 1718/1718/1718 1694/1694/1694 1705/1705/1705
f 1705/1705/1705 1708/1708/1708 1718/1718/1718
f 1722/1722/1722 1719/1719/1719 1720/1720/1720
f 1720/1720/1720 1721/1721/1721 1722/1722/1722
f 1726/1726/1726 1723/1723/1723 1724/1724/1724
f 1724/1724/1724 1725/1725/1725 1726/1726/1726
f 1729/1729/1729 1727/1727/1727 1695/1695/1695
f 1695/1695/1695 1728/1728/1728 1729/1729/1729
f 1731/1731/1731 1730/1730/1730 1723/1723/1723
f 1723/1723/1723 1726/1726/1726 1731/1731/1731
f 1734/1734/1734 1732/1732/1732 1696/1696/1696
f 1696/1696/1696 1733/1733/1733 1734/1734/1734
f 1719/1719/1719 1733/1733/1733 1727/1727/1727
f 1727/1727/1727 1720/1720/1720 1719/1719/1719
f 1735/1735/1735 1720/1720/1720 1727/1727/1727
f 1727/1727/1727 1729/1729/1729 1735/1735/1735
f 1739/1739/1739 1736/1736/1736 1737/1737/1737
f 1737/1737/1737 1738/1738/1738 1739/1739/1739
f 1720/1720/1720 1735/1735/1735 1740/1740/1740
f 1740/1740/1740 1721/1721/1721 1720/1720/1720
f 1742/1742/1742 1741/1741/1741 1721/1721/1721
f 1721/1721/1721 1740/1740/1740 1742/1742/1742
f 1744/1744/1744 1743/1743/1743 1736/1736/1736
f 1736/1736/1736 1739/1739/1739 1744/1744/1744
f 1746/1746/1746 1745/1745/1745 1719/1719/1719
f 1719/1719/1719 1722/1722/1722 1746/1746/1746
f 1747/1747/1747 1722/1722/1722 1721/1721/1721
f 1721/1721/1721 1741/1741/1741 1747/1747/1747
f 1748/1748/1748 1746/1746/1746 1722/1722/1722
f 1722/1722/1722 1747/1747/1747 1748/1748/1748
f 605/605/605 611/611/611 320/320/320
f 320/320/320 323/323/323 605/605/605
f 1751/1751/1751 1744/1744/1744 1749/1749/1749
f 1749/1749/1749 1750/1750/1750 1751/1751/1751
f 1748/1748/1748 1752/1752/1752 1750/1750/1750
f 1750/1750/1750 1749/1749/1749 1748/1748/1748
f 1741/1741/1741 1742/1742/1742 1753/1753/1753
f 1753/1753/1753 1754/1754/1754 1741/1741/1741
f 1756/1756/1756 1755/1755/1755 1753/1753/1753
f 1753/1753/1753 1742/1742/1742 1756/1756/1756
f 1742/1742/1742 1740/1740/1740 1757/1757/1757
f 1757/1757/1757 1756/1756/1756 1742/1742/1742
f 1744/1744/1744 1739/1739/1739 1758/1758/1758
f 1758/1758/1758 1749/1749/1749 1744/1744/1744
f 1749/1749/1749 1758/1758/1758 1746/1746/1746
f 1746/1746/1746 1748/1748/1748 1749/1749/1749
f 615/615/615 614/614/614 686/686/686
f 686/686/686 1328/1328/1328 615/615/615
f 1739/1739/1739 1738/1738/1738 1759/1759/1759
f 1759/1759/1759 1758/1758/1758 1739/1739/1739
f 1758/1758/1758 1759/1759/1759 1745/1745/1745
f 1745/1745/1745 1746/1746/1746 1758/1758/1758
f 1761/1761/1761 1755/1755/1755 1756/1756/1756
f 1756/1756/1756 1760/1760/1760 1761/1761/1761
f 1740/1740/1740 1735/1735/1735 1762/1762/1762
f 1762/1762/1762 1757/1757/1757 1740/1740/1740
f 1738/1738/1738 1731/1731/1731 1763/1763/1763
f 1763/1763/1763 1759/1759/1759 1738/1738/1738
f 1759/1759/1759 1763/1763/1763 1734/1734/1734
f 1734/1734/1734 1745/1745/1745 1759/1759/1759
f 1735/1735/1735 1729/1729/1729 1712/1712/1712
f 1712/1712/1712 1762/1762/1762 1735/1735/1735
f 1729/1729/1729 1728/1728/1728 1713/1713/1713
f 1713/1713/1713 1712/1712/1712 1729/1729/1729
f 1731/1731/1731 1726/1726/1726 1764/1764/1764
f 1764/1764/1764 1763/1763/1763 1731/1731/1731
f 1760/1760/1760 1756/1756/1756 1757/1757/1757
f 1757/1757/1757 1765/1765/1765 1760/1760/1760
f 1763/1763/1763 1764/1764/1764 1732/1732/1732
f 1732/1732/1732 1734/1734/1734 1763/1763/1763
f 1726/1726/1726 1725/1725/1725 1766/1766/1766
f 1766/1766/1766 1764/1764/1764 1726/1726/1726
f 1745/1745/1745 1734/1734/1734 1733/1733/1733
f 1733/1733/1733 1719/1719/1719 1745/1745/1745
f 1764/1764/1764 1766/1766/1766 1767/1767/1767
f 1767/1767/1767 1732/1732/1732 1764/1764/1764
f 1768/1768/1768 1762/1762/1762 1712/1712/1712
f 1712/1712/1712 1715/1715/1715 1768/1768/1768
f 1765/1765/1765 1757/1757/1757 1762/1762/1762
f 1762/1762/1762 1768/1768/1768 1765/1765/1765
f 1728/1728/1728 1718/1718/1718 1769/1769/1769
f 1769/1769/1769 1713/1713/1713 1728/1728/1728
f 1725/1725/1725 1711/1711/1711 1770/1770/1770
f 1770/1770/1770 1766/1766/1766 1725/1725/1725
f 1738/1738/1738 1737/1737/1737 1730/1730/1730
f 1730/1730/1730 1731/1731/1731 1738/1738/1738
f 1766/1766/1766 1770/1770/1770 1717/1717/1717
f 1717/1717/1717 1767/1767/1767 1766/1766/1766
f 1728/1728/1728 1695/1695/1695 1694/1694/1694
f 1694/1694/1694 1718/1718/1718 1728/1728/1728
f 1718/1718/1718 1708/1708/1708 1697/1697/1697
f 1697/1697/1697 1769/1769/1769 1718/1718/1718
f 1708/1708/1708 1707/1707/1707 1698/1698/1698
f 1698/1698/1698 1697/1697/1697 1708/1708/1708
f 1711/1711/1711 1704/1704/1704 1771/1771/1771
f 1771/1771/1771 1770/1770/1770 1711/1711/1711
f 1732/1732/1732 1767/1767/1767 1693/1693/1693
f 1693/1693/1693 1696/1696/1696 1732/1732/1732
f 1770/1770/1770 1771/1771/1771 1681/1681/1681
f 1681/1681/1681 1717/1717/1717 1770/1770/1770
f 1733/1733/1733 1696/1696/1696 1695/1695/1695
f 1695/1695/1695 1727/1727/1727 1733/1733/1733
f 1704/1704/1704 1703/1703/1703 1772/1772/1772
f 1772/1772/1772 1771/1771/1771 1704/1704/1704
f 1767/1767/1767 1717/1717/1717 1716/1716/1716
f 1716/1716/1716 1693/1693/1693 1767/1767/1767
f 1771/1771/1771 1772/1772/1772 1678/1678/1678
f 1678/1678/1678 1681/1681/1681 1771/1771/1771
f 1773/1773/1773 1769/1769/1769 1697/1697/1697
f 1697/1697/1697 1700/1700/1700 1773/1773/1773
f 1714/1714/1714 1713/1713/1713 1769/1769/1769
f 1769/1769/1769 1773/1773/1773 1714/1714/1714
f 1707/1707/1707 1709/1709/1709 1774/1774/1774
f 1774/1774/1774 1698/1698/1698 1707/1707/1707
f 1709/1709/1709 1650/1650/1650 1652/1652/1652
f 1652/1652/1652 1774/1774/1774 1709/1709/1709
f 1703/1703/1703 1688/1688/1688 1775/1775/1775
f 1775/1775/1775 1772/1772/1772 1703/1703/1703
f 1725/1725/1725 1724/1724/1724 1710/1710/1710
f 1710/1710/1710 1711/1711/1711 1725/1725/1725
f 1772/1772/1772 1775/1775/1775 1691/1691/1691
f 1691/1691/1691 1678/1678/1678 1772/1772/1772
f 1650/1650/1650 1649/1649/1649 1653/1653/1653
f 1653/1653/1653 1652/1652/1652 1650/1650/1650
f 1688/1688/1688 1677/1677/1677 1776/1776/1776
f 1776/1776/1776 1775/1775/1775 1688/1688/1688
f 1716/1716/1716 1680/1680/1680 1706/1706/1706
f 1706/1706/1706 1705/1705/1705 1716/1716/1716
f 1775/1775/1775 1776/1776/1776 1689/1689/1689
f 1689/1689/1689 1691/1691/1691 1775/1775/1775
f 1699/1699/1699 1698/1698/1698 1774/1774/1774
f 1774/1774/1774 1777/1777/1777 1699/1699/1699
f 1677/1677/1677 1659/1659/1659 1658/1658/1658
f 1658/1658/1658 1776/1776/1776 1677/1677/1677
f 1776/1776/1776 1658/1658/1658 1683/1683/1683
f 1683/1683/1683 1689/1689/1689 1776/1776/1776
f 1777/1777/1777 1774/1774/1774 1652/1652/1652
f 1652/1652/1652 1655/1655/1655 1777/1777/1777
f 1680/1680/1680 1679/1679/1679 1692/1692/1692
f 1692/1692/1692 1706/1706/1706 1680/1680/1680
f 1649/1649/1649 1675/1675/1675 1673/1673/1673
f 1673/1673/1673 1653/1653/1653 1649/1649/1649
f 1690/1690/1690 119/119/119 118/118/118
f 118/118/118 1648/1648/1648 1690/1690/1690
f 1703/1703/1703 1702/1702/1702 1687/1687/1687
f 1687/1687/1687 1688/1688/1688 1703/1703/1703
f 1658/1658/1658 1657/1657/1657 1682/1682/1682
f 1682/1682/1682 1683/1683/1683 1658/1658/1658
f 1675/1675/1675 1674/1674/1674 1670/1670/1670
f 1670/1670/1670 1673/1673/1673 1675/1675/1675
f 1747/1747/1747 1778/1778/1778 1752/1752/1752
f 1752/1752/1752 1748/1748/1748 1747/1747/1747
f 662/662/662 676/676/676 663/663/663
f 663/663/663 666/666/666 662/662/662
f 1669/1669/1669 1668/1668/1668 1651/1651/1651
f 1651/1651/1651 1665/1665/1665 1669/1669/1669
f 1689/1689/1689 1683/1683/1683 116/116/116
f 116/116/116 119/119/119 1689/1689/1689
f 1684/1684/1684 1686/1686/1686 1340/1340/1340
f 1340/1340/1340 1343/1343/1343 1684/1684/1684
f 1654/1654/1654 1653/1653/1653 1673/1673/1673
f 1673/1673/1673 1672/1672/1672 1654/1654/1654
f 1663/1663/1663 1662/1662/1662 744/744/744
f 744/744/744 1661/1661/1661 1663/1663/1663
f 1660/1660/1660 1647/1647/1647 1646/1646/1646
f 1646/1646/1646 1779/1779/1779 1660/1660/1660
f 1595/1595/1595 662/662/662 666/666/666
f 666/666/666 1662/1662/1662 1595/1595/1595
f 1780/1780/1780 1743/1743/1743 1744/1744/1744
f 1744/1744/1744 1751/1751/1751 1780/1780/1780
f 1662/1662/1662 666/666/666 665/665/665
f 665/665/665 744/744/744 1662/1662/1662
f 667/667/667 641/641/641 1545/1545/1545
f 1545/1545/1545 1668/1668/1668 667/667/667
f 1668/1668/1668 1545/1545/1545 1350/1350/1350
f 1350/1350/1350 1651/1651/1651 1668/1668/1668
f 1643/1643/1643 1685/1685/1685 1664/1664/1664
f 1664/1664/1664 1642/1642/1642 1643/1643/1643
f 1647/1647/1647 653/653/653 1645/1645/1645
f 1645/1645/1645 1646/1646/1646 1647/1647/1647
f 679/679/679 678/678/678 1781/1781/1781
f 1781/1781/1781 681/681/681 679/679/679
f 619/619/619 1782/1782/1782 631/631/631
f 631/631/631 387/387/387 619/619/619
f 189/189/189 383/383/383 630/630/630
f 630/630/630 440/440/440 189/189/189
f 1783/1783/1783 663/663/663 676/676/676
f 676/676/676 1637/1637/1637 1783/1783/1783
f 707/707/707 664/664/664 663/663/663
f 663/663/663 1783/1783/1783 707/707/707
f 812/812/812 83/83/83 82/82/82
f 82/82/82 713/713/713 812/812/812
f 828/828/828 830/830/830 822/822/822
f 822/822/822 834/834/834 828/828/828
f 829/829/829 828/828/828 834/834/834
f 834/834/834 819/819/819 829/829/829
f 1784/1784/1784 1305/1305/1305 1274/1274/1274
f 1274/1274/1274 603/603/603 1784/1784/1784
f 1552/1552/1552 912/912/912 560/560/560
f 560/560/560 563/563/563 1552/1552/1552
f 1785/1785/1785 1536/1536/1536 1535/1535/1535
f 1535/1535/1535 1552/1552/1552 1785/1785/1785
f 1787/1787/1787 812/812/812 814/814/814
f 814/814/814 1786/1786/1786 1787/1787/1787
f 1789/1789/1789 1788/1788/1788 412/412/412
f 412/412/412 415/415/415 1789/1789/1789
f 1543/1543/1543 1542/1542/1542 688/688/688
f 688/688/688 1790/1790/1790 1543/1543/1543
f 1790/1790/1790 688/688/688 687/687/687
f 687/687/687 1549/1549/1549 1790/1790/1790
f 602/602/602 618/618/618 1791/1791/1791
f 1791/1791/1791 1792/1792/1792 602/602/602
f 17/17/17 682/682/682 1793/1793/1793
f 1793/1793/1793 14/14/14 17/17/17
f 40/40/40 43/43/43 1791/1791/1791
f 1791/1791/1791 618/618/618 40/40/40
f 610/610/610 91/91/91 931/931/931
f 931/931/931 934/934/934 610/610/610
f 1470/1470/1470 931/931/931 91/91/91
f 91/91/91 90/90/90 1470/1470/1470
f 1101/1101/1101 1100/1100/1100 1304/1304/1304
f 1304/1304/1304 1188/1188/1188 1101/1101/1101
f 377/377/377 932/932/932 931/931/931
f 931/931/931 1470/1470/1470 377/377/377
f 885/885/885 1081/1081/1081 1794/1794/1794
f 1794/1794/1794 882/882/882 885/885/885
f 599/599/599 1373/1373/1373 1384/1384/1384
f 1384/1384/1384 1453/1453/1453 599/599/599
f 1466/1466/1466 1463/1463/1463 1125/1125/1125
f 1125/1125/1125 1124/1124/1124 1466/1466/1466
f 1463/1463/1463 930/930/930 1457/1457/1457
f 1457/1457/1457 1125/1125/1125 1463/1463/1463
f 1055/1055/1055 1063/1063/1063 1469/1469/1469
f 1469/1469/1469 1285/1285/1285 1055/1055/1055
f 1444/1444/1444 1230/1230/1230 371/371/371
f 371/371/371 1443/1443/1443 1444/1444/1444
f 1444/1444/1444 1158/1158/1158 1026/1026/1026
f 1026/1026/1026 1230/1230/1230 1444/1444/1444
f 371/371/371 370/370/370 1442/1442/1442
f 1442/1442/1442 1443/1443/1443 371/371/371
f 455/455/455 629/629/629 1640/1640/1640
f 1640/1640/1640 830/830/830 455/455/455
f 370/370/370 1430/1430/1430 817/817/817
f 817/817/817 1442/1442/1442 370/370/370
f 1527/1527/1527 1544/1544/1544 1454/1454/1454
f 1454/1454/1454 1434/1434/1434 1527/1527/1527
f 1430/1430/1430 1424/1424/1424 818/818/818
f 818/818/818 817/817/817 1430/1430/1430
f 1424/1424/1424 1425/1425/1425 1157/1157/1157
f 1157/1157/1157 818/818/818 1424/1424/1424
f 1420/1420/1420 1416/1416/1416 234/234/234
f 234/234/234 1614/1614/1614 1420/1420/1420
f 1416/1416/1416 1413/1413/1413 235/235/235
f 235/235/235 234/234/234 1416/1416/1416
f 1413/1413/1413 1409/1409/1409 1192/1192/1192
f 1192/1192/1192 235/235/235 1413/1413/1413
f 1409/1409/1409 1404/1404/1404 1209/1209/1209
f 1209/1209/1209 1192/1192/1192 1409/1409/1409
f 1404/1404/1404 1401/1401/1401 1199/1199/1199
f 1199/1199/1199 1209/1209/1209 1404/1404/1404
f 1401/1401/1401 1397/1397/1397 1200/1200/1200
f 1200/1200/1200 1199/1199/1199 1401/1401/1401
f 1397/1397/1397 1390/1390/1390 1241/1241/1241
f 1241/1241/1241 1200/1200/1200 1397/1397/1397
f 1390/1390/1390 1391/1391/1391 1379/1379/1379
f 1379/1379/1379 1241/1241/1241 1390/1390/1390
f 1621/1621/1621 1380/1380/1380 1384/1384/1384
f 1384/1384/1384 1383/1383/1383 1621/1621/1621
f 732/732/732 509/509/509 62/62/62
f 62/62/62 64/64/64 732/732/732
f 1795/1795/1795 83/83/83 812/812/812
f 812/812/812 1787/1787/1787 1795/1795/1795
f 1438/1438/1438 1437/1437/1437 1355/1355/1355
f 1355/1355/1355 1354/1354/1354 1438/1438/1438
f 1517/1517/1517 894/894/894 893/893/893
f 893/893/893 1519/1519/1519 1517/1517/1517
f 712/712/712 1796/1796/1796 813/813/813
f 813/813/813 713/713/713 712/712/712
f 1686/1686/1686 1331/1331/1331 1339/1339/1339
f 1339/1339/1339 1340/1340/1340 1686/1686/1686
f 1105/1105/1105 1616/1616/1616 1079/1079/1079
f 1079/1079/1079 1104/1104/1104 1105/1105/1105
f 1331/1331/1331 1332/1332/1332 1353/1353/1353
f 1353/1353/1353 1339/1339/1339 1331/1331/1331
f 674/674/674 1331/1331/1331 1686/1686/1686
f 1686/1686/1686 1643/1643/1643 674/674/674
f 1320/1320/1320 1313/1313/1313 1283/1283/1283
f 1283/1283/1283 1323/1323/1323 1320/1320/1320
f 1313/1313/1313 934/934/934 933/933/933
f 933/933/933 1283/1283/1283 1313/1313/1313
f 1640/1640/1640 1639/1639/1639 835/835/835
f 835/835/835 823/823/823 1640/1640/1640
f 1501/1501/1501 1496/1496/1496 1471/1471/1471
f 1471/1471/1471 1294/1294/1294 1501/1501/1501
f 1794/1794/1794 1081/1081/1081 1298/1298/1298
f 1298/1298/1298 1306/1306/1306 1794/1794/1794
f 1081/1081/1081 262/262/262 1051/1051/1051
f 1051/1051/1051 1298/1298/1298 1081/1081/1081
f 408/408/408 478/478/478 477/477/477
f 477/477/477 409/409/409 408/408/408
f 854/854/854 855/855/855 1612/1612/1612
f 1612/1612/1612 486/486/486 854/854/854
f 1612/1612/1612 617/617/617 601/601/601
f 601/601/601 876/876/876 1612/1612/1612
f 855/855/855 604/604/604 617/617/617
f 617/617/617 1612/1612/1612 855/855/855
f 891/891/891 890/890/890 1370/1370/1370
f 1370/1370/1370 1797/1797/1797 891/891/891
f 218/218/218 144/144/144 321/321/321
f 321/321/321 608/608/608 218/218/218
f 486/486/486 485/485/485 386/386/386
f 386/386/386 854/854/854 486/486/486
f 1595/1595/1595 1594/1594/1594 650/650/650
f 650/650/650 662/662/662 1595/1595/1595
f 1799/1799/1799 1798/1798/1798 843/843/843
f 843/843/843 847/847/847 1799/1799/1799
f 849/849/849 844/844/844 1798/1798/1798
f 1798/1798/1798 1799/1799/1799 849/849/849
f 1798/1798/1798 1639/1639/1639 628/628/628
f 628/628/628 843/843/843 1798/1798/1798
f 844/844/844 835/835/835 1639/1639/1639
f 1639/1639/1639 1798/1798/1798 844/844/844
f 830/830/830 1640/1640/1640 823/823/823
f 823/823/823 822/822/822 830/830/830
f 990/990/990 988/988/988 1218/1218/1218
f 1218/1218/1218 1205/1205/1205 990/990/990
f 1542/1542/1542 1326/1326/1326 686/686/686
f 686/686/686 688/688/688 1542/1542/1542
f 829/829/829 1800/1800/1800 808/808/808
f 808/808/808 395/395/395 829/829/829
f 819/819/819 809/809/809 1800/1800/1800
f 1800/1800/1800 829/829/829 819/819/819
f 1800/1800/1800 1801/1801/1801 801/801/801
f 801/801/801 808/808/808 1800/1800/1800
f 809/809/809 802/802/802 1801/1801/1801
f 1801/1801/1801 1800/1800/1800 809/809/809
f 1801/1801/1801 1802/1802/1802 789/789/789
f 789/789/789 801/801/801 1801/1801/1801
f 802/802/802 792/792/792 1802/1802/1802
f 1802/1802/1802 1801/1801/1801 802/802/802
f 1802/1802/1802 1803/1803/1803 790/790/790
f 790/790/790 789/789/789 1802/1802/1802
f 792/792/792 795/795/795 1803/1803/1803
f 1803/1803/1803 1802/1802/1802 792/792/792
f 1805/1805/1805 1804/1804/1804 774/774/774
f 774/774/774 781/781/781 1805/1805/1805
f 782/782/782 775/775/775 1804/1804/1804
f 1804/1804/1804 1805/1805/1805 782/782/782
f 1804/1804/1804 1806/1806/1806 767/767/767
f 767/767/767 774/774/774 1804/1804/1804
f 775/775/775 768/768/768 1806/1806/1806
f 1806/1806/1806 1804/1804/1804 775/775/775
f 1806/1806/1806 1807/1807/1807 756/756/756
f 756/756/756 767/767/767 1806/1806/1806
f 768/768/768 757/757/757 1807/1807/1807
f 1807/1807/1807 1806/1806/1806 768/768/768
f 1807/1807/1807 1808/1808/1808 749/749/749
f 749/749/749 756/756/756 1807/1807/1807
f 757/757/757 750/750/750 1808/1808/1808
f 1808/1808/1808 1807/1807/1807 757/757/757
f 1808/1808/1808 1809/1809/1809 740/740/740
f 740/740/740 749/749/749 1808/1808/1808
f 750/750/750 741/741/741 1809/1809/1809
f 1809/1809/1809 1808/1808/1808 750/750/750
f 1809/1809/1809 1810/1810/1810 734/734/734
f 734/734/734 740/740/740 1809/1809/1809
f 741/741/741 735/735/735 1810/1810/1810
f 1810/1810/1810 1809/1809/1809 741/741/741
f 1810/1810/1810 1811/1811/1811 722/722/722
f 722/722/722 734/734/734 1810/1810/1810
f 735/735/735 724/724/724 1811/1811/1811
f 1811/1811/1811 1810/1810/1810 735/735/735
f 1811/1811/1811 1812/1812/1812 723/723/723
f 723/723/723 722/722/722 1811/1811/1811
f 724/724/724 727/727/727 1812/1812/1812
f 1812/1812/1812 1811/1811/1811 724/724/724
f 1785/1785/1785 1552/1552/1552 563/563/563
f 563/563/563 831/831/831 1785/1785/1785
f 814/814/814 813/813/813 458/458/458
f 458/458/458 460/460/460 814/814/814
f 714/714/714 458/458/458 813/813/813
f 813/813/813 1796/1796/1796 714/714/714
f 684/684/684 82/82/82 81/81/81
f 81/81/81 1813/1813/1813 684/684/684
f 743/743/743 669/669/669 654/654/654
f 654/654/654 1365/1365/1365 743/743/743
f 1813/1813/1813 81/81/81 696/696/696
f 696/696/696 695/695/695 1813/1813/1813
f 134/134/134 194/194/194 175/175/175
f 175/175/175 135/135/135 134/134/134
f 1645/1645/1645 1814/1814/1814 651/651/651
f 651/651/651 650/650/650 1645/1645/1645
f 1594/1594/1594 1593/1593/1593 1779/1779/1779
f 1779/1779/1779 1646/1646/1646 1594/1594/1594
f 653/653/653 656/656/656 1814/1814/1814
f 1814/1814/1814 1645/1645/1645 653/653/653
f 1741/1741/1741 1754/1754/1754 1778/1778/1778
f 1778/1778/1778 1747/1747/1747 1741/1741/1741
f 1816/1816/1816 1782/1782/1782 627/627/627
f 627/627/627 1815/1815/1815 1816/1816/1816
f 637/637/637 631/631/631 1782/1782/1782
f 1782/1782/1782 1816/1816/1816 637/637/637
f 1820/1820/1820 1817/1817/1817 1818/1818/1818
f 1818/1818/1818 1819/1819/1819 1820/1820/1820
f 1824/1824/1824 1821/1821/1821 1822/1822/1822
f 1822/1822/1822 1823/1823/1823 1824/1824/1824
f 80/80/80 1789/1789/1789 696/696/696
f 696/696/696 81/81/81 80/80/80
f 697/697/697 415/415/415 414/414/414
f 414/414/414 459/459/459 697/697/697
f 105/105/105 550/550/550 379/379/379
f 379/379/379 106/106/106 105/105/105
f 1297/1297/1297 1321/1321/1321 1825/1825/1825
f 1825/1825/1825 626/626/626 1297/1297/1297
f 697/697/697 696/696/696 1789/1789/1789
f 1789/1789/1789 415/415/415 697/697/697
f 326/326/326 124/124/124 123/123/123
f 123/123/123 318/318/318 326/326/326
f 1572/1572/1572 1602/1602/1602 530/530/530
f 530/530/530 529/529/529 1572/1572/1572
f 1829/1829/1829 1826/1826/1826 1827/1827/1827
f 1827/1827/1827 1828/1828/1828 1829/1829/1829
f 1833/1833/1833 1830/1830/1830 1831/1831/1831
f 1831/1831/1831 1832/1832/1832 1833/1833/1833
f 1834/1834/1834 460/460/460 414/414/414
f 414/414/414 413/413/413 1834/1834/1834
f 1838/1838/1838 1835/1835/1835 1836/1836/1836
f 1836/1836/1836 1837/1837/1837 1838/1838/1838
f 1839/1839/1839 80/80/80 83/83/83
f 83/83/83 1795/1795/1795 1839/1839/1839
f 1838/1838/1838 1840/1840/1840 1841/1841/1841
f 1841/1841/1841 1842/1842/1842 1838/1838/1838
f 73/73/73 1355/1355/1355 1843/1843/1843
f 1843/1843/1843 1844/1844/1844 73/73/73
f 672/672/672 682/682/682 17/17/17
f 17/17/17 34/34/34 672/672/672
f 1847/1847/1847 1845/1845/1845 1846/1846/1846
f 1846/1846/1846 1826/1826/1826 1847/1847/1847
f 1842/1842/1842 1848/1848/1848 1835/1835/1835
f 1835/1835/1835 1838/1838/1838 1842/1842/1842
f 1849/1849/1849 1437/1437/1437 598/598/598
f 598/598/598 597/597/597 1849/1849/1849
f 1850/1850/1850 1847/1847/1847 1826/1826/1826
f 1826/1826/1826 1829/1829/1829 1850/1850/1850
f 1826/1826/1826 1846/1846/1846 1851/1851/1851
f 1851/1851/1851 1827/1827/1827 1826/1826/1826
f 1853/1853/1853 1852/1852/1852 1836/1836/1836
f 1836/1836/1836 1835/1835/1835 1853/1853/1853
f 1854/1854/1854 1840/1840/1840 1838/1838/1838
f 1838/1838/1838 1837/1837/1837 1854/1854/1854
f 1848/1848/1848 1855/1855/1855 1853/1853/1853
f 1853/1853/1853 1835/1835/1835 1848/1848/1848
f 1857/1857/1857 1829/1829/1829 1828/1828/1828
f 1828/1828/1828 1856/1856/1856 1857/1857/1857
f 1859/1859/1859 1858/1858/1858 1855/1855/1855
f 1855/1855/1855 1848/1848/1848 1859/1859/1859
f 1819/1819/1819 1818/1818/1818 1860/1860/1860
f 1860/1860/1860 1861/1861/1861 1819/1819/1819
f 1841/1841/1841 1862/1862/1862 1863/1863/1863
f 1863/1863/1863 1842/1842/1842 1841/1841/1841
f 1860/1860/1860 1864/1864/1864 1858/1858/1858
f 1858/1858/1858 1859/1859/1859 1860/1860/1860
f 1868/1868/1868 1865/1865/1865 1866/1866/1866
f 1866/1866/1866 1867/1867/1867 1868/1868/1868
f 1862/1862/1862 1869/1869/1869 1861/1861/1861
f 1861/1861/1861 1863/1863/1863 1862/1862/1862
f 1820/1820/1820 1870/1870/1870 1871/1871/1871
f 1871/1871/1871 1872/1872/1872 1820/1820/1820
f 1867/1867/1867 1866/1866/1866 1873/1873/1873
f 1873/1873/1873 1874/1874/1874 1867/1867/1867
f 1818/1818/1818 1875/1875/1875 1864/1864/1864
f 1864/1864/1864 1860/1860/1860 1818/1818/1818
f 1817/1817/1817 1876/1876/1876 1875/1875/1875
f 1875/1875/1875 1818/1818/1818 1817/1817/1817
f 1880/1880/1880 1877/1877/1877 1878/1878/1878
f 1878/1878/1878 1879/1879/1879 1880/1880/1880
f 1880/1880/1880 1881/1881/1881 1882/1882/1882
f 1882/1882/1882 1883/1883/1883 1880/1880/1880
f 1884/1884/1884 1870/1870/1870 1820/1820/1820
f 1820/1820/1820 1819/1819/1819 1884/1884/1884
f 1879/1879/1879 1878/1878/1878 1885/1885/1885
f 1885/1885/1885 1872/1872/1872 1879/1879/1879
f 1885/1885/1885 1886/1886/1886 1876/1876/1876
f 1876/1876/1876 1817/1817/1817 1885/1885/1885
f 1821/1821/1821 1824/1824/1824 1887/1887/1887
f 1887/1887/1887 1888/1888/1888 1821/1821/1821
f 1892/1892/1892 1889/1889/1889 1890/1890/1890
f 1890/1890/1890 1891/1891/1891 1892/1892/1892
f 1878/1878/1878 1893/1893/1893 1886/1886/1886
f 1886/1886/1886 1885/1885/1885 1878/1878/1878
f 1895/1895/1895 1892/1892/1892 1891/1891/1891
f 1891/1891/1891 1894/1894/1894 1895/1895/1895
f 1877/1877/1877 1896/1896/1896 1893/1893/1893
f 1893/1893/1893 1878/1878/1878 1877/1877/1877
f 1824/1824/1824 1897/1897/1897 1898/1898/1898
f 1898/1898/1898 1887/1887/1887 1824/1824/1824
f 1899/1899/1899 1881/1881/1881 1880/1880/1880
f 1880/1880/1880 1879/1879/1879 1899/1899/1899
f 1478/1478/1478 1900/1900/1900 1901/1901/1901
f 1901/1901/1901 1479/1479/1479 1478/1478/1478
f 1888/1888/1888 1887/1887/1887 1902/1902/1902
f 1902/1902/1902 1883/1883/1883 1888/1888/1888
f 1902/1902/1902 1903/1903/1903 1896/1896/1896
f 1896/1896/1896 1877/1877/1877 1902/1902/1902
f 1901/1901/1901 1904/1904/1904 1905/1905/1905
f 1905/1905/1905 1906/1906/1906 1901/1901/1901
f 1898/1898/1898 1903/1903/1903 1902/1902/1902
f 1902/1902/1902 1887/1887/1887 1898/1898/1898
f 1882/1882/1882 1907/1907/1907 1888/1888/1888
f 1888/1888/1888 1883/1883/1883 1882/1882/1882
f 1907/1907/1907 1908/1908/1908 1821/1821/1821
f 1821/1821/1821 1888/1888/1888 1907/1907/1907
f 1116/1116/1116 1472/1472/1472 861/861/861
f 861/861/861 860/860/860 1116/1116/1116
f 1861/1861/1861 1860/1860/1860 1859/1859/1859
f 1859/1859/1859 1863/1863/1863 1861/1861/1861
f 1912/1912/1912 1909/1909/1909 1910/1910/1910
f 1910/1910/1910 1911/1911/1911 1912/1912/1912
f 1909/1909/1909 1912/1912/1912 1913/1913/1913
f 1913/1913/1913 1908/1908/1908 1909/1909/1909
f 1824/1824/1824 1823/1823/1823 1914/1914/1914
f 1914/1914/1914 1897/1897/1897 1824/1824/1824
f 1897/1897/1897 1914/1914/1914 1915/1915/1915
f 1915/1915/1915 1916/1916/1916 1897/1897/1897
f 1916/1916/1916 1906/1906/1906 1898/1898/1898
f 1898/1898/1898 1897/1897/1897 1916/1916/1916
f 1909/1909/1909 1917/1917/1917 1918/1918/1918
f 1918/1918/1918 1910/1910/1910 1909/1909/1909
f 1908/1908/1908 1907/1907/1907 1917/1917/1917
f 1917/1917/1917 1909/1909/1909 1908/1908/1908
f 1917/1917/1917 1919/1919/1919 1920/1920/1920
f 1920/1920/1920 1918/1918/1918 1917/1917/1917
f 1907/1907/1907 1882/1882/1882 1919/1919/1919
f 1919/1919/1919 1917/1917/1917 1907/1907/1907
f 1906/1906/1906 1905/1905/1905 1903/1903/1903
f 1903/1903/1903 1898/1898/1898 1906/1906/1906
f 1476/1476/1476 1479/1479/1479 1916/1916/1916
f 1916/1916/1916 1915/1915/1915 1476/1476/1476
f 1919/1919/1919 1921/1921/1921 1922/1922/1922
f 1922/1922/1922 1920/1920/1920 1919/1919/1919
f 1882/1882/1882 1881/1881/1881 1921/1921/1921
f 1921/1921/1921 1919/1919/1919 1882/1882/1882
f 1905/1905/1905 1894/1894/1894 1896/1896/1896
f 1896/1896/1896 1903/1903/1903 1905/1905/1905
f 1894/1894/1894 1891/1891/1891 1893/1893/1893
f 1893/1893/1893 1896/1896/1896 1894/1894/1894
f 1479/1479/1479 1901/1901/1901 1906/1906/1906
f 1906/1906/1906 1916/1916/1916 1479/1479/1479
f 1921/1921/1921 1923/1923/1923 1924/1924/1924
f 1924/1924/1924 1922/1922/1922 1921/1921/1921
f 1900/1900/1900 1925/1925/1925 1904/1904/1904
f 1904/1904/1904 1901/1901/1901 1900/1900/1900
f 1881/1881/1881 1899/1899/1899 1923/1923/1923
f 1923/1923/1923 1921/1921/1921 1881/1881/1881
f 1923/1923/1923 1926/1926/1926 1927/1927/1927
f 1927/1927/1927 1924/1924/1924 1923/1923/1923
f 1899/1899/1899 1871/1871/1871 1926/1926/1926
f 1926/1926/1926 1923/1923/1923 1899/1899/1899
f 1891/1891/1891 1890/1890/1890 1886/1886/1886
f 1886/1886/1886 1893/1893/1893 1891/1891/1891
f 1904/1904/1904 1895/1895/1895 1894/1894/1894
f 1894/1894/1894 1905/1905/1905 1904/1904/1904
f 1926/1926/1926 1928/1928/1928 1929/1929/1929
f 1929/1929/1929 1927/1927/1927 1926/1926/1926
f 1931/1931/1931 1930/1930/1930 1892/1892/1892
f 1892/1892/1892 1895/1895/1895 1931/1931/1931
f 1871/1871/1871 1870/1870/1870 1928/1928/1928
f 1928/1928/1928 1926/1926/1926 1871/1871/1871
f 1890/1890/1890 1932/1932/1932 1876/1876/1876
f 1876/1876/1876 1886/1886/1886 1890/1890/1890
f 1925/1925/1925 1931/1931/1931 1895/1895/1895
f 1895/1895/1895 1904/1904/1904 1925/1925/1925
f 1932/1932/1932 1874/1874/1874 1875/1875/1875
f 1875/1875/1875 1876/1876/1876 1932/1932/1932
f 1872/1872/1872 1871/1871/1871 1899/1899/1899
f 1899/1899/1899 1879/1879/1879 1872/1872/1872
f 1928/1928/1928 1933/1933/1933 1934/1934/1934
f 1934/1934/1934 1929/1929/1929 1928/1928/1928
f 1930/1930/1930 1935/1935/1935 1889/1889/1889
f 1889/1889/1889 1892/1892/1892 1930/1930/1930
f 1870/1870/1870 1884/1884/1884 1933/1933/1933
f 1933/1933/1933 1928/1928/1928 1870/1870/1870
f 1933/1933/1933 1936/1936/1936 1937/1937/1937
f 1937/1937/1937 1934/1934/1934 1933/1933/1933
f 1883/1883/1883 1902/1902/1902 1877/1877/1877
f 1877/1877/1877 1880/1880/1880 1883/1883/1883
f 1884/1884/1884 1869/1869/1869 1936/1936/1936
f 1936/1936/1936 1933/1933/1933 1884/1884/1884
f 1874/1874/1874 1873/1873/1873 1864/1864/1864
f 1864/1864/1864 1875/1875/1875 1874/1874/1874
f 1889/1889/1889 1938/1938/1938 1932/1932/1932
f 1932/1932/1932 1890/1890/1890 1889/1889/1889
f 1938/1938/1938 1867/1867/1867 1874/1874/1874
f 1874/1874/1874 1932/1932/1932 1938/1938/1938
f 1873/1873/1873 1856/1856/1856 1858/1858/1858
f 1858/1858/1858 1864/1864/1864 1873/1873/1873
f 1935/1935/1935 1939/1939/1939 1938/1938/1938
f 1938/1938/1938 1889/1889/1889 1935/1935/1935
f 1936/1936/1936 1940/1940/1940 1941/1941/1941
f 1941/1941/1941 1937/1937/1937 1936/1936/1936
f 1939/1939/1939 1868/1868/1868 1867/1867/1867
f 1867/1867/1867 1938/1938/1938 1939/1939/1939
f 1869/1869/1869 1862/1862/1862 1940/1940/1940
f 1940/1940/1940 1936/1936/1936 1869/1869/1869
f 1856/1856/1856 1828/1828/1828 1855/1855/1855
f 1855/1855/1855 1858/1858/1858 1856/1856/1856
f 1861/1861/1861 1869/1869/1869 1884/1884/1884
f 1884/1884/1884 1819/1819/1819 1861/1861/1861
f 1940/1940/1940 1942/1942/1942 1943/1943/1943
f 1943/1943/1943 1941/1941/1941 1940/1940/1940
f 1862/1862/1862 1841/1841/1841 1942/1942/1942
f 1942/1942/1942 1940/1940/1940 1862/1862/1862
f 1942/1942/1942 1830/1830/1830 1833/1833/1833
f 1833/1833/1833 1943/1943/1943 1942/1942/1942
f 1872/1872/1872 1885/1885/1885 1817/1817/1817
f 1817/1817/1817 1820/1820/1820 1872/1872/1872
f 1841/1841/1841 1840/1840/1840 1830/1830/1830
f 1830/1830/1830 1942/1942/1942 1841/1841/1841
f 1828/1828/1828 1827/1827/1827 1853/1853/1853
f 1853/1853/1853 1855/1855/1855 1828/1828/1828
f 1866/1866/1866 1857/1857/1857 1856/1856/1856
f 1856/1856/1856 1873/1873/1873 1866/1866/1866
f 1944/1944/1944 1850/1850/1850 1829/1829/1829
f 1829/1829/1829 1857/1857/1857 1944/1944/1944
f 1840/1840/1840 1854/1854/1854 1831/1831/1831
f 1831/1831/1831 1830/1830/1830 1840/1840/1840
f 1827/1827/1827 1851/1851/1851 1852/1852/1852
f 1852/1852/1852 1853/1853/1853 1827/1827/1827
f 1865/1865/1865 1944/1944/1944 1857/1857/1857
f 1857/1857/1857 1866/1866/1866 1865/1865/1865
f 1843/1843/1843 1355/1355/1355 1437/1437/1437
f 1437/1437/1437 1849/1849/1849 1843/1843/1843
f 1641/1641/1641 1453/1453/1453 1381/1381/1381
f 1381/1381/1381 1945/1945/1945 1641/1641/1641
f 1821/1821/1821 1908/1908/1908 1913/1913/1913
f 1913/1913/1913 1822/1822/1822 1821/1821/1821
f 1788/1788/1788 1789/1789/1789 80/80/80
f 80/80/80 1839/1839/1839 1788/1788/1788
f 1863/1863/1863 1859/1859/1859 1848/1848/1848
f 1848/1848/1848 1842/1842/1842 1863/1863/1863
f 1786/1786/1786 814/814/814 460/460/460
f 460/460/460 1834/1834/1834 1786/1786/1786
f 1946/1946/1946 1945/1945/1945 1381/1381/1381
f 1381/1381/1381 70/70/70 1946/1946/1946
f 159/159/159 158/158/158 154/154/154
f 154/154/154 148/148/148 159/159/159
f 517/517/517 606/606/606 195/195/195
f 195/195/195 194/194/194 517/517/517
f 1946/1946/1946 70/70/70 73/73/73
f 73/73/73 1844/1844/1844 1946/1946/1946
f 226/226/226 160/160/160 151/151/151
f 151/151/151 142/142/142 226/226/226
f 349/349/349 1636/1636/1636 1570/1570/1570
f 1570/1570/1570 369/369/369 349/349/349
f 472/472/472 939/939/939 938/938/938
f 938/938/938 473/473/473 472/472/472
f 1217/1217/1217 565/565/565 568/568/568
f 568/568/568 1564/1564/1564 1217/1217/1217
f 457/457/457 456/456/456 1360/1360/1360
f 1360/1360/1360 8/8/8 457/457/457
f 211/211/211 178/178/178 302/302/302
f 302/302/302 184/184/184 211/211/211
f 1615/1615/1615 580/580/580 521/521/521
f 521/521/521 527/527/527 1615/1615/1615
f 363/363/363 502/502/502 501/501/501
f 501/501/501 10/10/10 363/363/363
f 242/242/242 241/241/241 425/425/425
f 425/425/425 439/439/439 242/242/242
f 76/76/76 100/100/100 1243/1243/1243
f 1243/1243/1243 426/426/426 76/76/76
f 432/432/432 453/453/453 438/438/438
f 438/438/438 431/431/431 432/432/432
f 209/209/209 419/419/419 422/422/422
f 422/422/422 206/206/206 209/209/209
f 536/536/536 535/535/535 22/22/22
f 22/22/22 25/25/25 536/536/536
f 93/93/93 589/589/589 592/592/592
f 592/592/592 90/90/90 93/93/93
f 699/699/699 94/94/94 250/250/250
f 250/250/250 573/573/573 699/699/699
f 1136/1136/1136 1497/1497/1497 1496/1496/1496
f 1496/1496/1496 871/871/871 1136/1136/1136
f 420/420/420 429/429/429 99/99/99
f 99/99/99 109/109/109 420/420/420
f 602/602/602 1792/1792/1792 1784/1784/1784
f 1784/1784/1784 603/603/603 602/602/602
f 627/627/627 1782/1782/1782 619/619/619
f 619/619/619 613/613/613 627/627/627
f 626/626/626 1825/1825/1825 1815/1815/1815
f 1815/1815/1815 627/627/627 626/626/626
f 511/511/511 510/510/510 713/713/713
f 713/713/713 82/82/82 511/511/511
f 681/681/681 1781/1781/1781 1793/1793/1793
f 1793/1793/1793 682/682/682 681/681/681
f 434/434/434 111/111/111 1265/1265/1265
f 1265/1265/1265 1445/1445/1445 434/434/434
f 407/407/407 220/220/220 219/219/219
f 219/219/219 218/218/218 407/407/407
f 200/200/200 24/24/24 23/23/23
f 23/23/23 1644/1644/1644 200/200/200
f 601/601/601 617/617/617 618/618/618
f 618/618/618 602/602/602 601/601/601
