# Made in Blockbench 5.1.4
mtllib materials.mtl

o Small_Drill_0_0
v 0.2299742114683932 0.12719463684730045 0.34545380827152383
v 0.5000068854820392 0.31425213144926156 0.23734674130226757
v 0.2299800060742554 0.3142472709738271 0.23734944554167625
v 0.4999932495268635 0.12719463684730045 0.34545353825261127
vt 0.00230000005 0.035840000999999955
vt 1.00212002 0.995779991
vt 0.00231999997 0.99575001
vt 1.00206995 0.035840000999999955
vt 1.00212002 0.995779991
vt 0.00230000005 0.035840000999999955
vn -3.3603399648172295e-7 0.5003799917859034 0.8658059042419534
vn 8.658062534802807e-7 0.5003786912289309 0.8658066558783621
usemtl m_2a8ea953-6179-0551-ce79-9765363f8d11
f 1/1/1 2/2/1 3/3/1
f 4/4/2 2/5/2 1/6/2
o Small_Drill_1_0
v 0.5730012232521597 0.5204184595954884 0.38667948280507825
v 0.6391862437980063 0.4145405283579976 0.6736528803907831
v 0.5800684271689466 0.5877908784533634 0.6960381300347871
v 0.6064838390961195 0.5873604764074057 0.6960381300347871
v 0.5800684271689466 0.5877908784533634 0.7257126671306176
v 0.6064838390961195 0.5873606046663892 0.7257126671306176
v 0.6958547025356343 0.44337369057276166 0.677615406581626
v 0.6783234532725647 0.42633199369862207 0.6677763318891566
v 0.6958547025356343 0.42633199369862207 0.6677763318891566
v 0.6783234532725647 0.44337369057276166 0.6776152783226426
v 0.6958547025356343 0.44337369057276166 0.677615406581626
v 0.6958547025356343 0.4604155413576816 0.6677761901292276
v 0.6783234532725647 0.4604155413576816 0.6677761901292276
v 0.6958547025356343 0.4604155413576816 0.6677761901292276
v 0.6958547025356343 0.4604155413576816 0.6480980272433433
v 0.6783234532725647 0.4604155413576816 0.6677761901292276
v 0.6783234532725647 0.4604155413576816 0.6480980272433433
v 0.6958547025356343 0.44337369057276166 0.638258940400023
v 0.6783234532725647 0.44337369057276166 0.638258940400023
v 0.5998563594932349 0.45218549316366496 0.5948273444706673
v 0.5212337357653712 0.45218549316366496 0.5948273444706673
v 0.5998563594932349 0.45218549316366496 0.6050023347061283
v 0.5212337357653712 0.45218549316366496 0.6050024633701401
v 0.5998563594932349 0.45218549316366496 0.6050023347061283
v 0.5998563594932349 0.44337369057276166 0.6100898973960917
v 0.6958547025356343 0.44337369057276166 0.6195930758519216
v 0.6783234532725647 0.42633185193869294 0.6097539883335539
v 0.6958547025356343 0.42633185193869294 0.6097539883335539
v 0.6783234532725647 0.44337369057276166 0.6195930758519216
v 0.6958547025356343 0.44337369057276166 0.6195930758519216
v 0.6958547025356343 0.4604155413576816 0.6097539883335539
v 0.6783234532725647 0.4604155413576816 0.6097539883335539
v 0.6958547025356343 0.4604155413576816 0.6097539883335539
v 0.6958547025356343 0.4604155413576816 0.5900758195072535
v 0.6783234532725647 0.4604155413576816 0.6097539883335539
v 0.6783234532725647 0.4604155413576816 0.5900758195072535
v 0.6958547025356343 0.44337369057276166 0.5802367319888859
v 0.6783234532725647 0.44337369057276166 0.5802366031898647
v 0.5998563594932349 0.6034183688245136 0.6528495392458493
v 0.5212337357653712 0.6034183688245136 0.6528495392458493
v 0.5998563594932349 0.6034183688245136 0.6630245363667926
v 0.5212337357653712 0.6034183688245136 0.663024664625776
v 0.5998563594932349 0.6034183688245136 0.6630245363667926
v 0.5998563594932349 0.5946067079935393 0.6681120990567558
v 0.6958547025356343 0.5946067079935393 0.6776152783226426
v 0.6783234532725647 0.5775648693594706 0.6677761901292276
v 0.6958547025356343 0.5775648693594706 0.6677761901292276
v 0.6783234532725647 0.5946067079935393 0.6776152783226426
v 0.6958547025356343 0.5946067079935393 0.6776152783226426
v 0.6958547025356343 0.6116483913667334 0.6677761901292276
v 0.6783234532725647 0.6116483913667334 0.6677761901292276
v 0.6958547025356343 0.6116483913667334 0.6677761901292276
v 0.6958547025356343 0.6116483913667334 0.6480980272433433
v 0.6783234532725647 0.6116483913667334 0.6677761901292276
v 0.6783234532725647 0.6116483913667334 0.6480980272433433
v 0.6958547025356343 0.5946067079935393 0.638258940400023
v 0.6783234532725647 0.5946067079935393 0.6382587986400939
v 0.5998563594932349 0.6034183688245136 0.5948272091911923
v 0.5212337357653712 0.6034183688245136 0.5948272091911923
v 0.5998563594932349 0.6034183688245136 0.6050021930812086
v 0.5212337357653712 0.6034183688245136 0.6050023347061283
v 0.5998563594932349 0.6034183688245136 0.6050021930812086
v 0.5998563594932349 0.5946065527326647 0.610089755771172
v 0.6958547025356343 0.5946065527326647 0.6195930758519216
v 0.6783234532725647 0.5775648693594706 0.6097538467086343
v 0.6958547025356343 0.5775648693594706 0.6097538467086343
v 0.6783234532725647 0.5946065527326647 0.6195929342270019
v 0.6958547025356343 0.5946065527326647 0.6195930758519216
v 0.6958547025356343 0.6116483913667334 0.6097538467086343
v 0.6783234532725647 0.6116483913667334 0.6097538467086343
v 0.6958547025356343 0.6116483913667334 0.6097538467086343
v 0.6958547025356343 0.6116483913667334 0.5900756843627879
v 0.6783234532725647 0.6116483913667334 0.6097538467086343
v 0.6783234532725647 0.6116483913667334 0.5900756843627879
v 0.6958547025356343 0.5946065527326647 0.5802366031898647
v 0.6783234532725647 0.5946065527326647 0.5802366031898647
v 0.6215156565405099 0.7135461169250854 0.8054246870213029
v 0.6188445043042939 0.6863708708330712 0.7697711008945665
v 0.6189229418281671 0.7282345962765984 0.772604020516195
v 0.5970919049219937 0.7031818500474254 0.8213613179950907
v 0.6215156565405099 0.6634746171476338 0.8041276349739743
v 0.5970919049219937 0.6592312618371288 0.8226583700424192
v 0.6188445043042939 0.6863708708330712 0.7697711008945665
v 0.6188445043042939 0.5995009182408289 0.7357031063248669
v 0.6215156565405099 0.5909237728856447 0.7884033725247732
v 0.5970919049219937 0.5866805728360144 0.806934083291516
v 0.6134897491247973 0.5589902535175555 0.8113918147172219
v 0.6493547388635365 0.5370578350404758 0.7886435516472529
v 0.6219185311034043 0.5142249034902087 0.8003900304869602
v 0.6493547388635365 0.5370578350404758 0.7886435516472529
v 0.6339858149577409 0.5730826742202921 0.7132751869422151
v 0.6188445043042939 0.5995009182408289 0.7357031063248669
v 0.6508313399867318 0.49133431615165 0.7478516608765162
v 0.6334012155065827 0.46240287515330336 0.7317893131473521
v 0.6508313399867318 0.49133431615165 0.7478516608765162
v 0.594274255139886 0.4629954316567846 0.7475297983328162
v 0.6339858149577409 0.46385597923073285 0.5805175531429899
v 0.5948588481105903 0.454966678511753 0.5805175531429899
v 0.6339858149577409 0.4751374963038718 0.5496766690845969
v 0.5948588481105903 0.454966678511753 0.5496766690845969
v 0.6192759881810245 0.4668996202615818 0.48814975514001213
v 0.5946143423400663 0.46129674132815246 0.4946770572268242
v 0.6298939407971863 0.4959611023681887 0.48369201265703166
v 0.645371430667093 0.5099634717636066 0.5457943374306907
v 0.6192759881810245 0.5247436252361024 0.48369201265703166
v 0.6398319899769663 0.5622492494821634 0.5385956328184124
v 0.6339858149577409 0.46385597923073285 0.5805175531429899
v 0.6410017159562 0.5698273343117596 0.5436032708553419
v 0.6508313399867318 0.5099634717636066 0.5805175531429899
v 0.6435205765806997 0.579828821329814 0.5805174179985242
v 0.5943424373454624 0.5841543987492697 0.7033262064517909
v 0.594287214292563 0.610572514510823 0.7257539719236626
v 0.6339858149577409 0.5730826742202921 0.7132751869422151
v 0.6435205765806997 0.579828821329814 0.5805174179985242
v 0.594287214292563 0.610572514510823 0.7257539719236626
v 0.594287214292563 0.6974424657529708 0.764016187812454
v 0.6189229418281671 0.7282345962765984 0.772604020516195
v 0.5943656582968901 0.7228528412309936 0.7587258476696759
v 0.5696290899032521 0.7282345962765984 0.772604020516195
v 0.5943656582968901 0.7228528412309936 0.7587258476696759
v 0.569550645898925 0.6863708708330712 0.7697711008945665
v 0.594287214292563 0.610572514510823 0.7257539719236626
v 0.569550645898925 0.5995009182408289 0.7357031063248669
v 0.5544094767353882 0.5730826742202921 0.7132751869422151
v 0.5448745698422545 0.579828821329814 0.5805174179985242
v 0.5375638064362224 0.4894379854800136 0.7478516608765162
v 0.5357341585551413 0.5361584033930329 0.7892059794404773
v 0.5943771304554161 0.5891666261626454 0.5805174179985242
v 0.5448745698422545 0.579828821329814 0.5805174179985242
v 0.5943680853618851 0.5827423415968236 0.5436032708553419
v 0.547393440187435 0.5698273343117596 0.5436032708553419
v 0.6435205765806997 0.579828821329814 0.5805174179985242
v 0.6410017159562 0.5698273343117596 0.5436032708553419
v 0.5943610682453966 0.5736595736771322 0.5354261501484401
v 0.6410017159562 0.5698273343117596 0.5436032708553419
v 0.6398319899769663 0.5622492494821634 0.5385956328184124
v 0.5490543257081658 0.5616005303949767 0.5364924576691011
v 0.6398319899769663 0.5622492494821634 0.5385956328184124
v 0.6192759881810245 0.5247436252361024 0.48369201265703166
v 0.5942889718456645 0.535745125946506 0.486579730132778
v 0.5691191620221945 0.5247436252361024 0.48369201265703166
v 0.5375638064362224 0.50806698718119 0.5457943374306907
v 0.547393440187435 0.5698273343117596 0.5436032708553419
v 0.5585013380700444 0.4947657151416055 0.48369201265703166
v 0.5448745698422545 0.579828821329814 0.5805174179985242
v 0.547393440187435 0.5698273343117596 0.5436032708553419
v 0.5544094767353882 0.4751374963038718 0.5496766690845969
v 0.5691191620221945 0.4668996202615818 0.48814975514001213
v 0.5375638064362224 0.50806698718119 0.5805175531429899
v 0.5544094767353882 0.5730826742202921 0.7132751869422151
v 0.5948588481105903 0.454966678511753 0.5496766690845969
v 0.5946143423400663 0.46129674132815246 0.4946770572268242
v 0.5544094767353882 0.46385597923073285 0.5805175531429899
v 0.5948588481105903 0.454966678511753 0.5805175531429899
v 0.594274255139886 0.4629954316567846 0.7475297983328162
v 0.5538247518604451 0.46240287515330336 0.7317893131473521
v 0.5719671850166842 0.5142249034902087 0.8003900304869602
v 0.6219185311034043 0.5142249034902087 0.8003900304869602
v 0.5357341585551413 0.5361584033930329 0.7892059794404773
v 0.6134897491247973 0.5589902535175555 0.8113918147172219
v 0.5800657231995567 0.5589902535175555 0.8113918147172219
v 0.5970919049219937 0.5866805728360144 0.806934083291516
v 0.5735301877365675 0.5909237728856447 0.7884033725247732
v 0.5970919049219937 0.6592312618371288 0.8226583700424192
v 0.5735301877365675 0.6634746171476338 0.8041276349739743
v 0.569550645898925 0.5995009182408289 0.7357031063248669
v 0.5970919049219937 0.7031818500474254 0.8213613179950907
v 0.569550645898925 0.6863708708330712 0.7697711008945665
v 0.5735301877365675 0.7135461169250854 0.8054246870213029
v 0.5696290899032521 0.7282345962765984 0.772604020516195
v 0.6207176198299093 0.4058962873533408 0.6367025486881839
v 0.6207176198299093 0.43644406696229077 0.6190657209502511
v 0.6484399215384593 0.4058962873533408 0.6367025486881839
v 0.6484399215384593 0.43644406696229077 0.6190657209502511
v 0.6207176198299093 0.46699198833116984 0.6367025486881839
v 0.6484399215384593 0.46699198833116984 0.6367025486881839
v 0.5998563594932349 0.45218549316366496 0.6528496810057784
v 0.5212337357653712 0.45218549316366496 0.6528496810057784
v 0.5998563594932349 0.45218549316366496 0.663024664625776
v 0.5212337357653712 0.45218549316366496 0.663024664625776
v 0.5998563594932349 0.44337369057276166 0.6681122286658339
v 0.5212337357653712 0.5857948919016905 0.6528496810057784
v 0.5212337357653712 0.5946067079935393 0.6477621183158151
v 0.5998563594932349 0.5946067079935393 0.6477621183158151
v 0.5998563594932349 0.5857948919016905 0.6528496810057784
v 0.5212337357653712 0.5857948919016905 0.663024664625776
v 0.5998563594932349 0.5857948919016905 0.663024664625776
v 0.5212337357653712 0.5857947636427071 0.5948273444706673
v 0.5212337357653712 0.5946065527326647 0.5897397817807041
v 0.5998563594932349 0.5946065527326647 0.5897397817807041
v 0.5998563594932349 0.5857947636427071 0.5948273444706673
v 0.5212337357653712 0.5857947636427071 0.6050023347061283
v 0.5998563594932349 0.5857947636427071 0.6050023347061283
v 0.5789952344360356 0.46699198833116984 0.61395386222856
v 0.551272936102722 0.46699198833116984 0.61395386222856
v 0.5789952344360356 0.4364441965713688 0.6315908193055518
v 0.551272936102722 0.4364441965713688 0.6315908193055518
v 0.5789952344360356 0.4058962873533408 0.6139539908925717
v 0.551272936102722 0.4058962873533408 0.6139539908925717
v 0.5789952344360356 0.4058962873533408 0.5786803472975385
v 0.551272936102722 0.4058962873533408 0.5786803472975385
v 0.5789952344360356 0.43644406696229077 0.561043519019568
v 0.551272936102722 0.43644406696229077 0.561043519019568
v 0.5789952344360356 0.46699198833116984 0.5786803472975385
v 0.551272936102722 0.46699198833116984 0.5786803472975385
v 0.5800684271689466 0.6539711557119834 0.7237126370457301
v 0.5800736932127876 0.6541853009610143 0.7597388155193523
v 0.6064838390961195 0.6535407523159313 0.7237126370457301
v 0.6067354907821534 0.6538741001140744 0.7597388155193523
v 0.6207176198299093 0.4058962873533408 0.6719762060541816
v 0.6207176198299093 0.4058962873533408 0.6367025486881839
v 0.6484399215384593 0.4058962873533408 0.6719762060541816
v 0.6484399215384593 0.4058962873533408 0.6367025486881839
v 0.6207176198299093 0.46699198833116984 0.6367025486881839
v 0.6207176198299093 0.46699198833116984 0.6719762060541816
v 0.6484399215384593 0.46699198833116984 0.6367025486881839
v 0.6484399215384593 0.46699198833116984 0.6719762060541816
v 0.5998563594932349 0.44337369057276166 0.6681122286658339
v 0.5998563594932349 0.43456190013270957 0.663024664625776
v 0.678479119175621 0.44337369057276166 0.6681122286658339
v 0.678479119175621 0.43456190013270957 0.663024664625776
v 0.5998563594932349 0.44337369057276166 0.6477622600757442
v 0.5212337357653712 0.44337369057276166 0.6477622600757442
v 0.5998563594932349 0.45218549316366496 0.6528496810057784
v 0.5212337357653712 0.45218549316366496 0.6528496810057784
v 0.6761439915700372 0.43106272369552745 0.7620852987703012
v 0.6761439915700372 0.4310625832856929 0.6744702303391097
v 0.6622608355244881 0.43106272369552745 0.7620852987703012
v 0.6622608355244881 0.4310625832856929 0.6744702303391097
v 0.6761439915700372 0.4055911646321213 0.6744702303391097
v 0.6761439915700372 0.4055912928911046 0.7620852987703012
v 0.6622608355244881 0.4055911646321213 0.6744702303391097
v 0.6622608355244881 0.4055912928911046 0.7620852987703012
v 0.6761439915700372 0.4055912928911046 0.7620852987703012
v 0.6761439915700372 0.43106272369552745 0.7620852987703012
v 0.6622608355244881 0.4055912928911046 0.7620852987703012
v 0.6622608355244881 0.43106272369552745 0.7620852987703012
v 0.6761439915700372 0.4055911646321213 0.5835282646924123
v 0.6761439915700372 0.4055911646321213 0.634126302294305
v 0.6622608355244881 0.4055911646321213 0.5835282646924123
v 0.6622608355244881 0.4055911646321213 0.634126302294305
v 0.6761439915700372 0.372833819182108 0.6744702303391097
v 0.6761439915700372 0.4055911646321213 0.6744702303391097
v 0.6622608355244881 0.372833819182108 0.6744702303391097
v 0.6622608355244881 0.4055911646321213 0.6744702303391097
v 0.6761439915700372 0.4055911646321213 0.634126302294305
v 0.6761439915700372 0.372833819182108 0.634126302294305
v 0.6622608355244881 0.4055911646321213 0.634126302294305
v 0.6622608355244881 0.372833819182108 0.634126302294305
v 0.6761439915700372 0.372833819182108 0.634126302294305
v 0.6761439915700372 0.372833819182108 0.6744702303391097
v 0.6622608355244881 0.372833819182108 0.634126302294305
v 0.6622608355244881 0.372833819182108 0.6744702303391097
v 0.6612986244798889 0.608819153452977 0.6744701007300317
v 0.6612986244798889 0.608819153452977 0.5835281295479465
v 0.6474154684343397 0.608819153452977 0.6744701007300317
v 0.6474154684343397 0.608819153452977 0.5835281295479465
v 0.6207176198299093 0.46699198833116984 0.5786803472975385
v 0.6207176198299093 0.46699198833116984 0.61395386222856
v 0.6484399215384593 0.46699198833116984 0.5786803472975385
v 0.6484399215384593 0.46699198833116984 0.61395386222856
v 0.6207176198299093 0.4058962873533408 0.6139539908925717
v 0.6207176198299093 0.4058962873533408 0.5786803472975385
v 0.6484399215384593 0.4058962873533408 0.6139539908925717
v 0.6484399215384593 0.4058962873533408 0.5786803472975385
v 0.5998563594932349 0.44337369057276166 0.6100898973960917
v 0.5998563594932349 0.43456190013270957 0.6050024633701401
v 0.678479119175621 0.44337369057276166 0.6100898973960917
v 0.678479119175621 0.43456190013270957 0.6050024633701401
v 0.5998563594932349 0.44337369057276166 0.5897399169251698
v 0.5212337357653712 0.44337369057276166 0.5897399169251698
v 0.5998563594932349 0.45218549316366496 0.5948273444706673
v 0.5212337357653712 0.45218549316366496 0.5948273444706673
v 0.5998563594932349 0.5946067079935393 0.6681120990567558
v 0.5998563594932349 0.5857948919016905 0.663024664625776
v 0.678479119175621 0.5946067079935393 0.6681120990567558
v 0.678479119175621 0.5857948919016905 0.663024664625776
v 0.5998563594932349 0.5946067079935393 0.6477621183158151
v 0.5212337357653712 0.5946067079935393 0.6477621183158151
v 0.5998563594932349 0.6034183688245136 0.6528495392458493
v 0.5212337357653712 0.6034183688245136 0.6528495392458493
v 0.5998563594932349 0.5946065527326647 0.610089755771172
v 0.5998563594932349 0.5857947636427071 0.6050023347061283
v 0.678479119175621 0.5946065527326647 0.610089755771172
v 0.678479119175621 0.5857947636427071 0.6050023347061283
v 0.5998563594932349 0.5946065527326647 0.5897397817807041
v 0.5212337357653712 0.5946065527326647 0.5897397817807041
v 0.5998563594932349 0.6034183688245136 0.5948272091911923
v 0.5212337357653712 0.6034183688245136 0.5948272091911923
v 0.5789952344360356 0.4058962873533408 0.6719762060541816
v 0.551272936102722 0.4058962873533408 0.6719762060541816
v 0.5789952344360356 0.4058962873533408 0.6367025486881839
v 0.551272936102722 0.4058962873533408 0.6367025486881839
v 0.5789952344360356 0.46699198833116984 0.6367025486881839
v 0.551272936102722 0.46699198833116984 0.6367025486881839
v 0.5789952344360356 0.46699198833116984 0.6719762060541816
v 0.551272936102722 0.46699198833116984 0.6719762060541816
v 0.5213894022084653 0.42633199369862207 0.6677763318891566
v 0.5038580195695539 0.42633199369862207 0.6677763318891566
v 0.5213894022084653 0.42633185193869294 0.6480981568524213
v 0.5038580195695539 0.42633185193869294 0.6480981568524213
v 0.5213894022084653 0.44337369057276166 0.677615406581626
v 0.5038580195695539 0.44337369057276166 0.677615406581626
v 0.5213894022084653 0.42633199369862207 0.6677763318891566
v 0.5038580195695539 0.42633199369862207 0.6677763318891566
v 0.5235687247162434 0.43106272369552745 0.7620852987703012
v 0.5374520180664095 0.43106272369552745 0.7620852987703012
v 0.5235687247162434 0.4310625832856929 0.6744702303391097
v 0.5374520180664095 0.4310625832856929 0.6744702303391097
v 0.5235687247162434 0.4055911646321213 0.6744702303391097
v 0.5374520180664095 0.4055911646321213 0.6744702303391097
v 0.5235687247162434 0.4055912928911046 0.7620852987703012
v 0.5374520180664095 0.4055912928911046 0.7620852987703012
v 0.5235687247162434 0.4055912928911046 0.7620852987703012
v 0.5374520180664095 0.4055912928911046 0.7620852987703012
v 0.5235687247162434 0.43106272369552745 0.7620852987703012
v 0.5374520180664095 0.43106272369552745 0.7620852987703012
v 0.5235687247162434 0.4055911646321213 0.5835282646924123
v 0.5374520180664095 0.4055911646321213 0.5835282646924123
v 0.5235687247162434 0.4055911646321213 0.634126302294305
v 0.5374520180664095 0.4055911646321213 0.634126302294305
v 0.5235687247162434 0.372833819182108 0.6744702303391097
v 0.5374520180664095 0.372833819182108 0.6744702303391097
v 0.5235687247162434 0.4055911646321213 0.6744702303391097
v 0.5374520180664095 0.4055911646321213 0.6744702303391097
v 0.5235687247162434 0.4055911646321213 0.634126302294305
v 0.5374520180664095 0.4055911646321213 0.634126302294305
v 0.5235687247162434 0.372833819182108 0.634126302294305
v 0.5374520180664095 0.372833819182108 0.634126302294305
v 0.5235687247162434 0.372833819182108 0.634126302294305
v 0.5374520180664095 0.372833819182108 0.634126302294305
v 0.5235687247162434 0.372833819182108 0.6744702303391097
v 0.5374520180664095 0.372833819182108 0.6744702303391097
v 0.5384140951816281 0.608819153452977 0.6744701007300317
v 0.5522972533873286 0.608819153452977 0.6744701007300317
v 0.5384140951816281 0.608819153452977 0.5835281295479465
v 0.5522972533873286 0.608819153452977 0.5835281295479465
v 0.5789952344360356 0.46699198833116984 0.5786803472975385
v 0.551272936102722 0.46699198833116984 0.5786803472975385
v 0.5789952344360356 0.46699198833116984 0.61395386222856
v 0.551272936102722 0.46699198833116984 0.61395386222856
v 0.5789952344360356 0.4058962873533408 0.6139539908925717
v 0.551272936102722 0.4058962873533408 0.6139539908925717
v 0.5789952344360356 0.4058962873533408 0.5786803472975385
v 0.551272936102722 0.4058962873533408 0.5786803472975385
v 0.5213894022084653 0.42633185193869294 0.6097539883335539
v 0.5038580195695539 0.42633185193869294 0.6097539883335539
v 0.5213894022084653 0.42633185193869294 0.5900758195072535
v 0.5038580195695539 0.42633185193869294 0.5900758195072535
v 0.5213894022084653 0.44337369057276166 0.6195932046509428
v 0.5038580195695539 0.44337369057276166 0.6195930758519216
v 0.5213894022084653 0.42633185193869294 0.6097539883335539
v 0.5038580195695539 0.42633185193869294 0.6097539883335539
v 0.5213894022084653 0.5775648693594706 0.6677761901292276
v 0.5038580195695539 0.5775648693594706 0.6677761901292276
v 0.5213894022084653 0.5775648693594706 0.6480980272433433
v 0.5038580195695539 0.5775648693594706 0.6480980272433433
v 0.5213894022084653 0.5946067079935393 0.6776152783226426
v 0.5038580195695539 0.5946067079935393 0.6776152783226426
v 0.5213894022084653 0.5775648693594706 0.6677761901292276
v 0.5038580195695539 0.5775648693594706 0.6677761901292276
v 0.5213894022084653 0.5775648693594706 0.6097538467086343
v 0.5038580195695539 0.5775648693594706 0.6097538467086343
v 0.5213894022084653 0.5775647154486905 0.5900756843627879
v 0.5038580195695539 0.5775647154486905 0.5900756843627879
v 0.5213894022084653 0.5946065527326647 0.6195930758519216
v 0.5038580195695539 0.5946065527326647 0.6195930758519216
v 0.5213894022084653 0.5775648693594706 0.6097538467086343
v 0.5038580195695539 0.5775648693594706 0.6097538467086343
v 0.6149205781270496 0.4784991102559861 0.38667948280507825
v 0.5939608975168824 0.46981746623156984 0.42426922374778947
v 0.5939608975168824 0.46981746623156984 0.38667948280507825
v 0.6149205781270496 0.47849923986506415 0.42426922374778947
v 0.623602363911395 0.4994587856007846 0.38667948280507825
v 0.623602363911395 0.4994587856007846 0.42426922374778947
v 0.6149205781270496 0.5204184595954884 0.38667948280507825
v 0.6149205781270496 0.5204184595954884 0.42426922374778947
v 0.5939608975168824 0.5291002318788881 0.38667948280507825
v 0.5939608975168824 0.5291002318788881 0.42426922374778947
v 0.5730012232521597 0.5204184595954884 0.38667948280507825
v 0.5730012232521597 0.5204184595954884 0.42426922374778947
v 0.5643194376028238 0.4994587856007846 0.38667948280507825
v 0.5643194376028238 0.4994587856007846 0.42426922374778947
v 0.5730012232521597 0.4784991102559861 0.38667948280507825
v 0.5730012232521597 0.47849923986506415 0.42426922374778947
v 0.5939608975168824 0.46981746623156984 0.38667948280507825
v 0.5939608975168824 0.46981746623156984 0.42426922374778947
v 0.6149205781270496 0.47849923986506415 0.42426922374778947
v 0.5939608975168824 0.4800437588453207 0.428080540697727
v 0.5939608975168824 0.46981746623156984 0.42426922374778947
v 0.6076894692201293 0.48573035444238155 0.428080540697727
v 0.623602363911395 0.4994587856007846 0.42426922374778947
v 0.6076894692201293 0.48573035444238155 0.428080540697727
v 0.6133759424986229 0.4994587856007846 0.428080540697727
v 0.6149205781270496 0.5204184595954884 0.42426922374778947
v 0.6076894692201293 0.5131873436680764 0.428080540697727
v 0.5939608975168824 0.5291002318788881 0.42426922374778947
v 0.5939608975168824 0.5188739392651374 0.428080540697727
v 0.5730012232521597 0.5204184595954884 0.42426922374778947
v 0.5802323258136355 0.5131873436680764 0.428080540697727
v 0.5643194376028238 0.4994587856007846 0.42426922374778947
v 0.5745458654960498 0.4994587856007846 0.428080540697727
v 0.5730012232521597 0.47849923986506415 0.42426922374778947
v 0.5802323258136355 0.48573035444238155 0.428080540697727
v 0.5939608975168824 0.46981746623156984 0.42426922374778947
v 0.5939608975168824 0.4800437588453207 0.428080540697727
v 0.617513434464312 0.4759062414978539 0.4376296203435401
v 0.5939608975168824 0.46615047169017454 0.4705028047170725
v 0.5939608975168824 0.46615047169017454 0.4376296203435401
v 0.617513434464312 0.4759063697568373 0.4705028047170725
v 0.6272693592628471 0.4994587856007846 0.4376296203435401
v 0.6272693592628471 0.4994587856007846 0.4705028047170725
v 0.617513434464312 0.5230114566126041 0.4376296203435401
v 0.617513434464312 0.5230114566126041 0.4705028047170725
v 0.5939608975168824 0.532767227770378 0.4376296203435401
v 0.5939608975168824 0.5327673816811582 0.4705028047170725
v 0.5704082317704317 0.5230114566126041 0.4376296203435401
v 0.5704082317704317 0.5230114566126041 0.4705028047170725
v 0.5606524487318255 0.4994587856007846 0.4376296203435401
v 0.5606524487318255 0.4994587856007846 0.4705028047170725
v 0.5704082317704317 0.4759062414978539 0.4376296203435401
v 0.5704082317704317 0.4759063697568373 0.4705028047170725
v 0.5939608975168824 0.46615047169017454 0.4376296203435401
v 0.5939608975168824 0.46615047169017454 0.4705028047170725
v 0.5742796257682491 0.4797775201975957 0.48627879417630526
v 0.5939608975168824 0.4716252388004737 0.4705028047170725
v 0.5939608975168824 0.4716253684095517 0.48627892895624547
v 0.5742796257682491 0.4797775201975957 0.4705028047170725
v 0.566127216517172 0.49945891385976804 0.48627879417630526
v 0.566127216517172 0.4994587856007846 0.4705028047170725
v 0.5742796257682491 0.5191401792629569 0.48627879417630526
v 0.5742796257682491 0.5191401792629569 0.4705028047170725
v 0.5939608975168824 0.5272925889190623 0.48627879417630526
v 0.5939608975168824 0.5272925889190623 0.4705028047170725
v 0.6136421822264235 0.5191401792629569 0.48627879417630526
v 0.6136421822264235 0.5191401792629569 0.4705028047170725
v 0.621794449852581 0.49945891385976804 0.48627879417630526
v 0.621794449852581 0.4994587856007846 0.4705028047170725
v 0.6136421822264235 0.4797775201975957 0.48627879417630526
v 0.6136421822264235 0.4797775201975957 0.4705028047170725
v 0.5939608975168824 0.4716253684095517 0.48627892895624547
v 0.5939608975168824 0.4716252388004737 0.4705028047170725
v 0.5939608975168824 0.5291002318788881 0.38667948280507825
v 0.6149205781270496 0.5204184595954884 0.38667948280507825
v 0.623602363911395 0.4994587856007846 0.38667948280507825
v 0.5643194376028238 0.4994587856007846 0.38667948280507825
v 0.6149205781270496 0.4784991102559861 0.38667948280507825
v 0.5730012232521597 0.4784991102559861 0.38667948280507825
v 0.5939608975168824 0.46981746623156984 0.38667948280507825
v 0.656227940672146 0.5310107506942818 0.7729636843575505
v 0.6334337519754821 0.5150796564582949 0.766364833914892
v 0.656227940672146 0.5150796564582949 0.766364833914892
v 0.6334337519754821 0.5310107506942818 0.7729636843575505
v 0.656227940672146 0.5469418705820656 0.766364833914892
v 0.6334337519754821 0.5469418705820656 0.766364833914892
v 0.656227940672146 0.5535407223748186 0.7504337140271082
v 0.6334337519754821 0.5535407223748186 0.7504337140271082
v 0.656227940672146 0.5469418705820656 0.7345025941393246
v 0.6334337519754821 0.5469418705820656 0.7345025941393246
v 0.656227940672146 0.5310107506942818 0.7279037436966662
v 0.6334337519754821 0.5310107506942818 0.7279037436966662
v 0.656227940672146 0.5150796564582949 0.7345025941393246
v 0.6334337519754821 0.5150796564582949 0.7345025941393246
v 0.656227940672146 0.5084807803638397 0.7504337140271082
v 0.6334337519754821 0.5084807803638397 0.7504337140271082
v 0.656227940672146 0.5150796564582949 0.766364833914892
v 0.6334337519754821 0.5150796564582949 0.766364833914892
v 0.6189229418281671 0.7282345962765984 0.772604020516195
v 0.5943656582968901 0.7228528412309936 0.7587258476696759
v 0.5696290899032521 0.7282345962765984 0.772604020516195
v 0.5735301877365675 0.7135461169250854 0.8054246870213029
v 0.6215156565405099 0.7135461169250854 0.8054246870213029
v 0.5970919049219937 0.7031818500474254 0.8213613179950907
v 0.6064838390961195 0.6214106510789748 0.7194869733743722
v 0.6064838390961195 0.6535407523159313 0.7237126370457301
v 0.6067354907821534 0.6538741001140744 0.7597388155193523
v 0.6064838390961195 0.5873606046663892 0.7257126671306176
v 0.6064838390961195 0.5873604764074057 0.6960381300347871
v 0.5800684271689466 0.6218410787767291 0.7194869733743722
v 0.5800684271689466 0.5877908784533634 0.6960381300347871
v 0.5800684271689466 0.5877908784533634 0.7257126671306176
v 0.5800736932127876 0.6541853009610143 0.7597388155193523
v 0.5800684271689466 0.6539711557119834 0.7237126370457301
v 0.6484399215384593 0.4364441965713688 0.6896130205611877
v 0.6207176198299093 0.4058962873533408 0.6719762060541816
v 0.6484399215384593 0.4058962873533408 0.6719762060541816
v 0.6207176198299093 0.4364441965713688 0.6896130205611877
v 0.6484399215384593 0.46699198833116984 0.6719762060541816
v 0.6207176198299093 0.46699198833116984 0.6719762060541816
v 0.678479119175621 0.44337369057276166 0.6477622600757442
v 0.678479119175621 0.45218549316366496 0.6528496810057784
v 0.678479119175621 0.43456190013270957 0.6528496810057784
v 0.5998563594932349 0.44337369057276166 0.6477622600757442
v 0.5998563594932349 0.43456190013270957 0.6528496810057784
v 0.678479119175621 0.43456190013270957 0.6528496810057784
v 0.678479119175621 0.43456190013270957 0.663024664625776
v 0.5998563594932349 0.43456190013270957 0.663024664625776
v 0.678479119175621 0.45218549316366496 0.663024664625776
v 0.678479119175621 0.44337369057276166 0.6681122286658339
v 0.678479119175621 0.45218549316366496 0.6528496810057784
v 0.5212337357653712 0.43456190013270957 0.6528498106148564
v 0.5212337357653712 0.44337369057276166 0.6477622600757442
v 0.5212337357653712 0.43456190013270957 0.663024664625776
v 0.5212337357653712 0.44337369057276166 0.6681122286658339
v 0.5212337357653712 0.43456190013270957 0.663024664625776
v 0.5998563594932349 0.44337369057276166 0.6681122286658339
v 0.5212337357653712 0.45218549316366496 0.663024664625776
v 0.6958547025356343 0.42633185193869294 0.6480981568524213
v 0.6783234532725647 0.44337369057276166 0.638258940400023
v 0.6958547025356343 0.44337369057276166 0.638258940400023
v 0.6783234532725647 0.42633185193869294 0.6480981568524213
v 0.6958547025356343 0.42633199369862207 0.6677763318891566
v 0.6783234532725647 0.42633199369862207 0.6677763318891566
v 0.6474154684343397 0.5811261312452038 0.6744701007300317
v 0.6612986244798889 0.608819153452977 0.6744701007300317
v 0.6474154684343397 0.608819153452977 0.6744701007300317
v 0.6612986244798889 0.5811261312452038 0.6744701007300317
v 0.6565620863761756 0.5201086236941511 0.6744702303391097
v 0.6704452410716302 0.5201086236941511 0.6744702303391097
v 0.6618541897424521 0.4571574715579436 0.6744702303391097
v 0.647971033696903 0.4571574715579436 0.6744702303391097
v 0.6622608355244881 0.4310625832856929 0.6744702303391097
v 0.6761439915700372 0.4310625832856929 0.6744702303391097
v 0.6484399215384593 0.4364441965713688 0.6315908193055518
v 0.6207176198299093 0.4058962873533408 0.6139539908925717
v 0.6484399215384593 0.4058962873533408 0.6139539908925717
v 0.6207176198299093 0.4364441965713688 0.6315908193055518
v 0.6484399215384593 0.46699198833116984 0.61395386222856
v 0.6207176198299093 0.46699198833116984 0.61395386222856
v 0.6484399215384593 0.43644406696229077 0.561043519019568
v 0.6207176198299093 0.46699198833116984 0.5786803472975385
v 0.6484399215384593 0.46699198833116984 0.5786803472975385
v 0.6207176198299093 0.43644406696229077 0.561043519019568
v 0.6484399215384593 0.4058962873533408 0.5786803472975385
v 0.6207176198299093 0.4058962873533408 0.5786803472975385
v 0.678479119175621 0.44337369057276166 0.5897399169251698
v 0.678479119175621 0.45218549316366496 0.5948273444706673
v 0.678479119175621 0.43456190013270957 0.5948273444706673
v 0.5998563594932349 0.44337369057276166 0.5897399169251698
v 0.5998563594932349 0.43456190013270957 0.594827479615133
v 0.678479119175621 0.43456190013270957 0.5948273444706673
v 0.678479119175621 0.43456190013270957 0.6050024633701401
v 0.5998563594932349 0.43456190013270957 0.6050024633701401
v 0.678479119175621 0.45218549316366496 0.6050023347061283
v 0.5998563594932349 0.44337369057276166 0.6100898973960917
v 0.678479119175621 0.44337369057276166 0.6100898973960917
v 0.5998563594932349 0.45218549316366496 0.6050023347061283
v 0.678479119175621 0.45218549316366496 0.5948273444706673
v 0.5212337357653712 0.43456190013270957 0.594827479615133
v 0.5212337357653712 0.44337369057276166 0.5897399169251698
v 0.5212337357653712 0.43456190013270957 0.6050024633701401
v 0.5212337357653712 0.44337369057276166 0.6100898973960917
v 0.5212337357653712 0.43456190013270957 0.6050024633701401
v 0.5998563594932349 0.44337369057276166 0.6100898973960917
v 0.5212337357653712 0.45218549316366496 0.6050024633701401
v 0.6958547025356343 0.42633185193869294 0.5900758195072535
v 0.6783234532725647 0.44337369057276166 0.5802366031898647
v 0.6958547025356343 0.44337369057276166 0.5802367319888859
v 0.6783234532725647 0.42633185193869294 0.5900758195072535
v 0.6958547025356343 0.42633185193869294 0.6097539883335539
v 0.6783234532725647 0.42633185193869294 0.6097539883335539
v 0.678479119175621 0.5946067079935393 0.6477621183158151
v 0.678479119175621 0.6034183688245136 0.6528495392458493
v 0.678479119175621 0.5857948919016905 0.6528495392458493
v 0.678479119175621 0.5857948919016905 0.6528495392458493
v 0.678479119175621 0.5857948919016905 0.663024664625776
v 0.678479119175621 0.6034183688245136 0.6630245363667926
v 0.5998563594932349 0.5946067079935393 0.6681120990567558
v 0.678479119175621 0.5946067079935393 0.6681120990567558
v 0.5998563594932349 0.6034183688245136 0.6630245363667926
v 0.678479119175621 0.6034183688245136 0.6528495392458493
v 0.5212337357653712 0.5946067079935393 0.6681120990567558
v 0.5212337357653712 0.5857948919016905 0.663024664625776
v 0.5998563594932349 0.5946067079935393 0.6681120990567558
v 0.5212337357653712 0.6034183688245136 0.663024664625776
v 0.6958547025356343 0.5775648693594706 0.6480980272433433
v 0.6783234532725647 0.5946067079935393 0.6382587986400939
v 0.6958547025356343 0.5946067079935393 0.638258940400023
v 0.6783234532725647 0.5775648693594706 0.6480980272433433
v 0.6958547025356343 0.5775648693594706 0.6677761901292276
v 0.6783234532725647 0.5775648693594706 0.6677761901292276
v 0.678479119175621 0.5946065527326647 0.5897397817807041
v 0.678479119175621 0.6034183688245136 0.5948272091911923
v 0.678479119175621 0.5857947636427071 0.5948273444706673
v 0.5998563594932349 0.5946065527326647 0.5897397817807041
v 0.678479119175621 0.5857947636427071 0.5948273444706673
v 0.678479119175621 0.5857947636427071 0.6050023347061283
v 0.678479119175621 0.6034183688245136 0.6050021930812086
v 0.678479119175621 0.5946065527326647 0.610089755771172
v 0.5998563594932349 0.6034183688245136 0.6050021930812086
v 0.678479119175621 0.6034183688245136 0.5948272091911923
v 0.5212337357653712 0.5946065527326647 0.610089755771172
v 0.5212337357653712 0.5857947636427071 0.6050023347061283
v 0.5998563594932349 0.5946065527326647 0.610089755771172
v 0.5212337357653712 0.6034183688245136 0.6050023347061283
v 0.6958547025356343 0.5775647154486905 0.5900756843627879
v 0.6783234532725647 0.5946065527326647 0.5802366031898647
v 0.6958547025356343 0.5946065527326647 0.5802366031898647
v 0.6783234532725647 0.5775647154486905 0.5900756843627879
v 0.6958547025356343 0.5775648693594706 0.6097538467086343
v 0.6783234532725647 0.5775648693594706 0.6097538467086343
v 0.551272936102722 0.43644406696229077 0.6190657209502511
v 0.551272936102722 0.46699198833116984 0.6367025486881839
v 0.5789952344360356 0.46699198833116984 0.6367025486881839
v 0.5789952344360356 0.43644406696229077 0.6190657209502511
v 0.551272936102722 0.4058962873533408 0.6367025486881839
v 0.5789952344360356 0.4058962873533408 0.6367025486881839
v 0.551272936102722 0.4364441965713688 0.6896130205611877
v 0.551272936102722 0.4058962873533408 0.6719762060541816
v 0.5789952344360356 0.4058962873533408 0.6719762060541816
v 0.5789952344360356 0.4364441965713688 0.6896130205611877
v 0.551272936102722 0.46699198833116984 0.6719762060541816
v 0.5789952344360356 0.46699198833116984 0.6719762060541816
v 0.5038580195695539 0.4604155413576816 0.6677761901292276
v 0.5038580195695539 0.44337369057276166 0.677615406581626
v 0.5213894022084653 0.44337369057276166 0.677615406581626
v 0.5213894022084653 0.4604155413576816 0.6677761901292276
v 0.5038580195695539 0.4604155413576816 0.6480980272433433
v 0.5213894022084653 0.4604155413576816 0.6480980272433433
v 0.5038580195695539 0.44337369057276166 0.638258940400023
v 0.5213894022084653 0.4604155413576816 0.6480980272433433
v 0.5213894022084653 0.44337369057276166 0.6382590686590064
v 0.5038580195695539 0.44337369057276166 0.638258940400023
v 0.5038580195695539 0.42633185193869294 0.6480981568524213
v 0.5213894022084653 0.42633185193869294 0.6480981568524213
v 0.5522972533873286 0.5811261312452038 0.6744701007300317
v 0.5522972533873286 0.608819153452977 0.6744701007300317
v 0.5384140951816281 0.608819153452977 0.6744701007300317
v 0.5384140951816281 0.5811261312452038 0.6744701007300317
v 0.5431507681597882 0.5201086236941511 0.6744702303391097
v 0.529267474809622 0.5201086236941511 0.6744702303391097
v 0.5378585332943012 0.4571574715579436 0.6744702303391097
v 0.5517418234042405 0.4571574715579436 0.6744702303391097
v 0.5374520180664095 0.4310625832856929 0.6744702303391097
v 0.5235687247162434 0.4310625832856929 0.6744702303391097
v 0.5038580195695539 0.4604155413576816 0.6097539883335539
v 0.5038580195695539 0.44337369057276166 0.6195930758519216
v 0.5213894022084653 0.44337369057276166 0.6195932046509428
v 0.5213894022084653 0.4604155413576816 0.6097539883335539
v 0.5038580195695539 0.4604155413576816 0.5900758195072535
v 0.5213894022084653 0.4604155413576816 0.5900758195072535
v 0.5038580195695539 0.44337369057276166 0.5802367319888859
v 0.5213894022084653 0.4604155413576816 0.5900758195072535
v 0.5213894022084653 0.44337369057276166 0.5802367319888859
v 0.5038580195695539 0.44337369057276166 0.5802367319888859
v 0.5038580195695539 0.42633185193869294 0.5900758195072535
v 0.5213894022084653 0.42633185193869294 0.5900758195072535
v 0.5038580195695539 0.6116483913667334 0.6677761901292276
v 0.5038580195695539 0.5946067079935393 0.6776152783226426
v 0.5213894022084653 0.5946067079935393 0.6776152783226426
v 0.5213894022084653 0.6116483913667334 0.6677761901292276
v 0.5038580195695539 0.6116483913667334 0.6480980272433433
v 0.5213894022084653 0.6116483913667334 0.6480980272433433
v 0.5038580195695539 0.5946067079935393 0.638258940400023
v 0.5213894022084653 0.6116483913667334 0.6480980272433433
v 0.5213894022084653 0.5946067079935393 0.638258940400023
v 0.5038580195695539 0.5946067079935393 0.638258940400023
v 0.5038580195695539 0.5775648693594706 0.6480980272433433
v 0.5213894022084653 0.5775648693594706 0.6480980272433433
v 0.5038580195695539 0.6116483913667334 0.6097538467086343
v 0.5038580195695539 0.5946065527326647 0.6195930758519216
v 0.5213894022084653 0.5946065527326647 0.6195930758519216
v 0.5213894022084653 0.6116483913667334 0.6097538467086343
v 0.5038580195695539 0.6116483913667334 0.5900756843627879
v 0.5213894022084653 0.6116483913667334 0.5900756843627879
v 0.5038580195695539 0.5946065527326647 0.5802366031898647
v 0.5213894022084653 0.6116483913667334 0.5900756843627879
v 0.5213894022084653 0.5946065527326647 0.5802366031898647
v 0.5038580195695539 0.5946065527326647 0.5802366031898647
v 0.5038580195695539 0.5775647154486905 0.5900756843627879
v 0.5213894022084653 0.5775647154486905 0.5900756843627879
v 0.5946143423400663 0.46129674132815246 0.4946770572268242
v 0.5691191620221945 0.4668996202615818 0.48814975514001213
v 0.6192759881810245 0.4668996202615818 0.48814975514001213
v 0.5585013380700444 0.4947657151416055 0.48369201265703166
v 0.6298939407971863 0.4959611023681887 0.48369201265703166
v 0.5691191620221945 0.5247436252361024 0.48369201265703166
v 0.6192759881810245 0.5247436252361024 0.48369201265703166
v 0.5942889718456645 0.535745125946506 0.486579730132778
v 0.5800684271689466 0.6539711557119834 0.7237126370457301
v 0.6064838390961195 0.6535407523159313 0.7237126370457301
v 0.5800684271689466 0.6218410787767291 0.7194869733743722
v 0.6064838390961195 0.6214106510789748 0.7194869733743722
v 0.5800684271689466 0.5877908784533634 0.6960381300347871
v 0.6064838390961195 0.5873604764074057 0.6960381300347871
v 0.6474154684343397 0.608819153452977 0.5835281295479465
v 0.6474154684343397 0.5811261312452038 0.6744701007300317
v 0.6474154684343397 0.608819153452977 0.6744701007300317
v 0.6474154684343397 0.5811260016361258 0.5835282646924123
v 0.6565620863761756 0.5201086236941511 0.6744702303391097
v 0.6565620863761756 0.5201086236941511 0.5835282646924123
v 0.647971033696903 0.4571574715579436 0.6744702303391097
v 0.647971033696903 0.4571574715579436 0.5835282646924123
v 0.6622608355244881 0.4310625832856929 0.5835282646924123
v 0.6622608355244881 0.4310625832856929 0.6744702303391097
v 0.6622608355244881 0.4055911646321213 0.5835282646924123
v 0.6622608355244881 0.4055911646321213 0.634126302294305
v 0.6622608355244881 0.43106272369552745 0.7620852987703012
v 0.6622608355244881 0.4055912928911046 0.7620852987703012
v 0.6622608355244881 0.4055911646321213 0.6744702303391097
v 0.6622608355244881 0.372833819182108 0.634126302294305
v 0.6622608355244881 0.372833819182108 0.6744702303391097
v 0.5522972533873286 0.608819153452977 0.5835281295479465
v 0.5522972533873286 0.608819153452977 0.6744701007300317
v 0.5522972533873286 0.5811261312452038 0.6744701007300317
v 0.5522972533873286 0.5811260016361258 0.5835282646924123
v 0.5431507681597882 0.5201086236941511 0.6744702303391097
v 0.5431507681597882 0.5201086236941511 0.5835282646924123
v 0.5517418234042405 0.4571574715579436 0.6744702303391097
v 0.5517418234042405 0.4571574715579436 0.5835282646924123
v 0.5374520180664095 0.4310625832856929 0.5835282646924123
v 0.5374520180664095 0.4310625832856929 0.6744702303391097
v 0.5374520180664095 0.4055911646321213 0.5835282646924123
v 0.5374520180664095 0.4055911646321213 0.634126302294305
v 0.5374520180664095 0.43106272369552745 0.7620852987703012
v 0.5374520180664095 0.4055912928911046 0.7620852987703012
v 0.5374520180664095 0.4055911646321213 0.6744702303391097
v 0.5374520180664095 0.372833819182108 0.634126302294305
v 0.5374520180664095 0.372833819182108 0.6744702303391097
v 0.6207176198299093 0.4058962873533408 0.6367025486881839
v 0.6207176198299093 0.4058962873533408 0.6719762060541816
v 0.6207176198299093 0.43644406696229077 0.6190657209502511
v 0.6207176198299093 0.4364441965713688 0.6896130205611877
v 0.6207176198299093 0.46699198833116984 0.6719762060541816
v 0.6207176198299093 0.46699198833116984 0.6367025486881839
v 0.6484399215384593 0.4058962873533408 0.6719762060541816
v 0.6484399215384593 0.4058962873533408 0.6367025486881839
v 0.6484399215384593 0.43644406696229077 0.6190657209502511
v 0.6484399215384593 0.4364441965713688 0.6896130205611877
v 0.6484399215384593 0.46699198833116984 0.6719762060541816
v 0.6484399215384593 0.46699198833116984 0.6367025486881839
v 0.6783234532725647 0.42633185193869294 0.6480981568524213
v 0.6783234532725647 0.42633199369862207 0.6677763318891566
v 0.6783234532725647 0.44337369057276166 0.638258940400023
v 0.6783234532725647 0.44337369057276166 0.6776152783226426
v 0.6783234532725647 0.4604155413576816 0.6677761901292276
v 0.6783234532725647 0.4604155413576816 0.6480980272433433
v 0.6958547025356343 0.42633199369862207 0.6677763318891566
v 0.6958547025356343 0.42633185193869294 0.6480981568524213
v 0.6958547025356343 0.44337369057276166 0.638258940400023
v 0.6958547025356343 0.44337369057276166 0.677615406581626
v 0.6958547025356343 0.4604155413576816 0.6677761901292276
v 0.6958547025356343 0.4604155413576816 0.6480980272433433
v 0.6612986244798889 0.608819153452977 0.6744701007300317
v 0.6612986244798889 0.5811260016361258 0.5835282646924123
v 0.6612986244798889 0.608819153452977 0.5835281295479465
v 0.6612986244798889 0.5811261312452038 0.6744701007300317
v 0.6704452410716302 0.5201086236941511 0.6744702303391097
v 0.6704452410716302 0.5201086236941511 0.5835282646924123
v 0.6618541897424521 0.4571574715579436 0.6744702303391097
v 0.6618541897424521 0.4571574715579436 0.5835282646924123
v 0.6761439915700372 0.4310625832856929 0.5835282646924123
v 0.6761439915700372 0.4310625832856929 0.6744702303391097
v 0.6761439915700372 0.4055911646321213 0.634126302294305
v 0.6761439915700372 0.4055911646321213 0.5835282646924123
v 0.6761439915700372 0.4055911646321213 0.6744702303391097
v 0.6761439915700372 0.372833819182108 0.634126302294305
v 0.6761439915700372 0.372833819182108 0.6744702303391097
v 0.6761439915700372 0.43106272369552745 0.7620852987703012
v 0.6761439915700372 0.4055912928911046 0.7620852987703012
v 0.6622608355244881 0.4310625832856929 0.5835282646924123
v 0.6761439915700372 0.4055911646321213 0.5835282646924123
v 0.6622608355244881 0.4055911646321213 0.5835282646924123
v 0.6761439915700372 0.4310625832856929 0.5835282646924123
v 0.6618541897424521 0.4571574715579436 0.5835282646924123
v 0.647971033696903 0.4571574715579436 0.5835282646924123
v 0.6565620863761756 0.5201086236941511 0.5835282646924123
v 0.6704452410716302 0.5201086236941511 0.5835282646924123
v 0.6612986244798889 0.5811260016361258 0.5835282646924123
v 0.6474154684343397 0.5811260016361258 0.5835282646924123
v 0.6474154684343397 0.608819153452977 0.5835281295479465
v 0.6612986244798889 0.608819153452977 0.5835281295479465
v 0.6207176198299093 0.46699198833116984 0.61395386222856
v 0.6207176198299093 0.46699198833116984 0.5786803472975385
v 0.6207176198299093 0.4364441965713688 0.6315908193055518
v 0.6207176198299093 0.43644406696229077 0.561043519019568
v 0.6207176198299093 0.4058962873533408 0.5786803472975385
v 0.6207176198299093 0.4058962873533408 0.6139539908925717
v 0.6484399215384593 0.46699198833116984 0.5786803472975385
v 0.6484399215384593 0.46699198833116984 0.61395386222856
v 0.6484399215384593 0.4364441965713688 0.6315908193055518
v 0.6484399215384593 0.43644406696229077 0.561043519019568
v 0.6484399215384593 0.4058962873533408 0.5786803472975385
v 0.6484399215384593 0.4058962873533408 0.6139539908925717
v 0.6783234532725647 0.42633185193869294 0.5900758195072535
v 0.6783234532725647 0.42633185193869294 0.6097539883335539
v 0.6783234532725647 0.44337369057276166 0.5802366031898647
v 0.6783234532725647 0.44337369057276166 0.6195930758519216
v 0.6783234532725647 0.4604155413576816 0.6097539883335539
v 0.6783234532725647 0.4604155413576816 0.5900758195072535
v 0.6958547025356343 0.42633185193869294 0.6097539883335539
v 0.6958547025356343 0.42633185193869294 0.5900758195072535
v 0.6958547025356343 0.44337369057276166 0.5802367319888859
v 0.6958547025356343 0.44337369057276166 0.6195930758519216
v 0.6958547025356343 0.4604155413576816 0.6097539883335539
v 0.6958547025356343 0.4604155413576816 0.5900758195072535
v 0.6783234532725647 0.5775648693594706 0.6480980272433433
v 0.6783234532725647 0.5775648693594706 0.6677761901292276
v 0.6783234532725647 0.5946067079935393 0.6382587986400939
v 0.6783234532725647 0.5946067079935393 0.6776152783226426
v 0.6783234532725647 0.6116483913667334 0.6677761901292276
v 0.6783234532725647 0.6116483913667334 0.6480980272433433
v 0.6958547025356343 0.5775648693594706 0.6677761901292276
v 0.6958547025356343 0.5775648693594706 0.6480980272433433
v 0.6958547025356343 0.5946067079935393 0.638258940400023
v 0.6958547025356343 0.5946067079935393 0.6776152783226426
v 0.6958547025356343 0.6116483913667334 0.6677761901292276
v 0.6958547025356343 0.6116483913667334 0.6480980272433433
v 0.6783234532725647 0.5775647154486905 0.5900756843627879
v 0.6783234532725647 0.5775648693594706 0.6097538467086343
v 0.6783234532725647 0.5946065527326647 0.5802366031898647
v 0.6783234532725647 0.5946065527326647 0.6195929342270019
v 0.6783234532725647 0.6116483913667334 0.6097538467086343
v 0.6783234532725647 0.6116483913667334 0.5900756843627879
v 0.6958547025356343 0.5775648693594706 0.6097538467086343
v 0.6958547025356343 0.5775647154486905 0.5900756843627879
v 0.6958547025356343 0.5946065527326647 0.5802366031898647
v 0.6958547025356343 0.5946065527326647 0.6195930758519216
v 0.6958547025356343 0.6116483913667334 0.6097538467086343
v 0.6958547025356343 0.6116483913667334 0.5900756843627879
v 0.5789952344360356 0.4058962873533408 0.6367025486881839
v 0.5789952344360356 0.43644406696229077 0.6190657209502511
v 0.5789952344360356 0.4058962873533408 0.6719762060541816
v 0.5789952344360356 0.4364441965713688 0.6896130205611877
v 0.5789952344360356 0.46699198833116984 0.6719762060541816
v 0.5789952344360356 0.46699198833116984 0.6367025486881839
v 0.551272936102722 0.4058962873533408 0.6719762060541816
v 0.551272936102722 0.43644406696229077 0.6190657209502511
v 0.551272936102722 0.4058962873533408 0.6367025486881839
v 0.551272936102722 0.4364441965713688 0.6896130205611877
v 0.551272936102722 0.46699198833116984 0.6719762060541816
v 0.551272936102722 0.46699198833116984 0.6367025486881839
v 0.5213894022084653 0.42633185193869294 0.6480981568524213
v 0.5213894022084653 0.44337369057276166 0.6382590686590064
v 0.5213894022084653 0.42633199369862207 0.6677763318891566
v 0.5213894022084653 0.44337369057276166 0.677615406581626
v 0.5213894022084653 0.4604155413576816 0.6677761901292276
v 0.5213894022084653 0.4604155413576816 0.6480980272433433
v 0.5038580195695539 0.42633199369862207 0.6677763318891566
v 0.5038580195695539 0.44337369057276166 0.638258940400023
v 0.5038580195695539 0.42633185193869294 0.6480981568524213
v 0.5038580195695539 0.44337369057276166 0.677615406581626
v 0.5038580195695539 0.4604155413576816 0.6677761901292276
v 0.5038580195695539 0.4604155413576816 0.6480980272433433
v 0.5384140951816281 0.608819153452977 0.6744701007300317
v 0.5384140951816281 0.608819153452977 0.5835281295479465
v 0.5384140951816281 0.5811260016361258 0.5835282646924123
v 0.5384140951816281 0.5811261312452038 0.6744701007300317
v 0.529267474809622 0.5201086236941511 0.6744702303391097
v 0.529267474809622 0.5201086236941511 0.5835282646924123
v 0.5378585332943012 0.4571574715579436 0.6744702303391097
v 0.5378585332943012 0.4571574715579436 0.5835282646924123
v 0.5235687247162434 0.4310625832856929 0.5835282646924123
v 0.5235687247162434 0.4310625832856929 0.6744702303391097
v 0.5235687247162434 0.4055911646321213 0.5835282646924123
v 0.5235687247162434 0.4055911646321213 0.634126302294305
v 0.5235687247162434 0.4055911646321213 0.6744702303391097
v 0.5235687247162434 0.43106272369552745 0.7620852987703012
v 0.5235687247162434 0.4055912928911046 0.7620852987703012
v 0.5235687247162434 0.372833819182108 0.634126302294305
v 0.5235687247162434 0.372833819182108 0.6744702303391097
v 0.5374520180664095 0.4310625832856929 0.5835282646924123
v 0.5374520180664095 0.4055911646321213 0.5835282646924123
v 0.5235687247162434 0.4055911646321213 0.5835282646924123
v 0.5235687247162434 0.4310625832856929 0.5835282646924123
v 0.5378585332943012 0.4571574715579436 0.5835282646924123
v 0.5517418234042405 0.4571574715579436 0.5835282646924123
v 0.5431507681597882 0.5201086236941511 0.5835282646924123
v 0.529267474809622 0.5201086236941511 0.5835282646924123
v 0.5384140951816281 0.5811260016361258 0.5835282646924123
v 0.5522972533873286 0.5811260016361258 0.5835282646924123
v 0.5522972533873286 0.608819153452977 0.5835281295479465
v 0.5384140951816281 0.608819153452977 0.5835281295479465
v 0.5789952344360356 0.46699198833116984 0.61395386222856
v 0.5789952344360356 0.4364441965713688 0.6315908193055518
v 0.5789952344360356 0.46699198833116984 0.5786803472975385
v 0.5789952344360356 0.43644406696229077 0.561043519019568
v 0.5789952344360356 0.4058962873533408 0.5786803472975385
v 0.5789952344360356 0.4058962873533408 0.6139539908925717
v 0.551272936102722 0.46699198833116984 0.5786803472975385
v 0.551272936102722 0.4364441965713688 0.6315908193055518
v 0.551272936102722 0.46699198833116984 0.61395386222856
v 0.551272936102722 0.43644406696229077 0.561043519019568
v 0.551272936102722 0.4058962873533408 0.5786803472975385
v 0.551272936102722 0.4058962873533408 0.6139539908925717
v 0.5213894022084653 0.42633185193869294 0.5900758195072535
v 0.5213894022084653 0.44337369057276166 0.5802367319888859
v 0.5213894022084653 0.42633185193869294 0.6097539883335539
v 0.5213894022084653 0.44337369057276166 0.6195932046509428
v 0.5213894022084653 0.4604155413576816 0.6097539883335539
v 0.5213894022084653 0.4604155413576816 0.5900758195072535
v 0.5038580195695539 0.42633185193869294 0.6097539883335539
v 0.5038580195695539 0.44337369057276166 0.5802367319888859
v 0.5038580195695539 0.42633185193869294 0.5900758195072535
v 0.5038580195695539 0.44337369057276166 0.6195930758519216
v 0.5038580195695539 0.4604155413576816 0.6097539883335539
v 0.5038580195695539 0.4604155413576816 0.5900758195072535
v 0.5213894022084653 0.5775648693594706 0.6480980272433433
v 0.5213894022084653 0.5946067079935393 0.638258940400023
v 0.5213894022084653 0.5775648693594706 0.6677761901292276
v 0.5213894022084653 0.5946067079935393 0.6776152783226426
v 0.5213894022084653 0.6116483913667334 0.6677761901292276
v 0.5213894022084653 0.6116483913667334 0.6480980272433433
v 0.5038580195695539 0.5775648693594706 0.6677761901292276
v 0.5038580195695539 0.5946067079935393 0.638258940400023
v 0.5038580195695539 0.5775648693594706 0.6480980272433433
v 0.5038580195695539 0.5946067079935393 0.6776152783226426
v 0.5038580195695539 0.6116483913667334 0.6677761901292276
v 0.5038580195695539 0.6116483913667334 0.6480980272433433
v 0.5213894022084653 0.5775647154486905 0.5900756843627879
v 0.5213894022084653 0.5946065527326647 0.5802366031898647
v 0.5213894022084653 0.5775648693594706 0.6097538467086343
v 0.5213894022084653 0.5946065527326647 0.6195930758519216
v 0.5213894022084653 0.6116483913667334 0.6097538467086343
v 0.5213894022084653 0.6116483913667334 0.5900756843627879
v 0.5038580195695539 0.5775648693594706 0.6097538467086343
v 0.5038580195695539 0.5946065527326647 0.5802366031898647
v 0.5038580195695539 0.5775647154486905 0.5900756843627879
v 0.5038580195695539 0.5946065527326647 0.6195930758519216
v 0.5038580195695539 0.6116483913667334 0.6097538467086343
v 0.5038580195695539 0.6116483913667334 0.5900756843627879
v 0.656227940672146 0.5150796564582949 0.766364833914892
v 0.656227940672146 0.5084807803638397 0.7504337140271082
v 0.656227940672146 0.5310107506942818 0.7729636843575505
v 0.656227940672146 0.5150796564582949 0.7345025941393246
v 0.656227940672146 0.5310107506942818 0.7279037436966662
v 0.656227940672146 0.5469418705820656 0.7345025941393246
v 0.656227940672146 0.5535407223748186 0.7504337140271082
v 0.656227940672146 0.5469418705820656 0.766364833914892
v 0.5939608975168824 0.46615047169017454 0.4376296203435401
v 0.5704082317704317 0.4759062414978539 0.4376296203435401
v 0.5939608975168824 0.4731605663369487 0.43586910108432375
v 0.5939608975168824 0.4800437588453207 0.428080540697727
v 0.5802323258136355 0.48573035444238155 0.428080540697727
v 0.5753651016614897 0.4808631312353019 0.43586910108432375
v 0.5606524487318255 0.4994587856007846 0.4376296203435401
v 0.5745458654960498 0.4994587856007846 0.428080540697727
v 0.5676625432435903 0.4994587856007846 0.43586910108432375
v 0.5704082317704317 0.5230114566126041 0.4376296203435401
v 0.5802323258136355 0.5131873436680764 0.428080540697727
v 0.5753651016614897 0.5180545682252506 0.43586910108432375
v 0.5939608975168824 0.5188739392651374 0.428080540697727
v 0.5939608975168824 0.532767227770378 0.4376296203435401
v 0.5939608975168824 0.5257572613825873 0.43586910108432375
v 0.5939608975168824 0.5188739392651374 0.428080540697727
v 0.617513434464312 0.5230114566126041 0.4376296203435401
v 0.6076894692201293 0.5131873436680764 0.428080540697727
v 0.6125566998527291 0.5180545682252506 0.43586910108432375
v 0.6272693592628471 0.4994587856007846 0.4376296203435401
v 0.6133759424986229 0.4994587856007846 0.428080540697727
v 0.6202592647510824 0.4994587856007846 0.43586910108432375
v 0.617513434464312 0.4759062414978539 0.4376296203435401
v 0.6076894692201293 0.48573035444238155 0.428080540697727
v 0.6125566998527291 0.4808631312353019 0.43586910108432375
v 0.5939608975168824 0.46615047169017454 0.4376296203435401
v 0.5939608975168824 0.4800437588453207 0.428080540697727
v 0.5939608975168824 0.4731605663369487 0.43586910108432375
v 0.5704082317704317 0.5230114566126041 0.4705028047170725
v 0.5606524487318255 0.4994587856007846 0.4705028047170725
v 0.5742796257682491 0.5191401792629569 0.4705028047170725
v 0.5939608975168824 0.5272925889190623 0.4705028047170725
v 0.566127216517172 0.4994587856007846 0.4705028047170725
v 0.5939608975168824 0.5327673816811582 0.4705028047170725
v 0.5704082317704317 0.4759063697568373 0.4705028047170725
v 0.6136421822264235 0.5191401792629569 0.4705028047170725
v 0.5742796257682491 0.4797775201975957 0.4705028047170725
v 0.617513434464312 0.5230114566126041 0.4705028047170725
v 0.5939608975168824 0.46615047169017454 0.4705028047170725
v 0.621794449852581 0.4994587856007846 0.4705028047170725
v 0.5939608975168824 0.4716252388004737 0.4705028047170725
v 0.6272693592628471 0.4994587856007846 0.4705028047170725
v 0.617513434464312 0.4759063697568373 0.4705028047170725
v 0.6136421822264235 0.4797775201975957 0.4705028047170725
v 0.49658372090806324 0.25936782051582596 0.46033794275601
v 0.49658372090806324 0.22022722824433175 0.48122903556519225
v 0.49658372090806324 0.24527809819308757 0.48838210650872504
v 0.49658372090806324 0.24527809819308757 0.48838210650872504
v 0.5267658944504561 0.24171276863444893 0.4888847467143438
v 0.49658372090806324 0.25936782051582596 0.46033794275601
v 0.5965933267458852 0.25366151097297296 0.8728683854716996
v 0.604737231751313 0.25366151097297296 0.8809285809689971
v 0.584866271581639 0.17998577210680197 0.8758118548863894
v 0.584866271581639 0.17998577210680197 0.8758118548863894
v 0.5927463640592706 0.1764374503374125 0.8815943206983332
v 0.5812432912030567 0.1368752270442954 0.867888294359195
v 0.5893033573612952 0.1312507299917029 0.8723380696776442
v 0.5836664420039074 0.10150112804322584 0.8509506708745002
v 0.5922890904061883 0.09417294436705384 0.8543068776978917
v 0.6032941129732676 0.08175086335723128 0.8155825082392218
v 0.6122858764188793 0.07389209251799678 0.8170701949888699
v 0.6122858764188793 0.07389209251799678 0.8170701949888699
v 0.627467024042563 0.07868183244803995 0.7764914706486064
v 0.6358338239898624 0.07073396346824784 0.7777385664969333
v 0.6530380735994218 0.08936364696717825 0.741072011170426
v 0.6603337213467321 0.08120204451719676 0.7420047901535627
v 0.6635796227441783 0.09713505723755708 0.7294765890109385
v 0.6722258983413407 0.09151744877245083 0.7242565766440157
v 0.6947264352602258 0.14124345462602775 0.6902005817147876
v 0.6867444075379079 0.14812110513123014 0.6946714212086009
v 0.7090425679820633 0.17895510721760036 0.6517141137690705
v 0.6867444075379079 0.14812110513123014 0.6946714212086009
v 0.7011225096001641 0.18614773775444202 0.6549720283079339
v 0.7182115880429747 0.20798700213687935 0.610450630377331
v 0.7101102173617101 0.21551958459442613 0.6124098959770173
v 0.7245901138537897 0.22473208904104444 0.5756874555112372
v 0.716394106944072 0.23255170191310046 0.5765481443050768
v 0.7231268894675196 0.23954181664005328 0.547645455190552
v 0.7245901138537897 0.22473208904104444 0.5756874555112372
v 0.7312721395721601 0.23149160766262547 0.5476735366174141
v 0.6163646561472816 0.3182747418434856 0.787653245134808
v 0.6163646561472816 0.2649144142769636 0.787653245134808
v 0.6163646561472816 0.3182747418434856 0.7522375726718754
v 0.6163646561472816 0.264914279132498 0.7522375726718754
v 0.6065728216685825 0.27113200382057867 0.8775446918066961
v 0.6065899654393561 0.271242037877517 0.8849853424102081
v 0.6082223670700356 0.2686775333910577 0.8764188574016893
v 0.6002300775489671 0.2722837692218285 0.8887055401280278
v 0.6082447704041962 0.26882172295029494 0.8861755803761298
v 0.5999052414219931 0.2701876144292329 0.8910537487998276
v 0.6002300775489671 0.2722837692218285 0.8887055401280278
v 0.5938530394073505 0.2732153344699535 0.8849853424102081
v 0.5915434312891872 0.2714093132437162 0.8861755803761298
v 0.5973684127939894 0.2538129913128665 0.8913014992526137
v 0.5890064675167178 0.25503469161245385 0.8864232025699326
v 0.6015703146660378 0.31669499457579087 0.8845284690601635
v 0.6040469244862325 0.3163491006188973 0.8870285822715683
v 0.6074241887345154 0.31583971345071193 0.8879439544855108
v 0.610797403644177 0.3153033199359645 0.8870285822715683
v 0.6065899654393561 0.271242037877517 0.8849853424102081
v 0.6132625349604013 0.3148835720262374 0.8845284690601635
v 0.6141591337044237 0.3146930724683835 0.8811134210654544
v 0.6082223670700356 0.2686775333910577 0.8764188574016893
v 0.6065728216685825 0.27113200382057867 0.8775446918066961
v 0.6132468784537978 0.3147825894082744 0.8776983474189488
v 0.6107702621531492 0.31512848336516797 0.8751981045984658
v 0.5999052414219931 0.2701876144292329 0.8910537487998276
v 0.6057078131121808 0.2524470996989191 0.8864232025699326
v 0.6056854032975661 0.25230277499521625 0.8766667361134588
v 0.6082447704041962 0.26882172295029494 0.8861755803761298
v 0.5998605569372297 0.26989923207053157 0.8715405607190081
v 0.6001959188064412 0.27206370434817884 0.8738245210907676
v 0.6001959188064412 0.27206370434817884 0.8738245210907676
v 0.6073930042503107 0.31563787053335335 0.8742830172544762
v 0.6040197893406491 0.31617426418311034 0.8751981045984658
v 0.5973235931647602 0.25352434177045136 0.871788567689761
v 0.6082223670700356 0.2686775333910577 0.8764188574016893
v 0.5915211567540477 0.2712651236844791 0.8764188574016893
v 0.5938360244355982 0.2731054389327173 0.8775446918066961
v 0.5915211567540477 0.2712651236844791 0.8764188574016893
v 0.5938360244355982 0.2731054389327173 0.8775446918066961
v 0.601554651543971 0.3165940056123835 0.8776983474189488
v 0.600658052934958 0.3167847754591687 0.8811134210654544
v 0.5998605569372297 0.26989923207053157 0.8715405607190081
v 0.5889840577021033 0.254890366908751 0.8766667361134588
v 0.5890064675167178 0.25503469161245385 0.8864232025699326
v 0.5915434312891872 0.2714093132437162 0.8861755803761298
v 0.5938530394073505 0.2732153344699535 0.8849853424102081
v 0.6015703146660378 0.31669499457579087 0.8845284690601635
v 0.6391862437980063 0.40298777593715795 0.7319741275920126
v 0.6391862437980063 0.4145405283579976 0.7319741275920126
v 0.6626878785351742 0.40298777593715795 0.7319741275920126
v 0.6626878785351742 0.4145405283579976 0.7319741275920126
v 0.6391862437980063 0.40298777593715795 0.7056428323614901
v 0.6391862437980063 0.4145405283579976 0.7056428323614901
v 0.6626878785351742 0.40298777593715795 0.7056428323614901
v 0.6626878785351742 0.4145405283579976 0.7056428323614901
v 0.6391862437980063 0.40298777593715795 0.6736528803907831
v 0.6626878785351742 0.40298777593715795 0.6736528803907831
v 0.6626878785351742 0.4145405283579976 0.6736528803907831
v 0.6391862437980063 0.40298777593715795 0.6427388174268377
v 0.6391862437980063 0.4145405283579976 0.6427388174268377
v 0.6626878785351742 0.40298777593715795 0.6427388174268377
v 0.6626878785351742 0.4145405283579976 0.6427388174268377
v 0.6391862437980063 0.40298777593715795 0.6132986663327287
v 0.6391862437980063 0.4145405283579976 0.6132986663327287
v 0.6626878785351742 0.40298777593715795 0.6132986663327287
v 0.6626878785351742 0.4145405283579976 0.6132986663327287
v 0.6391862437980063 0.4029876341772288 0.5845901140658185
v 0.6391862437980063 0.41454040009901416 0.5845901140658185
v 0.6626878785351742 0.4029876341772288 0.5845901140658185
v 0.6626878785351742 0.41454040009901416 0.5845901140658185
v 0.6391862437980063 0.4029876341772288 0.5566098132016489
v 0.6391862437980063 0.41454040009901416 0.5566098132016489
v 0.6626878785351742 0.4029876341772288 0.5566098132016489
v 0.6626878785351742 0.41454040009901416 0.5566098132016489
v 0.6391862437980063 0.4029876341772288 0.5281340210175786
v 0.6391862437980063 0.41454040009901416 0.5281340210175786
v 0.6626878785351742 0.4029876341772288 0.5281340210175786
v 0.6626878785351742 0.41454040009901416 0.5281340210175786
v 0.6391862437980063 0.4029876341772288 0.4990728303018812
v 0.6391862437980063 0.41454040009901416 0.4990728303018812
v 0.6626878785351742 0.4029876341772288 0.4990728303018812
v 0.6626878785351742 0.41454040009901416 0.4990728303018812
v 0.6391862437980063 0.4029876341772288 0.47162081707921255
v 0.6391862437980063 0.41454040009901416 0.47162081707921255
v 0.6626878785351742 0.4029876341772288 0.47162081707921255
v 0.6626878785351742 0.41454040009901416 0.47162081707921255
v 0.6391862437980063 0.4029876341772288 0.44286933936574446
v 0.6391862437980063 0.41454040009901416 0.44286933936574446
v 0.6626878785351742 0.4029876341772288 0.44286933936574446
v 0.6626878785351742 0.41454040009901416 0.44286933936574446
v 0.6391862437980063 0.4029876341772288 0.415227908861526
v 0.6391862437980063 0.41454040009901416 0.415227908861526
v 0.6626878785351742 0.4029876341772288 0.415227908861526
v 0.6626878785351742 0.41454040009901416 0.415227908861526
v 0.6391862437980063 0.4029875059182454 0.3866943346553225
v 0.6391862437980063 0.41454040009901416 0.3866943346553225
v 0.6626878785351742 0.4029875059182454 0.3866943346553225
v 0.6626878785351742 0.41454040009901416 0.3866943346553225
v 0.6391862437980063 0.4029875059182454 0.3582089535596314
v 0.6391862437980063 0.41454025833908514 0.3582089535596314
v 0.6626878785351742 0.4029875059182454 0.3582089535596314
v 0.6626878785351742 0.41454025833908514 0.3582089535596314
v 0.6391862437980063 0.4029875059182454 0.3300638076344847
v 0.6391862437980063 0.41454025833908514 0.3300638076344847
v 0.6626878785351742 0.4029875059182454 0.3300638076344847
v 0.6626878785351742 0.41454025833908514 0.3300638076344847
v 0.6391862437980063 0.4029875059182454 0.30177270433628056
v 0.6391862437980063 0.41454025833908514 0.30177270433628056
v 0.6626878785351742 0.4029875059182454 0.30177270433628056
v 0.6626878785351742 0.41454025833908514 0.30177270433628056
v 0.6391862437980063 0.4029875059182454 0.27440061715724307
v 0.6391862437980063 0.41454025833908514 0.27440061715724307
v 0.6626878785351742 0.4029875059182454 0.27440061715724307
v 0.6626878785351742 0.41454025833908514 0.27440061715724307
v 0.6391862437980063 0.4029875059182454 0.24657610924002815
v 0.6391862437980063 0.41454025833908514 0.24657610924002815
v 0.6626878785351742 0.4029875059182454 0.24657610924002815
v 0.6626878785351742 0.41454025833908514 0.24657610924002815
v 0.6391862437980063 0.4029875059182454 0.21699986442872599
v 0.6391862437980063 0.41454025833908514 0.21699986442872599
v 0.6626878785351742 0.4029875059182454 0.21699986442872599
v 0.6626878785351742 0.41454025833908514 0.21699986442872599
v 0.6391862437980063 0.4029875059182454 0.18892114315605424
v 0.6391862437980063 0.41454025833908514 0.18892114315605424
v 0.6626878785351742 0.4029875059182454 0.18892114315605424
v 0.6626878785351742 0.41454025833908514 0.18892114315605424
v 0.6391862437980063 0.4029873641583164 0.16086024178151292
v 0.6391862437980063 0.4145401300801017 0.16086024178151292
v 0.6626878785351742 0.4029873641583164 0.16086024178151292
v 0.6626878785351742 0.4145401300801017 0.16086024178151292
v 0.6391862437980063 0.4029873641583164 0.13231249090735586
v 0.6391862437980063 0.4145401300801017 0.13231249090735586
v 0.6626878785351742 0.4029873641583164 0.13231249090735586
v 0.6626878785351742 0.4145401300801017 0.13231249090735586
v 0.6391862437980063 0.4029873641583164 0.1044611255590091
v 0.6391862437980063 0.4145401300801017 0.1044611255590091
v 0.6626878785351742 0.4029873641583164 0.1044611255590091
v 0.6626878785351742 0.4145401300801017 0.1044611255590091
v 0.5326613517014775 0.40298777593715795 0.7319741275920126
v 0.5326613517014775 0.4145405283579976 0.7319741275920126
v 0.5561629918390237 0.40298777593715795 0.7319741275920126
v 0.5561629918390237 0.4145405283579976 0.7319741275920126
v 0.5326613517014775 0.40298777593715795 0.7056428323614901
v 0.5326613517014775 0.4145405283579976 0.7056428323614901
v 0.5561629918390237 0.40298777593715795 0.7056428323614901
v 0.5561629918390237 0.4145405283579976 0.7056428323614901
v 0.5326613517014775 0.40298777593715795 0.6736528803907831
v 0.5326613517014775 0.4145405283579976 0.6736528803907831
v 0.5561629918390237 0.40298777593715795 0.6736528803907831
v 0.5561629918390237 0.4145405283579976 0.6736528803907831
v 0.5326613517014775 0.40298777593715795 0.6427388174268377
v 0.5326613517014775 0.4145405283579976 0.6427388174268377
v 0.5561629918390237 0.40298777593715795 0.6427388174268377
v 0.5561629918390237 0.4145405283579976 0.6427388174268377
v 0.5326613517014775 0.40298777593715795 0.6132986663327287
v 0.5326613517014775 0.4145405283579976 0.6132986663327287
v 0.5561629918390237 0.40298777593715795 0.6132986663327287
v 0.5561629918390237 0.4145405283579976 0.6132986663327287
v 0.5326613517014775 0.4029876341772288 0.5845901140658185
v 0.5326613517014775 0.41454040009901416 0.5845901140658185
v 0.5561629918390237 0.4029876341772288 0.5845901140658185
v 0.5561629918390237 0.41454040009901416 0.5845901140658185
v 0.5326613517014775 0.4029876341772288 0.5566098132016489
v 0.5326613517014775 0.41454040009901416 0.5566098132016489
v 0.5561629918390237 0.4029876341772288 0.5566098132016489
v 0.5561629918390237 0.41454040009901416 0.5566098132016489
v 0.5326613517014775 0.4029876341772288 0.5281340210175786
v 0.5326613517014775 0.41454040009901416 0.5281340210175786
v 0.5561629918390237 0.4029876341772288 0.5281340210175786
v 0.5561629918390237 0.41454040009901416 0.5281340210175786
v 0.5326613517014775 0.4029876341772288 0.4990728303018812
v 0.5326613517014775 0.41454040009901416 0.4990728303018812
v 0.5561629918390237 0.4029876341772288 0.4990728303018812
v 0.5561629918390237 0.41454040009901416 0.4990728303018812
v 0.5326613517014775 0.4029876341772288 0.47162081707921255
v 0.5326613517014775 0.41454040009901416 0.47162081707921255
v 0.5561629918390237 0.4029876341772288 0.47162081707921255
v 0.5561629918390237 0.41454040009901416 0.47162081707921255
v 0.5326613517014775 0.4029876341772288 0.44286933936574446
v 0.5326613517014775 0.41454040009901416 0.44286933936574446
v 0.5561629918390237 0.4029876341772288 0.44286933936574446
v 0.5561629918390237 0.41454040009901416 0.44286933936574446
v 0.5326613517014775 0.4029875059182454 0.3582089535596314
v 0.5326613517014775 0.41454025833908514 0.3582089535596314
v 0.5561629918390237 0.4029875059182454 0.3582089535596314
v 0.5561629918390237 0.41454025833908514 0.3582089535596314
v 0.5326613517014775 0.4029875059182454 0.24657610924002815
v 0.5326613517014775 0.41454025833908514 0.24657610924002815
v 0.5561629918390237 0.4029875059182454 0.24657610924002815
v 0.5561629918390237 0.41454025833908514 0.24657610924002815
v 0.5326613517014775 0.4029875059182454 0.21699986442872599
v 0.5326613517014775 0.41454025833908514 0.21699986442872599
v 0.5561629918390237 0.4029875059182454 0.21699986442872599
v 0.5561629918390237 0.41454025833908514 0.21699986442872599
v 0.5326613517014775 0.4029875059182454 0.18892114315605424
v 0.5326613517014775 0.41454025833908514 0.18892114315605424
v 0.5561629918390237 0.4029875059182454 0.18892114315605424
v 0.5561629918390237 0.41454025833908514 0.18892114315605424
v 0.5326613517014775 0.4029873641583164 0.16086024178151292
v 0.5326613517014775 0.4145401300801017 0.16086024178151292
v 0.5561629918390237 0.4029873641583164 0.16086024178151292
v 0.5561629918390237 0.4145401300801017 0.16086024178151292
v 0.5326613517014775 0.4029873641583164 0.13231236264837237
v 0.5326613517014775 0.4145401300801017 0.13231236264837237
v 0.5561629918390237 0.4029873641583164 0.13231236264837237
v 0.5561629918390237 0.4145401300801017 0.13231236264837237
v 0.5326613517014775 0.4029873641583164 0.1044611255590091
v 0.5326613517014775 0.4145401300801017 0.1044611255590091
v 0.5561629918390237 0.4029873641583164 0.1044611255590091
v 0.5561629918390237 0.4145401300801017 0.1044611255590091
v 0.49658372090806324 0.22022722824433175 0.48122903556519225
v 0.49658372090806324 0.24842719405713962 0.40150108836593607
v 0.5267658944504561 0.20717032818090017 0.4888847467143438
v 0.5267658944504561 0.22594811929449385 0.36660492878040757
v 0.5267658944504561 0.34955373428759906 0.36660492878040757
v 0.49658372090806324 0.3055181033507919 0.40150095308646094
v 0.5267658944504561 0.3511322582346107 0.4888847467143438
v 0.49658372090806324 0.24842719405713962 0.40150108836593607
v 0.49658372090806324 0.3055181033507919 0.46033794275601
v 0.5267658944504561 0.24171276863444893 0.4888847467143438
v 0.49658372090806324 0.25936782051582596 0.46033794275601
v 0.49658372090806324 0.24527809819308757 0.48838210650872504
v 0.49658372090806324 0.22022722824433175 0.48122903556519225
v 0.5267658944504561 0.24171276863444893 0.4888847467143438
v 0.5267658944504561 0.20717032818090017 0.4888847467143438
v 0.5897698111173647 0.22025909020598786 0.7466191392989915
v 0.5897698111173647 0.22025909020598786 0.7088089310194414
v 0.6092289997359869 0.22025909020598786 0.7466191392989915
v 0.6092289997359869 0.22025909020598786 0.7088089310194414
v 0.6163646561472816 0.2649144142769636 0.787653245134808
v 0.5855571133491567 0.2649144142769636 0.787653245134808
v 0.6163646561472816 0.264914279132498 0.7522375726718754
v 0.5855571133491567 0.264914279132498 0.7522375726718754
v 0.5855571133491567 0.2649144142769636 0.787653245134808
v 0.5855571133491567 0.3182747418434856 0.787653245134808
v 0.5855571133491567 0.264914279132498 0.7522375726718754
v 0.5855571133491567 0.3182747418434856 0.7522375726718754
v 0.5855571133491567 0.3182747418434856 0.787653245134808
v 0.6163646561472816 0.3182747418434856 0.787653245134808
v 0.5855571133491567 0.3182747418434856 0.7522375726718754
v 0.6163646561472816 0.3182747418434856 0.7522375726718754
v 0.6391862437980063 0.4145405283579976 0.7319741275920126
v 0.6391862437980063 0.4145405283579976 0.7466751736237134
v 0.6626878785351742 0.4145405283579976 0.7319741275920126
v 0.6626878785351742 0.4145405283579976 0.7466751736237134
v 0.6626878785351742 0.4145405283579976 0.7319741275920126
v 0.6626878785351742 0.4145405283579976 0.7466751736237134
v 0.6626878785351742 0.40298777593715795 0.7319741275920126
v 0.6626878785351742 0.40298777593715795 0.7466751736237134
v 0.6391862437980063 0.40298777593715795 0.7319741275920126
v 0.6391862437980063 0.40298777593715795 0.7466751736237134
v 0.6391862437980063 0.4145405283579976 0.7319741275920126
v 0.6391862437980063 0.4145405283579976 0.7466751736237134
v 0.6391862437980063 0.4145405283579976 0.7466751736237134
v 0.6391862437980063 0.40298777593715795 0.7466751736237134
v 0.6626878785351742 0.4145405283579976 0.7466751736237134
v 0.6626878785351742 0.40298777593715795 0.7466751736237134
v 0.5026966787846309 0.25052699579267224 0.5277646356853164
v 0.5026966787846309 0.2451478141758139 0.5498963316300669
v 0.5185960678994471 0.25052699579267224 0.5277646356853164
v 0.5185960678994471 0.2451478141758139 0.5498963316300669
v 0.5026966787846309 0.18681130909690133 0.5362395827973936
v 0.5026966787846309 0.19325031387874744 0.5125780964589973
v 0.5185960678994471 0.18681130909690133 0.5362395827973936
v 0.5185960678994471 0.19325031387874744 0.5125780964589973
v 0.5026966787846309 0.19325031387874744 0.5125780964589973
v 0.5026966787846309 0.2140637770876446 0.5163944090288349
v 0.5185960678994471 0.19325031387874744 0.5125780964589973
v 0.5185960678994471 0.2140637770876446 0.5163944090288349
v 0.5026966787846309 0.22872742421737433 0.5202824091897712
v 0.5026966787846309 0.25052699579267224 0.5277646356853164
v 0.5185960678994471 0.22872742421737433 0.5202824091897712
v 0.5185960678994471 0.25052699579267224 0.5277646356853164
v 0.3082946740424696 0.12021020331286622 0.29977106628876915
v 0.2820424970534986 0.13877804640540867 0.2890510359929447
v 0.45362978581573665 0.2731297382046721 0.20566797802764936
v 0.4273777414060518 0.2916974557384202 0.19494796123277053
v 0.4273777414060518 0.2916974557384202 0.19494796123277053
v 0.2820424970534986 0.13877804640540867 0.2890510359929447
v 0.4276096872468609 0.3003521031369554 0.20937022623826074
v 0.2822744365488633 0.1474326970441707 0.30347328884758384
v 0.45362978581573665 0.2731297382046721 0.20566797802764936
v 0.4273777414060518 0.2916974557384202 0.19494796123277053
v 0.4538617347617633 0.28178438546819784 0.22009037129212294
v 0.4276096872468609 0.3003521031369554 0.20937022623826074
v 0.3082946740424696 0.12021020331286622 0.29977106628876915
v 0.45362978581573665 0.2731297382046721 0.20566797802764936
v 0.30852675394766876 0.1288649761351862 0.3141933056424626
v 0.4538617347617633 0.28178438546819784 0.22009037129212294
v 0.2820424970534986 0.13877804640540867 0.2890510359929447
v 0.3082946740424696 0.12021020331286622 0.29977106628876915
v 0.2822744365488633 0.1474326970441707 0.30347328884758384
v 0.30852675394766876 0.1288649761351862 0.3141933056424626
v 0.4276096872468609 0.3003521031369554 0.20937022623826074
v 0.2822744365488633 0.1474326970441707 0.30347328884758384
v 0.4538617347617633 0.28178438546819784 0.22009037129212294
v 0.30852675394766876 0.1288649761351862 0.3141933056424626
v 0.3669044360466771 0.16833769531431078 0.23003232184016026
v 0.3664389222264419 0.19768875150808915 0.21308648303005262
v 0.48681875638937355 0.1704445142338367 0.22845028238191728
v 0.48635324416225 0.19979557366784204 0.21150457318088767
v 0.3664389222264419 0.19768875150808915 0.21308648303005262
v 0.36680561655022215 0.20610186401918498 0.22764834511311616
v 0.48635324416225 0.19979557366784204 0.21150457318088767
v 0.48671979444444136 0.2082085508994627 0.22606630565487323
v 0.3669044360466771 0.16833769531431078 0.23003232184016026
v 0.48681875638937355 0.1704445142338367 0.22845028238191728
v 0.3672711175445589 0.17675080796041606 0.2445941839232238
v 0.48718544272059394 0.17885763322538642 0.24301214446498087
v 0.48671979444444136 0.2082085508994627 0.22606630565487323
v 0.36680561655022215 0.20610186401918498 0.22764834511311616
v 0.48718544272059394 0.17885763322538642 0.24301214446498087
v 0.3672711175445589 0.17675080796041606 0.2445941839232238
v 0.6391862437980063 0.4145405283579976 0.7056428323614901
v 0.6391862437980063 0.4145405283579976 0.7203438905440419
v 0.6626878785351742 0.4145405283579976 0.7056428323614901
v 0.6626878785351742 0.4145405283579976 0.7203438905440419
v 0.6626878785351742 0.4145405283579976 0.7056428323614901
v 0.6626878785351742 0.4145405283579976 0.7203438905440419
v 0.6626878785351742 0.40298777593715795 0.7056428323614901
v 0.6626878785351742 0.40298777593715795 0.7203438905440419
v 0.6391862437980063 0.40298777593715795 0.7056428323614901
v 0.6391862437980063 0.40298777593715795 0.7203438905440419
v 0.6391862437980063 0.4145405283579976 0.7056428323614901
v 0.6391862437980063 0.4145405283579976 0.7203438905440419
v 0.6391862437980063 0.4145405283579976 0.7203438905440419
v 0.6391862437980063 0.40298777593715795 0.7203438905440419
v 0.6626878785351742 0.4145405283579976 0.7203438905440419
v 0.6626878785351742 0.40298777593715795 0.7203438905440419
v 0.6391862437980063 0.4145405283579976 0.6736528803907831
v 0.6391862437980063 0.4145405283579976 0.6883539250723892
v 0.6626878785351742 0.4145405283579976 0.6736528803907831
v 0.6626878785351742 0.4145405283579976 0.6883539250723892
v 0.6626878785351742 0.4145405283579976 0.6736528803907831
v 0.6626878785351742 0.4145405283579976 0.6883539250723892
v 0.6626878785351742 0.40298777593715795 0.6736528803907831
v 0.6626878785351742 0.40298777593715795 0.6883539250723892
v 0.6391862437980063 0.40298777593715795 0.6736528803907831
v 0.6391862437980063 0.40298777593715795 0.6883539250723892
v 0.6391862437980063 0.4145405283579976 0.6736528803907831
v 0.6391862437980063 0.4145405283579976 0.6883539250723892
v 0.6391862437980063 0.4145405283579976 0.6883539250723892
v 0.6391862437980063 0.40298777593715795 0.6883539250723892
v 0.6626878785351742 0.4145405283579976 0.6883539250723892
v 0.6626878785351742 0.40298777593715795 0.6883539250723892
v 0.6391862437980063 0.4145405283579976 0.6427388174268377
v 0.6391862437980063 0.4145405283579976 0.6574398634585384
v 0.6626878785351742 0.4145405283579976 0.6427388174268377
v 0.6626878785351742 0.4145405283579976 0.6574398634585384
v 0.6626878785351742 0.4145405283579976 0.6427388174268377
v 0.6626878785351742 0.4145405283579976 0.6574398634585384
v 0.6626878785351742 0.40298777593715795 0.6427388174268377
v 0.6626878785351742 0.40298777593715795 0.6574398634585384
v 0.6391862437980063 0.40298777593715795 0.6427388174268377
v 0.6391862437980063 0.40298777593715795 0.6574398634585384
v 0.6391862437980063 0.4145405283579976 0.6427388174268377
v 0.6391862437980063 0.4145405283579976 0.6574398634585384
v 0.6391862437980063 0.4145405283579976 0.6574398634585384
v 0.6391862437980063 0.40298777593715795 0.6574398634585384
v 0.6626878785351742 0.4145405283579976 0.6574398634585384
v 0.6626878785351742 0.40298777593715795 0.6574398634585384
v 0.6391862437980063 0.4145405283579976 0.6132986663327287
v 0.6391862437980063 0.4145405283579976 0.627999570469491
v 0.6626878785351742 0.4145405283579976 0.6132986663327287
v 0.6626878785351742 0.4145405283579976 0.627999570469491
v 0.6626878785351742 0.4145405283579976 0.6132986663327287
v 0.6626878785351742 0.4145405283579976 0.627999570469491
v 0.6626878785351742 0.40298777593715795 0.6132986663327287
v 0.6626878785351742 0.40298777593715795 0.627999570469491
v 0.6391862437980063 0.40298777593715795 0.6132986663327287
v 0.6391862437980063 0.40298777593715795 0.627999570469491
v 0.6391862437980063 0.4145405283579976 0.6132986663327287
v 0.6391862437980063 0.4145405283579976 0.627999570469491
v 0.6391862437980063 0.4145405283579976 0.627999570469491
v 0.6391862437980063 0.40298777593715795 0.627999570469491
v 0.6626878785351742 0.4145405283579976 0.627999570469491
v 0.6626878785351742 0.40298777593715795 0.627999570469491
v 0.6391862437980063 0.41454040009901416 0.5845901140658185
v 0.6391862437980063 0.4145405283579976 0.5992911596924909
v 0.6626878785351742 0.41454040009901416 0.5845901140658185
v 0.6626878785351742 0.4145405283579976 0.5992911596924909
v 0.6626878785351742 0.41454040009901416 0.5845901140658185
v 0.6626878785351742 0.4145405283579976 0.5992911596924909
v 0.6626878785351742 0.4029876341772288 0.5845901140658185
v 0.6626878785351742 0.4029876341772288 0.5992911596924909
v 0.6391862437980063 0.4029876341772288 0.5845901140658185
v 0.6391862437980063 0.4029876341772288 0.5992911596924909
v 0.6391862437980063 0.41454040009901416 0.5845901140658185
v 0.6391862437980063 0.4145405283579976 0.5992911596924909
v 0.6391862437980063 0.4145405283579976 0.5992911596924909
v 0.6391862437980063 0.4029876341772288 0.5992911596924909
v 0.6626878785351742 0.4145405283579976 0.5992911596924909
v 0.6626878785351742 0.4029876341772288 0.5992911596924909
v 0.6391862437980063 0.41454040009901416 0.5566098132016489
v 0.6391862437980063 0.41454040009901416 0.5713108524828769
v 0.6626878785351742 0.41454040009901416 0.5566098132016489
v 0.6626878785351742 0.41454040009901416 0.5713108524828769
v 0.6626878785351742 0.41454040009901416 0.5566098132016489
v 0.6626878785351742 0.41454040009901416 0.5713108524828769
v 0.6626878785351742 0.4029876341772288 0.5566098132016489
v 0.6626878785351742 0.4029876341772288 0.5713108524828769
v 0.6391862437980063 0.4029876341772288 0.5566098132016489
v 0.6391862437980063 0.4029876341772288 0.5713108524828769
v 0.6391862437980063 0.41454040009901416 0.5566098132016489
v 0.6391862437980063 0.41454040009901416 0.5713108524828769
v 0.6391862437980063 0.41454040009901416 0.5713108524828769
v 0.6391862437980063 0.4029876341772288 0.5713108524828769
v 0.6626878785351742 0.41454040009901416 0.5713108524828769
v 0.6626878785351742 0.4029876341772288 0.5713108524828769
v 0.6391862437980063 0.41454040009901416 0.5281340210175786
v 0.6391862437980063 0.41454040009901416 0.542835066644251
v 0.6626878785351742 0.41454040009901416 0.5281340210175786
v 0.6626878785351742 0.41454040009901416 0.542835066644251
v 0.6626878785351742 0.41454040009901416 0.5281340210175786
v 0.6626878785351742 0.41454040009901416 0.542835066644251
v 0.6626878785351742 0.4029876341772288 0.5281340210175786
v 0.6626878785351742 0.4029876341772288 0.542835066644251
v 0.6391862437980063 0.4029876341772288 0.5281340210175786
v 0.6391862437980063 0.4029876341772288 0.542835066644251
v 0.6391862437980063 0.41454040009901416 0.5281340210175786
v 0.6391862437980063 0.41454040009901416 0.542835066644251
v 0.6391862437980063 0.41454040009901416 0.542835066644251
v 0.6391862437980063 0.4029876341772288 0.542835066644251
v 0.6626878785351742 0.41454040009901416 0.542835066644251
v 0.6626878785351742 0.4029876341772288 0.542835066644251
v 0.6391862437980063 0.41454040009901416 0.4990728303018812
v 0.6391862437980063 0.41454040009901416 0.5137738752130036
v 0.6626878785351742 0.41454040009901416 0.4990728303018812
v 0.6626878785351742 0.41454040009901416 0.5137738752130036
v 0.6626878785351742 0.41454040009901416 0.4990728303018812
v 0.6626878785351742 0.41454040009901416 0.5137738752130036
v 0.6626878785351742 0.4029876341772288 0.4990728303018812
v 0.6626878785351742 0.4029876341772288 0.5137738752130036
v 0.6391862437980063 0.4029876341772288 0.4990728303018812
v 0.6391862437980063 0.4029876341772288 0.5137738752130036
v 0.6391862437980063 0.41454040009901416 0.4990728303018812
v 0.6391862437980063 0.41454040009901416 0.5137738752130036
v 0.6391862437980063 0.41454040009901416 0.5137738752130036
v 0.6391862437980063 0.4029876341772288 0.5137738752130036
v 0.6626878785351742 0.41454040009901416 0.5137738752130036
v 0.6626878785351742 0.4029876341772288 0.5137738752130036
v 0.6391862437980063 0.41454040009901416 0.47162081707921255
v 0.6391862437980063 0.41454040009901416 0.48632186232785846
v 0.6626878785351742 0.41454040009901416 0.47162081707921255
v 0.6626878785351742 0.41454040009901416 0.48632186232785846
v 0.6626878785351742 0.41454040009901416 0.47162081707921255
v 0.6626878785351742 0.41454040009901416 0.48632186232785846
v 0.6626878785351742 0.4029876341772288 0.47162081707921255
v 0.6626878785351742 0.4029876341772288 0.48632186232785846
v 0.6391862437980063 0.4029876341772288 0.47162081707921255
v 0.6391862437980063 0.4029876341772288 0.48632186232785846
v 0.6391862437980063 0.41454040009901416 0.47162081707921255
v 0.6391862437980063 0.41454040009901416 0.48632186232785846
v 0.6391862437980063 0.41454040009901416 0.48632186232785846
v 0.6391862437980063 0.4029876341772288 0.48632186232785846
v 0.6626878785351742 0.41454040009901416 0.48632186232785846
v 0.6626878785351742 0.4029876341772288 0.48632186232785846
v 0.6391862437980063 0.41454040009901416 0.44286933936574446
v 0.6391862437980063 0.41454040009901416 0.4575703818871994
v 0.6626878785351742 0.41454040009901416 0.44286933936574446
v 0.6626878785351742 0.41454040009901416 0.4575703818871994
v 0.6626878785351742 0.41454040009901416 0.44286933936574446
v 0.6626878785351742 0.41454040009901416 0.4575703818871994
v 0.6626878785351742 0.4029876341772288 0.44286933936574446
v 0.6626878785351742 0.4029876341772288 0.4575703818871994
v 0.6391862437980063 0.4029876341772288 0.44286933936574446
v 0.6391862437980063 0.4029876341772288 0.4575703818871994
v 0.6391862437980063 0.41454040009901416 0.44286933936574446
v 0.6391862437980063 0.41454040009901416 0.4575703818871994
v 0.6391862437980063 0.41454040009901416 0.4575703818871994
v 0.6391862437980063 0.4029876341772288 0.4575703818871994
v 0.6626878785351742 0.41454040009901416 0.4575703818871994
v 0.6626878785351742 0.4029876341772288 0.4575703818871994
v 0.6391862437980063 0.41454040009901416 0.415227908861526
v 0.6391862437980063 0.41454040009901416 0.4299289546232079
v 0.6626878785351742 0.41454040009901416 0.415227908861526
v 0.6626878785351742 0.41454040009901416 0.4299289546232079
v 0.6626878785351742 0.41454040009901416 0.415227908861526
v 0.6626878785351742 0.41454040009901416 0.4299289546232079
v 0.6626878785351742 0.4029876341772288 0.415227908861526
v 0.6626878785351742 0.4029876341772288 0.4299289546232079
v 0.6391862437980063 0.4029876341772288 0.415227908861526
v 0.6391862437980063 0.4029876341772288 0.4299289546232079
v 0.6391862437980063 0.41454040009901416 0.415227908861526
v 0.6391862437980063 0.41454040009901416 0.4299289546232079
v 0.6391862437980063 0.41454040009901416 0.4299289546232079
v 0.6391862437980063 0.4029876341772288 0.4299289546232079
v 0.6626878785351742 0.41454040009901416 0.4299289546232079
v 0.6626878785351742 0.4029876341772288 0.4299289546232079
v 0.6391862437980063 0.41454040009901416 0.3866943346553225
v 0.6391862437980063 0.41454040009901416 0.4013953804170044
v 0.6626878785351742 0.41454040009901416 0.3866943346553225
v 0.6626878785351742 0.41454040009901416 0.4013953804170044
v 0.6626878785351742 0.41454040009901416 0.3866943346553225
v 0.6626878785351742 0.41454040009901416 0.4013953804170044
v 0.6626878785351742 0.4029875059182454 0.3866943346553225
v 0.6626878785351742 0.4029875059182454 0.4013953804170044
v 0.6391862437980063 0.4029875059182454 0.3866943346553225
v 0.6391862437980063 0.4029875059182454 0.4013953804170044
v 0.6391862437980063 0.41454040009901416 0.3866943346553225
v 0.6391862437980063 0.41454040009901416 0.4013953804170044
v 0.6391862437980063 0.41454040009901416 0.4013953804170044
v 0.6391862437980063 0.4029875059182454 0.4013953804170044
v 0.6626878785351742 0.41454040009901416 0.4013953804170044
v 0.6626878785351742 0.4029875059182454 0.4013953804170044
v 0.6391862437980063 0.41454025833908514 0.3582089535596314
v 0.6391862437980063 0.41454025833908514 0.37290999918630385
v 0.6626878785351742 0.41454025833908514 0.3582089535596314
v 0.6626878785351742 0.41454025833908514 0.37290999918630385
v 0.6626878785351742 0.41454025833908514 0.3582089535596314
v 0.6626878785351742 0.41454025833908514 0.37290999918630385
v 0.6626878785351742 0.4029875059182454 0.3582089535596314
v 0.6626878785351742 0.4029875059182454 0.37290999918630385
v 0.6391862437980063 0.4029875059182454 0.3582089535596314
v 0.6391862437980063 0.4029875059182454 0.37290999918630385
v 0.6391862437980063 0.41454025833908514 0.3582089535596314
v 0.6391862437980063 0.41454025833908514 0.37290999918630385
v 0.6391862437980063 0.41454025833908514 0.37290999918630385
v 0.6391862437980063 0.4029875059182454 0.37290999918630385
v 0.6626878785351742 0.41454025833908514 0.37290999918630385
v 0.6626878785351742 0.4029875059182454 0.37290999918630385
v 0.6391862437980063 0.41454025833908514 0.3300638076344847
v 0.6391862437980063 0.41454025833908514 0.3447648536661855
v 0.6626878785351742 0.41454025833908514 0.3300638076344847
v 0.6626878785351742 0.41454025833908514 0.3447648536661855
v 0.6626878785351742 0.41454025833908514 0.3300638076344847
v 0.6626878785351742 0.41454025833908514 0.3447648536661855
v 0.6626878785351742 0.4029875059182454 0.3300638076344847
v 0.6626878785351742 0.4029875059182454 0.3447648536661855
v 0.6391862437980063 0.4029875059182454 0.3300638076344847
v 0.6391862437980063 0.4029875059182454 0.3447648536661855
v 0.6391862437980063 0.41454025833908514 0.3300638076344847
v 0.6391862437980063 0.41454025833908514 0.3447648536661855
v 0.6391862437980063 0.41454025833908514 0.3447648536661855
v 0.6391862437980063 0.4029875059182454 0.3447648536661855
v 0.6626878785351742 0.41454025833908514 0.3447648536661855
v 0.6626878785351742 0.4029875059182454 0.3447648536661855
v 0.6391862437980063 0.41454025833908514 0.30177270433628056
v 0.6391862437980063 0.41454025833908514 0.3164737503679814
v 0.6626878785351742 0.41454025833908514 0.30177270433628056
v 0.6626878785351742 0.41454025833908514 0.3164737503679814
v 0.6626878785351742 0.41454025833908514 0.30177270433628056
v 0.6626878785351742 0.41454025833908514 0.3164737503679814
v 0.6626878785351742 0.4029875059182454 0.30177270433628056
v 0.6626878785351742 0.4029875059182454 0.3164737503679814
v 0.6391862437980063 0.4029875059182454 0.30177270433628056
v 0.6391862437980063 0.4029875059182454 0.3164737503679814
v 0.6391862437980063 0.41454025833908514 0.30177270433628056
v 0.6391862437980063 0.41454025833908514 0.3164737503679814
v 0.6391862437980063 0.41454025833908514 0.3164737503679814
v 0.6391862437980063 0.4029875059182454 0.3164737503679814
v 0.6626878785351742 0.41454025833908514 0.3164737503679814
v 0.6626878785351742 0.4029875059182454 0.3164737503679814
v 0.6391862437980063 0.41454025833908514 0.27440061715724307
v 0.6391862437980063 0.41454025833908514 0.2891016631889439
v 0.6626878785351742 0.41454025833908514 0.27440061715724307
v 0.6626878785351742 0.41454025833908514 0.2891016631889439
v 0.6626878785351742 0.41454025833908514 0.27440061715724307
v 0.6626878785351742 0.41454025833908514 0.2891016631889439
v 0.6626878785351742 0.4029875059182454 0.27440061715724307
v 0.6626878785351742 0.4029875059182454 0.2891016631889439
v 0.6391862437980063 0.4029875059182454 0.27440061715724307
v 0.6391862437980063 0.4029875059182454 0.2891016631889439
v 0.6391862437980063 0.41454025833908514 0.27440061715724307
v 0.6391862437980063 0.41454025833908514 0.2891016631889439
v 0.6391862437980063 0.41454025833908514 0.2891016631889439
v 0.6391862437980063 0.4029875059182454 0.2891016631889439
v 0.6626878785351742 0.41454025833908514 0.2891016631889439
v 0.6626878785351742 0.4029875059182454 0.2891016631889439
v 0.6391862437980063 0.41454025833908514 0.24657610924002815
v 0.6391862437980063 0.41454025833908514 0.26127715527172896
v 0.6626878785351742 0.41454025833908514 0.24657610924002815
v 0.6626878785351742 0.41454025833908514 0.26127715527172896
v 0.6626878785351742 0.41454025833908514 0.24657610924002815
v 0.6626878785351742 0.41454025833908514 0.26127715527172896
v 0.6626878785351742 0.4029875059182454 0.24657610924002815
v 0.6626878785351742 0.4029875059182454 0.26127715527172896
v 0.6391862437980063 0.4029875059182454 0.24657610924002815
v 0.6391862437980063 0.4029875059182454 0.26127715527172896
v 0.6391862437980063 0.41454025833908514 0.24657610924002815
v 0.6391862437980063 0.41454025833908514 0.26127715527172896
v 0.6391862437980063 0.41454025833908514 0.26127715527172896
v 0.6391862437980063 0.4029875059182454 0.26127715527172896
v 0.6626878785351742 0.41454025833908514 0.26127715527172896
v 0.6626878785351742 0.4029875059182454 0.26127715527172896
v 0.6391862437980063 0.41454025833908514 0.21699986442872599
v 0.6391862437980063 0.41454025833908514 0.2317009104604268
v 0.6626878785351742 0.41454025833908514 0.21699986442872599
v 0.6626878785351742 0.41454025833908514 0.2317009104604268
v 0.6626878785351742 0.41454025833908514 0.21699986442872599
v 0.6626878785351742 0.41454025833908514 0.2317009104604268
v 0.6626878785351742 0.4029875059182454 0.21699986442872599
v 0.6626878785351742 0.4029875059182454 0.2317009104604268
v 0.6391862437980063 0.4029875059182454 0.21699986442872599
v 0.6391862437980063 0.4029875059182454 0.2317009104604268
v 0.6391862437980063 0.41454025833908514 0.21699986442872599
v 0.6391862437980063 0.41454025833908514 0.2317009104604268
v 0.6391862437980063 0.41454025833908514 0.2317009104604268
v 0.6391862437980063 0.4029875059182454 0.2317009104604268
v 0.6626878785351742 0.41454025833908514 0.2317009104604268
v 0.6626878785351742 0.4029875059182454 0.2317009104604268
v 0.6391862437980063 0.41454025833908514 0.18892114315605424
v 0.6391862437980063 0.41454025833908514 0.20362218918775504
v 0.6626878785351742 0.41454025833908514 0.18892114315605424
v 0.6626878785351742 0.41454025833908514 0.20362218918775504
v 0.6626878785351742 0.41454025833908514 0.18892114315605424
v 0.6626878785351742 0.41454025833908514 0.20362218918775504
v 0.6626878785351742 0.4029875059182454 0.18892114315605424
v 0.6626878785351742 0.4029875059182454 0.20362218918775504
v 0.6391862437980063 0.4029875059182454 0.18892114315605424
v 0.6391862437980063 0.4029875059182454 0.20362218918775504
v 0.6391862437980063 0.41454025833908514 0.18892114315605424
v 0.6391862437980063 0.41454025833908514 0.20362218918775504
v 0.6391862437980063 0.41454025833908514 0.20362218918775504
v 0.6391862437980063 0.4029875059182454 0.20362218918775504
v 0.6626878785351742 0.41454025833908514 0.20362218918775504
v 0.6626878785351742 0.4029875059182454 0.20362218918775504
v 0.6391862437980063 0.4145401300801017 0.16086024178151292
v 0.6391862437980063 0.4145401300801017 0.17556128781321373
v 0.6626878785351742 0.4145401300801017 0.16086024178151292
v 0.6626878785351742 0.4145401300801017 0.17556128781321373
v 0.6626878785351742 0.4145401300801017 0.16086024178151292
v 0.6626878785351742 0.4145401300801017 0.17556128781321373
v 0.6626878785351742 0.4029873641583164 0.16086024178151292
v 0.6626878785351742 0.4029873641583164 0.17556128781321373
v 0.6391862437980063 0.4029873641583164 0.16086024178151292
v 0.6391862437980063 0.4029873641583164 0.17556128781321373
v 0.6391862437980063 0.4145401300801017 0.16086024178151292
v 0.6391862437980063 0.4145401300801017 0.17556128781321373
v 0.6391862437980063 0.4145401300801017 0.17556128781321373
v 0.6391862437980063 0.4029873641583164 0.17556128781321373
v 0.6626878785351742 0.4145401300801017 0.17556128781321373
v 0.6626878785351742 0.4029873641583164 0.17556128781321373
v 0.6391862437980063 0.4145401300801017 0.13231249090735586
v 0.6391862437980063 0.4145401300801017 0.14701353693905667
v 0.6626878785351742 0.4145401300801017 0.13231249090735586
v 0.6626878785351742 0.4145401300801017 0.14701353693905667
v 0.6626878785351742 0.4145401300801017 0.13231249090735586
v 0.6626878785351742 0.4145401300801017 0.14701353693905667
v 0.6626878785351742 0.4029873641583164 0.13231249090735586
v 0.6626878785351742 0.4029873641583164 0.14701353693905667
v 0.6391862437980063 0.4029873641583164 0.13231249090735586
v 0.6391862437980063 0.4029873641583164 0.14701353693905667
v 0.6391862437980063 0.4145401300801017 0.13231249090735586
v 0.6391862437980063 0.4145401300801017 0.14701353693905667
v 0.6391862437980063 0.4145401300801017 0.14701353693905667
v 0.6391862437980063 0.4029873641583164 0.14701353693905667
v 0.6626878785351742 0.4145401300801017 0.14701353693905667
v 0.6626878785351742 0.4029873641583164 0.14701353693905667
v 0.6391862437980063 0.4145401300801017 0.1044611255590091
v 0.6391862437980063 0.4145401300801017 0.11916217159070991
v 0.6626878785351742 0.4145401300801017 0.1044611255590091
v 0.6626878785351742 0.4145401300801017 0.11916217159070991
v 0.6626878785351742 0.4145401300801017 0.1044611255590091
v 0.6626878785351742 0.4145401300801017 0.11916217159070991
v 0.6626878785351742 0.4029873641583164 0.1044611255590091
v 0.6626878785351742 0.4029873641583164 0.11916217159070991
v 0.6391862437980063 0.4029873641583164 0.1044611255590091
v 0.6391862437980063 0.4029873641583164 0.11916217159070991
v 0.6391862437980063 0.4145401300801017 0.1044611255590091
v 0.6391862437980063 0.4145401300801017 0.11916217159070991
v 0.6391862437980063 0.4145401300801017 0.11916217159070991
v 0.6391862437980063 0.4029873641583164 0.11916217159070991
v 0.6626878785351742 0.4145401300801017 0.11916217159070991
v 0.6626878785351742 0.4029873641583164 0.11916217159070991
v 0.5326613517014775 0.4145405283579976 0.7319741275920126
v 0.5326613517014775 0.4145405283579976 0.7466751736237134
v 0.5561629918390237 0.4145405283579976 0.7319741275920126
v 0.5561629918390237 0.4145405283579976 0.7466751736237134
v 0.5561629918390237 0.4145405283579976 0.7319741275920126
v 0.5561629918390237 0.4145405283579976 0.7466751736237134
v 0.5561629918390237 0.40298777593715795 0.7319741275920126
v 0.5561629918390237 0.40298777593715795 0.7466751736237134
v 0.5326613517014775 0.40298777593715795 0.7319741275920126
v 0.5326613517014775 0.40298777593715795 0.7466751736237134
v 0.5326613517014775 0.4145405283579976 0.7319741275920126
v 0.5326613517014775 0.4145405283579976 0.7466751736237134
v 0.5326613517014775 0.4145405283579976 0.7466751736237134
v 0.5326613517014775 0.40298777593715795 0.7466751736237134
v 0.5561629918390237 0.4145405283579976 0.7466751736237134
v 0.5561629918390237 0.40298777593715795 0.7466751736237134
v 0.5326613517014775 0.4145405283579976 0.7056428323614901
v 0.5326613517014775 0.4145405283579976 0.7203438905440419
v 0.5561629918390237 0.4145405283579976 0.7056428323614901
v 0.5561629918390237 0.4145405283579976 0.7203438905440419
v 0.5561629918390237 0.4145405283579976 0.7056428323614901
v 0.5561629918390237 0.4145405283579976 0.7203438905440419
v 0.5561629918390237 0.40298777593715795 0.7056428323614901
v 0.5561629918390237 0.40298777593715795 0.7203438905440419
v 0.5326613517014775 0.40298777593715795 0.7056428323614901
v 0.5326613517014775 0.40298777593715795 0.7203438905440419
v 0.5326613517014775 0.4145405283579976 0.7056428323614901
v 0.5326613517014775 0.4145405283579976 0.7203438905440419
v 0.5326613517014775 0.4145405283579976 0.7203438905440419
v 0.5326613517014775 0.40298777593715795 0.7203438905440419
v 0.5561629918390237 0.4145405283579976 0.7203438905440419
v 0.5561629918390237 0.40298777593715795 0.7203438905440419
v 0.5326613517014775 0.4145405283579976 0.6736528803907831
v 0.5326613517014775 0.4145405283579976 0.6883539250723892
v 0.5561629918390237 0.4145405283579976 0.6736528803907831
v 0.5561629918390237 0.4145405283579976 0.6883539250723892
v 0.5561629918390237 0.4145405283579976 0.6736528803907831
v 0.5561629918390237 0.4145405283579976 0.6883539250723892
v 0.5561629918390237 0.40298777593715795 0.6736528803907831
v 0.5561629918390237 0.40298777593715795 0.6883539250723892
v 0.5326613517014775 0.40298777593715795 0.6736528803907831
v 0.5326613517014775 0.40298777593715795 0.6883539250723892
v 0.5326613517014775 0.4145405283579976 0.6736528803907831
v 0.5326613517014775 0.4145405283579976 0.6883539250723892
v 0.5326613517014775 0.4145405283579976 0.6883539250723892
v 0.5326613517014775 0.40298777593715795 0.6883539250723892
v 0.5561629918390237 0.4145405283579976 0.6883539250723892
v 0.5561629918390237 0.40298777593715795 0.6883539250723892
v 0.5326613517014775 0.4145405283579976 0.6427388174268377
v 0.5326613517014775 0.4145405283579976 0.6574398634585384
v 0.5561629918390237 0.4145405283579976 0.6427388174268377
v 0.5561629918390237 0.4145405283579976 0.6574398634585384
v 0.5561629918390237 0.4145405283579976 0.6427388174268377
v 0.5561629918390237 0.4145405283579976 0.6574398634585384
v 0.5561629918390237 0.40298777593715795 0.6427388174268377
v 0.5561629918390237 0.40298777593715795 0.6574398634585384
v 0.5326613517014775 0.40298777593715795 0.6427388174268377
v 0.5326613517014775 0.40298777593715795 0.6574398634585384
v 0.5326613517014775 0.4145405283579976 0.6427388174268377
v 0.5326613517014775 0.4145405283579976 0.6574398634585384
v 0.5326613517014775 0.4145405283579976 0.6574398634585384
v 0.5326613517014775 0.40298777593715795 0.6574398634585384
v 0.5561629918390237 0.4145405283579976 0.6574398634585384
v 0.5561629918390237 0.40298777593715795 0.6574398634585384
v 0.5326613517014775 0.4145405283579976 0.6132986663327287
v 0.5326613517014775 0.4145405283579976 0.627999570469491
v 0.5561629918390237 0.4145405283579976 0.6132986663327287
v 0.5561629918390237 0.4145405283579976 0.627999570469491
v 0.5561629918390237 0.4145405283579976 0.6132986663327287
v 0.5561629918390237 0.4145405283579976 0.627999570469491
v 0.5561629918390237 0.40298777593715795 0.6132986663327287
v 0.5561629918390237 0.40298777593715795 0.627999570469491
v 0.5326613517014775 0.40298777593715795 0.6132986663327287
v 0.5326613517014775 0.40298777593715795 0.627999570469491
v 0.5326613517014775 0.4145405283579976 0.6132986663327287
v 0.5326613517014775 0.4145405283579976 0.627999570469491
v 0.5326613517014775 0.4145405283579976 0.627999570469491
v 0.5326613517014775 0.40298777593715795 0.627999570469491
v 0.5561629918390237 0.4145405283579976 0.627999570469491
v 0.5561629918390237 0.40298777593715795 0.627999570469491
v 0.5326613517014775 0.41454040009901416 0.5845901140658185
v 0.5326613517014775 0.4145405283579976 0.5992911596924909
v 0.5561629918390237 0.41454040009901416 0.5845901140658185
v 0.5561629918390237 0.4145405283579976 0.5992911596924909
v 0.5561629918390237 0.41454040009901416 0.5845901140658185
v 0.5561629918390237 0.4145405283579976 0.5992911596924909
v 0.5561629918390237 0.4029876341772288 0.5845901140658185
v 0.5561629918390237 0.4029876341772288 0.5992911596924909
v 0.5326613517014775 0.4029876341772288 0.5845901140658185
v 0.5326613517014775 0.4029876341772288 0.5992911596924909
v 0.5326613517014775 0.41454040009901416 0.5845901140658185
v 0.5326613517014775 0.4145405283579976 0.5992911596924909
v 0.5326613517014775 0.4145405283579976 0.5992911596924909
v 0.5326613517014775 0.4029876341772288 0.5992911596924909
v 0.5561629918390237 0.4145405283579976 0.5992911596924909
v 0.5561629918390237 0.4029876341772288 0.5992911596924909
v 0.5326613517014775 0.41454040009901416 0.5566098132016489
v 0.5326613517014775 0.41454040009901416 0.5713108524828769
v 0.5561629918390237 0.41454040009901416 0.5566098132016489
v 0.5561629918390237 0.41454040009901416 0.5713108524828769
v 0.5561629918390237 0.41454040009901416 0.5566098132016489
v 0.5561629918390237 0.41454040009901416 0.5713108524828769
v 0.5561629918390237 0.4029876341772288 0.5566098132016489
v 0.5561629918390237 0.4029876341772288 0.5713108524828769
v 0.5326613517014775 0.4029876341772288 0.5566098132016489
v 0.5326613517014775 0.4029876341772288 0.5713108524828769
v 0.5326613517014775 0.41454040009901416 0.5566098132016489
v 0.5326613517014775 0.41454040009901416 0.5713108524828769
v 0.5326613517014775 0.41454040009901416 0.5713108524828769
v 0.5326613517014775 0.4029876341772288 0.5713108524828769
v 0.5561629918390237 0.41454040009901416 0.5713108524828769
v 0.5561629918390237 0.4029876341772288 0.5713108524828769
v 0.5326613517014775 0.41454040009901416 0.5281340210175786
v 0.5326613517014775 0.41454040009901416 0.542835066644251
v 0.5561629918390237 0.41454040009901416 0.5281340210175786
v 0.5561629918390237 0.41454040009901416 0.542835066644251
v 0.5561629918390237 0.41454040009901416 0.5281340210175786
v 0.5561629918390237 0.41454040009901416 0.542835066644251
v 0.5561629918390237 0.4029876341772288 0.5281340210175786
v 0.5561629918390237 0.4029876341772288 0.542835066644251
v 0.5326613517014775 0.4029876341772288 0.5281340210175786
v 0.5326613517014775 0.4029876341772288 0.542835066644251
v 0.5326613517014775 0.41454040009901416 0.5281340210175786
v 0.5326613517014775 0.41454040009901416 0.542835066644251
v 0.5326613517014775 0.41454040009901416 0.542835066644251
v 0.5326613517014775 0.4029876341772288 0.542835066644251
v 0.5561629918390237 0.41454040009901416 0.542835066644251
v 0.5561629918390237 0.4029876341772288 0.542835066644251
v 0.5326613517014775 0.41454040009901416 0.4990728303018812
v 0.5326613517014775 0.41454040009901416 0.5137738752130036
v 0.5561629918390237 0.41454040009901416 0.4990728303018812
v 0.5561629918390237 0.41454040009901416 0.5137738752130036
v 0.5561629918390237 0.41454040009901416 0.4990728303018812
v 0.5561629918390237 0.41454040009901416 0.5137738752130036
v 0.5561629918390237 0.4029876341772288 0.4990728303018812
v 0.5561629918390237 0.4029876341772288 0.5137738752130036
v 0.5326613517014775 0.4029876341772288 0.4990728303018812
v 0.5326613517014775 0.4029876341772288 0.5137738752130036
v 0.5326613517014775 0.41454040009901416 0.4990728303018812
v 0.5326613517014775 0.41454040009901416 0.5137738752130036
v 0.5326613517014775 0.41454040009901416 0.5137738752130036
v 0.5326613517014775 0.4029876341772288 0.5137738752130036
v 0.5561629918390237 0.41454040009901416 0.5137738752130036
v 0.5561629918390237 0.4029876341772288 0.5137738752130036
v 0.5326613517014775 0.41454040009901416 0.47162081707921255
v 0.5326613517014775 0.41454040009901416 0.48632186232785846
v 0.5561629918390237 0.41454040009901416 0.47162081707921255
v 0.5561629918390237 0.41454040009901416 0.48632186232785846
v 0.5561629918390237 0.41454040009901416 0.47162081707921255
v 0.5561629918390237 0.41454040009901416 0.48632186232785846
v 0.5561629918390237 0.4029876341772288 0.47162081707921255
v 0.5561629918390237 0.4029876341772288 0.48632186232785846
v 0.5326613517014775 0.4029876341772288 0.47162081707921255
v 0.5326613517014775 0.4029876341772288 0.48632186232785846
v 0.5326613517014775 0.41454040009901416 0.47162081707921255
v 0.5326613517014775 0.41454040009901416 0.48632186232785846
v 0.5326613517014775 0.41454040009901416 0.48632186232785846
v 0.5326613517014775 0.4029876341772288 0.48632186232785846
v 0.5561629918390237 0.41454040009901416 0.48632186232785846
v 0.5561629918390237 0.4029876341772288 0.48632186232785846
v 0.5326613517014775 0.41454040009901416 0.44286933936574446
v 0.5326613517014775 0.41454040009901416 0.4575703818871994
v 0.5561629918390237 0.41454040009901416 0.44286933936574446
v 0.5561629918390237 0.41454040009901416 0.4575703818871994
v 0.5561629918390237 0.41454040009901416 0.44286933936574446
v 0.5561629918390237 0.41454040009901416 0.4575703818871994
v 0.5561629918390237 0.4029876341772288 0.44286933936574446
v 0.5561629918390237 0.4029876341772288 0.4575703818871994
v 0.5326613517014775 0.4029876341772288 0.44286933936574446
v 0.5326613517014775 0.4029876341772288 0.4575703818871994
v 0.5326613517014775 0.41454040009901416 0.44286933936574446
v 0.5326613517014775 0.41454040009901416 0.4575703818871994
v 0.5326613517014775 0.41454040009901416 0.4575703818871994
v 0.5326613517014775 0.4029876341772288 0.4575703818871994
v 0.5561629918390237 0.41454040009901416 0.4575703818871994
v 0.5561629918390237 0.4029876341772288 0.4575703818871994
v 0.5326613517014775 0.41454040009901416 0.415227908861526
v 0.5326613517014775 0.41454040009901416 0.4299289546232079
v 0.5561629918390237 0.41454040009901416 0.415227908861526
v 0.5561629918390237 0.41454040009901416 0.4299289546232079
v 0.5561629918390237 0.41454040009901416 0.415227908861526
v 0.5561629918390237 0.41454040009901416 0.4299289546232079
v 0.5561629918390237 0.4029876341772288 0.415227908861526
v 0.5561629918390237 0.4029876341772288 0.4299289546232079
v 0.5326613517014775 0.4029876341772288 0.4152280441410012
v 0.5326613517014775 0.4029876341772288 0.4299289546232079
v 0.5326613517014775 0.41454040009901416 0.415227908861526
v 0.5326613517014775 0.41454040009901416 0.4299289546232079
v 0.5326613517014775 0.41454040009901416 0.4299289546232079
v 0.5326613517014775 0.4029876341772288 0.4299289546232079
v 0.5561629918390237 0.41454040009901416 0.4299289546232079
v 0.5561629918390237 0.4029876341772288 0.4299289546232079
v 0.5326613517014775 0.4029876341772288 0.4152280441410012
v 0.5326613517014775 0.41454040009901416 0.415227908861526
v 0.5561629918390237 0.4029876341772288 0.415227908861526
v 0.5561629918390237 0.41454040009901416 0.415227908861526
v 0.5326613517014775 0.41454040009901416 0.38669446993479767
v 0.5326613517014775 0.41454040009901416 0.4013955155614701
v 0.5561629918390237 0.41454040009901416 0.3866943346553225
v 0.5561629918390237 0.41454040009901416 0.4013953804170044
v 0.5561629918390237 0.41454040009901416 0.3866943346553225
v 0.5561629918390237 0.41454040009901416 0.4013953804170044
v 0.5561629918390237 0.4029875059182454 0.3866943346553225
v 0.5561629918390237 0.4029875059182454 0.4013953804170044
v 0.5326613517014775 0.4029875059182454 0.38669446993479767
v 0.5326613517014775 0.4029875059182454 0.4013955155614701
v 0.5326613517014775 0.41454040009901416 0.38669446993479767
v 0.5326613517014775 0.41454040009901416 0.4013955155614701
v 0.5326613517014775 0.41454040009901416 0.4013955155614701
v 0.5326613517014775 0.4029875059182454 0.4013955155614701
v 0.5561629918390237 0.41454040009901416 0.4013953804170044
v 0.5561629918390237 0.4029875059182454 0.4013953804170044
v 0.5326613517014775 0.4029875059182454 0.38669446993479767
v 0.5326613517014775 0.41454040009901416 0.38669446993479767
v 0.5561629918390237 0.4029875059182454 0.3866943346553225
v 0.5561629918390237 0.41454040009901416 0.3866943346553225
v 0.5326613517014775 0.41454025833908514 0.3582089535596314
v 0.5326613517014775 0.41454025833908514 0.37290999918630385
v 0.5561629918390237 0.41454025833908514 0.3582089535596314
v 0.5561629918390237 0.41454025833908514 0.37290999918630385
v 0.5561629918390237 0.41454025833908514 0.3582089535596314
v 0.5561629918390237 0.41454025833908514 0.37290999918630385
v 0.5561629918390237 0.4029875059182454 0.3582089535596314
v 0.5561629918390237 0.4029875059182454 0.37290999918630385
v 0.5326613517014775 0.4029875059182454 0.3582089535596314
v 0.5326613517014775 0.4029875059182454 0.37290999918630385
v 0.5326613517014775 0.41454025833908514 0.3582089535596314
v 0.5326613517014775 0.41454025833908514 0.37290999918630385
v 0.5326613517014775 0.41454025833908514 0.37290999918630385
v 0.5326613517014775 0.4029875059182454 0.37290999918630385
v 0.5561629918390237 0.41454025833908514 0.37290999918630385
v 0.5561629918390237 0.4029875059182454 0.37290999918630385
v 0.5326613517014775 0.41454025833908514 0.33006393589346805
v 0.5326613517014775 0.41454025833908514 0.3447649819251689
v 0.5561629918390237 0.41454025833908514 0.3300638076344847
v 0.5561629918390237 0.41454025833908514 0.3447648536661855
v 0.5561629918390237 0.41454025833908514 0.3300638076344847
v 0.5561629918390237 0.41454025833908514 0.3447648536661855
v 0.5561629918390237 0.4029875059182454 0.3300638076344847
v 0.5561629918390237 0.4029875059182454 0.3447648536661855
v 0.5326613517014775 0.4029875059182454 0.33006393589346805
v 0.5326613517014775 0.4029875059182454 0.3447649819251689
v 0.5326613517014775 0.41454025833908514 0.33006393589346805
v 0.5326613517014775 0.41454025833908514 0.3447649819251689
v 0.5326613517014775 0.41454025833908514 0.3447649819251689
v 0.5326613517014775 0.4029875059182454 0.3447649819251689
v 0.5561629918390237 0.41454025833908514 0.3447648536661855
v 0.5561629918390237 0.4029875059182454 0.3447648536661855
v 0.5326613517014775 0.4029875059182454 0.33006393589346805
v 0.5326613517014775 0.41454025833908514 0.33006393589346805
v 0.5561629918390237 0.4029875059182454 0.3300638076344847
v 0.5561629918390237 0.41454025833908514 0.3300638076344847
v 0.5326613517014775 0.41454025833908514 0.3017728460962097
v 0.5326613517014775 0.41454025833908514 0.31647389212791044
v 0.5561629918390237 0.41454025833908514 0.30177270433628056
v 0.5561629918390237 0.41454025833908514 0.3164737503679814
v 0.5561629918390237 0.41454025833908514 0.30177270433628056
v 0.5561629918390237 0.41454025833908514 0.3164737503679814
v 0.5561629918390237 0.4029875059182454 0.30177270433628056
v 0.5561629918390237 0.4029875059182454 0.3164737503679814
v 0.5326613517014775 0.4029875059182454 0.3017728460962097
v 0.5326613517014775 0.4029875059182454 0.31647389212791044
v 0.5326613517014775 0.41454025833908514 0.3017728460962097
v 0.5326613517014775 0.41454025833908514 0.31647389212791044
v 0.5326613517014775 0.41454025833908514 0.31647389212791044
v 0.5326613517014775 0.4029875059182454 0.31647389212791044
v 0.5561629918390237 0.41454025833908514 0.3164737503679814
v 0.5561629918390237 0.4029875059182454 0.3164737503679814
v 0.5326613517014775 0.4029875059182454 0.3017728460962097
v 0.5326613517014775 0.41454025833908514 0.3017728460962097
v 0.5561629918390237 0.4029875059182454 0.30177270433628056
v 0.5561629918390237 0.41454025833908514 0.30177270433628056
v 0.5326613517014775 0.41454025833908514 0.27440061715724307
v 0.5326613517014775 0.41454025833908514 0.2891016631889439
v 0.5561629918390237 0.41454025833908514 0.27440061715724307
v 0.5561629918390237 0.41454025833908514 0.2891016631889439
v 0.5561629918390237 0.41454025833908514 0.27440061715724307
v 0.5561629918390237 0.41454025833908514 0.2891016631889439
v 0.5561629918390237 0.4029875059182454 0.27440061715724307
v 0.5561629918390237 0.4029875059182454 0.2891016631889439
v 0.5326613517014775 0.4029875059182454 0.27440061715724307
v 0.5326613517014775 0.4029875059182454 0.2891016631889439
v 0.5326613517014775 0.41454025833908514 0.27440061715724307
v 0.5326613517014775 0.41454025833908514 0.2891016631889439
v 0.5326613517014775 0.41454025833908514 0.2891016631889439
v 0.5326613517014775 0.4029875059182454 0.2891016631889439
v 0.5561629918390237 0.41454025833908514 0.2891016631889439
v 0.5561629918390237 0.4029875059182454 0.2891016631889439
v 0.5326613517014775 0.4029875059182454 0.27440061715724307
v 0.5326613517014775 0.41454025833908514 0.27440061715724307
v 0.5561629918390237 0.4029875059182454 0.27440061715724307
v 0.5561629918390237 0.41454025833908514 0.27440061715724307
v 0.5326613517014775 0.41454025833908514 0.24657610924002815
v 0.5326613517014775 0.41454025833908514 0.26127715527172896
v 0.5561629918390237 0.41454025833908514 0.24657610924002815
v 0.5561629918390237 0.41454025833908514 0.26127715527172896
v 0.5561629918390237 0.41454025833908514 0.24657610924002815
v 0.5561629918390237 0.41454025833908514 0.26127715527172896
v 0.5561629918390237 0.4029875059182454 0.24657610924002815
v 0.5561629918390237 0.4029875059182454 0.26127715527172896
v 0.5326613517014775 0.4029875059182454 0.24657610924002815
v 0.5326613517014775 0.4029875059182454 0.26127715527172896
v 0.5326613517014775 0.41454025833908514 0.24657610924002815
v 0.5326613517014775 0.41454025833908514 0.26127715527172896
v 0.5326613517014775 0.41454025833908514 0.26127715527172896
v 0.5326613517014775 0.4029875059182454 0.26127715527172896
v 0.5561629918390237 0.41454025833908514 0.26127715527172896
v 0.5561629918390237 0.4029875059182454 0.26127715527172896
v 0.5326613517014775 0.41454025833908514 0.21699986442872599
v 0.5326613517014775 0.41454025833908514 0.2317009104604268
v 0.5561629918390237 0.41454025833908514 0.21699986442872599
v 0.5561629918390237 0.41454025833908514 0.2317009104604268
v 0.5561629918390237 0.41454025833908514 0.21699986442872599
v 0.5561629918390237 0.41454025833908514 0.2317009104604268
v 0.5561629918390237 0.4029875059182454 0.21699986442872599
v 0.5561629918390237 0.4029875059182454 0.2317009104604268
v 0.5326613517014775 0.4029875059182454 0.21699986442872599
v 0.5326613517014775 0.4029875059182454 0.2317009104604268
v 0.5326613517014775 0.41454025833908514 0.21699986442872599
v 0.5326613517014775 0.41454025833908514 0.2317009104604268
v 0.5326613517014775 0.41454025833908514 0.2317009104604268
v 0.5326613517014775 0.4029875059182454 0.2317009104604268
v 0.5561629918390237 0.41454025833908514 0.2317009104604268
v 0.5561629918390237 0.4029875059182454 0.2317009104604268
v 0.5326613517014775 0.41454025833908514 0.18892114315605424
v 0.5326613517014775 0.41454025833908514 0.20362218918775504
v 0.5561629918390237 0.41454025833908514 0.18892114315605424
v 0.5561629918390237 0.41454025833908514 0.20362218918775504
v 0.5561629918390237 0.41454025833908514 0.18892114315605424
v 0.5561629918390237 0.41454025833908514 0.20362218918775504
v 0.5561629918390237 0.4029875059182454 0.18892114315605424
v 0.5561629918390237 0.4029875059182454 0.20362218918775504
v 0.5326613517014775 0.4029875059182454 0.18892114315605424
v 0.5326613517014775 0.4029875059182454 0.20362218918775504
v 0.5326613517014775 0.41454025833908514 0.18892114315605424
v 0.5326613517014775 0.41454025833908514 0.20362218918775504
v 0.5326613517014775 0.41454025833908514 0.20362218918775504
v 0.5326613517014775 0.4029875059182454 0.20362218918775504
v 0.5561629918390237 0.41454025833908514 0.20362218918775504
v 0.5561629918390237 0.4029875059182454 0.20362218918775504
v 0.5326613517014775 0.4145401300801017 0.16086024178151292
v 0.5326613517014775 0.4145401300801017 0.17556128781321373
v 0.5561629918390237 0.4145401300801017 0.16086024178151292
v 0.5561629918390237 0.4145401300801017 0.17556128781321373
v 0.5561629918390237 0.4145401300801017 0.16086024178151292
v 0.5561629918390237 0.4145401300801017 0.17556128781321373
v 0.5561629918390237 0.4029873641583164 0.16086024178151292
v 0.5561629918390237 0.4029873641583164 0.17556128781321373
v 0.5326613517014775 0.4029873641583164 0.16086024178151292
v 0.5326613517014775 0.4029873641583164 0.17556128781321373
v 0.5326613517014775 0.4145401300801017 0.16086024178151292
v 0.5326613517014775 0.4145401300801017 0.17556128781321373
v 0.5326613517014775 0.4145401300801017 0.17556128781321373
v 0.5326613517014775 0.4029873641583164 0.17556128781321373
v 0.5561629918390237 0.4145401300801017 0.17556128781321373
v 0.5561629918390237 0.4029873641583164 0.17556128781321373
v 0.5326613517014775 0.4145401300801017 0.13231236264837237
v 0.5326613517014775 0.4145401300801017 0.14701340868007323
v 0.5561629918390237 0.4145401300801017 0.13231236264837237
v 0.5561629918390237 0.4145401300801017 0.14701340868007323
v 0.5561629918390237 0.4145401300801017 0.13231236264837237
v 0.5561629918390237 0.4145401300801017 0.14701340868007323
v 0.5561629918390237 0.4029873641583164 0.13231236264837237
v 0.5561629918390237 0.4029873641583164 0.14701340868007323
v 0.5326613517014775 0.4029873641583164 0.13231236264837237
v 0.5326613517014775 0.4029873641583164 0.14701340868007323
v 0.5326613517014775 0.4145401300801017 0.13231236264837237
v 0.5326613517014775 0.4145401300801017 0.14701340868007323
v 0.5326613517014775 0.4145401300801017 0.14701340868007323
v 0.5326613517014775 0.4029873641583164 0.14701340868007323
v 0.5561629918390237 0.4145401300801017 0.14701340868007323
v 0.5561629918390237 0.4029873641583164 0.14701340868007323
v 0.5326613517014775 0.4145401300801017 0.1044611255590091
v 0.5326613517014775 0.4145401300801017 0.11916217159070991
v 0.5561629918390237 0.4145401300801017 0.1044611255590091
v 0.5561629918390237 0.4145401300801017 0.11916217159070991
v 0.5561629918390237 0.4145401300801017 0.1044611255590091
v 0.5561629918390237 0.4145401300801017 0.11916217159070991
v 0.5561629918390237 0.4029873641583164 0.1044611255590091
v 0.5561629918390237 0.4029873641583164 0.11916217159070991
v 0.5326613517014775 0.4029873641583164 0.1044611255590091
v 0.5326613517014775 0.4029873641583164 0.11916217159070991
v 0.5326613517014775 0.4145401300801017 0.1044611255590091
v 0.5326613517014775 0.4145401300801017 0.11916217159070991
v 0.5326613517014775 0.4145401300801017 0.11916217159070991
v 0.5326613517014775 0.4029873641583164 0.11916217159070991
v 0.5561629918390237 0.4145401300801017 0.11916217159070991
v 0.5561629918390237 0.4029873641583164 0.11916217159070991
v 0.2392837682726935 0.12830293460401604 0.33671517810571894
v 0.5018385587617116 0.12740229300182618 0.34709213992255017
v 0.4943772612970647 0.12830334665287654 0.33671465021874497
v 0.2318193749062054 0.12740242180084746 0.3470924099414626
v 0.4943899521184475 0.305019512348785 0.23458430201717978
v 0.23182532342284784 0.31445492064789893 0.23898805936246614
v 0.23928930501049434 0.30501505744175705 0.2345868766475105
v 0.5018521947167928 0.3144597811233334 0.23898520121227734
v 0.7245901138537897 0.22473208904104444 0.5756874555112372
v 0.723419600769426 0.22344139850428493 0.5484301270450596
v 0.7312721395721601 0.23149160766262547 0.5476735366174141
v 0.7169554803134432 0.21691261121894748 0.5755477240992548
v 0.7182115880429747 0.20798700213687935 0.610450630377331
v 0.7104881128800375 0.20045441967933256 0.6092120583510245
v 0.7090425679820633 0.17895510721760036 0.6517141137690705
v 0.7008592438606658 0.1717624766807587 0.6491897029058243
v 0.6947264352602258 0.14124345462602775 0.6902005817147876
v 0.6861919447926492 0.13436580398581588 0.6864816206835871
v 0.6722258983413407 0.09151744877245083 0.7242565766440157
v 0.6631756663505108 0.0856030854722234 0.7194883126681781
v 0.6603337213467321 0.08120204451719676 0.7420047901535627
v 0.6497547813330671 0.07268888959399133 0.7431823588321099
v 0.6358338239898624 0.07073396346824784 0.7777385664969333
v 0.6264526916523123 0.0625 0.7789439187714822
v 0.6122858764188793 0.07389209251799678 0.8170701949888699
v 0.6048476713766578 0.06603333517970789 0.8185577278277378
v 0.5922890904061883 0.09417294436705384 0.8543068776978917
v 0.5847766259777363 0.08684490245081089 0.8576629292604085
v 0.6048476713766578 0.06603333517970789 0.8185577278277378
v 0.5812432912030567 0.12562623293911043 0.8767877153870154
v 0.5893033573612952 0.1312507299917029 0.8723380696776442
v 0.5844376138578561 0.17288927005793323 0.8873766339495917
v 0.5927463640592706 0.1764374503374125 0.8815943206983332
v 0.59675763109399 0.25366151097297296 0.8889886468572168
v 0.604737231751313 0.25366151097297296 0.8809285809689971
v 0.569643143577591 0.2379883978148393 0.6636619133095596
v 0.5692811809302241 0.2654518862472476 0.6343208509207613
v 0.569201120997715 0.24609571529812627 0.6347959437969268
v 0.5694897705401303 0.19689178987778863 0.6603986024427301
v 0.56987252707393 0.20960738441570673 0.6822559570122292
v 0.56987252707393 0.18691364680477665 0.6788059267173113
v 0.5697030854810052 0.16528188736627406 0.6590709194499675
v 0.56987252707393 0.15527863712472104 0.6668859391248096
v 0.569894531320138 0.1350224933562523 0.6447558681538745
v 0.6333640954666434 0.2379883978148393 0.6636619133095596
v 0.6338061115660655 0.24609571529812627 0.6347959437969268
v 0.6337260516335566 0.2654518862472476 0.6343208509207613
v 0.6335174685041042 0.19689178987778863 0.6603986024427301
v 0.633134718315749 0.20960738441570673 0.6822559570122292
v 0.633134718315749 0.18691364680477665 0.6788059267173113
v 0.633304018283754 0.16528188736627406 0.6590709194499675
v 0.633134718315749 0.15527863712472104 0.6668859391248096
v 0.633112714069541 0.1350224933562523 0.6447558681538745
v 0.6231388842786372 0.25219341855073885 0.7862816948695208
v 0.60096087833527 0.24625084179790194 0.814465043070408
v 0.60096087833527 0.24625084179790194 0.7862816948695208
v 0.6231388842786372 0.25219341855073885 0.814465043070408
v 0.6393741756110117 0.26842857581872326 0.7862816948695208
v 0.6393741756110117 0.26842857581872326 0.814465043070408
v 0.6453167491371226 0.2906065786568729 0.7862816948695208
v 0.6453167491371226 0.2906065786568729 0.814465043070408
v 0.6393741756110117 0.312784851783954 0.7862815409587407
v 0.6393741756110117 0.312784851783954 0.81446491346133
v 0.6231388842786372 0.3290201427113002 0.7862815409587407
v 0.6231388842786372 0.3290201427113002 0.81446491346133
v 0.60096087833527 0.3349625874383898 0.7862815409587407
v 0.60096087833527 0.3349625874383898 0.81446491346133
v 0.5787828787373472 0.3290201427113002 0.7862815409587407
v 0.5787828787373472 0.3290201427113002 0.81446491346133
v 0.5625474526655354 0.312784851783954 0.7862815409587407
v 0.5625474526655354 0.312784851783954 0.81446491346133
v 0.5566048726589706 0.2906065786568729 0.7862816948695208
v 0.5566048726589706 0.2906065786568729 0.814465043070408
v 0.5625474526655354 0.26842857581872326 0.7862816948695208
v 0.5625474526655354 0.26842857581872326 0.814465043070408
v 0.5787828787373472 0.25219341855073885 0.7862816948695208
v 0.5787828787373472 0.25219341855073885 0.814465043070408
v 0.60096087833527 0.24625084179790194 0.7862816948695208
v 0.60096087833527 0.24625084179790194 0.814465043070408
v 0.6197749912318918 0.25900734499761957 0.6559280343179238
v 0.60096087833527 0.2539662274507386 0.6959449762101637
v 0.60096087833527 0.2539662274507386 0.6559280343179238
v 0.6197749912318918 0.25900748027709475 0.6959449762101637
v 0.6335478418514957 0.2727803356220295 0.6559280343179238
v 0.6335478418514957 0.2727803356220295 0.6959449762101637
v 0.6385890915726342 0.2915944420381975 0.6559280343179238
v 0.6385890915726342 0.2915944420381975 0.6959449762101637
v 0.6335478418514957 0.31040827816543404 0.6559280343179238
v 0.6335478418514957 0.3104084134449091 0.6959449762101637
v 0.6197749912318918 0.3241815406988888 0.6559280343179238
v 0.6197749912318918 0.3241815406988888 0.6959449762101637
v 0.60096087833527 0.3292229254294836 0.6559280343179238
v 0.60096087833527 0.3292229254294836 0.6959449762101637
v 0.5821467717840926 0.3241815406988888 0.6559280343179238
v 0.5821467717840926 0.3241815406988888 0.6959449762101637
v 0.5683739212994983 0.31040827816543404 0.6559280343179238
v 0.5683739212994983 0.3104084134449091 0.6959449762101637
v 0.5633326653679247 0.2915944420381975 0.6559280343179238
v 0.5633326653679247 0.2915944420381975 0.6959449762101637
v 0.5683739212994983 0.2727803356220295 0.6559280343179238
v 0.5683739212994983 0.2727803356220295 0.6959449762101637
v 0.5821467717840926 0.25900734499761957 0.6559280343179238
v 0.5821467717840926 0.25900748027709475 0.6959449762101637
v 0.60096087833527 0.2539662274507386 0.6559280343179238
v 0.60096087833527 0.2539662274507386 0.6959449762101637
v 0.624582267135179 0.2506809071668389 0.6290773536589238
v 0.60096087833527 0.24435166334480293 0.6550180705827988
v 0.60096087833527 0.24435166334480293 0.6290773536589238
v 0.624582267135179 0.2506809071668389 0.6550180705827988
v 0.6418742766715655 0.2679730533732979 0.6290773536589238
v 0.6418742766715655 0.2679730533732979 0.6550180705827988
v 0.6482035267310383 0.2915943068937318 0.6290773536589238
v 0.6482035267310383 0.2915943068937318 0.6550180705827988
v 0.6418742766715655 0.31521556041416554 0.6290773536589238
v 0.6418742766715655 0.31521556041416554 0.6550180705827988
v 0.624582267135179 0.33250797538394916 0.6290773536589238
v 0.624582267135179 0.33250797538394916 0.6550180705827988
v 0.60096087833527 0.3388372196380154 0.6290773536589238
v 0.60096087833527 0.3388372196380154 0.6550180705827988
v 0.5773394895353611 0.33250797538394916 0.6290773536589238
v 0.5773394895353611 0.33250797538394916 0.6550180705827988
v 0.5600474802689934 0.31521556041416554 0.6290773536589238
v 0.5600474802689934 0.31521556041416554 0.6550180705827988
v 0.553718103975679 0.2915943068937318 0.6290773536589238
v 0.553718103975679 0.2915943068937318 0.6550180705827988
v 0.5600474802689934 0.2679730533732979 0.6290773536589238
v 0.5600474802689934 0.2679730533732979 0.6550180705827988
v 0.5773394895353611 0.2506809071668389 0.6290773536589238
v 0.5773394895353611 0.2506809071668389 0.6550180705827988
v 0.60096087833527 0.24435166334480293 0.6290773536589238
v 0.60096087833527 0.24435166334480293 0.6550180705827988
v 0.6097737623519178 0.24277529313614213 0.8816776255831232
v 0.6092998794304992 0.2519224535054704 0.8885190772179064
v 0.6079430329100827 0.24316466047547183 0.8886513851349369
v 0.6111304672474147 0.25153295176422696 0.8815450341462346
v 0.6079110309436205 0.2429583659183143 0.8747037121205294
v 0.6092678838094815 0.2517161589348118 0.8745712475925298
v 0.6028538479464931 0.24366460024894857 0.8695985995513482
v 0.6042106944669097 0.25242225809397856 0.869466136373443
v 0.5959571608379406 0.24470498330782428 0.8677299255668246
v 0.5973141426378322 0.25346264231393556 0.8675974880407162
v 0.5890691132545123 0.24580031499937868 0.8695985995513482
v 0.5904259597749288 0.25455783767294105 0.869466136373443
v 0.5840352864882878 0.24665748967258436 0.8747037121205294
v 0.5853921330087044 0.2554152835396415 0.8745712475925298
v 0.5822042867575213 0.24704658743853283 0.8816776255831232
v 0.5835614035668693 0.2558045164770576 0.8815450341462346
v 0.5840672821093056 0.24686378422974195 0.8886513851349369
v 0.5854241286297222 0.25562144284432586 0.8885190772179064
v 0.589124465106433 0.24615741471413913 0.8937563694451347
v 0.5904813116268495 0.25491520851369154 0.8936241884369931
v 0.5960210234159643 0.24511730203870138 0.8956248881687836
v 0.5973779986003926 0.25387496105831364 0.8954921927746138
v 0.6029091997984137 0.2440218355537059 0.8937563694451347
v 0.6042659110393551 0.2527794937902633 0.8936241884369931
v 0.6079430329100827 0.24316466047547183 0.8886513851349369
v 0.6092998794304992 0.2519224535054704 0.8885190772179064
v 0.5177641396300346 0.34098778945191477 0.6145072642346058
v 0.5333929701050476 0.31971043145618194 0.6295596047364597
v 0.5333929701050476 0.34098778945191477 0.6295596047364597
v 0.5177641396300346 0.31971043145618194 0.6145072642346058
v 0.5096823379754117 0.34098778945191477 0.5881532876854522
v 0.5096823379754117 0.31971043145618194 0.5881532876854522
v 0.5177641396300346 0.34098778945191477 0.5617994399353198
v 0.5177641396300346 0.31971043145618194 0.5617994399353198
v 0.5424361712084244 0.34098778945191477 0.5416417165753532
v 0.5424361712084244 0.31971043145618194 0.5416417165753532
v 0.6753779627663149 0.20752945495463868 0.07941010475068683
v 0.6711348788248171 0.23186814898210292 0.4987535330728594
v 0.6711348788248171 0.23186787900369324 0.07941010475068683
v 0.6753779627663149 0.20752972537857953 0.4987535330728594
v 0.6912215938262595 0.1885733156202877 0.07941010475068683
v 0.6912215938262595 0.1885735859092191 0.4987535330728594
v 0.7144203956025859 0.18007838562358144 0.07941010475068683
v 0.7144203956025859 0.1800786560475223 0.4987535330728594
v 0.7387588338006315 0.18432132807516907 0.07941010475068683
v 0.7387588338006315 0.1843214632196348 0.4987535330728594
v 0.7577151051742307 0.20016482372062902 0.07941010475068683
v 0.7577151051742307 0.20016509414456993 0.4987535330728594
v 0.7662101580295422 0.22336403916592937 0.07941010475068683
v 0.7662101580295422 0.22336430796975673 0.4987535330728594
v 0.7619670862388954 0.2477024632554868 0.07941010475068683
v 0.7619670862388954 0.2477027328288681 0.4987535330728594
v 0.7461234430280997 0.26665859941711556 0.07941010475068683
v 0.7461234430280997 0.26665886984105647 0.4987535330728594
v 0.7229246412517734 0.27515352941382176 0.07941010475068683
v 0.7229246412517734 0.2751537997027532 0.4987535330728594
v 0.6985862152045788 0.27091072210669986 0.07941010475068683
v 0.6985862152045788 0.27091099253064077 0.4987535330728594
v 0.6796299438309796 0.255066959277526 0.07941010475068683
v 0.6796299438309796 0.25506722956645744 0.4987535330728594
v 0.6711348788248171 0.23186787900369324 0.07941010475068683
v 0.6711348788248171 0.23186814898210292 0.4987535330728594
v 0.7002661473193595 0.22926260182345784 0.5719309560457926
v 0.7019088033232695 0.21983880644372886 0.5322744904818157
v 0.7019088033232695 0.21983880644372886 0.5719309560457926
v 0.7002661473193595 0.22926260182345784 0.5322744904818157
v 0.7035553746014109 0.23824518578172546 0.5719309560457926
v 0.7035553746014109 0.23824518578172546 0.5322744904818157
v 0.710895031381175 0.2443798804156658 0.5719309560457926
v 0.710895031381175 0.2443798804156658 0.53227435533735
v 0.7203188196864084 0.2460226757763366 0.5719309560457926
v 0.7203188196864084 0.2460226757763366 0.53227435533735
v 0.7293015442489241 0.2427335752816656 0.5719309560457926
v 0.7293015442489241 0.24273344009669703 0.53227435533735
v 0.7354363874418698 0.23539365099416484 0.5719309560457926
v 0.7354363874418698 0.23539365099416484 0.5322744904818157
v 0.7370790447958744 0.22596985637048886 0.5719309560457926
v 0.7370790447958744 0.22596985637048886 0.5322744904818157
v 0.7337896622529484 0.21698727144825372 0.5719309560457926
v 0.7337896622529484 0.216987136303788 0.5322744904818157
v 0.7264500054731842 0.21085257771077617 0.5719309560457926
v 0.7264500054731842 0.21085257771077617 0.5322744904818157
v 0.7170262171679508 0.20920978237710722 0.5719309560457926
v 0.7170262171679508 0.20920978237710722 0.5322744904818157
v 0.7080436343653641 0.21249901694966924 0.5719309560457926
v 0.7080436343653641 0.21249901694966924 0.5322744904818157
v 0.7019088033232695 0.21983880644372886 0.5719309560457926
v 0.7019088033232695 0.21983880644372886 0.5322744904818157
v 0.5185960678994471 0.21566107355950995 0.5399534223798808
v 0.5026966787846309 0.18681130909690133 0.5362395827973936
v 0.5185960678994471 0.18681130909690133 0.5362395827973936
v 0.5026966787846309 0.21566107355950995 0.5399534223798808
v 0.5185960678994471 0.2451478141758139 0.5498963316300669
v 0.5026966787846309 0.2451478141758139 0.5498963316300669
v 0.5185960678994471 0.23238024001167054 0.5005523988519194
v 0.5026966787846309 0.22872742421737433 0.5202824091897712
v 0.5185960678994471 0.22872742421737433 0.5202824091897712
v 0.5026966787846309 0.23238024001167054 0.5005522636669508
v 0.5185960678994471 0.23988906096692866 0.4828329476894271
v 0.5026966787846309 0.23988906096692866 0.4828329476894271
v 0.5185960678994471 0.2216449629494414 0.4984323455494388
v 0.5026966787846309 0.22522541397220838 0.47894494509832064
v 0.5185960678994471 0.22522541397220838 0.47894494509832064
v 0.5026966787846309 0.2216449629494414 0.4984323455494388
v 0.5185960678994471 0.2140637770876446 0.5163944090288349
v 0.5026966787846309 0.2140637770876446 0.5163944090288349
v 0.33961956673149996 0.21237669959739183 0.2698875210537181
v 0.3474845439554384 0.16024158419643322 0.22219502695513144
v 0.3474845439554384 0.19626709936859696 0.27993803675580964
v 0.33961956673149996 0.1763511779447742 0.21214425338497844
v 0.3474845439554384 0.2284862973825156 0.2598367474835651
v 0.3474845439554384 0.1924606430291034 0.20209360942390342
v 0.36647241132206476 0.23515900455920233 0.25567373630047463
v 0.36647241132206476 0.19913348621431634 0.19793059689071835
v 0.3854601376038095 0.2284862973825156 0.25983687574254855
v 0.3854601376038095 0.1924606430291034 0.20209360942390342
v 0.3933249790082348 0.21237669959739183 0.2698875210537181
v 0.3933249790082348 0.1763511779447742 0.21214425338497844
v 0.3854601376038095 0.19626709936859696 0.27993803675580964
v 0.3854601376038095 0.16024158419643322 0.22219502695513144
v 0.36647241132206476 0.18959439456807667 0.28410118969882925
v 0.36647241132206476 0.1535687377709933 0.2263580394883165
v 0.3474845439554384 0.19626709936859696 0.27993803675580964
v 0.3474845439554384 0.16024158419643322 0.22219502695513144
v 0.40600709390119205 0.293185526184943 0.23857748615534796
v 0.413872070450083 0.26676323228574716 0.23209837694953223
v 0.413872070450083 0.27707606434084076 0.24862813011642293
v 0.40600709390119205 0.28287283237953254 0.22204773163836267
v 0.413872070450083 0.3092951264137378 0.2285268408441784
v 0.413872070450083 0.29898243260832746 0.2119970863271931
v 0.43285979673182773 0.31596797283917777 0.22436370005200995
v 0.43285979673182773 0.30565513740884775 0.20783394688511914
v 0.45184739097432414 0.3092951264137378 0.2285268408441784
v 0.45184739097432414 0.29898243260832746 0.2119970863271931
v 0.4597123675232152 0.293185526184943 0.23857748615534796
v 0.4597123675232152 0.28287283237953254 0.22204773163836267
v 0.45184739097432414 0.27707606434084076 0.24862813011642293
v 0.45184739097432414 0.26676323228574716 0.23209837694953223
v 0.43285979673182773 0.27040322439585474 0.25279114129951347
v 0.43285979673182773 0.2600905258651133 0.23626154204340288
v 0.413872070450083 0.27707606434084076 0.24862813011642293
v 0.413872070450083 0.26676323228574716 0.23209837694953223
v 0.27429821558325873 0.15341510079004558 0.31771017236869714
v 0.28216319145710245 0.12699267174638404 0.3112312049228105
v 0.28216319145710245 0.1373055006962601 0.3277609459388502
v 0.27429821558325873 0.14310226549472502 0.30118056096173546
v 0.28216319145710245 0.16952455939392083 0.3076595270575276
v 0.28216319145710245 0.1592118657235199 0.2911299156505659
v 0.3011509186839133 0.1761974058193608 0.303496374114508
v 0.3011509186839133 0.16588470566850597 0.28696676270754634
v 0.32013864456062957 0.16952455939392083 0.3076595270575276
v 0.32013864456062957 0.1592118657235199 0.2911299156505659
v 0.32800349217548996 0.15341510079004558 0.31771017236869714
v 0.32800349217548996 0.14310226549472502 0.30118056096173546
v 0.32013864456062957 0.1373055006962601 0.3277609459388502
v 0.32013864456062957 0.12699267174638404 0.3112312049228105
v 0.3011509186839133 0.13063266075127408 0.33192397062288626
v 0.3011509186839133 0.1203199669458637 0.31539435786583003
v 0.28216319145710245 0.1373055006962601 0.3277609459388502
v 0.28216319145710245 0.12699267174638404 0.3112312049228105
v 0.4944293749066744 0.1298176090689212 0.33583991315094475
v 0.5018521947167928 0.3144597811233334 0.23898520121227734
v 0.4943899521184475 0.305019512348785 0.23458430201717978
v 0.5018937775753141 0.12900565396345684 0.3461659791029589
v 0.4943772612970647 0.12830334665287654 0.33671465021874497
v 0.5018385587617116 0.12740229300182618 0.34709213992255017
v 0.5965933267458852 0.25366151097297296 0.8728683854716996
v 0.584866271581639 0.17998577210680197 0.8758118548863894
v 0.5886170994348361 0.25366151097297296 0.8809285809689971
v 0.5766262380882381 0.1764374503374125 0.8815943206983332
v 0.5812432912030567 0.1368752270442954 0.867888294359195
v 0.5812432912030567 0.1368752270442954 0.867888294359195
v 0.5731832250448182 0.1312507299917029 0.8723380696776442
v 0.5836664420039074 0.10150112804322584 0.8509506708745002
v 0.5761689580897114 0.09417294436705384 0.8543068776978917
v 0.5836664420039074 0.10150112804322584 0.8509506708745002
v 0.5958750730633987 0.07389209251799678 0.8170700410780898
v 0.6032941129732676 0.08175086335723128 0.8155825082392218
v 0.6182944755095124 0.07046974456198832 0.7776930642598934
v 0.627467024042563 0.07868183244803995 0.7764914706486064
v 0.6424623778629905 0.08085886128016576 0.7422397174081942
v 0.6530380735994218 0.08936364696717825 0.741072011170426
v 0.6545443781530866 0.09122137708517827 0.7246909182659067
v 0.6635796227441783 0.09713505723755708 0.7294765890109385
v 0.6782189694543728 0.14124345462602775 0.6909521901584879
v 0.6867444075379079 0.14812110513123014 0.6946714212086009
v 0.6867444075379079 0.14812110513123014 0.6946714212086009
v 0.6929391733279155 0.17895510721760036 0.6524473474257751
v 0.7011225096001641 0.18614773775444202 0.6549720283079339
v 0.702379854016315 0.20798700213687935 0.6111714526147226
v 0.7101102173617101 0.21551958459442613 0.6124098959770173
v 0.7087336717465416 0.22473208904104444 0.5764094881084041
v 0.716394106944072 0.23255170191310046 0.5765481443050768
v 0.7152612439467728 0.23149160766262547 0.5484025863310696
v 0.7231268894675196 0.23954181664005328 0.547645455190552
v 0.5886170994348361 0.25366151097297296 0.8809285809689971
v 0.5766262380882381 0.1764374503374125 0.8815943206983332
v 0.59675763109399 0.25366151097297296 0.8889886468572168
v 0.5844376138578561 0.17288927005793323 0.8873766339495917
v 0.5731832250448182 0.1312507299917029 0.8723380696776442
v 0.5844376138578561 0.17288927005793323 0.8873766339495917
v 0.5812432912030567 0.12562623293911043 0.8767877153870154
v 0.5761689580897114 0.09417294436705384 0.8543068776978917
v 0.5847766259777363 0.08684490245081089 0.8576629292604085
v 0.5958750730633987 0.07389209251799678 0.8170700410780898
v 0.6048476713766578 0.06603333517970789 0.8185577278277378
v 0.6182944755095124 0.07046974456198832 0.7776930642598934
v 0.6264526916523123 0.0625 0.7789439187714822
v 0.6424623778629905 0.08085886128016576 0.7422397174081942
v 0.6497547813330671 0.07268888959399133 0.7431823588321099
v 0.6545443781530866 0.09122137708517827 0.7246909182659067
v 0.6631756663505108 0.0856030854722234 0.7194883126681781
v 0.6861919447926492 0.13436580398581588 0.6864816206835871
v 0.6782189694543728 0.14124345462602775 0.6909521901584879
v 0.7008592438606658 0.1717624766807587 0.6491897029058243
v 0.6929391733279155 0.17895510721760036 0.6524473474257751
v 0.7104881128800375 0.20045441967933256 0.6092120583510245
v 0.702379854016315 0.20798700213687935 0.6111714526147226
v 0.7169554803134432 0.21691261121894748 0.5755477240992548
v 0.7087336717465416 0.22473208904104444 0.5764094881084041
v 0.7152612439467728 0.23149160766262547 0.5484025863310696
v 0.723419600769426 0.22344139850428493 0.5484301270450596
v 0.5267658944504561 0.4044446643296462 0.07566279308376833
v 0.5577666295700398 0.4044446643296462 0.07566279308376833
v 0.5267658944504561 0.1265152737187625 0.0756630496017352
v 0.5686984805220774 0.3961795177272883 0.07566279308376833
v 0.599650209774222 0.1265152737187625 0.0756630496017352
v 0.599650209774222 0.39637622920523374 0.07566279308376833
v 0.623238527872813 0.3961795177272883 0.07566279308376833
v 0.6725345232078555 0.1265152737187625 0.0756630496017352
v 0.6366537350675742 0.4044446643296462 0.07566279308376833
v 0.6725345232078555 0.4044446643296462 0.07566279308376833
v 0.5267658944504561 0.4044446643296462 0.07566279308376833
v 0.5267658944504561 0.40313115732979 0.7561246353271474
v 0.5577666295700398 0.4044446643296462 0.07566279308376833
v 0.555308515370304 0.40313115732979 0.7561246353271474
v 0.5686984805220774 0.3961795177272883 0.07566279308376833
v 0.5687356070424705 0.39523782947013375 0.7561246353271474
v 0.599650209774222 0.39477298516179216 0.7561246353271474
v 0.599650209774222 0.39637622920523374 0.07566279308376833
v 0.623238527872813 0.3961795177272883 0.07566279308376833
v 0.623201394871966 0.39523782947013375 0.7561246353271474
v 0.6391118495373288 0.40313115732979 0.7561246353271474
v 0.6366537350675742 0.4044446643296462 0.07566279308376833
v 0.6725345232078555 0.40313115732979 0.7561246353271474
v 0.6725345232078555 0.4044446643296462 0.07566279308376833
v 0.5267658944504561 0.40313115732979 0.7561246353271474
v 0.5267658944504561 0.350007904883339 0.7561247649362254
v 0.555308515370304 0.40313115732979 0.7561246353271474
v 0.5687356070424705 0.39523782947013375 0.7561246353271474
v 0.599650209774222 0.350007904883339 0.7561247649362254
v 0.599650209774222 0.39477298516179216 0.7561246353271474
v 0.623201394871966 0.39523782947013375 0.7561246353271474
v 0.6725345232078555 0.350007904883339 0.7561247649362254
v 0.6391118495373288 0.40313115732979 0.7561246353271474
v 0.6725345232078555 0.40313115732979 0.7561246353271474
v 0.6092289997359869 0.22025909020598786 0.7088089310194414
v 0.6159944596782063 0.23822844460645023 0.747508450637594
v 0.6092289997359869 0.22025909020598786 0.7466191392989915
v 0.6159944596782063 0.23822844460645023 0.7079196453326357
v 0.6267019228888147 0.2470098648934347 0.7481999677224118
v 0.6267019228888147 0.24700972969496524 0.7072279743370377
v 0.6455455982660336 0.26585353910957243 0.7072279743370377
v 0.6455455982660336 0.26585353910957243 0.7481999677224118
v 0.6524429546164608 0.2915944420381975 0.7072279743370377
v 0.6524429546164608 0.2915944420381975 0.7481999677224118
v 0.6455455982660336 0.3173353449668225 0.7072279743370377
v 0.6455455982660336 0.3173353449668225 0.7481998394634284
v 0.6267019228888147 0.33617902007402267 0.7072279743370377
v 0.6267019228888147 0.33617902007402267 0.7481998394634284
v 0.6157334861292562 0.34657340243101276 0.7481998394634284
v 0.6157334861292562 0.3465732608060931 0.7072279743370377
v 0.609224132915108 0.36290643129405975 0.7481998394634284
v 0.609224132915108 0.36290643129405975 0.7072279743370377
v 0.5897698111173647 0.22025909020598786 0.7466191392989915
v 0.5846482314448047 0.23822844460645023 0.7079196453326357
v 0.5897698111173647 0.22025909020598786 0.7088089310194414
v 0.5846482314448047 0.23822844460645023 0.747508450637594
v 0.5752197114631581 0.24700972969496524 0.7072279743370377
v 0.5752197114631581 0.2470098648934347 0.7481999677224118
v 0.5563760363559579 0.26585353910957243 0.7481999677224118
v 0.5563760363559579 0.26585353910957243 0.7072279743370377
v 0.5494786701498404 0.2915944420381975 0.7481999677224118
v 0.5494786701498404 0.2915944420381975 0.7072279743370377
v 0.5563760363559579 0.3173353449668225 0.7481998394634284
v 0.5563760363559579 0.3173353449668225 0.7072279743370377
v 0.5752197114631581 0.33617902007402267 0.7481998394634284
v 0.5752197114631581 0.33617902007402267 0.7072279743370377
v 0.5851704426212014 0.3465732608060931 0.7072279743370377
v 0.5851704426212014 0.34657340243101276 0.7481998394634284
v 0.5900804713864418 0.36290643129405975 0.7072279743370377
v 0.5900804713864418 0.36290643129405975 0.7481998394634284
v 0.60096087833527 0.24625084179790194 0.7862816948695208
v 0.5787828787373472 0.25219341855073885 0.7862816948695208
v 0.6231388842786372 0.25219341855073885 0.7862816948695208
v 0.5625474526655354 0.26842857581872326 0.7862816948695208
v 0.6393741756110117 0.26842857581872326 0.7862816948695208
v 0.5566048726589706 0.2906065786568729 0.7862816948695208
v 0.6453167491371226 0.2906065786568729 0.7862816948695208
v 0.5625474526655354 0.312784851783954 0.7862815409587407
v 0.6393741756110117 0.312784851783954 0.7862815409587407
v 0.5787828787373472 0.3290201427113002 0.7862815409587407
v 0.6231388842786372 0.3290201427113002 0.7862815409587407
v 0.60096087833527 0.3349625874383898 0.7862815409587407
v 0.5901000485676549 0.3094179844788876 0.9062500122172426
v 0.6118215857843178 0.3094179844788876 0.9062500122172426
v 0.60096087833527 0.3123285182017156 0.9062500122172426
v 0.582149475618473 0.3014674115297056 0.9062500122172426
v 0.6197722873975116 0.3014674115297056 0.9062500122172426
v 0.5792393475990609 0.2906065786568729 0.9062500122172426
v 0.6226824218973774 0.2906065786568729 0.9062500122172426
v 0.582149475618473 0.2797461479772104 0.9062500122172426
v 0.6197722873975116 0.2797461479772104 0.9062500122172426
v 0.5901000485676549 0.27179516959463146 0.9062500122172426
v 0.6118215857843178 0.27179516959463146 0.9062500122172426
v 0.60096087833527 0.26888504144020997 0.9062500122172426
v 0.5960210234159643 0.24511730203870138 0.8956248881687836
v 0.589124465106433 0.24615741471413913 0.8937563694451347
v 0.6029091997984137 0.2440218355537059 0.8937563694451347
v 0.5840672821093056 0.24686378422974195 0.8886513851349369
v 0.6079430329100827 0.24316466047547183 0.8886513851349369
v 0.5822042867575213 0.24704658743853283 0.8816776255831232
v 0.6097737623519178 0.24277529313614213 0.8816776255831232
v 0.5840352864882878 0.24665748967258436 0.8747037121205294
v 0.6079110309436205 0.2429583659183143 0.8747037121205294
v 0.5890691132545123 0.24580031499937868 0.8695985995513482
v 0.6028538479464931 0.24366460024894857 0.8695985995513482
v 0.5959571608379406 0.24470498330782428 0.8677299255668246
v 0.6040197893406491 0.31617426418311034 0.8751981045984658
v 0.6107702621531492 0.31512848336516797 0.8751981045984658
v 0.6073930042503107 0.31563787053335335 0.8742830172544762
v 0.601554651543971 0.3165940056123835 0.8776983474189488
v 0.6132468784537978 0.3147825894082744 0.8776983474189488
v 0.600658052934958 0.3167847754591687 0.8811134210654544
v 0.6141591337044237 0.3146930724683835 0.8811134210654544
v 0.6015703146660378 0.31669499457579087 0.8845284690601635
v 0.6132625349604013 0.3148835720262374 0.8845284690601635
v 0.6040469244862325 0.3163491006188973 0.8870285822715683
v 0.610797403644177 0.3153033199359645 0.8870285822715683
v 0.6074241887345154 0.31583971345071193 0.8879439544855108
v 0.5177641396300346 0.31971043145618194 0.5617994399353198
v 0.5424361712084244 0.31971043145618194 0.5416417165753532
v 0.5333929701050476 0.31971043145618194 0.6295596047364597
v 0.5096823379754117 0.31971043145618194 0.5881532876854522
v 0.5177641396300346 0.31971043145618194 0.6145072642346058
v 0.5424361712084244 0.34098778945191477 0.5416417165753532
v 0.5177641396300346 0.34098778945191477 0.5617994399353198
v 0.5333929701050476 0.34098778945191477 0.6295596047364597
v 0.5096823379754117 0.34098778945191477 0.5881532876854522
v 0.5177641396300346 0.34098778945191477 0.6145072642346058
v 0.6605498741863775 0.32095805505647323 0.5416417165753532
v 0.6605498741863775 0.3426587982516941 0.5416417165753532
v 0.6856168099094024 0.32095805505647323 0.5617994399353198
v 0.6856168099094024 0.3426587982516941 0.5617994399353198
v 0.6938279432785984 0.32095805505647323 0.5881532876854522
v 0.6938279432785984 0.3426587982516941 0.5881532876854522
v 0.6856168099094024 0.32095805505647323 0.6145072642346058
v 0.6856168099094024 0.3426587982516941 0.6145072642346058
v 0.6697378090721096 0.32095819020093896 0.6295596047364597
v 0.6697378090721096 0.3426587982516941 0.6295596047364597
v 0.6856168099094024 0.32095805505647323 0.5617994399353198
v 0.6697378090721096 0.32095819020093896 0.6295596047364597
v 0.6605498741863775 0.32095805505647323 0.5416417165753532
v 0.6938279432785984 0.32095805505647323 0.5881532876854522
v 0.6856168099094024 0.32095805505647323 0.6145072642346058
v 0.6605498741863775 0.3426587982516941 0.5416417165753532
v 0.6697378090721096 0.3426587982516941 0.6295596047364597
v 0.6856168099094024 0.3426587982516941 0.5617994399353198
v 0.6938279432785984 0.3426587982516941 0.5881532876854522
v 0.6856168099094024 0.3426587982516941 0.6145072642346058
v 0.7337896622529484 0.21698727144825372 0.5719309560457926
v 0.7170262171679508 0.20920978237710722 0.5719309560457926
v 0.7264500054731842 0.21085257771077617 0.5719309560457926
v 0.7370790447958744 0.22596985637048886 0.5719309560457926
v 0.7080436343653641 0.21249901694966924 0.5719309560457926
v 0.7354363874418698 0.23539365099416484 0.5719309560457926
v 0.7019088033232695 0.21983880644372886 0.5719309560457926
v 0.7293015442489241 0.2427335752816656 0.5719309560457926
v 0.7002661473193595 0.22926260182345784 0.5719309560457926
v 0.7203188196864084 0.2460226757763366 0.5719309560457926
v 0.7035553746014109 0.23824518578172546 0.5719309560457926
v 0.710895031381175 0.2443798804156658 0.5719309560457926
v 0.7144203956025859 0.18007838562358144 0.07941010475068683
v 0.7577151051742307 0.20016482372062902 0.07941010475068683
v 0.7387588338006315 0.18432132807516907 0.07941010475068683
v 0.6912215938262595 0.1885733156202877 0.07941010475068683
v 0.7662101580295422 0.22336403916592937 0.07941010475068683
v 0.6753779627663149 0.20752945495463868 0.07941010475068683
v 0.7619670862388954 0.2477024632554868 0.07941010475068683
v 0.6711348788248171 0.23186787900369324 0.07941010475068683
v 0.7461234430280997 0.26665859941711556 0.07941010475068683
v 0.6796299438309796 0.255066959277526 0.07941010475068683
v 0.7229246412517734 0.27515352941382176 0.07941010475068683
v 0.6985862152045788 0.27091072210669986 0.07941010475068683
v 0.6763650115005805 0.3175235462587026 0.32069495872728304
v 0.6857295347048038 0.3175235462587026 0.21147580941623362
v 0.6763650115005805 0.3175235462587026 0.21147580941623362
v 0.6857295347048038 0.3175235462587026 0.32069495872728304
v 0.7009928924215967 0.29450227827208963 0.21147580941623362
v 0.7009928924215967 0.29450227827208963 0.32069495872728304
v 0.7527267744346111 0.27476821377577887 0.32069495872728304
v 0.7527267744346111 0.27476821377577887 0.21147580941623362
v 0.7726556350297114 0.2548394683437447 0.32069495872728304
v 0.7726556350297114 0.254839333199279 0.21147580941623362
v 0.7799500730922937 0.22761616109946067 0.32069495872728304
v 0.7799500730922937 0.22761616109946067 0.21147580941623362
v 0.7726556350297114 0.20039285536728255 0.32069495872728304
v 0.7726556350297114 0.20039285536728255 0.21147580941623362
v 0.7527267744346111 0.1804641100702579 0.32069495872728304
v 0.7527267744346111 0.18046397479078272 0.21147580941623362
v 0.6977374107531351 0.15817081023654636 0.32069495872728304
v 0.6977374107531351 0.1581706750920807 0.21147580941623362
v 0.681787131673415 0.13545668106736317 0.21147580941623362
v 0.681787131673415 0.13545681634683834 0.32069510048721206
v 0.6724225963183406 0.13545668106736317 0.21147580941623362
v 0.6724225963183406 0.13545681634683834 0.32069510048721206
v 0.6857295347048038 0.3175235462587026 0.32069495872728304
v 0.6763650115005805 0.3175235462587026 0.32069495872728304
v 0.6763650115005805 0.27933261252761266 0.32069495872728304
v 0.7009928924215967 0.29450227827208963 0.32069495872728304
v 0.7008144112705288 0.27945182682254766 0.32069495872728304
v 0.7527267744346111 0.27476821377577887 0.32069495872728304
v 0.7487030754591413 0.2685580486721819 0.32069495872728304
v 0.7663258570832647 0.2511848970889936 0.32069495872728304
v 0.7726556350297114 0.2548394683437447 0.32069495872728304
v 0.7726411890178927 0.22761616109946067 0.32069495872728304
v 0.7799500730922937 0.22761616109946067 0.32069495872728304
v 0.7663258570832647 0.20404729065401025 0.32069495872728304
v 0.7726556350297114 0.20039285536728255 0.32069495872728304
v 0.7527267744346111 0.1804641100702579 0.32069495872728304
v 0.7486300461440666 0.18664551775464525 0.32069495872728304
v 0.6999523839929399 0.17595965322183835 0.32069495872728304
v 0.6977374107531351 0.15817081023654636 0.32069495872728304
v 0.6724225963183406 0.17448494439118176 0.32069495872728304
v 0.681787131673415 0.13545681634683834 0.32069510048721206
v 0.6724225963183406 0.13545681634683834 0.32069510048721206
v 0.6763650115005805 0.3175235462587026 0.21147580941623362
v 0.6857295347048038 0.3175235462587026 0.21147580941623362
v 0.6763650115005805 0.27933261252761266 0.21147580941623362
v 0.7009928924215967 0.29450227827208963 0.21147580941623362
v 0.7008144112705288 0.27945182682254766 0.21147580941623362
v 0.7527267744346111 0.27476821377577887 0.21147580941623362
v 0.7487030754591413 0.2685580486721819 0.21147580941623362
v 0.7663258570832647 0.2511848970889936 0.21147580941623362
v 0.7726556350297114 0.254839333199279 0.21147580941623362
v 0.7799500730922937 0.22761616109946067 0.21147580941623362
v 0.7726411890178927 0.22761616109946067 0.21147580941623362
v 0.7726556350297114 0.20039285536728255 0.21147580941623362
v 0.7663258570832647 0.20404715550954458 0.21147580941623362
v 0.7527267744346111 0.18046397479078272 0.21147580941623362
v 0.7486300461440666 0.18664551775464525 0.21147580941623362
v 0.6999523839929399 0.17595951794236317 0.21147580941623362
v 0.6977374107531351 0.1581706750920807 0.21147580941623362
v 0.6724225963183406 0.17448480911170658 0.21147580941623362
v 0.681787131673415 0.13545668106736317 0.21147580941623362
v 0.6724225963183406 0.13545668106736317 0.21147580941623362
v 0.6724225963183406 0.17448494439118176 0.32069495872728304
v 0.6999523839929399 0.17595965322183835 0.32069495872728304
v 0.6724225963183406 0.17448480911170658 0.21147580941623362
v 0.6999523839929399 0.17595951794236317 0.21147580941623362
v 0.7486300461440666 0.18664551775464525 0.32069495872728304
v 0.7486300461440666 0.18664551775464525 0.21147580941623362
v 0.7663258570832647 0.20404729065401025 0.32069495872728304
v 0.7663258570832647 0.20404715550954458 0.21147580941623362
v 0.7726411890178927 0.22761616109946067 0.32069495872728304
v 0.7726411890178927 0.22761616109946067 0.21147580941623362
v 0.7663258570832647 0.2511848970889936 0.32069495872728304
v 0.7663258570832647 0.2511848970889936 0.21147580941623362
v 0.7487030754591413 0.2685580486721819 0.32069495872728304
v 0.7487030754591413 0.2685580486721819 0.21147580941623362
v 0.7008144112705288 0.27945182682254766 0.32069495872728304
v 0.7008144112705288 0.27945182682254766 0.21147580941623362
v 0.6763650115005805 0.27933261252761266 0.32069495872728304
v 0.6763650115005805 0.27933261252761266 0.21147580941623362
v 0.5026966787846309 0.22522541397220838 0.47894494509832064
v 0.5026966787846309 0.23238024001167054 0.5005522636669508
v 0.5026966787846309 0.23988906096692866 0.4828329476894271
v 0.5026966787846309 0.2216449629494414 0.4984323455494388
v 0.5026966787846309 0.22872742421737433 0.5202824091897712
v 0.5026966787846309 0.2140637770876446 0.5163944090288349
v 0.5026966787846309 0.2451478141758139 0.5498963316300669
v 0.5026966787846309 0.25052699579267224 0.5277646356853164
v 0.5026966787846309 0.21566107355950995 0.5399534223798808
v 0.5026966787846309 0.18681130909690133 0.5362395827973936
v 0.5026966787846309 0.19325031387874744 0.5125780964589973
v 0.2313765344390435 0.3295653108956377 0.23025522245242902
v 0.5077506227293905 0.32361598419652515 0.23369352312578795
v 0.5016328043638875 0.32894521367816654 0.2306136766090564
v 0.2230465981487258 0.3236415034139266 0.23367894750489115
v 0.5096272541577646 0.3172535276162215 0.23737063932611835
v 0.22004992690770625 0.31471845654131925 0.23883576869581613
v 0.23182532342284784 0.31445492064789893 0.23898805936246614
v 0.22004992690770625 0.1285421743306991 0.346433840564348
v 0.5018521947167928 0.3144597811233334 0.23898520121227734
v 0.2318435550998198 0.12856147474252674 0.34642263882976293
v 0.5096272541577646 0.12901849079756658 0.3461585495325814
v 0.2318193749062054 0.12740242180084746 0.3470924099414626
v 0.5018937775753141 0.12900565396345684 0.3461659791029589
v 0.22884065317239433 0.11399908531252709 0.35483602176479956
v 0.5018385587617116 0.12740229300182618 0.34709213992255017
v 0.5018381537738457 0.11477093329383267 0.35438953739241347
v 0.48768943264274867 0.11016022778360915 0.35705745844731296
v 0.2418472049693633 0.11016022778360915 0.35705745844731296
v 0.5267658944504561 0.350007904883339 0.7561247649362254
v 0.5267658944504561 0.35000776312340987 0.6322456165184589
v 0.599650209774222 0.350007904883339 0.7561247649362254
v 0.599650209774222 0.35000776312340987 0.6322456165184589
v 0.6725345232078555 0.35000776312340987 0.6322456165184589
v 0.6725345232078555 0.350007904883339 0.7561247649362254
v 0.6725345232078555 0.1350224933562523 0.6447558681538745
v 0.6725345232078555 0.06683151378524702 0.5771864668540755
v 0.6725345232078555 0.07071627182910081 0.4217522428599491
v 0.6725345232078555 0.16528188736627406 0.6590709194499675
v 0.6725345232078555 0.19689178987778863 0.6603986024427301
v 0.6725345232078555 0.12651541534368213 0.3275426423985667
v 0.6725345232078555 0.24609571529812627 0.6347959437969268
v 0.6725345232078555 0.35000776312340987 0.6322456165184589
v 0.6725345232078555 0.1265152737187625 0.0756630496017352
v 0.6725345232078555 0.4044446643296462 0.07566279308376833
v 0.6725345232078555 0.40313115732979 0.7561246353271474
v 0.6725345232078555 0.350007904883339 0.7561247649362254
v 0.6092289997359869 0.22025909020598786 0.7466191392989915
v 0.5846482314448047 0.23822844460645023 0.747508450637594
v 0.5897698111173647 0.22025909020598786 0.7466191392989915
v 0.6159944596782063 0.23822844460645023 0.747508450637594
v 0.60096087833527 0.24011236658056426 0.7481999677224118
v 0.5752197114631581 0.2470098648934347 0.7481999677224118
v 0.6267019228888147 0.2470098648934347 0.7481999677224118
v 0.5772418803986814 0.25051187512509965 0.7544511809660777
v 0.60096087833527 0.2441567096899779 0.7544511809660777
v 0.624679889097757 0.25051187512509965 0.7544511809660777
v 0.6455455982660336 0.26585353910957243 0.7481999677224118
v 0.559878315445454 0.26787544086138193 0.7544511809660777
v 0.5563760363559579 0.26585353910957243 0.7481999677224118
v 0.6420434475705304 0.26787544086138193 0.7544511809660777
v 0.6524429546164608 0.2915944420381975 0.7481999677224118
v 0.5535228792218658 0.2915944420381975 0.7544511809660777
v 0.5494786701498404 0.2915944420381975 0.7481999677224118
v 0.6483988867643267 0.2915944420381975 0.7544511809660777
v 0.6455455982660336 0.3173353449668225 0.7481998394634284
v 0.559878315445454 0.3153138456782021 0.7544510513569996
v 0.5563760363559579 0.3173353449668225 0.7481998394634284
v 0.6420434475705304 0.3153138456782021 0.7544510513569996
v 0.6267019228888147 0.33617902007402267 0.7481998394634284
v 0.5772418803986814 0.33267674111953593 0.7544510513569996
v 0.5752197114631581 0.33617902007402267 0.7481998394634284
v 0.624679889097757 0.33267674111953593 0.7544510513569996
v 0.60096087833527 0.33903271481576946 0.7544510513569996
v 0.60096087833527 0.34307692388779487 0.7481998394634284
v 0.5851704426212014 0.34657340243101276 0.7481998394634284
v 0.6157334861292562 0.34657340243101276 0.7481998394634284
v 0.5900804713864418 0.36290643129405975 0.7481998394634284
v 0.609224132915108 0.36290643129405975 0.7481998394634284
v 0.5846482314448047 0.23822844460645023 0.7079196453326357
v 0.6092289997359869 0.22025909020598786 0.7088089310194414
v 0.5897698111173647 0.22025909020598786 0.7088089310194414
v 0.6159944596782063 0.23822844460645023 0.7079196453326357
v 0.60096087833527 0.24011236658056426 0.7072279743370377
v 0.5752197114631581 0.24700972969496524 0.7072279743370377
v 0.6267019228888147 0.24700972969496524 0.7072279743370377
v 0.60096087833527 0.2539662274507386 0.6959449762101637
v 0.6197749912318918 0.25900748027709475 0.6959449762101637
v 0.5821467717840926 0.25900748027709475 0.6959449762101637
v 0.6335478418514957 0.2727803356220295 0.6959449762101637
v 0.5563760363559579 0.26585353910957243 0.7072279743370377
v 0.6455455982660336 0.26585353910957243 0.7072279743370377
v 0.5683739212994983 0.2727803356220295 0.6959449762101637
v 0.6385890915726342 0.2915944420381975 0.6959449762101637
v 0.5494786701498404 0.2915944420381975 0.7072279743370377
v 0.6524429546164608 0.2915944420381975 0.7072279743370377
v 0.5633326653679247 0.2915944420381975 0.6959449762101637
v 0.6335478418514957 0.3104084134449091 0.6959449762101637
v 0.5563760363559579 0.3173353449668225 0.7072279743370377
v 0.6455455982660336 0.3173353449668225 0.7072279743370377
v 0.5683739212994983 0.3104084134449091 0.6959449762101637
v 0.6197749912318918 0.3241815406988888 0.6959449762101637
v 0.5752197114631581 0.33617902007402267 0.7072279743370377
v 0.6267019228888147 0.33617902007402267 0.7072279743370377
v 0.5821467717840926 0.3241815406988888 0.6959449762101637
v 0.60096087833527 0.3292229254294836 0.6959449762101637
v 0.60096087833527 0.3430767886083197 0.7072279743370377
v 0.5851704426212014 0.3465732608060931 0.7072279743370377
v 0.6157334861292562 0.3465732608060931 0.7072279743370377
v 0.5900804713864418 0.36290643129405975 0.7072279743370377
v 0.609224132915108 0.36290643129405975 0.7072279743370377
v 0.2318193749062054 0.12740242180084746 0.3470924099414626
v 0.2392837682726935 0.12830293460401604 0.33671517810571894
v 0.2318435550998198 0.12856147474252674 0.34642263882976293
v 0.23930658352070516 0.1293974555907875 0.3360826682538496
v 0.23928930501049434 0.30501505744175705 0.2345868766475105
v 0.23182532342284784 0.31445492064789893 0.23898805936246614
v 0.23928930501049434 0.30501505744175705 0.2345868766475105
v 0.23930658352070516 0.1293974555907875 0.3360826682538496
v 0.4943899521184475 0.305019512348785 0.23458430201717978
v 0.4944293749066744 0.1298176090689212 0.33583991315094475
v 0.4943772612970647 0.12830334665287654 0.33671465021874497
v 0.2392837682726935 0.12830293460401604 0.33671517810571894
v 0.60096087833527 0.26888504144020997 0.9062500122172426
v 0.5901000485676549 0.27179516959463146 0.9062500122172426
v 0.60096087833527 0.26888504144020997 0.8833429442743594
v 0.5901000485676549 0.27179516959463146 0.8833429442743594
v 0.582149475618473 0.2797461479772104 0.9062500122172426
v 0.60096087833527 0.2669444163261292 0.8740161076097537
v 0.582149475618473 0.2797461479772104 0.8833429442743594
v 0.5792393475990609 0.2906065786568729 0.9062500122172426
v 0.589129731150274 0.27011457174822195 0.8740161076097537
v 0.60096087833527 0.2595792443792473 0.8671607256992746
v 0.5792393475990609 0.2906065786568729 0.8833429442743594
v 0.582149475618473 0.3014674115297056 0.9062500122172426
v 0.580468874666846 0.27877542823165 0.8740161076097537
v 0.5854472144366841 0.26373618648225094 0.8671607256992746
v 0.60096087833527 0.25957911085489505 0.814465043070408
v 0.5854472144366841 0.26373618648225094 0.814465043070408
v 0.5740903558765228 0.27509331708646667 0.8671607256992746
v 0.5740903558765228 0.27509318194200094 0.814465043070408
v 0.5772987192447532 0.2906065786568729 0.8740161076097537
v 0.5699334153936325 0.2906065786568729 0.8671607256992746
v 0.5699334153936325 0.2906065786568729 0.814465043070408
v 0.582149475618473 0.3014674115297056 0.8833429442743594
v 0.5901000485676549 0.3094179844788876 0.9062500122172426
v 0.580468874666846 0.30243786409155216 0.8740161076097537
v 0.5740903558765228 0.3061206513640924 0.8671607256992746
v 0.5740903558765228 0.3061206513640924 0.81446491346133
v 0.5901000485676549 0.3094179844788876 0.8833429442743594
v 0.60096087833527 0.3123285182017156 0.9062500122172426
v 0.589129731150274 0.3110987207099897 0.8740161076097537
v 0.5854472144366841 0.31747669878744056 0.8671607256992746
v 0.5854472144366841 0.3174765635079654 0.81446491346133
v 0.60096087833527 0.3123285182017156 0.8833429442743594
v 0.6118215857843178 0.3094179844788876 0.9062500122172426
v 0.60096087833527 0.3142691464210138 0.8740161076097537
v 0.60096087833527 0.3216343151276687 0.8671607256992746
v 0.60096087833527 0.3216343151276687 0.81446491346133
v 0.6118215857843178 0.3094179844788876 0.8833429442743594
v 0.6197722873975116 0.3014674115297056 0.9062500122172426
v 0.6127918967212447 0.3110987207099897 0.8740161076097537
v 0.6164745487143097 0.31747669878744056 0.8671607256992746
v 0.6164745487143097 0.3174765635079654 0.81446491346133
v 0.6197722873975116 0.3014674115297056 0.8833429442743594
v 0.6226824218973774 0.2906065786568729 0.9062500122172426
v 0.6214528884841479 0.30243786409155216 0.8740161076097537
v 0.627831271994996 0.3061206513640924 0.8671607256992746
v 0.627831271994996 0.3061206513640924 0.81446491346133
v 0.6226824218973774 0.2906065786568729 0.8833429442743594
v 0.6197722873975116 0.2797461479772104 0.9062500122172426
v 0.6246230437712312 0.2906065786568729 0.8740161076097537
v 0.6319882189583401 0.2906065786568729 0.8671607256992746
v 0.6319882189583401 0.2906065786568729 0.814465043070408
v 0.6197722873975116 0.2797461479772104 0.8833429442743594
v 0.6118215857843178 0.27179516959463146 0.9062500122172426
v 0.6214528884841479 0.27877542823165 0.8740161076097537
v 0.627831271994996 0.27509331708646667 0.8671607256992746
v 0.627831271994996 0.27509318194200094 0.814465043070408
v 0.6118215857843178 0.27179516959463146 0.8833429442743594
v 0.60096087833527 0.26888504144020997 0.9062500122172426
v 0.60096087833527 0.26888504144020997 0.8833429442743594
v 0.6127918967212447 0.27011457174822195 0.8740161076097537
v 0.60096087833527 0.2669444163261292 0.8740161076097537
v 0.6164745487143097 0.26373618648225094 0.8671607256992746
v 0.60096087833527 0.2595792443792473 0.8671607256992746
v 0.6164745487143097 0.26373618648225094 0.814465043070408
v 0.60096087833527 0.25957911085489505 0.814465043070408
v 0.7387588338006315 0.1843214632196348 0.4987535330728594
v 0.7577151051742307 0.20016509414456993 0.4987535330728594
v 0.7314082345044384 0.20016522942404505 0.514578801861185
v 0.7434275958072127 0.21021087871028607 0.514578801861185
v 0.7264500054731842 0.21085257771077617 0.5322744904818157
v 0.7662101580295422 0.22336430796975673 0.4987535330728594
v 0.7337896622529484 0.216987136303788 0.5322744904818157
v 0.7488139344238574 0.22492029181802856 0.514578801861185
v 0.7619670862388954 0.2477027328288681 0.4987535330728594
v 0.7370790447958744 0.22596985637048886 0.5322744904818157
v 0.7461234430280997 0.24035214338836522 0.514578801861185
v 0.7461234430280997 0.26665886984105647 0.4987535330728594
v 0.7354363874418698 0.23539365099416484 0.5322744904818157
v 0.7360777930668114 0.25237135952897227 0.514578801861185
v 0.7229246412517734 0.2751537997027532 0.4987535330728594
v 0.7293015442489241 0.24273344009669703 0.53227435533735
v 0.7213686626688705 0.2577574279916949 0.514578801861185
v 0.6985862152045788 0.27091099253064077 0.4987535330728594
v 0.7203188196864084 0.2460226757763366 0.53227435533735
v 0.7059368158508665 0.2550673648459326 0.514578801861185
v 0.6796299438309796 0.25506722956645744 0.4987535330728594
v 0.710895031381175 0.2443798804156658 0.53227435533735
v 0.6939173249390141 0.24502158030721824 0.514578801861185
v 0.6711348788248171 0.23186814898210292 0.4987535330728594
v 0.7035553746014109 0.23824518578172546 0.5322744904818157
v 0.6885312576913767 0.23031216552535858 0.514578801861185
v 0.6753779627663149 0.20752972537857953 0.4987535330728594
v 0.7002661473193595 0.22926260182345784 0.5322744904818157
v 0.6912215938262595 0.2148803141440351 0.514578801861185
v 0.6912215938262595 0.1885735859092191 0.4987535330728594
v 0.7019088033232695 0.21983880644372886 0.5322744904818157
v 0.7012672437875478 0.20286109622130324 0.514578801861185
v 0.7144203956025859 0.1800786560475223 0.4987535330728594
v 0.7080436343653641 0.21249901694966924 0.5322744904818157
v 0.7159763876864345 0.19747503099880756 0.514578801861185
v 0.7387588338006315 0.1843214632196348 0.4987535330728594
v 0.7170262171679508 0.20920978237710722 0.5322744904818157
v 0.7314082345044384 0.20016522942404505 0.514578801861185
v 0.7264500054731842 0.21085257771077617 0.5322744904818157
v 0.47645151563141874 0.17239580995530165 0.23793226786336186
v 0.4764312639429623 0.1669141537174784 0.22469838579386453
v 0.48903385667307675 0.16700838964289363 0.24327310559306103
v 0.4890055048087727 0.15931460575957487 0.22469851540294256
v 0.5288505755994218 0.1668614993544936 0.24327310559306103
v 0.47645151563141874 0.17239567481083592 0.21146447807257057
v 0.5288222237486188 0.15916758032670916 0.22469851540294256
v 0.48903385667307675 0.16700838964289363 0.20612364169296593
v 0.47650038932460015 0.18562943429174697 0.20598283493066455
v 0.5288505755994218 0.1668614993544936 0.20612364169296593
v 0.4891024420708934 0.18558299238889156 0.19842972955066368
v 0.476549263152791 0.19886319714789444 0.21146447807257057
v 0.5289191601331779 0.18543610223550097 0.19842972955066368
v 0.48917089147368464 0.2041575918946625 0.20612364169296593
v 0.47656937956177226 0.20434485001048128 0.22469838579386453
v 0.5289877448019434 0.20401070174127198 0.20612364169296593
v 0.4891993785364581 0.21185137739809476 0.22469838579386453
v 0.476549263152791 0.1988633322923601 0.23793226786336186
v 0.5290160966527465 0.21170448710969472 0.22469838579386453
v 0.48917089147368464 0.2041575918946625 0.24327310559306103
v 0.47650038932460015 0.18562943429174697 0.24341393665706457
v 0.5289877448019434 0.20401070174127198 0.24327310559306103
v 0.4891024420708934 0.18558299238889156 0.2509670433871599
v 0.47645151563141874 0.17239580995530165 0.23793226786336186
v 0.5289191601331779 0.18543610223550097 0.2509670433871599
v 0.48903385667307675 0.16700838964289363 0.24327310559306103
v 0.5288505755994218 0.1668614993544936 0.24327310559306103
v 0.36647241132206476 0.1535687377709933 0.2263580394883165
v 0.3474845439554384 0.16024158419643322 0.22219502695513144
v 0.33961956673149996 0.1763511779447742 0.21214425338497844
v 0.3854601376038095 0.16024158419643322 0.22219502695513144
v 0.3933249790082348 0.1763511779447742 0.21214425338497844
v 0.3854601376038095 0.1924606430291034 0.20209360942390342
v 0.36647241132206476 0.19913348621431634 0.19793059689071835
v 0.3474845439554384 0.1924606430291034 0.20209360942390342
v 0.43285979673182773 0.2600905258651133 0.23626154204340288
v 0.413872070450083 0.26676323228574716 0.23209837694953223
v 0.40600709390119205 0.28287283237953254 0.22204773163836267
v 0.45184739097432414 0.26676323228574716 0.23209837694953223
v 0.4597123675232152 0.28287283237953254 0.22204773163836267
v 0.45184739097432414 0.29898243260832746 0.2119970863271931
v 0.43285979673182773 0.30565513740884775 0.20783394688511914
v 0.413872070450083 0.29898243260832746 0.2119970863271931
v 0.3011509186839133 0.1203199669458637 0.31539435786583003
v 0.28216319145710245 0.12699267174638404 0.3112312049228105
v 0.27429821558325873 0.14310226549472502 0.30118056096173546
v 0.32013864456062957 0.12699267174638404 0.3112312049228105
v 0.32800349217548996 0.14310226549472502 0.30118056096173546
v 0.32013864456062957 0.1592118657235199 0.2911299156505659
v 0.3011509186839133 0.16588470566850597 0.28696676270754634
v 0.28216319145710245 0.1592118657235199 0.2911299156505659
v 0.49788602192053655 0.312929315007359 0.2270104146315784
v 0.24064684669460107 0.3184665869055805 0.22381015723110126
v 0.49219172798977373 0.3178895582446909 0.22414376154721127
v 0.2328937842093266 0.31295294152719333 0.2269967665256461
v 0.5077506227293905 0.32361598419652515 0.23369352312578795
v 0.5016328043638875 0.32894521367816654 0.2306136766090564
v 0.5096272541577646 0.3172535276162215 0.23737063932611835
v 0.49219172798977373 0.3178895582446909 0.22414376154721127
v 0.2313765344390435 0.3295653108956377 0.23025522245242902
v 0.24064684669460107 0.3184665869055805 0.22381015723110126
v 0.2230465981487258 0.3236415034139266 0.23367894750489115
v 0.22004992690770625 0.31471845654131925 0.23883576869581613
v 0.49963277427359964 0.3070073937427613 0.23043303260649933
v 0.2301044861430125 0.3046476934710739 0.23179662676452978
v 0.49963277427359964 0.13155126360649508 0.3318354003693026
v 0.5096272541577646 0.12901849079756658 0.3461585495325814
v 0.2301044861430125 0.13110788917693364 0.3320916483172651
v 0.22004992690770625 0.1285421743306991 0.346433840564348
v 0.49238303626777147 0.1182880705790175 0.33949772839940967
v 0.5018381537738457 0.11477093329383267 0.35438953739241347
v 0.48768943264274867 0.11016022778360915 0.35705745844731296
v 0.23828674098951658 0.11756955308805359 0.33991328615565264
v 0.22884065317239433 0.11399908531252709 0.35483602176479956
v 0.4792138087012654 0.11399369046966482 0.34198257204131266
v 0.2418472049693633 0.11016022778360915 0.35705745844731296
v 0.25039249754353454 0.11399369046966482 0.34198257204131266
v 0.5267658944504561 0.1350224933562523 0.6447558681538745
v 0.5267658944504561 0.07071627182910081 0.4217522428599491
v 0.5267658944504561 0.06683151378524702 0.5771864668540755
v 0.5267658944504561 0.20717032818090017 0.4888847467143438
v 0.5267658944504561 0.16528188736627406 0.6590709194499675
v 0.5267658944504561 0.19689178987778863 0.6603986024427301
v 0.5267658944504561 0.24609571529812627 0.6347959437969268
v 0.5267658944504561 0.24171276863444893 0.4888847467143438
v 0.5267658944504561 0.22594811929449385 0.36660492878040757
v 0.5267658944504561 0.35000776312340987 0.6322456165184589
v 0.5267658944504561 0.12651541534368213 0.3275426423985667
v 0.5267658944504561 0.3511322582346107 0.4888847467143438
v 0.5267658944504561 0.1265152737187625 0.0756630496017352
v 0.5267658944504561 0.4044446643296462 0.07566279308376833
v 0.5267658944504561 0.34955373428759906 0.36660492878040757
v 0.5267658944504561 0.40313115732979 0.7561246353271474
v 0.5267658944504561 0.350007904883339 0.7561247649362254
v 0.5267658944504561 0.06683151378524702 0.5771864668540755
v 0.5267658944504561 0.07071627182910081 0.4217522428599491
v 0.599650209774222 0.06683151378524702 0.5771864668540755
v 0.6725345232078555 0.06683151378524702 0.5771864668540755
v 0.6725345232078555 0.07071627182910081 0.4217522428599491
v 0.599650209774222 0.07071627182910081 0.4217522428599491
v 0.5267658944504561 0.12651541534368213 0.3275426423985667
v 0.6725345232078555 0.12651541534368213 0.3275426423985667
v 0.599650209774222 0.12651541534368213 0.3275426423985667
v 0.5267658944504561 0.1265152737187625 0.0756630496017352
v 0.6725345232078555 0.1265152737187625 0.0756630496017352
v 0.599650209774222 0.1265152737187625 0.0756630496017352
v 0.6042659110393551 0.2527794937902633 0.8936241884369931
v 0.5973684127939894 0.2538129913128665 0.8913014992526137
v 0.5973779986003926 0.25387496105831364 0.8954921927746138
v 0.5904813116268495 0.25491520851369154 0.8936241884369931
v 0.6057078131121808 0.2524470996989191 0.8864232025699326
v 0.5890064675167178 0.25503469161245385 0.8864232025699326
v 0.6092998794304992 0.2519224535054704 0.8885190772179064
v 0.5854241286297222 0.25562144284432586 0.8885190772179064
v 0.6111304672474147 0.25153295176422696 0.8815450341462346
v 0.5835614035668693 0.2558045164770576 0.8815450341462346
v 0.6056854032975661 0.25230277499521625 0.8766667361134588
v 0.5889840577021033 0.254890366908751 0.8766667361134588
v 0.6092678838094815 0.2517161589348118 0.8745712475925298
v 0.5853921330087044 0.2554152835396415 0.8745712475925298
v 0.6042106944669097 0.25242225809397856 0.869466136373443
v 0.5904259597749288 0.25455783767294105 0.869466136373443
v 0.5973235931647602 0.25352434177045136 0.871788567689761
v 0.5973141426378322 0.25346264231393556 0.8675974880407162
v 0.4764312639429623 0.1669141537174784 0.22469838579386453
v 0.47645151563141874 0.17239580995530165 0.23793226786336186
v 0.4678587028338651 0.1856614331529917 0.22469838579386453
v 0.47650038932460015 0.18562943429174697 0.24341393665706457
v 0.47645151563141874 0.17239567481083592 0.21146447807257057
v 0.476549263152791 0.1988633322923601 0.23793226786336186
v 0.47650038932460015 0.18562943429174697 0.20598283493066455
v 0.47656937956177226 0.20434485001048128 0.22469838579386453
v 0.476549263152791 0.19886319714789444 0.21146447807257057
v 0.5267658944504561 0.16528188736627406 0.6590709194499675
v 0.5267658944504561 0.1350224933562523 0.6447558681538745
v 0.5697030854810052 0.16528188736627406 0.6590709194499675
v 0.5694897705401303 0.19689178987778863 0.6603986024427301
v 0.5267658944504561 0.19689178987778863 0.6603986024427301
v 0.569894531320138 0.1350224933562523 0.6447558681538745
v 0.569201120997715 0.24609571529812627 0.6347959437969268
v 0.5267658944504561 0.06683151378524702 0.5771864668540755
v 0.5267658944504561 0.24609571529812627 0.6347959437969268
v 0.599650209774222 0.06683151378524702 0.5771864668540755
v 0.5692811809302241 0.2654518862472476 0.6343208509207613
v 0.5267658944504561 0.35000776312340987 0.6322456165184589
v 0.599650209774222 0.35000776312340987 0.6322456165184589
v 0.599650209774222 0.1350224933562523 0.6447558681538745
v 0.56987252707393 0.15527863712472104 0.6668859391248096
v 0.599650209774222 0.2655543574794752 0.6343184180503596
v 0.569643143577591 0.2379883978148393 0.6636619133095596
v 0.6337260516335566 0.2654518862472476 0.6343208509207613
v 0.6725345232078555 0.35000776312340987 0.6322456165184589
v 0.6725345232078555 0.24609571529812627 0.6347959437969268
v 0.6338061115660655 0.24609571529812627 0.6347959437969268
v 0.6725345232078555 0.19689178987778863 0.6603986024427301
v 0.6333640954666434 0.2379883978148393 0.6636619133095596
v 0.6335174685041042 0.19689178987778863 0.6603986024427301
v 0.6725345232078555 0.16528188736627406 0.6590709194499675
v 0.633304018283754 0.16528188736627406 0.6590709194499675
v 0.6725345232078555 0.1350224933562523 0.6447558681538745
v 0.633112714069541 0.1350224933562523 0.6447558681538745
v 0.6725345232078555 0.06683151378524702 0.5771864668540755
v 0.633134718315749 0.15527863712472104 0.6668859391248096
v 0.599650209774222 0.1553811067368351 0.666883234885401
v 0.633134718315749 0.18691364680477665 0.6788059267173113
v 0.56987252707393 0.18691364680477665 0.6788059267173113
v 0.599650209774222 0.18701611655190017 0.6788032238279972
v 0.633134718315749 0.20960738441570673 0.6822559570122292
v 0.56987252707393 0.20960738441570673 0.6822559570122292
v 0.599650209774222 0.20970985740305723 0.6822535241418276
v 0.599650209774222 0.2380525272849565 0.6636922863869322
v 0.627831271994996 0.27509318194200094 0.814465043070408
v 0.6164745487143097 0.26373618648225094 0.814465043070408
v 0.6393741756110117 0.26842857581872326 0.814465043070408
v 0.6453167491371226 0.2906065786568729 0.814465043070408
v 0.6231388842786372 0.25219341855073885 0.814465043070408
v 0.6319882189583401 0.2906065786568729 0.814465043070408
v 0.60096087833527 0.25957911085489505 0.814465043070408
v 0.6393741756110117 0.312784851783954 0.81446491346133
v 0.60096087833527 0.24625084179790194 0.814465043070408
v 0.627831271994996 0.3061206513640924 0.81446491346133
v 0.5854472144366841 0.26373618648225094 0.814465043070408
v 0.6231388842786372 0.3290201427113002 0.81446491346133
v 0.5787828787373472 0.25219341855073885 0.814465043070408
v 0.6164745487143097 0.3174765635079654 0.81446491346133
v 0.5740903558765228 0.27509318194200094 0.814465043070408
v 0.60096087833527 0.3349625874383898 0.81446491346133
v 0.5625474526655354 0.26842857581872326 0.814465043070408
v 0.60096087833527 0.3216343151276687 0.81446491346133
v 0.5699334153936325 0.2906065786568729 0.814465043070408
v 0.5787828787373472 0.3290201427113002 0.81446491346133
v 0.5566048726589706 0.2906065786568729 0.814465043070408
v 0.5854472144366841 0.3174765635079654 0.81446491346133
v 0.5740903558765228 0.3061206513640924 0.81446491346133
v 0.5625474526655354 0.312784851783954 0.81446491346133
v 0.6335478418514957 0.2727803356220295 0.6559280343179238
v 0.6197749912318918 0.25900734499761957 0.6559280343179238
v 0.6418742766715655 0.2679730533732979 0.6550180705827988
v 0.6482035267310383 0.2915943068937318 0.6550180705827988
v 0.624582267135179 0.2506809071668389 0.6550180705827988
v 0.6385890915726342 0.2915944420381975 0.6559280343179238
v 0.60096087833527 0.2539662274507386 0.6559280343179238
v 0.6418742766715655 0.31521556041416554 0.6550180705827988
v 0.60096087833527 0.24435166334480293 0.6550180705827988
v 0.6335478418514957 0.31040827816543404 0.6559280343179238
v 0.5821467717840926 0.25900734499761957 0.6559280343179238
v 0.624582267135179 0.33250797538394916 0.6550180705827988
v 0.5773394895353611 0.2506809071668389 0.6550180705827988
v 0.6197749912318918 0.3241815406988888 0.6559280343179238
v 0.5683739212994983 0.2727803356220295 0.6559280343179238
v 0.60096087833527 0.3388372196380154 0.6550180705827988
v 0.5600474802689934 0.2679730533732979 0.6550180705827988
v 0.60096087833527 0.3292229254294836 0.6559280343179238
v 0.5633326653679247 0.2915944420381975 0.6559280343179238
v 0.5773394895353611 0.33250797538394916 0.6550180705827988
v 0.553718103975679 0.2915943068937318 0.6550180705827988
v 0.5821467717840926 0.3241815406988888 0.6559280343179238
v 0.5683739212994983 0.31040827816543404 0.6559280343179238
v 0.5600474802689934 0.31521556041416554 0.6550180705827988
v 0.5918034843436646 0.4892960459883743 0.3397782213455255
v 0.586501396353051 0.4984795255620501 0.04964044404226636
v 0.5918036194881303 0.48929483495355175 0.03125
v 0.5865009907846445 0.4984800669499696 0.3397782213455255
v 0.5918034843436646 0.4892960459883743 0.3397782213455255
v 0.6024076666703363 0.4892961742473577 0.3397782213455255
v 0.6024076666703363 0.48929483495355175 0.03672409746339622
v 0.5918036194881303 0.48929483495355175 0.03125
v 0.6077094905824534 0.4984784441363055 0.046736142220929366
v 0.6024076666703363 0.4892961742473577 0.3397782213455255
v 0.6024076666703363 0.48929483495355175 0.03672409746339622
v 0.6077094905824534 0.4984785723952889 0.3397782213455255
v 0.6077094905824534 0.4984784441363055 0.046736142220929366
v 0.6024075313908611 0.507663134744804 0.05517340967887119
v 0.602407801814802 0.5076620519689647 0.3397782213455255
v 0.591803349199199 0.5076612540630784 0.05517340967887119
v 0.6024075313908611 0.507663134744804 0.05517340967887119
v 0.5918032139197238 0.5076625933568844 0.3397782213455255
v 0.5865009907846445 0.4984800669499696 0.3397782213455255
v 0.586501396353051 0.4984795255620501 0.04964044404226636
v 0.6067865679646702 0.4775553361027325 0.35467489742942715
v 0.5817347492504615 0.47755561962259063 0.38995529460249045
v 0.5817347492504615 0.47755520784374905 0.35467489742942715
v 0.6067867095895899 0.4775549499756876 0.38995529460249045
v 0.5817347492504615 0.47755520784374905 0.35467489742942715
v 0.6004296478521485 0.48856726629363134 0.33714554099893423
v 0.5880922100758557 0.48856739590270937 0.33714554099893423
v 0.5692088462388016 0.4992523129391523 0.35467489742942715
v 0.5819238968236206 0.49925123151340767 0.33714554099893423
v 0.5817347492504615 0.47755561962259063 0.38995529460249045
v 0.5692088462388016 0.49925218468016885 0.38995529460249045
v 0.5817347492504615 0.47755520784374905 0.35467489742942715
v 0.5817346139709865 0.5209475144012223 0.3899551593230153
v 0.5692088462388016 0.4992523129391523 0.35467489742942715
v 0.5817347492504615 0.5209471269240831 0.35467489742942715
v 0.5880922100758557 0.5099358920318837 0.33714554099893423
v 0.6067865744451242 0.5209469730133028 0.3899551593230153
v 0.6067865679646702 0.5209473847921444 0.35467489742942715
v 0.6004293774282076 0.5099354802530423 0.33714554099893423
v 0.6193127477457154 0.49925069147558276 0.38995529460249045
v 0.6193126189466942 0.4992505618665046 0.35467489742942715
v 0.6067865679646702 0.5209473847921444 0.35467489742942715
v 0.6067867095895899 0.4775549499756876 0.38995529460249045
v 0.6065972851120361 0.49925110325442423 0.33714554099893423
v 0.6067865679646702 0.4775553361027325 0.35467489742942715
v 0.6004296478521485 0.48856726629363134 0.33714554099893423
v 0.6193126189466942 0.4992505618665046 0.35467489742942715
v 0.6024076666703363 0.48929483495355175 0.03672409746339622
v 0.5918036194881303 0.48929483495355175 0.03125
v 0.586501396353051 0.4984795255620501 0.04964044404226636
v 0.6077094905824534 0.4984784441363055 0.046736142220929366
v 0.6024075313908611 0.507663134744804 0.05517340967887119
v 0.591803349199199 0.5076612540630784 0.05517340967887119
v 0.6004296478521485 0.48856726629363134 0.33714554099893423
v 0.5880922100758557 0.48856739590270937 0.33714554099893423
v 0.6065972851120361 0.49925110325442423 0.33714554099893423
v 0.5819238968236206 0.49925123151340767 0.33714554099893423
v 0.5880922100758557 0.5099358920318837 0.33714554099893423
v 0.6004293774282076 0.5099354802530423 0.33714554099893423
vt 0.947489977 0.137099996
vt 0.967620015 0.13153000199999998
vt 0.953670025 0.16049000599999996
vt 0.953670025 0.16049000599999996
vt 0.967620015 0.13153000199999998
vt 0.974349976 0.15475000400000005
vt 0.129020005 0.06425999849999997
vt 0.112400003 0.07559999819999996
vt 0.112400003 0.06425999849999997
vt 0.129020005 0.07559999819999996
vt 0.112400003 0.07559999819999996
vt 0.129020005 0.06425999849999997
vt 0.145649999 0.06425999849999997
vt 0.129020005 0.07559999819999996
vt 0.129020005 0.06425999849999997
vt 0.145649999 0.07559999819999996
vt 0.129020005 0.07559999819999996
vt 0.145649999 0.06425999849999997
vt 0.162279993 0.06425999849999997
vt 0.145649999 0.07559999819999996
vt 0.145649999 0.06425999849999997
vt 0.162279993 0.07559999819999996
vt 0.145649999 0.07559999819999996
vt 0.162279993 0.06425999849999997
vt 0.178910002 0.06425999849999997
vt 0.162279993 0.07559999819999996
vt 0.162279993 0.06425999849999997
vt 0.178910002 0.07559999819999996
vt 0.162279993 0.07559999819999996
vt 0.178910002 0.06425999849999997
vt 0.069219999 0.17765000500000006
vt 0.0294000003 0.17765000500000006
vt 0.069219999 0.18355
vt 0.0294000003 0.17765000500000006
vt 0.0294000003 0.18355
vt 0.069219999 0.18355
vt 0.069219999 0.18355
vt 0.0294000003 0.18355
vt 0.069219999 0.18943999700000003
vt 0.129020005 0.06425999849999997
vt 0.112400003 0.07559999819999996
vt 0.112400003 0.06425999849999997
vt 0.129020005 0.07559999819999996
vt 0.112400003 0.07559999819999996
vt 0.129020005 0.06425999849999997
vt 0.145649999 0.06425999849999997
vt 0.129020005 0.07559999819999996
vt 0.129020005 0.06425999849999997
vt 0.145649999 0.07559999819999996
vt 0.129020005 0.07559999819999996
vt 0.145649999 0.06425999849999997
vt 0.162279993 0.06425999849999997
vt 0.145649999 0.07559999819999996
vt 0.145649999 0.06425999849999997
vt 0.162279993 0.07559999819999996
vt 0.145649999 0.07559999819999996
vt 0.162279993 0.06425999849999997
vt 0.178910002 0.06425999849999997
vt 0.162279993 0.07559999819999996
vt 0.162279993 0.06425999849999997
vt 0.178910002 0.07559999819999996
vt 0.162279993 0.07559999819999996
vt 0.178910002 0.06425999849999997
vt 0.069219999 0.17765000500000006
vt 0.0294000003 0.17765000500000006
vt 0.069219999 0.18355
vt 0.0294000003 0.17765000500000006
vt 0.0294000003 0.18355
vt 0.069219999 0.18355
vt 0.069219999 0.18355
vt 0.0294000003 0.18355
vt 0.069219999 0.18943999700000003
vt 0.129020005 0.06425999849999997
vt 0.112400003 0.07559999819999996
vt 0.112400003 0.06425999849999997
vt 0.129020005 0.07559999819999996
vt 0.112400003 0.07559999819999996
vt 0.129020005 0.06425999849999997
vt 0.145649999 0.06425999849999997
vt 0.129020005 0.07559999819999996
vt 0.129020005 0.06425999849999997
vt 0.145649999 0.07559999819999996
vt 0.129020005 0.07559999819999996
vt 0.145649999 0.06425999849999997
vt 0.162279993 0.06425999849999997
vt 0.145649999 0.07559999819999996
vt 0.145649999 0.06425999849999997
vt 0.162279993 0.07559999819999996
vt 0.145649999 0.07559999819999996
vt 0.162279993 0.06425999849999997
vt 0.178910002 0.06425999849999997
vt 0.162279993 0.07559999819999996
vt 0.162279993 0.06425999849999997
vt 0.178910002 0.07559999819999996
vt 0.162279993 0.07559999819999996
vt 0.178910002 0.06425999849999997
vt 0.069219999 0.17765000500000006
vt 0.0294000003 0.17765000500000006
vt 0.069219999 0.18355
vt 0.0294000003 0.17765000500000006
vt 0.0294000003 0.18355
vt 0.069219999 0.18355
vt 0.069219999 0.18355
vt 0.0294000003 0.18355
vt 0.069219999 0.18943999700000003
vt 0.129020005 0.06425999849999997
vt 0.112400003 0.07559999819999996
vt 0.112400003 0.06425999849999997
vt 0.129020005 0.07559999819999996
vt 0.112400003 0.07559999819999996
vt 0.129020005 0.06425999849999997
vt 0.145649999 0.06425999849999997
vt 0.129020005 0.07559999819999996
vt 0.129020005 0.06425999849999997
vt 0.145649999 0.07559999819999996
vt 0.129020005 0.07559999819999996
vt 0.145649999 0.06425999849999997
vt 0.162279993 0.06425999849999997
vt 0.145649999 0.07559999819999996
vt 0.145649999 0.06425999849999997
vt 0.162279993 0.07559999819999996
vt 0.145649999 0.07559999819999996
vt 0.162279993 0.06425999849999997
vt 0.178910002 0.06425999849999997
vt 0.162279993 0.07559999819999996
vt 0.162279993 0.06425999849999997
vt 0.178910002 0.07559999819999996
vt 0.162279993 0.07559999819999996
vt 0.178910002 0.06425999849999997
vt 0.851300001 0.045120000800000004
vt 0.822309971 0.07917000350000003
vt 0.81892997 0.03720999879999998
vt 0.877269983 0.04337999969999995
vt 0.864170015 0.08959999679999997
vt 0.851300001 0.045120000800000004
vt 0.893660009 0.08364000169999997
vt 0.864170015 0.08959999679999997
vt 0.877269983 0.04337999969999995
vt 0.864170015 0.08959999679999997
vt 0.822309971 0.07917000350000003
vt 0.851300001 0.045120000800000004
vt 0.822309971 0.07917000350000003
vt 0.864170015 0.08959999679999997
vt 0.829230011 0.19111
vt 0.829230011 0.19111
vt 0.864170015 0.08959999679999997
vt 0.883520007 0.16288000299999994
vt 0.864170015 0.08959999679999997
vt 0.893660009 0.08364000169999997
vt 0.883520007 0.16288000299999994
vt 0.883520007 0.16288000299999994
vt 0.893660009 0.08364000169999997
vt 0.91219002 0.14582000699999997
vt 0.921519995 0.16676999599999998
vt 0.883520007 0.16288000299999994
vt 0.91219002 0.14582000699999997
vt 0.921519995 0.16676999599999998
vt 0.91267997 0.200880006
vt 0.883520007 0.16288000299999994
vt 0.943549991 0.20074999299999996
vt 0.91267997 0.200880006
vt 0.921519995 0.16676999599999998
vt 0.883520007 0.16288000299999994
vt 0.91267997 0.200880006
vt 0.839079976 0.22824999700000004
vt 0.829230011 0.19111
vt 0.883520007 0.16288000299999994
vt 0.839079976 0.22824999700000004
vt 0.943549991 0.20074999299999996
vt 0.91952002 0.24209999999999998
vt 0.91267997 0.200880006
vt 0.91267997 0.200880006
vt 0.91952002 0.24209999999999998
vt 0.839079976 0.22824999700000004
vt 0.937759995 0.264070004
vt 0.91952002 0.24209999999999998
vt 0.943549991 0.20074999299999996
vt 0.971340001 0.26377999799999996
vt 0.937759995 0.264070004
vt 0.943549991 0.20074999299999996
vt 0.937759995 0.264070004
vt 0.971340001 0.26377999799999996
vt 0.892660022 0.372099996
vt 0.892660022 0.372099996
vt 0.91952002 0.24209999999999998
vt 0.937759995 0.264070004
vt 0.892660022 0.372099996
vt 0.971340001 0.26377999799999996
vt 0.921589971 0.38664999600000005
vt 0.892660022 0.372099996
vt 0.921589971 0.38664999600000005
vt 0.87379998 0.3922599849999999
vt 0.87379998 0.3922599849999999
vt 0.921589971 0.38664999600000005
vt 0.906830013 0.41354000600000007
vt 0.849409997 0.444489986
vt 0.906830013 0.41354000600000007
vt 0.873960018 0.45566999899999994
vt 0.87379998 0.3922599849999999
vt 0.906830013 0.41354000600000007
vt 0.849409997 0.444489986
vt 0.823909998 0.429329991
vt 0.87379998 0.3922599849999999
vt 0.849409997 0.444489986
vt 0.846939981 0.3790799979999999
vt 0.87379998 0.3922599849999999
vt 0.823909998 0.429329991
vt 0.800279975 0.41536998700000005
vt 0.846939981 0.3790799979999999
vt 0.823909998 0.429329991
vt 0.813009977 0.364190012
vt 0.846939981 0.3790799979999999
vt 0.800279975 0.41536998700000005
vt 0.846939981 0.3790799979999999
vt 0.892660022 0.372099996
vt 0.87379998 0.3922599849999999
vt 0.81291002 0.3557699919999999
vt 0.846939981 0.3790799979999999
vt 0.813009977 0.364190012
vt 0.859399974 0.354420006
vt 0.892660022 0.372099996
vt 0.846939981 0.3790799979999999
vt 0.81291002 0.3557699919999999
vt 0.859399974 0.354420006
vt 0.846939981 0.3790799979999999
vt 0.859399974 0.354420006
vt 0.91952002 0.24209999999999998
vt 0.892660022 0.372099996
vt 0.859399974 0.354420006
vt 0.839079976 0.22824999700000004
vt 0.91952002 0.24209999999999998
vt 0.816039979 0.334960014
vt 0.859399974 0.354420006
vt 0.81291002 0.3557699919999999
vt 0.816039979 0.334960014
vt 0.839079976 0.22824999700000004
vt 0.859399974 0.354420006
vt 0.829230011 0.19111
vt 0.794019997 0.22463999700000004
vt 0.795939982 0.18909999700000002
vt 0.839079976 0.22824999700000004
vt 0.794019997 0.22463999700000004
vt 0.829230011 0.19111
vt 0.816039979 0.334960014
vt 0.794019997 0.22463999700000004
vt 0.839079976 0.22824999700000004
vt 0.829230011 0.19111
vt 0.795939982 0.18909999700000002
vt 0.822309971 0.07917000350000003
vt 0.822309971 0.07917000350000003
vt 0.795939982 0.18909999700000002
vt 0.79460001 0.0688399971
vt 0.822309971 0.07917000350000003
vt 0.79460001 0.0688399971
vt 0.81892997 0.03720999879999998
vt 0.81892997 0.03720999879999998
vt 0.79460001 0.0688399971
vt 0.793540001 0.04597000029999998
vt 0.79460001 0.0688399971
vt 0.768930018 0.040290001799999975
vt 0.793540001 0.04597000029999998
vt 0.766780019 0.08066999909999995
vt 0.768930018 0.040290001799999975
vt 0.79460001 0.0688399971
vt 0.795939982 0.18909999700000002
vt 0.766780019 0.08066999909999995
vt 0.79460001 0.0688399971
vt 0.761600018 0.19009999899999996
vt 0.766780019 0.08066999909999995
vt 0.795939982 0.18909999700000002
vt 0.794019997 0.22463999700000004
vt 0.761600018 0.19009999899999996
vt 0.795939982 0.18909999700000002
vt 0.750940025 0.22437000299999998
vt 0.761600018 0.19009999899999996
vt 0.794019997 0.22463999700000004
vt 0.750940025 0.22437000299999998
vt 0.794019997 0.22463999700000004
vt 0.756219983 0.32833000999999995
vt 0.679669976 0.22924999899999998
vt 0.688790023 0.199399993
vt 0.750940025 0.22437000299999998
vt 0.786339998 0.329479992
vt 0.794019997 0.22463999700000004
vt 0.816039979 0.334960014
vt 0.756219983 0.32833000999999995
vt 0.794019997 0.22463999700000004
vt 0.786339998 0.329479992
vt 0.786339998 0.329479992
vt 0.816039979 0.334960014
vt 0.783689976 0.352429986
vt 0.756219983 0.32833000999999995
vt 0.786339998 0.329479992
vt 0.755550027 0.349550009
vt 0.755550027 0.349550009
vt 0.786339998 0.329479992
vt 0.783689976 0.352429986
vt 0.783689976 0.352429986
vt 0.816039979 0.334960014
vt 0.81291002 0.3557699919999999
vt 0.783689976 0.352429986
vt 0.81291002 0.3557699919999999
vt 0.782739997 0.362340003
vt 0.783689976 0.352429986
vt 0.782739997 0.362340003
vt 0.755550027 0.349550009
vt 0.782739997 0.362340003
vt 0.81291002 0.3557699919999999
vt 0.813009977 0.364190012
vt 0.755550027 0.349550009
vt 0.782739997 0.362340003
vt 0.752889991 0.357540011
vt 0.813009977 0.364190012
vt 0.800279975 0.41536998700000005
vt 0.782739997 0.362340003
vt 0.782739997 0.362340003
vt 0.800279975 0.41536998700000005
vt 0.776929975 0.40775001
vt 0.782739997 0.362340003
vt 0.776929975 0.40775001
vt 0.752889991 0.357540011
vt 0.752889991 0.357540011
vt 0.776929975 0.40775001
vt 0.752149999 0.40817999800000004
vt 0.752889991 0.357540011
vt 0.752149999 0.40817999800000004
vt 0.717429996 0.360659987
vt 0.717429996 0.360659987
vt 0.755550027 0.349550009
vt 0.752889991 0.357540011
vt 0.717429996 0.360659987
vt 0.752149999 0.40817999800000004
vt 0.725799978 0.4137800039999999
vt 0.717429996 0.360659987
vt 0.756219983 0.32833000999999995
vt 0.755550027 0.349550009
vt 0.717429996 0.360659987
vt 0.725799978 0.4137800039999999
vt 0.691129982 0.367199987
vt 0.691129982 0.367199987
vt 0.725799978 0.4137800039999999
vt 0.700030029 0.42045000199999993
vt 0.711130023 0.336930007
vt 0.756219983 0.32833000999999995
vt 0.717429996 0.360659987
vt 0.691129982 0.367199987
vt 0.711130023 0.336930007
vt 0.717429996 0.360659987
vt 0.711130023 0.336930007
vt 0.750940025 0.22437000299999998
vt 0.756219983 0.32833000999999995
vt 0.691129982 0.367199987
vt 0.700030029 0.42045000199999993
vt 0.655489981 0.37834999
vt 0.655489981 0.37834999
vt 0.700030029 0.42045000199999993
vt 0.674049973 0.424459994
vt 0.655489981 0.37834999
vt 0.678939998 0.34527000799999996
vt 0.691129982 0.367199987
vt 0.678939998 0.34527000799999996
vt 0.711130023 0.336930007
vt 0.691129982 0.367199987
vt 0.649309993 0.351880014
vt 0.678939998 0.34527000799999996
vt 0.655489981 0.37834999
vt 0.649309993 0.351880014
vt 0.633490026 0.237709999
vt 0.678939998 0.34527000799999996
vt 0.678939998 0.34527000799999996
vt 0.679669976 0.22924999899999998
vt 0.711130023 0.336930007
vt 0.679669976 0.22924999899999998
vt 0.750940025 0.22437000299999998
vt 0.711130023 0.336930007
vt 0.678939998 0.34527000799999996
vt 0.633490026 0.237709999
vt 0.660650015 0.244939998
vt 0.660650015 0.244939998
vt 0.679669976 0.22924999899999998
vt 0.678939998 0.34527000799999996
vt 0.660650015 0.244939998
vt 0.633490026 0.237709999
vt 0.664529979 0.19504000200000005
vt 0.660650015 0.244939998
vt 0.664529979 0.19504000200000005
vt 0.679669976 0.22924999899999998
vt 0.664529979 0.19504000200000005
vt 0.633490026 0.237709999
vt 0.634869993 0.179920003
vt 0.679669976 0.22924999899999998
vt 0.664529979 0.19504000200000005
vt 0.688790023 0.199399993
vt 0.634869993 0.179920003
vt 0.658680022 0.15557999899999997
vt 0.664529979 0.19504000200000005
vt 0.688790023 0.199399993
vt 0.664529979 0.19504000200000005
vt 0.679139972 0.16969999699999994
vt 0.664529979 0.19504000200000005
vt 0.658680022 0.15557999899999997
vt 0.679139972 0.16969999699999994
vt 0.658680022 0.15557999899999997
vt 0.683860004 0.14752000600000004
vt 0.679139972 0.16969999699999994
vt 0.679139972 0.16969999699999994
vt 0.711870015 0.16301999999999994
vt 0.688790023 0.199399993
vt 0.683860004 0.14752000600000004
vt 0.711870015 0.16301999999999994
vt 0.679139972 0.16969999699999994
vt 0.688790023 0.199399993
vt 0.711870015 0.16301999999999994
vt 0.750940025 0.22437000299999998
vt 0.761600018 0.19009999899999996
vt 0.750940025 0.22437000299999998
vt 0.711870015 0.16301999999999994
vt 0.699169993 0.08692000060000005
vt 0.711870015 0.16301999999999994
vt 0.683860004 0.14752000600000004
vt 0.727140009 0.09190999720000004
vt 0.711870015 0.16301999999999994
vt 0.699169993 0.08692000060000005
vt 0.727140009 0.09190999720000004
vt 0.761600018 0.19009999899999996
vt 0.711870015 0.16301999999999994
vt 0.699169993 0.08692000060000005
vt 0.71322 0.04930999879999998
vt 0.727140009 0.09190999720000004
vt 0.766780019 0.08066999909999995
vt 0.761600018 0.19009999899999996
vt 0.727140009 0.09190999720000004
vt 0.727140009 0.09190999720000004
vt 0.71322 0.04930999879999998
vt 0.737559974 0.049520000799999964
vt 0.737559974 0.049520000799999964
vt 0.766780019 0.08066999909999995
vt 0.727140009 0.09190999720000004
vt 0.768930018 0.040290001799999975
vt 0.766780019 0.08066999909999995
vt 0.737559974 0.049520000799999964
vt 0.188419998 0.287620008
vt 0.16798 0.287620008
vt 0.188419998 0.26148000400000004
vt 0.188419998 0.26148000400000004
vt 0.16798 0.287620008
vt 0.16798 0.26148000400000004
vt 0.16798 0.287620008
vt 0.147540003 0.287620008
vt 0.16798 0.26148000400000004
vt 0.16798 0.26148000400000004
vt 0.147540003 0.287620008
vt 0.147540003 0.26148000400000004
vt 0.069219999 0.17765000500000006
vt 0.0294000003 0.17765000500000006
vt 0.069219999 0.18355
vt 0.069219999 0.18355
vt 0.0294000003 0.18355
vt 0.069219999 0.18943999700000003
vt 0.0294000003 0.17765000500000006
vt 0.0294000003 0.18355
vt 0.069219999 0.18355
vt 0.0294000003 0.16587999500000006
vt 0.0294000003 0.171759993
vt 0.069219999 0.171759993
vt 0.069219999 0.16587999500000006
vt 0.0294000003 0.16587999500000006
vt 0.069219999 0.171759993
vt 0.0294000003 0.15998999800000002
vt 0.0294000003 0.16587999500000006
vt 0.069219999 0.16587999500000006
vt 0.069219999 0.15998999800000002
vt 0.0294000003 0.15998999800000002
vt 0.069219999 0.16587999500000006
vt 0.0294000003 0.16587999500000006
vt 0.0294000003 0.171759993
vt 0.069219999 0.171759993
vt 0.069219999 0.16587999500000006
vt 0.0294000003 0.16587999500000006
vt 0.069219999 0.171759993
vt 0.0294000003 0.15998999800000002
vt 0.0294000003 0.16587999500000006
vt 0.069219999 0.16587999500000006
vt 0.069219999 0.15998999800000002
vt 0.0294000003 0.15998999800000002
vt 0.069219999 0.16587999500000006
vt 0.188419998 0.287620008
vt 0.188419998 0.26148000400000004
vt 0.16798 0.287620008
vt 0.188419998 0.26148000400000004
vt 0.16798 0.26148000400000004
vt 0.16798 0.287620008
vt 0.16798 0.287620008
vt 0.16798 0.26148000400000004
vt 0.147540003 0.287620008
vt 0.16798 0.26148000400000004
vt 0.147540003 0.26148000400000004
vt 0.147540003 0.287620008
vt 0.127090007 0.287620008
vt 0.127090007 0.26148000400000004
vt 0.106650002 0.287620008
vt 0.127090007 0.26148000400000004
vt 0.106650002 0.26148000400000004
vt 0.106650002 0.287620008
vt 0.106650002 0.287620008
vt 0.106650002 0.26148000400000004
vt 0.0862099975 0.287620008
vt 0.106650002 0.26148000400000004
vt 0.0862099975 0.26148000400000004
vt 0.0862099975 0.287620008
vt 0.930440009 0.07765000310000003
vt 0.922519982 0.05025999989999996
vt 0.949779987 0.07236000149999999
vt 0.949779987 0.07236000149999999
vt 0.922519982 0.05025999989999996
vt 0.942870021 0.04470999909999995
vt 0.208869994 0.287620008
vt 0.188419998 0.287620008
vt 0.208869994 0.26148000400000004
vt 0.208869994 0.26148000400000004
vt 0.188419998 0.287620008
vt 0.188419998 0.26148000400000004
vt 0.147540003 0.287620008
vt 0.127090007 0.287620008
vt 0.147540003 0.26148000400000004
vt 0.147540003 0.26148000400000004
vt 0.127090007 0.287620008
vt 0.127090007 0.26148000400000004
vt 0.069219999 0.18943999700000003
vt 0.069219999 0.19532999399999995
vt 0.0294000003 0.18943999700000003
vt 0.0294000003 0.18943999700000003
vt 0.069219999 0.19532999399999995
vt 0.0294000003 0.19532999399999995
vt 0.069219999 0.171759993
vt 0.0294000003 0.171759993
vt 0.069219999 0.17765000500000006
vt 0.0294000003 0.171759993
vt 0.0294000003 0.17765000500000006
vt 0.069219999 0.17765000500000006
vt 0.148379996 0.19397999300000002
vt 0.204449996 0.19397999300000002
vt 0.148379996 0.20582999300000004
vt 0.148379996 0.20582999300000004
vt 0.204449996 0.19397999300000002
vt 0.204449996 0.20582999300000004
vt 0.202020004 0.18712000500000003
vt 0.149250001 0.18712000500000003
vt 0.202020004 0.17452000099999998
vt 0.202020004 0.17452000099999998
vt 0.149250001 0.18712000500000003
vt 0.149250001 0.17452000099999998
vt 0.191479996 0.14241999399999994
vt 0.173570007 0.14241999399999994
vt 0.191479996 0.13163000299999994
vt 0.191479996 0.13163000299999994
vt 0.173570007 0.14241999399999994
vt 0.173570007 0.13163000299999994
vt 0.18265 0.123190001
vt 0.150150001 0.123190001
vt 0.18265 0.11138000300000006
vt 0.18265 0.11138000300000006
vt 0.150150001 0.123190001
vt 0.150150001 0.11138000300000006
vt 0.168990001 0.14439000199999996
vt 0.147839993 0.14439000199999996
vt 0.168990001 0.13264000399999998
vt 0.168990001 0.13264000399999998
vt 0.147839993 0.14439000199999996
vt 0.147839993 0.13264000399999998
vt 0.200800002 0.09698999669999997
vt 0.179839998 0.09698999669999997
vt 0.200800002 0.08513999729999999
vt 0.200800002 0.08513999729999999
vt 0.179839998 0.09698999669999997
vt 0.179839998 0.08513999729999999
vt 0.175779998 0.09724999960000003
vt 0.149910003 0.09724999960000003
vt 0.175779998 0.0854099989
vt 0.175779998 0.0854099989
vt 0.149910003 0.09724999960000003
vt 0.149910003 0.0854099989
vt 0.202559993 0.16517999799999994
vt 0.14948 0.16517999799999994
vt 0.202559993 0.15219000000000005
vt 0.202559993 0.15219000000000005
vt 0.14948 0.16517999799999994
vt 0.14948 0.15219000000000005
vt 0.208869994 0.287620008
vt 0.188419998 0.287620008
vt 0.208869994 0.26148000400000004
vt 0.208869994 0.26148000400000004
vt 0.188419998 0.287620008
vt 0.188419998 0.26148000400000004
vt 0.147540003 0.287620008
vt 0.127090007 0.287620008
vt 0.147540003 0.26148000400000004
vt 0.147540003 0.26148000400000004
vt 0.127090007 0.287620008
vt 0.127090007 0.26148000400000004
vt 0.069219999 0.18943999700000003
vt 0.069219999 0.19532999399999995
vt 0.0294000003 0.18943999700000003
vt 0.0294000003 0.18943999700000003
vt 0.069219999 0.19532999399999995
vt 0.0294000003 0.19532999399999995
vt 0.069219999 0.171759993
vt 0.0294000003 0.171759993
vt 0.069219999 0.17765000500000006
vt 0.0294000003 0.171759993
vt 0.0294000003 0.17765000500000006
vt 0.069219999 0.17765000500000006
vt 0.069219999 0.18943999700000003
vt 0.069219999 0.19532999399999995
vt 0.0294000003 0.18943999700000003
vt 0.0294000003 0.18943999700000003
vt 0.069219999 0.19532999399999995
vt 0.0294000003 0.19532999399999995
vt 0.069219999 0.171759993
vt 0.0294000003 0.171759993
vt 0.069219999 0.17765000500000006
vt 0.0294000003 0.171759993
vt 0.0294000003 0.17765000500000006
vt 0.069219999 0.17765000500000006
vt 0.069219999 0.18943999700000003
vt 0.069219999 0.19532999399999995
vt 0.0294000003 0.18943999700000003
vt 0.0294000003 0.18943999700000003
vt 0.069219999 0.19532999399999995
vt 0.0294000003 0.19532999399999995
vt 0.069219999 0.171759993
vt 0.0294000003 0.171759993
vt 0.069219999 0.17765000500000006
vt 0.0294000003 0.171759993
vt 0.0294000003 0.17765000500000006
vt 0.069219999 0.17765000500000006
vt 0.208869994 0.287620008
vt 0.208869994 0.26148000400000004
vt 0.188419998 0.287620008
vt 0.208869994 0.26148000400000004
vt 0.188419998 0.26148000400000004
vt 0.188419998 0.287620008
vt 0.147540003 0.287620008
vt 0.147540003 0.26148000400000004
vt 0.127090007 0.287620008
vt 0.147540003 0.26148000400000004
vt 0.127090007 0.26148000400000004
vt 0.127090007 0.287620008
vt 0.212160006 0.07559999819999996
vt 0.212160006 0.06425999849999997
vt 0.195539996 0.07559999819999996
vt 0.212160006 0.06425999849999997
vt 0.195539996 0.06425999849999997
vt 0.195539996 0.07559999819999996
vt 0.129020005 0.07559999819999996
vt 0.129020005 0.06425999849999997
vt 0.112400003 0.07559999819999996
vt 0.129020005 0.06425999849999997
vt 0.112400003 0.06425999849999997
vt 0.112400003 0.07559999819999996
vt 0.148379996 0.19397999300000002
vt 0.148379996 0.20582999300000004
vt 0.204449996 0.19397999300000002
vt 0.148379996 0.20582999300000004
vt 0.204449996 0.20582999300000004
vt 0.204449996 0.19397999300000002
vt 0.202020004 0.18712000500000003
vt 0.202020004 0.17452000099999998
vt 0.149250001 0.18712000500000003
vt 0.202020004 0.17452000099999998
vt 0.149250001 0.17452000099999998
vt 0.149250001 0.18712000500000003
vt 0.191479996 0.14241999399999994
vt 0.191479996 0.13163000299999994
vt 0.173570007 0.14241999399999994
vt 0.191479996 0.13163000299999994
vt 0.173570007 0.13163000299999994
vt 0.173570007 0.14241999399999994
vt 0.18265 0.123190001
vt 0.18265 0.11138000300000006
vt 0.150150001 0.123190001
vt 0.18265 0.11138000300000006
vt 0.150150001 0.11138000300000006
vt 0.150150001 0.123190001
vt 0.168990001 0.14439000199999996
vt 0.168990001 0.13264000399999998
vt 0.147839993 0.14439000199999996
vt 0.168990001 0.13264000399999998
vt 0.147839993 0.13264000399999998
vt 0.147839993 0.14439000199999996
vt 0.200800002 0.09698999669999997
vt 0.200800002 0.08513999729999999
vt 0.179839998 0.09698999669999997
vt 0.200800002 0.08513999729999999
vt 0.179839998 0.08513999729999999
vt 0.179839998 0.09698999669999997
vt 0.175779998 0.09724999960000003
vt 0.175779998 0.0854099989
vt 0.149910003 0.09724999960000003
vt 0.175779998 0.0854099989
vt 0.149910003 0.0854099989
vt 0.149910003 0.09724999960000003
vt 0.202559993 0.16517999799999994
vt 0.202559993 0.15219000000000005
vt 0.14948 0.16517999799999994
vt 0.202559993 0.15219000000000005
vt 0.14948 0.15219000000000005
vt 0.14948 0.16517999799999994
vt 0.208869994 0.287620008
vt 0.208869994 0.26148000400000004
vt 0.188419998 0.287620008
vt 0.208869994 0.26148000400000004
vt 0.188419998 0.26148000400000004
vt 0.188419998 0.287620008
vt 0.147540003 0.287620008
vt 0.147540003 0.26148000400000004
vt 0.127090007 0.287620008
vt 0.147540003 0.26148000400000004
vt 0.127090007 0.26148000400000004
vt 0.127090007 0.287620008
vt 0.212160006 0.07559999819999996
vt 0.212160006 0.06425999849999997
vt 0.195539996 0.07559999819999996
vt 0.212160006 0.06425999849999997
vt 0.195539996 0.06425999849999997
vt 0.195539996 0.07559999819999996
vt 0.129020005 0.07559999819999996
vt 0.129020005 0.06425999849999997
vt 0.112400003 0.07559999819999996
vt 0.129020005 0.06425999849999997
vt 0.112400003 0.06425999849999997
vt 0.112400003 0.07559999819999996
vt 0.212160006 0.07559999819999996
vt 0.212160006 0.06425999849999997
vt 0.195539996 0.07559999819999996
vt 0.212160006 0.06425999849999997
vt 0.195539996 0.06425999849999997
vt 0.195539996 0.07559999819999996
vt 0.129020005 0.07559999819999996
vt 0.129020005 0.06425999849999997
vt 0.112400003 0.07559999819999996
vt 0.129020005 0.06425999849999997
vt 0.112400003 0.06425999849999997
vt 0.112400003 0.07559999819999996
vt 0.212160006 0.07559999819999996
vt 0.212160006 0.06425999849999997
vt 0.195539996 0.07559999819999996
vt 0.212160006 0.06425999849999997
vt 0.195539996 0.06425999849999997
vt 0.195539996 0.07559999819999996
vt 0.129020005 0.07559999819999996
vt 0.129020005 0.06425999849999997
vt 0.112400003 0.07559999819999996
vt 0.129020005 0.06425999849999997
vt 0.112400003 0.06425999849999997
vt 0.112400003 0.07559999819999996
vt 0.548420012 0.41014000799999994
vt 0.579509974 0.428649992
vt 0.548650026 0.42895001200000005
vt 0.579370022 0.409909993
vt 0.579509974 0.428649992
vt 0.548420012 0.41014000799999994
vt 0.548319995 0.391240001
vt 0.579370022 0.409909993
vt 0.548420012 0.41014000799999994
vt 0.57931 0.391099989
vt 0.579370022 0.409909993
vt 0.548319995 0.391240001
vt 0.548300028 0.37242001299999994
vt 0.57931 0.391099989
vt 0.548319995 0.391240001
vt 0.579259992 0.372280002
vt 0.57931 0.391099989
vt 0.548300028 0.37242001299999994
vt 0.548219979 0.3537400070000001
vt 0.579259992 0.372280002
vt 0.548300028 0.37242001299999994
vt 0.579129994 0.35359001199999995
vt 0.579259992 0.372280002
vt 0.548219979 0.3537400070000001
vt 0.548139989 0.3351800140000001
vt 0.579129994 0.35359001199999995
vt 0.548219979 0.3537400070000001
vt 0.578999996 0.33506
vt 0.579129994 0.35359001199999995
vt 0.548139989 0.3351800140000001
vt 0.548139989 0.31672999300000004
vt 0.578999996 0.33506
vt 0.548139989 0.3351800140000001
vt 0.578960001 0.316670001
vt 0.578999996 0.33506
vt 0.548139989 0.31672999300000004
vt 0.548179984 0.29833000900000006
vt 0.578960001 0.316670001
vt 0.548139989 0.31672999300000004
vt 0.578989983 0.298290014
vt 0.578960001 0.316670001
vt 0.548179984 0.29833000900000006
vt 0.548210025 0.279900014
vt 0.578989983 0.298290014
vt 0.548179984 0.29833000900000006
vt 0.579029977 0.279810011
vt 0.578989983 0.298290014
vt 0.548210025 0.279900014
vt 0.622309983 0.0654999986
vt 0.626999974 0.05178000029999996
vt 0.634029984 0.05406999960000003
vt 0.61619997 0.05970000099999995
vt 0.626999974 0.05178000029999996
vt 0.622309983 0.0654999986
vt 0.612089992 0.07609999919999999
vt 0.61619997 0.05970000099999995
vt 0.622309983 0.0654999986
vt 0.605920017 0.07096999879999999
vt 0.61619997 0.05970000099999995
vt 0.612089992 0.07609999919999999
vt 0.603619993 0.08739999679999999
vt 0.605920017 0.07096999879999999
vt 0.612089992 0.07609999919999999
vt 0.597090006 0.08310999720000001
vt 0.605920017 0.07096999879999999
vt 0.603619993 0.08739999679999999
vt 0.596580029 0.10005000200000003
vt 0.597090006 0.08310999720000001
vt 0.603619993 0.08739999679999999
vt 0.589429975 0.09594000130000002
vt 0.597090006 0.08310999720000001
vt 0.596580029 0.10005000200000003
vt 0.589039981 0.11245000400000005
vt 0.589429975 0.09594000130000002
vt 0.596580029 0.10005000200000003
vt 0.582029998 0.10893999799999998
vt 0.589429975 0.09594000130000002
vt 0.589039981 0.11245000400000005
vt 0.583280027 0.125569999
vt 0.582029998 0.10893999799999998
vt 0.589039981 0.11245000400000005
vt 0.57585001 0.12255000299999996
vt 0.582029998 0.10893999799999998
vt 0.583280027 0.125569999
vt 0.579240024 0.13943000100000003
vt 0.57585001 0.12255000299999996
vt 0.583280027 0.125569999
vt 0.571290016 0.13707000000000003
vt 0.57585001 0.12255000299999996
vt 0.579240024 0.13943000100000003
vt 0.575450003 0.155320004
vt 0.571290016 0.13707000000000003
vt 0.579240024 0.13943000100000003
vt 0.569750011 0.15039999800000003
vt 0.571290016 0.13707000000000003
vt 0.575450003 0.155320004
vt 0.604600012 0.417600006
vt 0.631799996 0.43858999
vt 0.604480028 0.4385600089999999
vt 0.63161999 0.41756001099999995
vt 0.631799996 0.43858999
vt 0.604600012 0.417600006
vt 0.604700029 0.39654999999999996
vt 0.63161999 0.41756001099999995
vt 0.604600012 0.417600006
vt 0.631680012 0.39654999999999996
vt 0.63161999 0.41756001099999995
vt 0.604700029 0.39654999999999996
vt 0.604690015 0.375569999
vt 0.631680012 0.39654999999999996
vt 0.604700029 0.39654999999999996
vt 0.631709993 0.375539988
vt 0.631680012 0.39654999999999996
vt 0.604690015 0.375569999
vt 0.604629993 0.35462001
vt 0.631709993 0.375539988
vt 0.604690015 0.375569999
vt 0.631699979 0.354600012
vt 0.631709993 0.375539988
vt 0.604629993 0.35462001
vt 0.604600012 0.33366998999999997
vt 0.631699979 0.354600012
vt 0.604629993 0.35462001
vt 0.631709993 0.33366998999999997
vt 0.631699979 0.354600012
vt 0.604600012 0.33366998999999997
vt 0.604610026 0.312880009
vt 0.631709993 0.33366998999999997
vt 0.604600012 0.33366998999999997
vt 0.631720006 0.312869996
vt 0.631709993 0.33366998999999997
vt 0.604610026 0.312880009
vt 0.604589999 0.29221001300000005
vt 0.631720006 0.312869996
vt 0.604610026 0.312880009
vt 0.631669998 0.29221001300000005
vt 0.631720006 0.312869996
vt 0.604589999 0.29221001300000005
vt 0.604659975 0.271510005
vt 0.631669998 0.29221001300000005
vt 0.604589999 0.29221001300000005
vt 0.631569982 0.271479994
vt 0.631669998 0.29221001300000005
vt 0.604659975 0.271510005
vt 0.583790004 0.40130999700000003
vt 0.597729981 0.418879986
vt 0.58434999 0.418850005
vt 0.598100007 0.401340008
vt 0.597729981 0.418879986
vt 0.583790004 0.40130999700000003
vt 0.583779991 0.385500014
vt 0.598100007 0.401340008
vt 0.583790004 0.40130999700000003
vt 0.597930014 0.385450006
vt 0.598100007 0.401340008
vt 0.583779991 0.385500014
vt 0.584039986 0.37033998999999995
vt 0.597930014 0.385450006
vt 0.583779991 0.385500014
vt 0.597790003 0.37029001100000003
vt 0.597930014 0.385450006
vt 0.584039986 0.37033998999999995
vt 0.584169984 0.35451000899999996
vt 0.597790003 0.37029001100000003
vt 0.584039986 0.37033998999999995
vt 0.597769976 0.35453999
vt 0.597790003 0.37029001100000003
vt 0.584169984 0.35451000899999996
vt 0.584249973 0.33792000999999994
vt 0.597769976 0.35453999
vt 0.584169984 0.35451000899999996
vt 0.597649992 0.33798998599999996
vt 0.597769976 0.35453999
vt 0.584249973 0.33792000999999994
vt 0.584299982 0.321179986
vt 0.597649992 0.33798998599999996
vt 0.584249973 0.33792000999999994
vt 0.597469985 0.32106000200000007
vt 0.597649992 0.33798998599999996
vt 0.584299982 0.321179986
vt 0.584590018 0.30419001
vt 0.597469985 0.32106000200000007
vt 0.584299982 0.321179986
vt 0.597500026 0.3034699860000001
vt 0.597469985 0.32106000200000007
vt 0.584590018 0.30419001
vt 0.584290028 0.2847799959999999
vt 0.597500026 0.3034699860000001
vt 0.584590018 0.30419001
vt 0.59750998 0.285349995
vt 0.597500026 0.3034699860000001
vt 0.584290028 0.2847799959999999
vt 0.615509987 0.25251001100000003
vt 0.60285002 0.257750005
vt 0.59017998 0.25251001100000003
vt 0.59017998 0.25251001100000003
vt 0.584940016 0.23985
vt 0.615509987 0.25251001100000003
vt 0.615509987 0.25251001100000003
vt 0.584940016 0.23985
vt 0.62075001 0.23985
vt 0.59017998 0.22719000300000003
vt 0.62075001 0.23985
vt 0.584940016 0.23985
vt 0.615509987 0.22719000300000003
vt 0.62075001 0.23985
vt 0.59017998 0.22719000300000003
vt 0.615509987 0.22719000300000003
vt 0.59017998 0.22719000300000003
vt 0.60285002 0.22193999600000003
vt 0.548080027 0.25510999600000006
vt 0.569869995 0.26726999900000004
vt 0.548080027 0.26726999900000004
vt 0.569869995 0.25510999600000006
vt 0.569869995 0.26726999900000004
vt 0.548080027 0.25510999600000006
vt 0.548080027 0.242939994
vt 0.569869995 0.25510999600000006
vt 0.548080027 0.25510999600000006
vt 0.569869995 0.242939994
vt 0.569869995 0.25510999600000006
vt 0.548080027 0.242939994
vt 0.548080027 0.23077000700000005
vt 0.569869995 0.242939994
vt 0.548080027 0.242939994
vt 0.569869995 0.23077000700000005
vt 0.569869995 0.242939994
vt 0.548080027 0.23077000700000005
vt 0.548080027 0.218600005
vt 0.569869995 0.23077000700000005
vt 0.548080027 0.23077000700000005
vt 0.569869995 0.218600005
vt 0.569869995 0.23077000700000005
vt 0.548080027 0.218600005
vt 0.548080027 0.206440002
vt 0.569869995 0.218600005
vt 0.548080027 0.218600005
vt 0.569869995 0.206440002
vt 0.569869995 0.218600005
vt 0.548080027 0.206440002
vt 0.548080027 0.19426999999999994
vt 0.569869995 0.206440002
vt 0.548080027 0.206440002
vt 0.569869995 0.19426999999999994
vt 0.569869995 0.206440002
vt 0.548080027 0.19426999999999994
vt 0.548080027 0.18209999799999999
vt 0.569869995 0.19426999999999994
vt 0.548080027 0.19426999999999994
vt 0.569869995 0.18209999799999999
vt 0.569869995 0.19426999999999994
vt 0.548080027 0.18209999799999999
vt 0.548080027 0.16992999600000003
vt 0.569869995 0.18209999799999999
vt 0.548080027 0.18209999799999999
vt 0.569869995 0.16992999600000003
vt 0.569869995 0.18209999799999999
vt 0.548080027 0.16992999600000003
vt 0.943189979 0.34729000899999996
vt 0.965240002 0.338910013
vt 0.983009994 0.354589999
vt 0.983009994 0.354589999
vt 0.974539995 0.38306000799999995
vt 0.943189979 0.34729000899999996
vt 0.943189979 0.34729000899999996
vt 0.974539995 0.38306000799999995
vt 0.935769975 0.375950009
vt 0.952690005 0.394930005
vt 0.935769975 0.375950009
vt 0.974539995 0.38306000799999995
vt 0.959659994 0.09747999910000005
vt 0.949779987 0.07236000149999999
vt 0.971960008 0.056170001599999964
vt 0.959659994 0.09747999910000005
vt 0.971960008 0.056170001599999964
vt 0.982389987 0.11541000000000001
vt 0.967620015 0.13153000199999998
vt 0.959659994 0.09747999910000005
vt 0.982389987 0.11541000000000001
vt 0.935760021 0.10416000300000006
vt 0.947489977 0.137099996
vt 0.926370025 0.13157999500000006
vt 0.90298003 0.07619000229999995
vt 0.935760021 0.10416000300000006
vt 0.926370025 0.13157999500000006
vt 0.90298003 0.07619000229999995
vt 0.930440009 0.07765000310000003
vt 0.935760021 0.10416000300000006
vt 0.106650002 0.26148000400000004
vt 0.0862099975 0.287620008
vt 0.0862099975 0.26148000400000004
vt 0.106650002 0.287620008
vt 0.0862099975 0.287620008
vt 0.106650002 0.26148000400000004
vt 0.127090007 0.26148000400000004
vt 0.106650002 0.287620008
vt 0.106650002 0.26148000400000004
vt 0.127090007 0.287620008
vt 0.106650002 0.287620008
vt 0.127090007 0.26148000400000004
vt 0.0294000003 0.171759993
vt 0.069219999 0.17765000500000006
vt 0.0294000003 0.17765000500000006
vt 0.069219999 0.171759993
vt 0.069219999 0.17765000500000006
vt 0.0294000003 0.171759993
vt 0.0294000003 0.16587999500000006
vt 0.069219999 0.171759993
vt 0.0294000003 0.171759993
vt 0.069219999 0.16587999500000006
vt 0.069219999 0.171759993
vt 0.0294000003 0.16587999500000006
vt 0.0294000003 0.15998999800000002
vt 0.069219999 0.16587999500000006
vt 0.0294000003 0.16587999500000006
vt 0.069219999 0.15998999800000002
vt 0.069219999 0.16587999500000006
vt 0.0294000003 0.15998999800000002
vt 0.0294000003 0.18355
vt 0.069219999 0.18943999700000003
vt 0.0294000003 0.18943999700000003
vt 0.069219999 0.18355
vt 0.069219999 0.18943999700000003
vt 0.0294000003 0.18355
vt 0.0294000003 0.17765000500000006
vt 0.069219999 0.18355
vt 0.0294000003 0.18355
vt 0.069219999 0.17765000500000006
vt 0.069219999 0.18355
vt 0.0294000003 0.17765000500000006
vt 0.0294000003 0.16587999500000006
vt 0.0294000003 0.171759993
vt 0.069219999 0.171759993
vt 0.069219999 0.16587999500000006
vt 0.0294000003 0.16587999500000006
vt 0.069219999 0.171759993
vt 0.0294000003 0.15998999800000002
vt 0.0294000003 0.16587999500000006
vt 0.069219999 0.16587999500000006
vt 0.069219999 0.15998999800000002
vt 0.0294000003 0.15998999800000002
vt 0.069219999 0.16587999500000006
vt 0.0294000003 0.18943999700000003
vt 0.0294000003 0.19532999399999995
vt 0.069219999 0.19532999399999995
vt 0.069219999 0.18943999700000003
vt 0.0294000003 0.18943999700000003
vt 0.069219999 0.19532999399999995
vt 0.0294000003 0.18355
vt 0.0294000003 0.18943999700000003
vt 0.069219999 0.18943999700000003
vt 0.195539996 0.06425999849999997
vt 0.178910002 0.07559999819999996
vt 0.178910002 0.06425999849999997
vt 0.195539996 0.07559999819999996
vt 0.178910002 0.07559999819999996
vt 0.195539996 0.06425999849999997
vt 0.212160006 0.06425999849999997
vt 0.195539996 0.07559999819999996
vt 0.195539996 0.06425999849999997
vt 0.212160006 0.07559999819999996
vt 0.195539996 0.07559999819999996
vt 0.212160006 0.06425999849999997
vt 0.100819997 0.04331000149999997
vt 0.0833899975 0.056060001299999995
vt 0.0830700025 0.04439999910000003
vt 0.101230003 0.05511999879999996
vt 0.0833899975 0.056060001299999995
vt 0.100819997 0.04331000149999997
vt 0.140359998 0.04859000069999997
vt 0.101230003 0.05511999879999996
vt 0.100819997 0.04331000149999997
vt 0.140729994 0.0603699982
vt 0.101230003 0.05511999879999996
vt 0.140359998 0.04859000069999997
vt 0.140359998 0.04859000069999997
vt 0.181160003 0.050939999499999944
vt 0.140729994 0.0603699982
vt 0.180769995 0.039129998499999985
vt 0.181160003 0.050939999499999944
vt 0.140359998 0.04859000069999997
vt 0.197809994 0.05006999889999997
vt 0.181160003 0.050939999499999944
vt 0.180769995 0.039129998499999985
vt 0.19822 0.061650000500000024
vt 0.181160003 0.050939999499999944
vt 0.197809994 0.05006999889999997
vt 0.16798 0.26148000400000004
vt 0.147540003 0.287620008
vt 0.147540003 0.26148000400000004
vt 0.16798 0.287620008
vt 0.147540003 0.287620008
vt 0.16798 0.26148000400000004
vt 0.188419998 0.26148000400000004
vt 0.16798 0.287620008
vt 0.16798 0.26148000400000004
vt 0.188419998 0.287620008
vt 0.16798 0.287620008
vt 0.188419998 0.26148000400000004
vt 0.106650002 0.26148000400000004
vt 0.0862099975 0.287620008
vt 0.0862099975 0.26148000400000004
vt 0.106650002 0.287620008
vt 0.0862099975 0.287620008
vt 0.106650002 0.26148000400000004
vt 0.127090007 0.26148000400000004
vt 0.106650002 0.287620008
vt 0.106650002 0.26148000400000004
vt 0.127090007 0.287620008
vt 0.106650002 0.287620008
vt 0.127090007 0.26148000400000004
vt 0.0294000003 0.171759993
vt 0.069219999 0.17765000500000006
vt 0.0294000003 0.17765000500000006
vt 0.069219999 0.171759993
vt 0.069219999 0.17765000500000006
vt 0.0294000003 0.171759993
vt 0.0294000003 0.16587999500000006
vt 0.069219999 0.171759993
vt 0.0294000003 0.171759993
vt 0.069219999 0.16587999500000006
vt 0.069219999 0.171759993
vt 0.0294000003 0.16587999500000006
vt 0.0294000003 0.15998999800000002
vt 0.069219999 0.16587999500000006
vt 0.0294000003 0.16587999500000006
vt 0.069219999 0.15998999800000002
vt 0.069219999 0.16587999500000006
vt 0.0294000003 0.15998999800000002
vt 0.0294000003 0.18355
vt 0.069219999 0.18943999700000003
vt 0.0294000003 0.18943999700000003
vt 0.069219999 0.18355
vt 0.069219999 0.18943999700000003
vt 0.0294000003 0.18355
vt 0.0294000003 0.17765000500000006
vt 0.069219999 0.18355
vt 0.0294000003 0.18355
vt 0.069219999 0.17765000500000006
vt 0.069219999 0.18355
vt 0.0294000003 0.17765000500000006
vt 0.0294000003 0.16587999500000006
vt 0.0294000003 0.171759993
vt 0.069219999 0.171759993
vt 0.069219999 0.16587999500000006
vt 0.0294000003 0.16587999500000006
vt 0.069219999 0.171759993
vt 0.0294000003 0.15998999800000002
vt 0.0294000003 0.16587999500000006
vt 0.069219999 0.16587999500000006
vt 0.069219999 0.15998999800000002
vt 0.0294000003 0.15998999800000002
vt 0.069219999 0.16587999500000006
vt 0.0294000003 0.18943999700000003
vt 0.0294000003 0.19532999399999995
vt 0.069219999 0.19532999399999995
vt 0.069219999 0.18943999700000003
vt 0.0294000003 0.18943999700000003
vt 0.069219999 0.19532999399999995
vt 0.0294000003 0.18355
vt 0.0294000003 0.18943999700000003
vt 0.069219999 0.18943999700000003
vt 0.195539996 0.06425999849999997
vt 0.178910002 0.07559999819999996
vt 0.178910002 0.06425999849999997
vt 0.195539996 0.07559999819999996
vt 0.178910002 0.07559999819999996
vt 0.195539996 0.06425999849999997
vt 0.212160006 0.06425999849999997
vt 0.195539996 0.07559999819999996
vt 0.195539996 0.06425999849999997
vt 0.212160006 0.07559999819999996
vt 0.195539996 0.07559999819999996
vt 0.212160006 0.06425999849999997
vt 0.0294000003 0.171759993
vt 0.069219999 0.17765000500000006
vt 0.0294000003 0.17765000500000006
vt 0.069219999 0.171759993
vt 0.069219999 0.17765000500000006
vt 0.0294000003 0.171759993
vt 0.0294000003 0.16587999500000006
vt 0.069219999 0.171759993
vt 0.0294000003 0.171759993
vt 0.069219999 0.16587999500000006
vt 0.069219999 0.171759993
vt 0.0294000003 0.16587999500000006
vt 0.0294000003 0.15998999800000002
vt 0.069219999 0.16587999500000006
vt 0.0294000003 0.16587999500000006
vt 0.069219999 0.15998999800000002
vt 0.069219999 0.16587999500000006
vt 0.0294000003 0.15998999800000002
vt 0.0294000003 0.18355
vt 0.069219999 0.18943999700000003
vt 0.0294000003 0.18943999700000003
vt 0.069219999 0.18355
vt 0.069219999 0.18943999700000003
vt 0.0294000003 0.18355
vt 0.0294000003 0.17765000500000006
vt 0.069219999 0.18355
vt 0.0294000003 0.18355
vt 0.069219999 0.17765000500000006
vt 0.069219999 0.18355
vt 0.0294000003 0.17765000500000006
vt 0.0294000003 0.18943999700000003
vt 0.0294000003 0.19532999399999995
vt 0.069219999 0.19532999399999995
vt 0.069219999 0.18943999700000003
vt 0.0294000003 0.18943999700000003
vt 0.069219999 0.19532999399999995
vt 0.0294000003 0.18355
vt 0.0294000003 0.18943999700000003
vt 0.069219999 0.18943999700000003
vt 0.195539996 0.06425999849999997
vt 0.178910002 0.07559999819999996
vt 0.178910002 0.06425999849999997
vt 0.195539996 0.07559999819999996
vt 0.178910002 0.07559999819999996
vt 0.195539996 0.06425999849999997
vt 0.212160006 0.06425999849999997
vt 0.195539996 0.07559999819999996
vt 0.195539996 0.06425999849999997
vt 0.212160006 0.07559999819999996
vt 0.195539996 0.07559999819999996
vt 0.212160006 0.06425999849999997
vt 0.0294000003 0.171759993
vt 0.069219999 0.17765000500000006
vt 0.0294000003 0.17765000500000006
vt 0.069219999 0.171759993
vt 0.069219999 0.17765000500000006
vt 0.0294000003 0.171759993
vt 0.0294000003 0.16587999500000006
vt 0.069219999 0.171759993
vt 0.0294000003 0.171759993
vt 0.069219999 0.16587999500000006
vt 0.069219999 0.171759993
vt 0.0294000003 0.16587999500000006
vt 0.0294000003 0.15998999800000002
vt 0.069219999 0.16587999500000006
vt 0.0294000003 0.16587999500000006
vt 0.069219999 0.15998999800000002
vt 0.069219999 0.16587999500000006
vt 0.0294000003 0.15998999800000002
vt 0.0294000003 0.18355
vt 0.069219999 0.18943999700000003
vt 0.0294000003 0.18943999700000003
vt 0.069219999 0.18355
vt 0.069219999 0.18943999700000003
vt 0.0294000003 0.18355
vt 0.0294000003 0.17765000500000006
vt 0.069219999 0.18355
vt 0.0294000003 0.18355
vt 0.069219999 0.17765000500000006
vt 0.069219999 0.18355
vt 0.0294000003 0.17765000500000006
vt 0.0294000003 0.18943999700000003
vt 0.0294000003 0.19532999399999995
vt 0.069219999 0.19532999399999995
vt 0.069219999 0.18943999700000003
vt 0.0294000003 0.18943999700000003
vt 0.069219999 0.19532999399999995
vt 0.0294000003 0.18355
vt 0.0294000003 0.18943999700000003
vt 0.069219999 0.18943999700000003
vt 0.195539996 0.06425999849999997
vt 0.178910002 0.07559999819999996
vt 0.178910002 0.06425999849999997
vt 0.195539996 0.07559999819999996
vt 0.178910002 0.07559999819999996
vt 0.195539996 0.06425999849999997
vt 0.212160006 0.06425999849999997
vt 0.195539996 0.07559999819999996
vt 0.195539996 0.06425999849999997
vt 0.212160006 0.07559999819999996
vt 0.195539996 0.07559999819999996
vt 0.212160006 0.06425999849999997
vt 0.16798 0.26148000400000004
vt 0.147540003 0.26148000400000004
vt 0.147540003 0.287620008
vt 0.16798 0.287620008
vt 0.16798 0.26148000400000004
vt 0.147540003 0.287620008
vt 0.188419998 0.26148000400000004
vt 0.16798 0.26148000400000004
vt 0.16798 0.287620008
vt 0.188419998 0.287620008
vt 0.188419998 0.26148000400000004
vt 0.16798 0.287620008
vt 0.106650002 0.26148000400000004
vt 0.0862099975 0.26148000400000004
vt 0.0862099975 0.287620008
vt 0.106650002 0.287620008
vt 0.106650002 0.26148000400000004
vt 0.0862099975 0.287620008
vt 0.127090007 0.26148000400000004
vt 0.106650002 0.26148000400000004
vt 0.106650002 0.287620008
vt 0.127090007 0.287620008
vt 0.127090007 0.26148000400000004
vt 0.106650002 0.287620008
vt 0.145649999 0.06425999849999997
vt 0.129020005 0.06425999849999997
vt 0.129020005 0.07559999819999996
vt 0.145649999 0.07559999819999996
vt 0.145649999 0.06425999849999997
vt 0.129020005 0.07559999819999996
vt 0.162279993 0.06425999849999997
vt 0.145649999 0.06425999849999997
vt 0.145649999 0.07559999819999996
vt 0.162279993 0.07559999819999996
vt 0.162279993 0.06425999849999997
vt 0.145649999 0.07559999819999996
vt 0.178910002 0.06425999849999997
vt 0.162279993 0.06425999849999997
vt 0.162279993 0.07559999819999996
vt 0.178910002 0.07559999819999996
vt 0.178910002 0.06425999849999997
vt 0.162279993 0.07559999819999996
vt 0.195539996 0.06425999849999997
vt 0.178910002 0.06425999849999997
vt 0.178910002 0.07559999819999996
vt 0.195539996 0.07559999819999996
vt 0.195539996 0.06425999849999997
vt 0.178910002 0.07559999819999996
vt 0.100819997 0.04331000149999997
vt 0.0830700025 0.04439999910000003
vt 0.0833899975 0.056060001299999995
vt 0.101230003 0.05511999879999996
vt 0.100819997 0.04331000149999997
vt 0.0833899975 0.056060001299999995
vt 0.140359998 0.04859000069999997
vt 0.100819997 0.04331000149999997
vt 0.101230003 0.05511999879999996
vt 0.140729994 0.0603699982
vt 0.140359998 0.04859000069999997
vt 0.101230003 0.05511999879999996
vt 0.140359998 0.04859000069999997
vt 0.140729994 0.0603699982
vt 0.181160003 0.050939999499999944
vt 0.180769995 0.039129998499999985
vt 0.140359998 0.04859000069999997
vt 0.181160003 0.050939999499999944
vt 0.197809994 0.05006999889999997
vt 0.180769995 0.039129998499999985
vt 0.181160003 0.050939999499999944
vt 0.19822 0.061650000500000024
vt 0.197809994 0.05006999889999997
vt 0.181160003 0.050939999499999944
vt 0.145649999 0.06425999849999997
vt 0.129020005 0.06425999849999997
vt 0.129020005 0.07559999819999996
vt 0.145649999 0.07559999819999996
vt 0.145649999 0.06425999849999997
vt 0.129020005 0.07559999819999996
vt 0.162279993 0.06425999849999997
vt 0.145649999 0.06425999849999997
vt 0.145649999 0.07559999819999996
vt 0.162279993 0.07559999819999996
vt 0.162279993 0.06425999849999997
vt 0.145649999 0.07559999819999996
vt 0.178910002 0.06425999849999997
vt 0.162279993 0.06425999849999997
vt 0.162279993 0.07559999819999996
vt 0.178910002 0.07559999819999996
vt 0.178910002 0.06425999849999997
vt 0.162279993 0.07559999819999996
vt 0.195539996 0.06425999849999997
vt 0.178910002 0.06425999849999997
vt 0.178910002 0.07559999819999996
vt 0.195539996 0.07559999819999996
vt 0.195539996 0.06425999849999997
vt 0.178910002 0.07559999819999996
vt 0.145649999 0.06425999849999997
vt 0.129020005 0.06425999849999997
vt 0.129020005 0.07559999819999996
vt 0.145649999 0.07559999819999996
vt 0.145649999 0.06425999849999997
vt 0.129020005 0.07559999819999996
vt 0.162279993 0.06425999849999997
vt 0.145649999 0.06425999849999997
vt 0.145649999 0.07559999819999996
vt 0.162279993 0.07559999819999996
vt 0.162279993 0.06425999849999997
vt 0.145649999 0.07559999819999996
vt 0.178910002 0.06425999849999997
vt 0.162279993 0.06425999849999997
vt 0.162279993 0.07559999819999996
vt 0.178910002 0.07559999819999996
vt 0.178910002 0.06425999849999997
vt 0.162279993 0.07559999819999996
vt 0.195539996 0.06425999849999997
vt 0.178910002 0.06425999849999997
vt 0.178910002 0.07559999819999996
vt 0.195539996 0.07559999819999996
vt 0.195539996 0.06425999849999997
vt 0.178910002 0.07559999819999996
vt 0.145649999 0.06425999849999997
vt 0.129020005 0.06425999849999997
vt 0.129020005 0.07559999819999996
vt 0.145649999 0.07559999819999996
vt 0.145649999 0.06425999849999997
vt 0.129020005 0.07559999819999996
vt 0.162279993 0.06425999849999997
vt 0.145649999 0.06425999849999997
vt 0.145649999 0.07559999819999996
vt 0.162279993 0.07559999819999996
vt 0.162279993 0.06425999849999997
vt 0.145649999 0.07559999819999996
vt 0.178910002 0.06425999849999997
vt 0.162279993 0.06425999849999997
vt 0.162279993 0.07559999819999996
vt 0.178910002 0.07559999819999996
vt 0.178910002 0.06425999849999997
vt 0.162279993 0.07559999819999996
vt 0.195539996 0.06425999849999997
vt 0.178910002 0.06425999849999997
vt 0.178910002 0.07559999819999996
vt 0.195539996 0.07559999819999996
vt 0.195539996 0.06425999849999997
vt 0.178910002 0.07559999819999996
vt 0.945230007 0.409289986
vt 0.958039999 0.41587999500000006
vt 0.931500018 0.411870003
vt 0.961399972 0.431659997
vt 0.931500018 0.411870003
vt 0.958039999 0.41587999500000006
vt 0.923520029 0.42658001200000006
vt 0.931500018 0.411870003
vt 0.961399972 0.431659997
vt 0.953379989 0.44668000900000004
vt 0.923520029 0.42658001200000006
vt 0.961399972 0.431659997
vt 0.926840007 0.44266000399999994
vt 0.923520029 0.42658001200000006
vt 0.953379989 0.44668000900000004
vt 0.926840007 0.44266000399999994
vt 0.953379989 0.44668000900000004
vt 0.939149976 0.450679988
vt 0.930440009 0.07765000310000003
vt 0.949779987 0.07236000149999999
vt 0.935760021 0.10416000300000006
vt 0.935760021 0.10416000300000006
vt 0.949779987 0.07236000149999999
vt 0.959659994 0.09747999910000005
vt 0.935760021 0.10416000300000006
vt 0.959659994 0.09747999910000005
vt 0.947489977 0.137099996
vt 0.947489977 0.137099996
vt 0.959659994 0.09747999910000005
vt 0.967620015 0.13153000199999998
vt 0.0293099992 0.15476000300000003
vt 0.0696699992 0.14238999799999996
vt 0.0696699992 0.15476000300000003
vt 0.0293099992 0.14238999799999996
vt 0.0696699992 0.14238999799999996
vt 0.0293099992 0.15476000300000003
vt 0.0293099992 0.14238999799999996
vt 0.0696699992 0.11490999899999998
vt 0.0696699992 0.14238999799999996
vt 0.0293099992 0.11490999899999998
vt 0.0696699992 0.11490999899999998
vt 0.0293099992 0.14238999799999996
vt 0.0293099992 0.11490999899999998
vt 0.0696699992 0.0870100036
vt 0.0696699992 0.11490999899999998
vt 0.0293099992 0.0870100036
vt 0.0696699992 0.0870100036
vt 0.0293099992 0.11490999899999998
vt 0.0293099992 0.07500000299999998
vt 0.0696699992 0.0870100036
vt 0.0293099992 0.0870100036
vt 0.0696699992 0.07500000299999998
vt 0.0696699992 0.0870100036
vt 0.0293099992 0.07500000299999998
vt 0.0293099992 0.06362000109999999
vt 0.0517700016 0.06362000109999999
vt 0.0293099992 0.07500000299999998
vt 0.0293099992 0.07500000299999998
vt 0.0517700016 0.06362000109999999
vt 0.0696699992 0.07500000299999998
vt 0.108549997 0.07500000299999998
vt 0.0696699992 0.07500000299999998
vt 0.108549997 0.06362000109999999
vt 0.108549997 0.06362000109999999
vt 0.0696699992 0.07500000299999998
vt 0.0696699992 0.06362000109999999
vt 0.0517700016 0.06362000109999999
vt 0.0696699992 0.06362000109999999
vt 0.0696699992 0.07500000299999998
vt 0.0517700016 0.06362000109999999
vt 0.0517700016 0.04898999999999998
vt 0.0696699992 0.06362000109999999
vt 0.0696699992 0.06362000109999999
vt 0.0517700016 0.04898999999999998
vt 0.0696699992 0.04898999999999998
vt 0.0293099992 0.15476000300000003
vt 0.0696699992 0.15476000300000003
vt 0.0696699992 0.14238999799999996
vt 0.0293099992 0.14238999799999996
vt 0.0293099992 0.15476000300000003
vt 0.0696699992 0.14238999799999996
vt 0.0293099992 0.14238999799999996
vt 0.0696699992 0.14238999799999996
vt 0.0696699992 0.11490999899999998
vt 0.0293099992 0.11490999899999998
vt 0.0293099992 0.14238999799999996
vt 0.0696699992 0.11490999899999998
vt 0.0293099992 0.11490999899999998
vt 0.0696699992 0.11490999899999998
vt 0.0696699992 0.0870100036
vt 0.0293099992 0.0870100036
vt 0.0293099992 0.11490999899999998
vt 0.0696699992 0.0870100036
vt 0.0293099992 0.07500000299999998
vt 0.0293099992 0.0870100036
vt 0.0696699992 0.0870100036
vt 0.0696699992 0.07500000299999998
vt 0.0293099992 0.07500000299999998
vt 0.0696699992 0.0870100036
vt 0.0293099992 0.06362000109999999
vt 0.0293099992 0.07500000299999998
vt 0.0517700016 0.06362000109999999
vt 0.0293099992 0.07500000299999998
vt 0.0696699992 0.07500000299999998
vt 0.0517700016 0.06362000109999999
vt 0.108549997 0.07500000299999998
vt 0.108549997 0.06362000109999999
vt 0.0696699992 0.07500000299999998
vt 0.108549997 0.06362000109999999
vt 0.0696699992 0.06362000109999999
vt 0.0696699992 0.07500000299999998
vt 0.0517700016 0.06362000109999999
vt 0.0696699992 0.07500000299999998
vt 0.0696699992 0.06362000109999999
vt 0.0517700016 0.06362000109999999
vt 0.0696699992 0.06362000109999999
vt 0.0517700016 0.04898999999999998
vt 0.0696699992 0.06362000109999999
vt 0.0696699992 0.04898999999999998
vt 0.0517700016 0.04898999999999998
vt 0.0339599997 0.233400002
vt 0.0338199995 0.24962000500000003
vt 0.0234699994 0.22498999500000005
vt 0.0338199995 0.24962000500000003
vt 0.0234099999 0.257600009
vt 0.0234699994 0.22498999500000005
vt 0.0234099999 0.257600009
vt 0.0130000003 0.249500006
vt 0.0234699994 0.22498999500000005
vt 0.0130000003 0.249500006
vt 0.0129800001 0.23330999900000005
vt 0.0234699994 0.22498999500000005
vt 0.0389100015 0.287600011
vt 0.0388699993 0.25747001199999997
vt 0.058389999 0.24199999900000002
vt 0.0582799986 0.30265998800000005
vt 0.0389100015 0.287600011
vt 0.058389999 0.24199999900000002
vt 0.0776600018 0.28780999799999996
vt 0.0582799986 0.30265998800000005
vt 0.058389999 0.24199999900000002
vt 0.0779199973 0.25762999099999995
vt 0.0776600018 0.28780999799999996
vt 0.058389999 0.24199999900000002
vt 0.0439000018 0.20401999400000004
vt 0.0438699983 0.215330005
vt 0.0365700014 0.19833
vt 0.0438699983 0.215330005
vt 0.0365200005 0.220960006
vt 0.0365700014 0.19833
vt 0.0365200005 0.220960006
vt 0.0291900001 0.21527999600000003
vt 0.0365700014 0.19833
vt 0.0291900001 0.21527999600000003
vt 0.0292099994 0.203960001
vt 0.0365700014 0.19833
vt 0.0472499989 0.226899996
vt 0.0472799987 0.210089996
vt 0.0582100004 0.20172999800000002
vt 0.0581299998 0.23533999900000002
vt 0.0472499989 0.226899996
vt 0.0582100004 0.20172999800000002
vt 0.0690599978 0.22698000100000004
vt 0.0581299998 0.23533999900000002
vt 0.0582100004 0.20172999800000002
vt 0.0690900013 0.21017000100000005
vt 0.0690599978 0.22698000100000004
vt 0.0582100004 0.20172999800000002
vt 0.142309994 0.0795800015
vt 0.0747400001 0.10028999999999999
vt 0.0747400001 0.0795800015
vt 0.142309994 0.10028999999999999
vt 0.0747400001 0.10028999999999999
vt 0.142309994 0.0795800015
vt 0.142309994 0.10028999999999999
vt 0.142309994 0.146300003
vt 0.0747400001 0.10028999999999999
vt 0.0747400001 0.10028999999999999
vt 0.142309994 0.146300003
vt 0.0747400001 0.146300003
vt 0.142309994 0.146300003
vt 0.142309994 0.19301000200000007
vt 0.0747400001 0.146300003
vt 0.0747400001 0.146300003
vt 0.142309994 0.19301000200000007
vt 0.0747400001 0.19301000200000007
vt 0.142309994 0.19301000200000007
vt 0.0747400001 0.213119999
vt 0.0747400001 0.19301000200000007
vt 0.142309994 0.213119999
vt 0.0747400001 0.213119999
vt 0.142309994 0.19301000200000007
vt 0.0747400001 0.213119999
vt 0.112329997 0.23217000099999996
vt 0.0747400001 0.23217000099999996
vt 0.142309994 0.213119999
vt 0.112329997 0.23217000099999996
vt 0.0747400001 0.213119999
vt 0.142309994 0.213119999
vt 0.142309994 0.23217000099999996
vt 0.112329997 0.23217000099999996
vt 0.112329997 0.23217000099999996
vt 0.142309994 0.23217000099999996
vt 0.112329997 0.256669998
vt 0.112329997 0.256669998
vt 0.142309994 0.23217000099999996
vt 0.142309994 0.256669998
vt 0.142309994 0.213119999
vt 0.207409993 0.213119999
vt 0.142309994 0.23217000099999996
vt 0.142309994 0.23217000099999996
vt 0.207409993 0.213119999
vt 0.207409993 0.23217000099999996
vt 0.117250003 0.02257999960000001
vt 0.133430004 0.009019999760000008
vt 0.134220004 0.020540000899999966
vt 0.116460003 0.01047999970000002
vt 0.133430004 0.009019999760000008
vt 0.117250003 0.02257999960000001
vt 0.116460003 0.01047999970000002
vt 0.117250003 0.02257999960000001
vt 0.100489996 0.025110000700000024
vt 0.100489996 0.025110000700000024
vt 0.117250003 0.02257999960000001
vt 0.100699998 0.036929998500000005
vt 0.100699998 0.036929998500000005
vt 0.0626500025 0.028810000000000002
vt 0.100489996 0.025110000700000024
vt 0.100489996 0.025110000700000024
vt 0.0626500025 0.028810000000000002
vt 0.0625099987 0.01710999940000002
vt 0.0625099987 0.01710999940000002
vt 0.0626500025 0.028810000000000002
vt 0.0249899998 0.027289999600000003
vt 0.0249899998 0.027289999600000003
vt 0.0626500025 0.028810000000000002
vt 0.0253500007 0.03906000030000001
vt 0.00743999984 0.03931000080000002
vt 0.0249899998 0.027289999600000003
vt 0.0253500007 0.03906000030000001
vt 0.0071899998 0.027650000499999994
vt 0.0249899998 0.027289999600000003
vt 0.00743999984 0.03931000080000002
vt 0.0339599997 0.233400002
vt 0.0338199995 0.24962000500000003
vt 0.0234699994 0.22498999500000005
vt 0.0338199995 0.24962000500000003
vt 0.0234099999 0.257600009
vt 0.0234699994 0.22498999500000005
vt 0.0234099999 0.257600009
vt 0.0130000003 0.249500006
vt 0.0234699994 0.22498999500000005
vt 0.0130000003 0.249500006
vt 0.0129800001 0.23330999900000005
vt 0.0234699994 0.22498999500000005
vt 0.0389100015 0.287600011
vt 0.0388699993 0.25747001199999997
vt 0.058389999 0.24199999900000002
vt 0.0582799986 0.30265998800000005
vt 0.0389100015 0.287600011
vt 0.058389999 0.24199999900000002
vt 0.0776600018 0.28780999799999996
vt 0.0582799986 0.30265998800000005
vt 0.058389999 0.24199999900000002
vt 0.0779199973 0.25762999099999995
vt 0.0776600018 0.28780999799999996
vt 0.058389999 0.24199999900000002
vt 0.0439000018 0.20401999400000004
vt 0.0438699983 0.215330005
vt 0.0365700014 0.19833
vt 0.0438699983 0.215330005
vt 0.0365200005 0.220960006
vt 0.0365700014 0.19833
vt 0.0365200005 0.220960006
vt 0.0291900001 0.21527999600000003
vt 0.0365700014 0.19833
vt 0.0291900001 0.21527999600000003
vt 0.0292099994 0.203960001
vt 0.0365700014 0.19833
vt 0.0472499989 0.226899996
vt 0.0472799987 0.210089996
vt 0.0582100004 0.20172999800000002
vt 0.0581299998 0.23533999900000002
vt 0.0472499989 0.226899996
vt 0.0582100004 0.20172999800000002
vt 0.0690599978 0.22698000100000004
vt 0.0581299998 0.23533999900000002
vt 0.0582100004 0.20172999800000002
vt 0.0690900013 0.21017000100000005
vt 0.0690599978 0.22698000100000004
vt 0.0582100004 0.20172999800000002
vt 0.0439000018 0.20401999400000004
vt 0.0438699983 0.215330005
vt 0.0365700014 0.19833
vt 0.0438699983 0.215330005
vt 0.0365200005 0.220960006
vt 0.0365700014 0.19833
vt 0.0365200005 0.220960006
vt 0.0291900001 0.21527999600000003
vt 0.0365700014 0.19833
vt 0.0291900001 0.21527999600000003
vt 0.0292099994 0.203960001
vt 0.0365700014 0.19833
vt 0.0472499989 0.226899996
vt 0.0472799987 0.210089996
vt 0.0582100004 0.20172999800000002
vt 0.0581299998 0.23533999900000002
vt 0.0472499989 0.226899996
vt 0.0582100004 0.20172999800000002
vt 0.0690599978 0.22698000100000004
vt 0.0581299998 0.23533999900000002
vt 0.0582100004 0.20172999800000002
vt 0.0690900013 0.21017000100000005
vt 0.0690599978 0.22698000100000004
vt 0.0582100004 0.20172999800000002
vt 0.0439000018 0.20401999400000004
vt 0.0438699983 0.215330005
vt 0.0365700014 0.19833
vt 0.0438699983 0.215330005
vt 0.0365200005 0.220960006
vt 0.0365700014 0.19833
vt 0.0365200005 0.220960006
vt 0.0291900001 0.21527999600000003
vt 0.0365700014 0.19833
vt 0.0291900001 0.21527999600000003
vt 0.0292099994 0.203960001
vt 0.0365700014 0.19833
vt 0.0472499989 0.226899996
vt 0.0472799987 0.210089996
vt 0.0582100004 0.20172999800000002
vt 0.0581299998 0.23533999900000002
vt 0.0472499989 0.226899996
vt 0.0582100004 0.20172999800000002
vt 0.0690599978 0.22698000100000004
vt 0.0581299998 0.23533999900000002
vt 0.0582100004 0.20172999800000002
vt 0.0690900013 0.21017000100000005
vt 0.0690599978 0.22698000100000004
vt 0.0582100004 0.20172999800000002
vt 0.0339599997 0.233400002
vt 0.0234699994 0.22498999500000005
vt 0.0338199995 0.24962000500000003
vt 0.0338199995 0.24962000500000003
vt 0.0234699994 0.22498999500000005
vt 0.0234099999 0.257600009
vt 0.0234099999 0.257600009
vt 0.0234699994 0.22498999500000005
vt 0.0130000003 0.249500006
vt 0.0130000003 0.249500006
vt 0.0234699994 0.22498999500000005
vt 0.0129800001 0.23330999900000005
vt 0.0389100015 0.287600011
vt 0.058389999 0.24199999900000002
vt 0.0388699993 0.25747001199999997
vt 0.0582799986 0.30265998800000005
vt 0.058389999 0.24199999900000002
vt 0.0389100015 0.287600011
vt 0.0776600018 0.28780999799999996
vt 0.058389999 0.24199999900000002
vt 0.0582799986 0.30265998800000005
vt 0.0779199973 0.25762999099999995
vt 0.058389999 0.24199999900000002
vt 0.0776600018 0.28780999799999996
vt 0.0439000018 0.20401999400000004
vt 0.0365700014 0.19833
vt 0.0438699983 0.215330005
vt 0.0438699983 0.215330005
vt 0.0365700014 0.19833
vt 0.0365200005 0.220960006
vt 0.0365200005 0.220960006
vt 0.0365700014 0.19833
vt 0.0291900001 0.21527999600000003
vt 0.0291900001 0.21527999600000003
vt 0.0365700014 0.19833
vt 0.0292099994 0.203960001
vt 0.0472499989 0.226899996
vt 0.0582100004 0.20172999800000002
vt 0.0472799987 0.210089996
vt 0.0581299998 0.23533999900000002
vt 0.0582100004 0.20172999800000002
vt 0.0472499989 0.226899996
vt 0.0690599978 0.22698000100000004
vt 0.0582100004 0.20172999800000002
vt 0.0581299998 0.23533999900000002
vt 0.0690900013 0.21017000100000005
vt 0.0582100004 0.20172999800000002
vt 0.0690599978 0.22698000100000004
vt 0.142309994 0.0795800015
vt 0.0747400001 0.0795800015
vt 0.0747400001 0.10028999999999999
vt 0.142309994 0.10028999999999999
vt 0.142309994 0.0795800015
vt 0.0747400001 0.10028999999999999
vt 0.142309994 0.10028999999999999
vt 0.0747400001 0.10028999999999999
vt 0.142309994 0.146300003
vt 0.0747400001 0.10028999999999999
vt 0.0747400001 0.146300003
vt 0.142309994 0.146300003
vt 0.142309994 0.146300003
vt 0.0747400001 0.146300003
vt 0.142309994 0.19301000200000007
vt 0.0747400001 0.146300003
vt 0.0747400001 0.19301000200000007
vt 0.142309994 0.19301000200000007
vt 0.142309994 0.19301000200000007
vt 0.0747400001 0.19301000200000007
vt 0.0747400001 0.213119999
vt 0.142309994 0.213119999
vt 0.142309994 0.19301000200000007
vt 0.0747400001 0.213119999
vt 0.0747400001 0.213119999
vt 0.0747400001 0.23217000099999996
vt 0.112329997 0.23217000099999996
vt 0.142309994 0.213119999
vt 0.0747400001 0.213119999
vt 0.112329997 0.23217000099999996
vt 0.142309994 0.213119999
vt 0.112329997 0.23217000099999996
vt 0.142309994 0.23217000099999996
vt 0.142309994 0.213119999
vt 0.142309994 0.23217000099999996
vt 0.207409993 0.213119999
vt 0.142309994 0.23217000099999996
vt 0.207409993 0.23217000099999996
vt 0.207409993 0.213119999
vt 0.112329997 0.23217000099999996
vt 0.112329997 0.256669998
vt 0.142309994 0.23217000099999996
vt 0.112329997 0.256669998
vt 0.142309994 0.256669998
vt 0.142309994 0.23217000099999996
vt 0.117250003 0.02257999960000001
vt 0.134220004 0.020540000899999966
vt 0.133430004 0.009019999760000008
vt 0.116460003 0.01047999970000002
vt 0.117250003 0.02257999960000001
vt 0.133430004 0.009019999760000008
vt 0.116460003 0.01047999970000002
vt 0.100489996 0.025110000700000024
vt 0.117250003 0.02257999960000001
vt 0.100489996 0.025110000700000024
vt 0.100699998 0.036929998500000005
vt 0.117250003 0.02257999960000001
vt 0.100699998 0.036929998500000005
vt 0.100489996 0.025110000700000024
vt 0.0626500025 0.028810000000000002
vt 0.100489996 0.025110000700000024
vt 0.0625099987 0.01710999940000002
vt 0.0626500025 0.028810000000000002
vt 0.0625099987 0.01710999940000002
vt 0.0249899998 0.027289999600000003
vt 0.0626500025 0.028810000000000002
vt 0.0249899998 0.027289999600000003
vt 0.0253500007 0.03906000030000001
vt 0.0626500025 0.028810000000000002
vt 0.00743999984 0.03931000080000002
vt 0.0253500007 0.03906000030000001
vt 0.0249899998 0.027289999600000003
vt 0.0071899998 0.027650000499999994
vt 0.00743999984 0.03931000080000002
vt 0.0249899998 0.027289999600000003
vt 0.0339599997 0.233400002
vt 0.0234699994 0.22498999500000005
vt 0.0338199995 0.24962000500000003
vt 0.0338199995 0.24962000500000003
vt 0.0234699994 0.22498999500000005
vt 0.0234099999 0.257600009
vt 0.0234099999 0.257600009
vt 0.0234699994 0.22498999500000005
vt 0.0130000003 0.249500006
vt 0.0130000003 0.249500006
vt 0.0234699994 0.22498999500000005
vt 0.0129800001 0.23330999900000005
vt 0.0389100015 0.287600011
vt 0.058389999 0.24199999900000002
vt 0.0388699993 0.25747001199999997
vt 0.0582799986 0.30265998800000005
vt 0.058389999 0.24199999900000002
vt 0.0389100015 0.287600011
vt 0.0776600018 0.28780999799999996
vt 0.058389999 0.24199999900000002
vt 0.0582799986 0.30265998800000005
vt 0.0779199973 0.25762999099999995
vt 0.058389999 0.24199999900000002
vt 0.0776600018 0.28780999799999996
vt 0.0439000018 0.20401999400000004
vt 0.0365700014 0.19833
vt 0.0438699983 0.215330005
vt 0.0438699983 0.215330005
vt 0.0365700014 0.19833
vt 0.0365200005 0.220960006
vt 0.0365200005 0.220960006
vt 0.0365700014 0.19833
vt 0.0291900001 0.21527999600000003
vt 0.0291900001 0.21527999600000003
vt 0.0365700014 0.19833
vt 0.0292099994 0.203960001
vt 0.0472499989 0.226899996
vt 0.0582100004 0.20172999800000002
vt 0.0472799987 0.210089996
vt 0.0581299998 0.23533999900000002
vt 0.0582100004 0.20172999800000002
vt 0.0472499989 0.226899996
vt 0.0690599978 0.22698000100000004
vt 0.0582100004 0.20172999800000002
vt 0.0581299998 0.23533999900000002
vt 0.0690900013 0.21017000100000005
vt 0.0582100004 0.20172999800000002
vt 0.0690599978 0.22698000100000004
vt 0.0439000018 0.20401999400000004
vt 0.0365700014 0.19833
vt 0.0438699983 0.215330005
vt 0.0438699983 0.215330005
vt 0.0365700014 0.19833
vt 0.0365200005 0.220960006
vt 0.0365200005 0.220960006
vt 0.0365700014 0.19833
vt 0.0291900001 0.21527999600000003
vt 0.0291900001 0.21527999600000003
vt 0.0365700014 0.19833
vt 0.0292099994 0.203960001
vt 0.0472499989 0.226899996
vt 0.0582100004 0.20172999800000002
vt 0.0472799987 0.210089996
vt 0.0581299998 0.23533999900000002
vt 0.0582100004 0.20172999800000002
vt 0.0472499989 0.226899996
vt 0.0690599978 0.22698000100000004
vt 0.0582100004 0.20172999800000002
vt 0.0581299998 0.23533999900000002
vt 0.0690900013 0.21017000100000005
vt 0.0582100004 0.20172999800000002
vt 0.0690599978 0.22698000100000004
vt 0.0439000018 0.20401999400000004
vt 0.0365700014 0.19833
vt 0.0438699983 0.215330005
vt 0.0438699983 0.215330005
vt 0.0365700014 0.19833
vt 0.0365200005 0.220960006
vt 0.0365200005 0.220960006
vt 0.0365700014 0.19833
vt 0.0291900001 0.21527999600000003
vt 0.0291900001 0.21527999600000003
vt 0.0365700014 0.19833
vt 0.0292099994 0.203960001
vt 0.0472499989 0.226899996
vt 0.0582100004 0.20172999800000002
vt 0.0472799987 0.210089996
vt 0.0581299998 0.23533999900000002
vt 0.0582100004 0.20172999800000002
vt 0.0472499989 0.226899996
vt 0.0690599978 0.22698000100000004
vt 0.0582100004 0.20172999800000002
vt 0.0581299998 0.23533999900000002
vt 0.0690900013 0.21017000100000005
vt 0.0582100004 0.20172999800000002
vt 0.0690599978 0.22698000100000004
vt 0.594669998 0.176300004
vt 0.607770026 0.17087000600000002
vt 0.589250028 0.18940000199999996
vt 0.607770026 0.17087000600000002
vt 0.620869994 0.176269993
vt 0.589250028 0.18940000199999996
vt 0.620869994 0.176269993
vt 0.626309991 0.189300001
vt 0.589250028 0.18940000199999996
vt 0.626309991 0.189300001
vt 0.62094003 0.20237000299999996
vt 0.589250028 0.18940000199999996
vt 0.62094003 0.20237000299999996
vt 0.607860029 0.20782999699999993
vt 0.589250028 0.18940000199999996
vt 0.607860029 0.20782999699999993
vt 0.594739974 0.20245000699999993
vt 0.589250028 0.18940000199999996
vt 0.556129992 0.15539999299999996
vt 0.555890024 0.13540999600000003
vt 0.56190002 0.15307000300000007
vt 0.569750011 0.15039999800000003
vt 0.56190002 0.15307000300000007
vt 0.571290016 0.13707000000000003
vt 0.56190002 0.15307000300000007
vt 0.555890024 0.13540999600000003
vt 0.561779976 0.13601000600000002
vt 0.571290016 0.13707000000000003
vt 0.56190002 0.15307000300000007
vt 0.561779976 0.13601000600000002
vt 0.555890024 0.13540999600000003
vt 0.561749995 0.11683999700000003
vt 0.561779976 0.13601000600000002
vt 0.571290016 0.13707000000000003
vt 0.561779976 0.13601000600000002
vt 0.57585001 0.12255000299999996
vt 0.561779976 0.13601000600000002
vt 0.561749995 0.11683999700000003
vt 0.566959977 0.11918000100000004
vt 0.57585001 0.12255000299999996
vt 0.561779976 0.13601000600000002
vt 0.566959977 0.11918000100000004
vt 0.561749995 0.11683999700000003
vt 0.569939971 0.10198999899999994
vt 0.566959977 0.11918000100000004
vt 0.57585001 0.12255000299999996
vt 0.566959977 0.11918000100000004
vt 0.582029998 0.10893999799999998
vt 0.566959977 0.11918000100000004
vt 0.569939971 0.10198999899999994
vt 0.574329972 0.10469999900000004
vt 0.582029998 0.10893999799999998
vt 0.566959977 0.11918000100000004
vt 0.574329972 0.10469999900000004
vt 0.582029998 0.10893999799999998
vt 0.574329972 0.10469999900000004
vt 0.589429975 0.09594000130000002
vt 0.569939971 0.10198999899999994
vt 0.578050017 0.08930999790000005
vt 0.574329972 0.10469999900000004
vt 0.574329972 0.10469999900000004
vt 0.578050017 0.08930999790000005
vt 0.582180023 0.09167999770000002
vt 0.589429975 0.09594000130000002
vt 0.574329972 0.10469999900000004
vt 0.582180023 0.09167999770000002
vt 0.578050017 0.08930999790000005
vt 0.584990025 0.07598000019999995
vt 0.582180023 0.09167999770000002
vt 0.589429975 0.09594000130000002
vt 0.582180023 0.09167999770000002
vt 0.597090006 0.08310999720000001
vt 0.582180023 0.09167999770000002
vt 0.584990025 0.07598000019999995
vt 0.589550018 0.07846000050000002
vt 0.597090006 0.08310999720000001
vt 0.582180023 0.09167999770000002
vt 0.589550018 0.07846000050000002
vt 0.584990025 0.07598000019999995
vt 0.593840003 0.061549998800000005
vt 0.589550018 0.07846000050000002
vt 0.597090006 0.08310999720000001
vt 0.589550018 0.07846000050000002
vt 0.605920017 0.07096999879999999
vt 0.589550018 0.07846000050000002
vt 0.593840003 0.061549998800000005
vt 0.598439991 0.06494999680000002
vt 0.605920017 0.07096999879999999
vt 0.589550018 0.07846000050000002
vt 0.598439991 0.06494999680000002
vt 0.593840003 0.061549998800000005
vt 0.607200027 0.04718000070000006
vt 0.598439991 0.06494999680000002
vt 0.605920017 0.07096999879999999
vt 0.598439991 0.06494999680000002
vt 0.61619997 0.05970000099999995
vt 0.598439991 0.06494999680000002
vt 0.607200027 0.04718000070000006
vt 0.610499978 0.052009999799999984
vt 0.61619997 0.05970000099999995
vt 0.598439991 0.06494999680000002
vt 0.610499978 0.052009999799999984
vt 0.607200027 0.04718000070000006
vt 0.624710023 0.03761000189999997
vt 0.610499978 0.052009999799999984
vt 0.61619997 0.05970000099999995
vt 0.610499978 0.052009999799999984
vt 0.626999974 0.05178000029999996
vt 0.610499978 0.052009999799999984
vt 0.624710023 0.03761000189999997
vt 0.625500023 0.04368999969999998
vt 0.626999974 0.05178000029999996
vt 0.610499978 0.052009999799999984
vt 0.625500023 0.04368999969999998
vt 0.628030002 0.22933000300000006
vt 0.628030002 0.25027000900000007
vt 0.623880029 0.23104999999999998
vt 0.611500025 0.21867999399999993
vt 0.628030002 0.22933000300000006
vt 0.623880029 0.23104999999999998
vt 0.623880029 0.23104999999999998
vt 0.628030002 0.25027000900000007
vt 0.623880029 0.248549998
vt 0.61322999 0.21452000699999996
vt 0.628030002 0.22933000300000006
vt 0.611500025 0.21867999399999993
vt 0.628030002 0.25027000900000007
vt 0.61322999 0.26506999100000006
vt 0.623880029 0.248549998
vt 0.594009995 0.21867999399999993
vt 0.61322999 0.21452000699999996
vt 0.611500025 0.21867999399999993
vt 0.623880029 0.248549998
vt 0.61322999 0.26506999100000006
vt 0.611500025 0.26091998799999994
vt 0.592289984 0.21452000699999996
vt 0.61322999 0.21452000699999996
vt 0.594009995 0.21867999399999993
vt 0.61322999 0.26506999100000006
vt 0.592289984 0.26506999100000006
vt 0.611500025 0.26091998799999994
vt 0.581640005 0.23104999999999998
vt 0.592289984 0.21452000699999996
vt 0.594009995 0.21867999399999993
vt 0.611500025 0.26091998799999994
vt 0.592289984 0.26506999100000006
vt 0.594009995 0.26091998799999994
vt 0.577480018 0.22933000300000006
vt 0.592289984 0.21452000699999996
vt 0.581640005 0.23104999999999998
vt 0.592289984 0.26506999100000006
vt 0.577480018 0.25027000900000007
vt 0.594009995 0.26091998799999994
vt 0.581640005 0.248549998
vt 0.577480018 0.22933000300000006
vt 0.581640005 0.23104999999999998
vt 0.594009995 0.26091998799999994
vt 0.577480018 0.25027000900000007
vt 0.581640005 0.248549998
vt 0.577480018 0.25027000900000007
vt 0.577480018 0.22933000300000006
vt 0.581640005 0.248549998
vt 0.490830004 0.590860009
vt 0.507149994 0.573530018
vt 0.509159982 0.575309992
vt 0.459390014 0.44846001300000005
vt 0.459479988 0.428409994
vt 0.480040014 0.44995001
vt 0.630569994 0.746770024
vt 0.635389984 0.746770024
vt 0.630569994 0.756179988
vt 0.630569994 0.756179988
vt 0.635389984 0.746770024
vt 0.635389984 0.756179988
vt 0.630569994 0.756179988
vt 0.635389984 0.756179988
vt 0.630569994 0.761690021
vt 0.630569994 0.761690021
vt 0.635389984 0.756179988
vt 0.635389984 0.761690021
vt 0.630569994 0.761690021
vt 0.635389984 0.761690021
vt 0.630569994 0.766219974
vt 0.630569994 0.766219974
vt 0.635389984 0.761690021
vt 0.635389984 0.766219974
vt 0.630569994 0.766219974
vt 0.635389984 0.766219974
vt 0.630569994 0.767379999
vt 0.630569994 0.767379999
vt 0.635389984 0.766219974
vt 0.635389984 0.767379999
vt 0.630569994 0.767379999
vt 0.635389984 0.767379999
vt 0.630569994 0.768620014
vt 0.630569994 0.768620014
vt 0.635389984 0.767379999
vt 0.635389984 0.768620014
vt 0.630569994 0.768620014
vt 0.635389984 0.768620014
vt 0.630569994 0.769760013
vt 0.630569994 0.769760013
vt 0.635389984 0.768620014
vt 0.635389984 0.769760013
vt 0.630569994 0.769760013
vt 0.635389984 0.769760013
vt 0.630569994 0.770319998
vt 0.630569994 0.770319998
vt 0.635389984 0.769760013
vt 0.635389984 0.770319998
vt 0.635389984 0.770319998
vt 0.635389984 0.771369994
vt 0.630569994 0.770319998
vt 0.630569994 0.770319998
vt 0.635389984 0.771369994
vt 0.630569994 0.771369994
vt 0.635389984 0.771369994
vt 0.635389984 0.772549987
vt 0.630569994 0.771369994
vt 0.630569994 0.771369994
vt 0.635389984 0.772549987
vt 0.630569994 0.772549987
vt 0.635389984 0.772549987
vt 0.635389984 0.773829997
vt 0.630569994 0.772549987
vt 0.630569994 0.772549987
vt 0.635389984 0.773829997
vt 0.630569994 0.773829997
vt 0.635389984 0.773829997
vt 0.635389984 0.774900019
vt 0.630569994 0.773829997
vt 0.630569994 0.773829997
vt 0.635389984 0.774900019
vt 0.630569994 0.774900019
vt 0.630569994 0.774900019
vt 0.635389984 0.774900019
vt 0.630569994 0.775770009
vt 0.630569994 0.775770009
vt 0.635389984 0.774900019
vt 0.635389984 0.775770009
vt 0.840539992 0.84841001
vt 0.798910022 0.848429978
vt 0.840539992 0.820800006
vt 0.840539992 0.820800006
vt 0.798910022 0.848429978
vt 0.798910022 0.820770025
vt 0.674629986 0.892859995
vt 0.677470028 0.886349976
vt 0.67693001 0.893959999
vt 0.677470028 0.886349976
vt 0.680100024 0.879819989
vt 0.679849982 0.887319982
vt 0.679849982 0.887319982
vt 0.680100024 0.879819989
vt 0.682609975 0.88053
vt 0.680100024 0.879819989
vt 0.682439983 0.873489976
vt 0.682609975 0.88053
vt 0.682609975 0.88053
vt 0.682439983 0.873489976
vt 0.685199976 0.873059988
vt 0.682609975 0.88053
vt 0.685199976 0.873059988
vt 0.695349991 0.885280013
vt 0.695349991 0.885280013
vt 0.685199976 0.873059988
vt 0.698159993 0.877619982
vt 0.645850003 0.859019995
vt 0.682439983 0.873489976
vt 0.644649982 0.861899972
vt 0.644649982 0.861899972
vt 0.682439983 0.873489976
vt 0.680100024 0.879819989
vt 0.644649982 0.861899972
vt 0.680100024 0.879819989
vt 0.643450022 0.864780009
vt 0.643450022 0.864780009
vt 0.680100024 0.879819989
vt 0.642260015 0.867640018
vt 0.642260015 0.867640018
vt 0.680100024 0.879819989
vt 0.677470028 0.886349976
vt 0.642260015 0.867640018
vt 0.677470028 0.886349976
vt 0.641080022 0.870500028
vt 0.641080022 0.870500028
vt 0.677470028 0.886349976
vt 0.639909983 0.873329997
vt 0.67693001 0.893959999
vt 0.677470028 0.886349976
vt 0.679849982 0.887319982
vt 0.639909983 0.873329997
vt 0.677470028 0.886349976
vt 0.674629986 0.892859995
vt 0.639909983 0.873329997
vt 0.674629986 0.892859995
vt 0.638750017 0.87616998
vt 0.638750017 0.87616998
vt 0.674629986 0.892859995
vt 0.637570024 0.87895
vt 0.679849982 0.887319982
vt 0.682609975 0.88053
vt 0.692229986 0.892589986
vt 0.692229986 0.892589986
vt 0.682609975 0.88053
vt 0.695349991 0.885280013
vt 0.689019978 0.899720013
vt 0.679849982 0.887319982
vt 0.692229986 0.892589986
vt 0.67693001 0.893959999
vt 0.679849982 0.887319982
vt 0.689019978 0.899720013
vt 0.673799992 0.900479972
vt 0.674629986 0.892859995
vt 0.67693001 0.893959999
vt 0.671580017 0.899230003
vt 0.674629986 0.892859995
vt 0.673799992 0.900479972
vt 0.637570024 0.87895
vt 0.674629986 0.892859995
vt 0.671580017 0.899230003
vt 0.637570024 0.87895
vt 0.671580017 0.899230003
vt 0.636370003 0.88173002
vt 0.636370003 0.88173002
vt 0.671580017 0.899230003
vt 0.635100007 0.884469986
vt 0.68562001 0.906830013
vt 0.67693001 0.893959999
vt 0.689019978 0.899720013
vt 0.673799992 0.900479972
vt 0.67693001 0.893959999
vt 0.68562001 0.906830013
vt 0.670289993 0.906880021
vt 0.671580017 0.899230003
vt 0.673799992 0.900479972
vt 0.668259978 0.905350029
vt 0.671580017 0.899230003
vt 0.670289993 0.906880021
vt 0.635100007 0.884469986
vt 0.671580017 0.899230003
vt 0.668259978 0.905350029
vt 0.635100007 0.884469986
vt 0.668259978 0.905350029
vt 0.633769989 0.887170017
vt 0.633769989 0.887170017
vt 0.668259978 0.905350029
vt 0.632350028 0.889859974
vt 0.670289993 0.906880021
vt 0.673799992 0.900479972
vt 0.681919992 0.913980007
vt 0.681919992 0.913980007
vt 0.673799992 0.900479972
vt 0.68562001 0.906830013
vt 0.67772001 0.921159983
vt 0.670289993 0.906880021
vt 0.681919992 0.913980007
vt 0.665989995 0.913489997
vt 0.670289993 0.906880021
vt 0.67772001 0.921159983
vt 0.665989995 0.913489997
vt 0.668259978 0.905350029
vt 0.670289993 0.906880021
vt 0.66474998 0.911059976
vt 0.668259978 0.905350029
vt 0.665989995 0.913489997
vt 0.632350028 0.889859974
vt 0.668259978 0.905350029
vt 0.66474998 0.911059976
vt 0.632350028 0.889859974
vt 0.66474998 0.911059976
vt 0.630879998 0.892530024
vt 0.184159994 0.008139999580000001
vt 0.184119999 0.01603000050000003
vt 0.160940006 0.008120000360000046
vt 0.160940006 0.008120000360000046
vt 0.184119999 0.01603000050000003
vt 0.160919994 0.01603000050000003
vt 0.184159994 0.008139999580000001
vt 0.184119999 0.01603000050000003
vt 0.160940006 0.008120000360000046
vt 0.160940006 0.008120000360000046
vt 0.184119999 0.01603000050000003
vt 0.160919994 0.01603000050000003
vt 0.184159994 0.008139999580000001
vt 0.184119999 0.01603000050000003
vt 0.160940006 0.008120000360000046
vt 0.160940006 0.008120000360000046
vt 0.184119999 0.01603000050000003
vt 0.160919994 0.01603000050000003
vt 0.184159994 0.008139999580000001
vt 0.184119999 0.01603000050000003
vt 0.160940006 0.008120000360000046
vt 0.160940006 0.008120000360000046
vt 0.184119999 0.01603000050000003
vt 0.160919994 0.01603000050000003
vt 0.184159994 0.008139999580000001
vt 0.184119999 0.01603000050000003
vt 0.160940006 0.008120000360000046
vt 0.160940006 0.008120000360000046
vt 0.184119999 0.01603000050000003
vt 0.160919994 0.01603000050000003
vt 0.184159994 0.008139999580000001
vt 0.184119999 0.01603000050000003
vt 0.160940006 0.008120000360000046
vt 0.160940006 0.008120000360000046
vt 0.184119999 0.01603000050000003
vt 0.160919994 0.01603000050000003
vt 0.184159994 0.008139999580000001
vt 0.184119999 0.01603000050000003
vt 0.160940006 0.008120000360000046
vt 0.160940006 0.008120000360000046
vt 0.184119999 0.01603000050000003
vt 0.160919994 0.01603000050000003
vt 0.184159994 0.008139999580000001
vt 0.184119999 0.01603000050000003
vt 0.160940006 0.008120000360000046
vt 0.160940006 0.008120000360000046
vt 0.184119999 0.01603000050000003
vt 0.160919994 0.01603000050000003
vt 0.184159994 0.008139999580000001
vt 0.184119999 0.01603000050000003
vt 0.160940006 0.008120000360000046
vt 0.160940006 0.008120000360000046
vt 0.184119999 0.01603000050000003
vt 0.160919994 0.01603000050000003
vt 0.184159994 0.008139999580000001
vt 0.184119999 0.01603000050000003
vt 0.160940006 0.008120000360000046
vt 0.160940006 0.008120000360000046
vt 0.184119999 0.01603000050000003
vt 0.160919994 0.01603000050000003
vt 0.184159994 0.008139999580000001
vt 0.184119999 0.01603000050000003
vt 0.160940006 0.008120000360000046
vt 0.160940006 0.008120000360000046
vt 0.184119999 0.01603000050000003
vt 0.160919994 0.01603000050000003
vt 0.184159994 0.008139999580000001
vt 0.184119999 0.01603000050000003
vt 0.160940006 0.008120000360000046
vt 0.160940006 0.008120000360000046
vt 0.184119999 0.01603000050000003
vt 0.160919994 0.01603000050000003
vt 0.184159994 0.008139999580000001
vt 0.184119999 0.01603000050000003
vt 0.160940006 0.008120000360000046
vt 0.160940006 0.008120000360000046
vt 0.184119999 0.01603000050000003
vt 0.160919994 0.01603000050000003
vt 0.184159994 0.008139999580000001
vt 0.184119999 0.01603000050000003
vt 0.160940006 0.008120000360000046
vt 0.160940006 0.008120000360000046
vt 0.184119999 0.01603000050000003
vt 0.160919994 0.01603000050000003
vt 0.184159994 0.008139999580000001
vt 0.184119999 0.01603000050000003
vt 0.160940006 0.008120000360000046
vt 0.160940006 0.008120000360000046
vt 0.184119999 0.01603000050000003
vt 0.160919994 0.01603000050000003
vt 0.184159994 0.008139999580000001
vt 0.184119999 0.01603000050000003
vt 0.160940006 0.008120000360000046
vt 0.160940006 0.008120000360000046
vt 0.184119999 0.01603000050000003
vt 0.160919994 0.01603000050000003
vt 0.184159994 0.008139999580000001
vt 0.184119999 0.01603000050000003
vt 0.160940006 0.008120000360000046
vt 0.160940006 0.008120000360000046
vt 0.184119999 0.01603000050000003
vt 0.160919994 0.01603000050000003
vt 0.184159994 0.008139999580000001
vt 0.184119999 0.01603000050000003
vt 0.160940006 0.008120000360000046
vt 0.160940006 0.008120000360000046
vt 0.184119999 0.01603000050000003
vt 0.160919994 0.01603000050000003
vt 0.184159994 0.008139999580000001
vt 0.184119999 0.01603000050000003
vt 0.160940006 0.008120000360000046
vt 0.160940006 0.008120000360000046
vt 0.184119999 0.01603000050000003
vt 0.160919994 0.01603000050000003
vt 0.184159994 0.008139999580000001
vt 0.184119999 0.01603000050000003
vt 0.160940006 0.008120000360000046
vt 0.160940006 0.008120000360000046
vt 0.184119999 0.01603000050000003
vt 0.160919994 0.01603000050000003
vt 0.184159994 0.008139999580000001
vt 0.184119999 0.01603000050000003
vt 0.160940006 0.008120000360000046
vt 0.160940006 0.008120000360000046
vt 0.184119999 0.01603000050000003
vt 0.160919994 0.01603000050000003
vt 0.184159994 0.008139999580000001
vt 0.184119999 0.01603000050000003
vt 0.160940006 0.008120000360000046
vt 0.160940006 0.008120000360000046
vt 0.184119999 0.01603000050000003
vt 0.160919994 0.01603000050000003
vt 0.184159994 0.008139999580000001
vt 0.184119999 0.01603000050000003
vt 0.160940006 0.008120000360000046
vt 0.160940006 0.008120000360000046
vt 0.184119999 0.01603000050000003
vt 0.160919994 0.01603000050000003
vt 0.184159994 0.008139999580000001
vt 0.184119999 0.01603000050000003
vt 0.160940006 0.008120000360000046
vt 0.160940006 0.008120000360000046
vt 0.184119999 0.01603000050000003
vt 0.160919994 0.01603000050000003
vt 0.184159994 0.008139999580000001
vt 0.184119999 0.01603000050000003
vt 0.160940006 0.008120000360000046
vt 0.160940006 0.008120000360000046
vt 0.184119999 0.01603000050000003
vt 0.160919994 0.01603000050000003
vt 0.184159994 0.008139999580000001
vt 0.184119999 0.01603000050000003
vt 0.160940006 0.008120000360000046
vt 0.160940006 0.008120000360000046
vt 0.184119999 0.01603000050000003
vt 0.160919994 0.01603000050000003
vt 0.184159994 0.008139999580000001
vt 0.184119999 0.01603000050000003
vt 0.160940006 0.008120000360000046
vt 0.160940006 0.008120000360000046
vt 0.184119999 0.01603000050000003
vt 0.160919994 0.01603000050000003
vt 0.184159994 0.008139999580000001
vt 0.184119999 0.01603000050000003
vt 0.160940006 0.008120000360000046
vt 0.160940006 0.008120000360000046
vt 0.184119999 0.01603000050000003
vt 0.160919994 0.01603000050000003
vt 0.184159994 0.008139999580000001
vt 0.184119999 0.01603000050000003
vt 0.160940006 0.008120000360000046
vt 0.160940006 0.008120000360000046
vt 0.184119999 0.01603000050000003
vt 0.160919994 0.01603000050000003
vt 0.184159994 0.008139999580000001
vt 0.184119999 0.01603000050000003
vt 0.160940006 0.008120000360000046
vt 0.160940006 0.008120000360000046
vt 0.184119999 0.01603000050000003
vt 0.160919994 0.01603000050000003
vt 0.184159994 0.008139999580000001
vt 0.184119999 0.01603000050000003
vt 0.160940006 0.008120000360000046
vt 0.160940006 0.008120000360000046
vt 0.184119999 0.01603000050000003
vt 0.160919994 0.01603000050000003
vt 0.184159994 0.008139999580000001
vt 0.184119999 0.01603000050000003
vt 0.160940006 0.008120000360000046
vt 0.160940006 0.008120000360000046
vt 0.184119999 0.01603000050000003
vt 0.160919994 0.01603000050000003
vt 0.184159994 0.008139999580000001
vt 0.184119999 0.01603000050000003
vt 0.160940006 0.008120000360000046
vt 0.160940006 0.008120000360000046
vt 0.184119999 0.01603000050000003
vt 0.160919994 0.01603000050000003
vt 0.184159994 0.008139999580000001
vt 0.184119999 0.01603000050000003
vt 0.160940006 0.008120000360000046
vt 0.160940006 0.008120000360000046
vt 0.184119999 0.01603000050000003
vt 0.160919994 0.01603000050000003
vt 0.184159994 0.008139999580000001
vt 0.184119999 0.01603000050000003
vt 0.160940006 0.008120000360000046
vt 0.160940006 0.008120000360000046
vt 0.184119999 0.01603000050000003
vt 0.160919994 0.01603000050000003
vt 0.184159994 0.008139999580000001
vt 0.184119999 0.01603000050000003
vt 0.160940006 0.008120000360000046
vt 0.160940006 0.008120000360000046
vt 0.184119999 0.01603000050000003
vt 0.160919994 0.01603000050000003
vt 0.184159994 0.008139999580000001
vt 0.184119999 0.01603000050000003
vt 0.160940006 0.008120000360000046
vt 0.160940006 0.008120000360000046
vt 0.184119999 0.01603000050000003
vt 0.160919994 0.01603000050000003
vt 0.184159994 0.008139999580000001
vt 0.184119999 0.01603000050000003
vt 0.160940006 0.008120000360000046
vt 0.160940006 0.008120000360000046
vt 0.184119999 0.01603000050000003
vt 0.160919994 0.01603000050000003
vt 0.184159994 0.008139999580000001
vt 0.184119999 0.01603000050000003
vt 0.160940006 0.008120000360000046
vt 0.160940006 0.008120000360000046
vt 0.184119999 0.01603000050000003
vt 0.160919994 0.01603000050000003
vt 0.184159994 0.008139999580000001
vt 0.184119999 0.01603000050000003
vt 0.160940006 0.008120000360000046
vt 0.160940006 0.008120000360000046
vt 0.184119999 0.01603000050000003
vt 0.160919994 0.01603000050000003
vt 0.184159994 0.008139999580000001
vt 0.184119999 0.01603000050000003
vt 0.160940006 0.008120000360000046
vt 0.160940006 0.008120000360000046
vt 0.184119999 0.01603000050000003
vt 0.160919994 0.01603000050000003
vt 0.507149994 0.573530018
vt 0.460839987 0.583100021
vt 0.510760009 0.555410028
vt 0.510760009 0.555410028
vt 0.460839987 0.583100021
vt 0.437240005 0.566330016
vt 0.43761 0.641610026
vt 0.437240005 0.566330016
vt 0.460370004 0.613510013
vt 0.460370004 0.613510013
vt 0.51056999 0.643350005
vt 0.43761 0.641610026
vt 0.460370004 0.613510013
vt 0.437240005 0.566330016
vt 0.460839987 0.583100021
vt 0.49048999 0.614229977
vt 0.51056999 0.643350005
vt 0.460370004 0.613510013
vt 0.49048999 0.614229977
vt 0.512009978 0.57753998
vt 0.51056999 0.643350005
vt 0.490830004 0.590860009
vt 0.512009978 0.57753998
vt 0.49048999 0.614229977
vt 0.460370004 0.613510013
vt 0.490830004 0.590860009
vt 0.49048999 0.614229977
vt 0.460839987 0.583100021
vt 0.490830004 0.590860009
vt 0.460370004 0.613510013
vt 0.490830004 0.590860009
vt 0.460839987 0.583100021
vt 0.507149994 0.573530018
vt 0.394300014 0.389600009
vt 0.3838 0.37601000100000004
vt 0.408890009 0.375889987
vt 0.408890009 0.375889987
vt 0.3838 0.37601000100000004
vt 0.395810008 0.357300013
vt 0.839439988 0.94194001
vt 0.839439988 0.971199989
vt 0.82427001 0.94194001
vt 0.82427001 0.94194001
vt 0.839439988 0.971199989
vt 0.82427001 0.971199989
vt 0.929639995 0.848320007
vt 0.905780017 0.848320007
vt 0.929639995 0.820879996
vt 0.929639995 0.820879996
vt 0.905780017 0.848320007
vt 0.905780017 0.820890009
vt 0.905780017 0.848320007
vt 0.864499986 0.848339975
vt 0.905780017 0.820890009
vt 0.905780017 0.820890009
vt 0.864499986 0.848339975
vt 0.864499986 0.820860028
vt 0.864499986 0.848339975
vt 0.840539992 0.84841001
vt 0.864499986 0.820860028
vt 0.864499986 0.820860028
vt 0.840539992 0.84841001
vt 0.840539992 0.820800006
vt 0.184119999 0.01603000050000003
vt 0.184119999 0.02608999980000004
vt 0.160919994 0.01603000050000003
vt 0.160919994 0.01603000050000003
vt 0.184119999 0.02608999980000004
vt 0.160909995 0.026079999300000045
vt 0.160919994 0.01603000050000003
vt 0.160909995 0.026079999300000045
vt 0.150389999 0.016020000000000034
vt 0.150389999 0.016020000000000034
vt 0.160909995 0.026079999300000045
vt 0.15038 0.026079999300000045
vt 0.194639996 0.016020000000000034
vt 0.194639996 0.026100000400000045
vt 0.184119999 0.01603000050000003
vt 0.184119999 0.01603000050000003
vt 0.194639996 0.026100000400000045
vt 0.184119999 0.02608999980000004
vt 0.184119999 0.02608999980000004
vt 0.184149995 0.033980000799999965
vt 0.160909995 0.026079999300000045
vt 0.160909995 0.026079999300000045
vt 0.184149995 0.033980000799999965
vt 0.160929993 0.033989999400000026
vt 0.0298999995 0.951669991
vt 0.0540399998 0.951669991
vt 0.0298999995 0.968479991
vt 0.0298999995 0.968479991
vt 0.0540399998 0.951669991
vt 0.0540399998 0.968479991
vt 0.0676100031 0.950720012
vt 0.0924400017 0.950720012
vt 0.0676100031 0.966840029
vt 0.0676100031 0.966840029
vt 0.0924400017 0.950720012
vt 0.0924400017 0.966840029
vt 0.0870700032 0.849229991
vt 0.0721699968 0.849229991
vt 0.0870700032 0.835860014
vt 0.0870700032 0.835860014
vt 0.0721699968 0.849229991
vt 0.0721699968 0.835860014
vt 0.0467600003 0.850099981
vt 0.0305300001 0.850099981
vt 0.0467600003 0.83671999
vt 0.0467600003 0.83671999
vt 0.0305300001 0.850099981
vt 0.0305300001 0.83671999
vt 0.71825999 0.708549976
vt 0.71845001 0.686129987
vt 0.870389998 0.708959997
vt 0.870389998 0.708959997
vt 0.71845001 0.686129987
vt 0.870490015 0.686500013
vt 0.870490015 0.686500013
vt 0.71845001 0.686129987
vt 0.870519996 0.675379992
vt 0.870519996 0.675379992
vt 0.71845001 0.686129987
vt 0.718460023 0.675040007
vt 0.870389998 0.708959997
vt 0.870490015 0.686500013
vt 0.881810009 0.708940029
vt 0.881810009 0.708940029
vt 0.870490015 0.686500013
vt 0.881529987 0.686140001
vt 0.71825999 0.708549976
vt 0.870389998 0.708959997
vt 0.718219995 0.719669998
vt 0.718219995 0.719669998
vt 0.870389998 0.708959997
vt 0.870369971 0.720089972
vt 0.71845001 0.686129987
vt 0.71825999 0.708549976
vt 0.707490027 0.685609996
vt 0.707490027 0.685609996
vt 0.71825999 0.708549976
vt 0.706939995 0.70836997
vt 0.870519996 0.675379992
vt 0.718460023 0.675040007
vt 0.870410025 0.653039992
vt 0.870410025 0.653039992
vt 0.718460023 0.675040007
vt 0.71845001 0.652729988
vt 0.90970999 0.643419981
vt 0.932070017 0.643729985
vt 0.909300029 0.722530007
vt 0.909300029 0.722530007
vt 0.932070017 0.643729985
vt 0.931659997 0.72280997
vt 0.932070017 0.643729985
vt 0.943170011 0.64398998
vt 0.931659997 0.72280997
vt 0.931659997 0.72280997
vt 0.943170011 0.64398998
vt 0.942759991 0.723089993
vt 0.90970999 0.643419981
vt 0.909300029 0.722530007
vt 0.898599982 0.643580019
vt 0.898599982 0.643580019
vt 0.909300029 0.722530007
vt 0.898180008 0.722670019
vt 0.942759991 0.723089993
vt 0.943170011 0.64398998
vt 0.965129972 0.72299999
vt 0.965129972 0.72299999
vt 0.943170011 0.64398998
vt 0.965539992 0.643949986
vt 0.184119999 0.01603000050000003
vt 0.184119999 0.02608999980000004
vt 0.160919994 0.01603000050000003
vt 0.160919994 0.01603000050000003
vt 0.184119999 0.02608999980000004
vt 0.160909995 0.026079999300000045
vt 0.160919994 0.01603000050000003
vt 0.160909995 0.026079999300000045
vt 0.150389999 0.016020000000000034
vt 0.150389999 0.016020000000000034
vt 0.160909995 0.026079999300000045
vt 0.15038 0.026079999300000045
vt 0.194639996 0.016020000000000034
vt 0.194639996 0.026100000400000045
vt 0.184119999 0.01603000050000003
vt 0.184119999 0.01603000050000003
vt 0.194639996 0.026100000400000045
vt 0.184119999 0.02608999980000004
vt 0.184119999 0.02608999980000004
vt 0.184149995 0.033980000799999965
vt 0.160909995 0.026079999300000045
vt 0.160909995 0.026079999300000045
vt 0.184149995 0.033980000799999965
vt 0.160929993 0.033989999400000026
vt 0.184119999 0.01603000050000003
vt 0.184119999 0.02608999980000004
vt 0.160919994 0.01603000050000003
vt 0.160919994 0.01603000050000003
vt 0.184119999 0.02608999980000004
vt 0.160909995 0.026079999300000045
vt 0.160919994 0.01603000050000003
vt 0.160909995 0.026079999300000045
vt 0.150389999 0.016020000000000034
vt 0.150389999 0.016020000000000034
vt 0.160909995 0.026079999300000045
vt 0.15038 0.026079999300000045
vt 0.194639996 0.016020000000000034
vt 0.194639996 0.026100000400000045
vt 0.184119999 0.01603000050000003
vt 0.184119999 0.01603000050000003
vt 0.194639996 0.026100000400000045
vt 0.184119999 0.02608999980000004
vt 0.184119999 0.02608999980000004
vt 0.184149995 0.033980000799999965
vt 0.160909995 0.026079999300000045
vt 0.160909995 0.026079999300000045
vt 0.184149995 0.033980000799999965
vt 0.160929993 0.033989999400000026
vt 0.184119999 0.01603000050000003
vt 0.184119999 0.02608999980000004
vt 0.160919994 0.01603000050000003
vt 0.160919994 0.01603000050000003
vt 0.184119999 0.02608999980000004
vt 0.160909995 0.026079999300000045
vt 0.160919994 0.01603000050000003
vt 0.160909995 0.026079999300000045
vt 0.150389999 0.016020000000000034
vt 0.150389999 0.016020000000000034
vt 0.160909995 0.026079999300000045
vt 0.15038 0.026079999300000045
vt 0.194639996 0.016020000000000034
vt 0.194639996 0.026100000400000045
vt 0.184119999 0.01603000050000003
vt 0.184119999 0.01603000050000003
vt 0.194639996 0.026100000400000045
vt 0.184119999 0.02608999980000004
vt 0.184119999 0.02608999980000004
vt 0.184149995 0.033980000799999965
vt 0.160909995 0.026079999300000045
vt 0.160909995 0.026079999300000045
vt 0.184149995 0.033980000799999965
vt 0.160929993 0.033989999400000026
vt 0.184119999 0.01603000050000003
vt 0.184119999 0.02608999980000004
vt 0.160919994 0.01603000050000003
vt 0.160919994 0.01603000050000003
vt 0.184119999 0.02608999980000004
vt 0.160909995 0.026079999300000045
vt 0.160919994 0.01603000050000003
vt 0.160909995 0.026079999300000045
vt 0.150389999 0.016020000000000034
vt 0.150389999 0.016020000000000034
vt 0.160909995 0.026079999300000045
vt 0.15038 0.026079999300000045
vt 0.194639996 0.016020000000000034
vt 0.194639996 0.026100000400000045
vt 0.184119999 0.01603000050000003
vt 0.184119999 0.01603000050000003
vt 0.194639996 0.026100000400000045
vt 0.184119999 0.02608999980000004
vt 0.184119999 0.02608999980000004
vt 0.184149995 0.033980000799999965
vt 0.160909995 0.026079999300000045
vt 0.160909995 0.026079999300000045
vt 0.184149995 0.033980000799999965
vt 0.160929993 0.033989999400000026
vt 0.184119999 0.01603000050000003
vt 0.184119999 0.02608999980000004
vt 0.160919994 0.01603000050000003
vt 0.160919994 0.01603000050000003
vt 0.184119999 0.02608999980000004
vt 0.160909995 0.026079999300000045
vt 0.160919994 0.01603000050000003
vt 0.160909995 0.026079999300000045
vt 0.150389999 0.016020000000000034
vt 0.150389999 0.016020000000000034
vt 0.160909995 0.026079999300000045
vt 0.15038 0.026079999300000045
vt 0.194639996 0.016020000000000034
vt 0.194639996 0.026100000400000045
vt 0.184119999 0.01603000050000003
vt 0.184119999 0.01603000050000003
vt 0.194639996 0.026100000400000045
vt 0.184119999 0.02608999980000004
vt 0.184119999 0.02608999980000004
vt 0.184149995 0.033980000799999965
vt 0.160909995 0.026079999300000045
vt 0.160909995 0.026079999300000045
vt 0.184149995 0.033980000799999965
vt 0.160929993 0.033989999400000026
vt 0.184119999 0.01603000050000003
vt 0.184119999 0.02608999980000004
vt 0.160919994 0.01603000050000003
vt 0.160919994 0.01603000050000003
vt 0.184119999 0.02608999980000004
vt 0.160909995 0.026079999300000045
vt 0.160919994 0.01603000050000003
vt 0.160909995 0.026079999300000045
vt 0.150389999 0.016020000000000034
vt 0.150389999 0.016020000000000034
vt 0.160909995 0.026079999300000045
vt 0.15038 0.026079999300000045
vt 0.194639996 0.016020000000000034
vt 0.194639996 0.026100000400000045
vt 0.184119999 0.01603000050000003
vt 0.184119999 0.01603000050000003
vt 0.194639996 0.026100000400000045
vt 0.184119999 0.02608999980000004
vt 0.184119999 0.02608999980000004
vt 0.184149995 0.033980000799999965
vt 0.160909995 0.026079999300000045
vt 0.160909995 0.026079999300000045
vt 0.184149995 0.033980000799999965
vt 0.160929993 0.033989999400000026
vt 0.184119999 0.01603000050000003
vt 0.184119999 0.02608999980000004
vt 0.160919994 0.01603000050000003
vt 0.160919994 0.01603000050000003
vt 0.184119999 0.02608999980000004
vt 0.160909995 0.026079999300000045
vt 0.160919994 0.01603000050000003
vt 0.160909995 0.026079999300000045
vt 0.150389999 0.016020000000000034
vt 0.150389999 0.016020000000000034
vt 0.160909995 0.026079999300000045
vt 0.15038 0.026079999300000045
vt 0.194639996 0.016020000000000034
vt 0.194639996 0.026100000400000045
vt 0.184119999 0.01603000050000003
vt 0.184119999 0.01603000050000003
vt 0.194639996 0.026100000400000045
vt 0.184119999 0.02608999980000004
vt 0.184119999 0.02608999980000004
vt 0.184149995 0.033980000799999965
vt 0.160909995 0.026079999300000045
vt 0.160909995 0.026079999300000045
vt 0.184149995 0.033980000799999965
vt 0.160929993 0.033989999400000026
vt 0.184119999 0.01603000050000003
vt 0.184119999 0.02608999980000004
vt 0.160919994 0.01603000050000003
vt 0.160919994 0.01603000050000003
vt 0.184119999 0.02608999980000004
vt 0.160909995 0.026079999300000045
vt 0.160919994 0.01603000050000003
vt 0.160909995 0.026079999300000045
vt 0.150389999 0.016020000000000034
vt 0.150389999 0.016020000000000034
vt 0.160909995 0.026079999300000045
vt 0.15038 0.026079999300000045
vt 0.194639996 0.016020000000000034
vt 0.194639996 0.026100000400000045
vt 0.184119999 0.01603000050000003
vt 0.184119999 0.01603000050000003
vt 0.194639996 0.026100000400000045
vt 0.184119999 0.02608999980000004
vt 0.184119999 0.02608999980000004
vt 0.184149995 0.033980000799999965
vt 0.160909995 0.026079999300000045
vt 0.160909995 0.026079999300000045
vt 0.184149995 0.033980000799999965
vt 0.160929993 0.033989999400000026
vt 0.184119999 0.01603000050000003
vt 0.184119999 0.02608999980000004
vt 0.160919994 0.01603000050000003
vt 0.160919994 0.01603000050000003
vt 0.184119999 0.02608999980000004
vt 0.160909995 0.026079999300000045
vt 0.160919994 0.01603000050000003
vt 0.160909995 0.026079999300000045
vt 0.150389999 0.016020000000000034
vt 0.150389999 0.016020000000000034
vt 0.160909995 0.026079999300000045
vt 0.15038 0.026079999300000045
vt 0.194639996 0.016020000000000034
vt 0.194639996 0.026100000400000045
vt 0.184119999 0.01603000050000003
vt 0.184119999 0.01603000050000003
vt 0.194639996 0.026100000400000045
vt 0.184119999 0.02608999980000004
vt 0.184119999 0.02608999980000004
vt 0.184149995 0.033980000799999965
vt 0.160909995 0.026079999300000045
vt 0.160909995 0.026079999300000045
vt 0.184149995 0.033980000799999965
vt 0.160929993 0.033989999400000026
vt 0.184119999 0.01603000050000003
vt 0.184119999 0.02608999980000004
vt 0.160919994 0.01603000050000003
vt 0.160919994 0.01603000050000003
vt 0.184119999 0.02608999980000004
vt 0.160909995 0.026079999300000045
vt 0.160919994 0.01603000050000003
vt 0.160909995 0.026079999300000045
vt 0.150389999 0.016020000000000034
vt 0.150389999 0.016020000000000034
vt 0.160909995 0.026079999300000045
vt 0.15038 0.026079999300000045
vt 0.194639996 0.016020000000000034
vt 0.194639996 0.026100000400000045
vt 0.184119999 0.01603000050000003
vt 0.184119999 0.01603000050000003
vt 0.194639996 0.026100000400000045
vt 0.184119999 0.02608999980000004
vt 0.184119999 0.02608999980000004
vt 0.184149995 0.033980000799999965
vt 0.160909995 0.026079999300000045
vt 0.160909995 0.026079999300000045
vt 0.184149995 0.033980000799999965
vt 0.160929993 0.033989999400000026
vt 0.184119999 0.01603000050000003
vt 0.184119999 0.02608999980000004
vt 0.160919994 0.01603000050000003
vt 0.160919994 0.01603000050000003
vt 0.184119999 0.02608999980000004
vt 0.160909995 0.026079999300000045
vt 0.160919994 0.01603000050000003
vt 0.160909995 0.026079999300000045
vt 0.150389999 0.016020000000000034
vt 0.150389999 0.016020000000000034
vt 0.160909995 0.026079999300000045
vt 0.15038 0.026079999300000045
vt 0.194639996 0.016020000000000034
vt 0.194639996 0.026100000400000045
vt 0.184119999 0.01603000050000003
vt 0.184119999 0.01603000050000003
vt 0.194639996 0.026100000400000045
vt 0.184119999 0.02608999980000004
vt 0.184119999 0.02608999980000004
vt 0.184149995 0.033980000799999965
vt 0.160909995 0.026079999300000045
vt 0.160909995 0.026079999300000045
vt 0.184149995 0.033980000799999965
vt 0.160929993 0.033989999400000026
vt 0.184119999 0.01603000050000003
vt 0.184119999 0.02608999980000004
vt 0.160919994 0.01603000050000003
vt 0.160919994 0.01603000050000003
vt 0.184119999 0.02608999980000004
vt 0.160909995 0.026079999300000045
vt 0.160919994 0.01603000050000003
vt 0.160909995 0.026079999300000045
vt 0.150389999 0.016020000000000034
vt 0.150389999 0.016020000000000034
vt 0.160909995 0.026079999300000045
vt 0.15038 0.026079999300000045
vt 0.194639996 0.016020000000000034
vt 0.194639996 0.026100000400000045
vt 0.184119999 0.01603000050000003
vt 0.184119999 0.01603000050000003
vt 0.194639996 0.026100000400000045
vt 0.184119999 0.02608999980000004
vt 0.184119999 0.02608999980000004
vt 0.184149995 0.033980000799999965
vt 0.160909995 0.026079999300000045
vt 0.160909995 0.026079999300000045
vt 0.184149995 0.033980000799999965
vt 0.160929993 0.033989999400000026
vt 0.184119999 0.01603000050000003
vt 0.184119999 0.02608999980000004
vt 0.160919994 0.01603000050000003
vt 0.160919994 0.01603000050000003
vt 0.184119999 0.02608999980000004
vt 0.160909995 0.026079999300000045
vt 0.160919994 0.01603000050000003
vt 0.160909995 0.026079999300000045
vt 0.150389999 0.016020000000000034
vt 0.150389999 0.016020000000000034
vt 0.160909995 0.026079999300000045
vt 0.15038 0.026079999300000045
vt 0.194639996 0.016020000000000034
vt 0.194639996 0.026100000400000045
vt 0.184119999 0.01603000050000003
vt 0.184119999 0.01603000050000003
vt 0.194639996 0.026100000400000045
vt 0.184119999 0.02608999980000004
vt 0.184119999 0.02608999980000004
vt 0.184149995 0.033980000799999965
vt 0.160909995 0.026079999300000045
vt 0.160909995 0.026079999300000045
vt 0.184149995 0.033980000799999965
vt 0.160929993 0.033989999400000026
vt 0.184119999 0.01603000050000003
vt 0.184119999 0.02608999980000004
vt 0.160919994 0.01603000050000003
vt 0.160919994 0.01603000050000003
vt 0.184119999 0.02608999980000004
vt 0.160909995 0.026079999300000045
vt 0.160919994 0.01603000050000003
vt 0.160909995 0.026079999300000045
vt 0.150389999 0.016020000000000034
vt 0.150389999 0.016020000000000034
vt 0.160909995 0.026079999300000045
vt 0.15038 0.026079999300000045
vt 0.194639996 0.016020000000000034
vt 0.194639996 0.026100000400000045
vt 0.184119999 0.01603000050000003
vt 0.184119999 0.01603000050000003
vt 0.194639996 0.026100000400000045
vt 0.184119999 0.02608999980000004
vt 0.184119999 0.02608999980000004
vt 0.184149995 0.033980000799999965
vt 0.160909995 0.026079999300000045
vt 0.160909995 0.026079999300000045
vt 0.184149995 0.033980000799999965
vt 0.160929993 0.033989999400000026
vt 0.184119999 0.01603000050000003
vt 0.184119999 0.02608999980000004
vt 0.160919994 0.01603000050000003
vt 0.160919994 0.01603000050000003
vt 0.184119999 0.02608999980000004
vt 0.160909995 0.026079999300000045
vt 0.160919994 0.01603000050000003
vt 0.160909995 0.026079999300000045
vt 0.150389999 0.016020000000000034
vt 0.150389999 0.016020000000000034
vt 0.160909995 0.026079999300000045
vt 0.15038 0.026079999300000045
vt 0.194639996 0.016020000000000034
vt 0.194639996 0.026100000400000045
vt 0.184119999 0.01603000050000003
vt 0.184119999 0.01603000050000003
vt 0.194639996 0.026100000400000045
vt 0.184119999 0.02608999980000004
vt 0.184119999 0.02608999980000004
vt 0.184149995 0.033980000799999965
vt 0.160909995 0.026079999300000045
vt 0.160909995 0.026079999300000045
vt 0.184149995 0.033980000799999965
vt 0.160929993 0.033989999400000026
vt 0.184119999 0.01603000050000003
vt 0.184119999 0.02608999980000004
vt 0.160919994 0.01603000050000003
vt 0.160919994 0.01603000050000003
vt 0.184119999 0.02608999980000004
vt 0.160909995 0.026079999300000045
vt 0.160919994 0.01603000050000003
vt 0.160909995 0.026079999300000045
vt 0.150389999 0.016020000000000034
vt 0.150389999 0.016020000000000034
vt 0.160909995 0.026079999300000045
vt 0.15038 0.026079999300000045
vt 0.194639996 0.016020000000000034
vt 0.194639996 0.026100000400000045
vt 0.184119999 0.01603000050000003
vt 0.184119999 0.01603000050000003
vt 0.194639996 0.026100000400000045
vt 0.184119999 0.02608999980000004
vt 0.184119999 0.02608999980000004
vt 0.184149995 0.033980000799999965
vt 0.160909995 0.026079999300000045
vt 0.160909995 0.026079999300000045
vt 0.184149995 0.033980000799999965
vt 0.160929993 0.033989999400000026
vt 0.184119999 0.01603000050000003
vt 0.184119999 0.02608999980000004
vt 0.160919994 0.01603000050000003
vt 0.160919994 0.01603000050000003
vt 0.184119999 0.02608999980000004
vt 0.160909995 0.026079999300000045
vt 0.160919994 0.01603000050000003
vt 0.160909995 0.026079999300000045
vt 0.150389999 0.016020000000000034
vt 0.150389999 0.016020000000000034
vt 0.160909995 0.026079999300000045
vt 0.15038 0.026079999300000045
vt 0.194639996 0.016020000000000034
vt 0.194639996 0.026100000400000045
vt 0.184119999 0.01603000050000003
vt 0.184119999 0.01603000050000003
vt 0.194639996 0.026100000400000045
vt 0.184119999 0.02608999980000004
vt 0.184119999 0.02608999980000004
vt 0.184149995 0.033980000799999965
vt 0.160909995 0.026079999300000045
vt 0.160909995 0.026079999300000045
vt 0.184149995 0.033980000799999965
vt 0.160929993 0.033989999400000026
vt 0.184119999 0.01603000050000003
vt 0.184119999 0.02608999980000004
vt 0.160919994 0.01603000050000003
vt 0.160919994 0.01603000050000003
vt 0.184119999 0.02608999980000004
vt 0.160909995 0.026079999300000045
vt 0.160919994 0.01603000050000003
vt 0.160909995 0.026079999300000045
vt 0.150389999 0.016020000000000034
vt 0.150389999 0.016020000000000034
vt 0.160909995 0.026079999300000045
vt 0.15038 0.026079999300000045
vt 0.194639996 0.016020000000000034
vt 0.194639996 0.026100000400000045
vt 0.184119999 0.01603000050000003
vt 0.184119999 0.01603000050000003
vt 0.194639996 0.026100000400000045
vt 0.184119999 0.02608999980000004
vt 0.184119999 0.02608999980000004
vt 0.184149995 0.033980000799999965
vt 0.160909995 0.026079999300000045
vt 0.160909995 0.026079999300000045
vt 0.184149995 0.033980000799999965
vt 0.160929993 0.033989999400000026
vt 0.184119999 0.01603000050000003
vt 0.184119999 0.02608999980000004
vt 0.160919994 0.01603000050000003
vt 0.160919994 0.01603000050000003
vt 0.184119999 0.02608999980000004
vt 0.160909995 0.026079999300000045
vt 0.160919994 0.01603000050000003
vt 0.160909995 0.026079999300000045
vt 0.150389999 0.016020000000000034
vt 0.150389999 0.016020000000000034
vt 0.160909995 0.026079999300000045
vt 0.15038 0.026079999300000045
vt 0.194639996 0.016020000000000034
vt 0.194639996 0.026100000400000045
vt 0.184119999 0.01603000050000003
vt 0.184119999 0.01603000050000003
vt 0.194639996 0.026100000400000045
vt 0.184119999 0.02608999980000004
vt 0.184119999 0.02608999980000004
vt 0.184149995 0.033980000799999965
vt 0.160909995 0.026079999300000045
vt 0.160909995 0.026079999300000045
vt 0.184149995 0.033980000799999965
vt 0.160929993 0.033989999400000026
vt 0.184119999 0.01603000050000003
vt 0.184119999 0.02608999980000004
vt 0.160919994 0.01603000050000003
vt 0.160919994 0.01603000050000003
vt 0.184119999 0.02608999980000004
vt 0.160909995 0.026079999300000045
vt 0.160919994 0.01603000050000003
vt 0.160909995 0.026079999300000045
vt 0.150389999 0.016020000000000034
vt 0.150389999 0.016020000000000034
vt 0.160909995 0.026079999300000045
vt 0.15038 0.026079999300000045
vt 0.194639996 0.016020000000000034
vt 0.194639996 0.026100000400000045
vt 0.184119999 0.01603000050000003
vt 0.184119999 0.01603000050000003
vt 0.194639996 0.026100000400000045
vt 0.184119999 0.02608999980000004
vt 0.184119999 0.02608999980000004
vt 0.184149995 0.033980000799999965
vt 0.160909995 0.026079999300000045
vt 0.160909995 0.026079999300000045
vt 0.184149995 0.033980000799999965
vt 0.160929993 0.033989999400000026
vt 0.184119999 0.01603000050000003
vt 0.184119999 0.02608999980000004
vt 0.160919994 0.01603000050000003
vt 0.160919994 0.01603000050000003
vt 0.184119999 0.02608999980000004
vt 0.160909995 0.026079999300000045
vt 0.160919994 0.01603000050000003
vt 0.160909995 0.026079999300000045
vt 0.150389999 0.016020000000000034
vt 0.150389999 0.016020000000000034
vt 0.160909995 0.026079999300000045
vt 0.15038 0.026079999300000045
vt 0.194639996 0.016020000000000034
vt 0.194639996 0.026100000400000045
vt 0.184119999 0.01603000050000003
vt 0.184119999 0.01603000050000003
vt 0.194639996 0.026100000400000045
vt 0.184119999 0.02608999980000004
vt 0.184119999 0.02608999980000004
vt 0.184149995 0.033980000799999965
vt 0.160909995 0.026079999300000045
vt 0.160909995 0.026079999300000045
vt 0.184149995 0.033980000799999965
vt 0.160929993 0.033989999400000026
vt 0.184119999 0.01603000050000003
vt 0.184119999 0.02608999980000004
vt 0.160919994 0.01603000050000003
vt 0.160919994 0.01603000050000003
vt 0.184119999 0.02608999980000004
vt 0.160909995 0.026079999300000045
vt 0.160919994 0.01603000050000003
vt 0.160909995 0.026079999300000045
vt 0.150389999 0.016020000000000034
vt 0.150389999 0.016020000000000034
vt 0.160909995 0.026079999300000045
vt 0.15038 0.026079999300000045
vt 0.194639996 0.016020000000000034
vt 0.194639996 0.026100000400000045
vt 0.184119999 0.01603000050000003
vt 0.184119999 0.01603000050000003
vt 0.194639996 0.026100000400000045
vt 0.184119999 0.02608999980000004
vt 0.184119999 0.02608999980000004
vt 0.184149995 0.033980000799999965
vt 0.160909995 0.026079999300000045
vt 0.160909995 0.026079999300000045
vt 0.184149995 0.033980000799999965
vt 0.160929993 0.033989999400000026
vt 0.184119999 0.01603000050000003
vt 0.184119999 0.02608999980000004
vt 0.160919994 0.01603000050000003
vt 0.160919994 0.01603000050000003
vt 0.184119999 0.02608999980000004
vt 0.160909995 0.026079999300000045
vt 0.160919994 0.01603000050000003
vt 0.160909995 0.026079999300000045
vt 0.150389999 0.016020000000000034
vt 0.150389999 0.016020000000000034
vt 0.160909995 0.026079999300000045
vt 0.15038 0.026079999300000045
vt 0.194639996 0.016020000000000034
vt 0.194639996 0.026100000400000045
vt 0.184119999 0.01603000050000003
vt 0.184119999 0.01603000050000003
vt 0.194639996 0.026100000400000045
vt 0.184119999 0.02608999980000004
vt 0.184119999 0.02608999980000004
vt 0.184149995 0.033980000799999965
vt 0.160909995 0.026079999300000045
vt 0.160909995 0.026079999300000045
vt 0.184149995 0.033980000799999965
vt 0.160929993 0.033989999400000026
vt 0.184119999 0.01603000050000003
vt 0.184119999 0.02608999980000004
vt 0.160919994 0.01603000050000003
vt 0.160919994 0.01603000050000003
vt 0.184119999 0.02608999980000004
vt 0.160909995 0.026079999300000045
vt 0.160919994 0.01603000050000003
vt 0.160909995 0.026079999300000045
vt 0.150389999 0.016020000000000034
vt 0.150389999 0.016020000000000034
vt 0.160909995 0.026079999300000045
vt 0.15038 0.026079999300000045
vt 0.194639996 0.016020000000000034
vt 0.194639996 0.026100000400000045
vt 0.184119999 0.01603000050000003
vt 0.184119999 0.01603000050000003
vt 0.194639996 0.026100000400000045
vt 0.184119999 0.02608999980000004
vt 0.184119999 0.02608999980000004
vt 0.184149995 0.033980000799999965
vt 0.160909995 0.026079999300000045
vt 0.160909995 0.026079999300000045
vt 0.184149995 0.033980000799999965
vt 0.160929993 0.033989999400000026
vt 0.184119999 0.01603000050000003
vt 0.184119999 0.02608999980000004
vt 0.160919994 0.01603000050000003
vt 0.160919994 0.01603000050000003
vt 0.184119999 0.02608999980000004
vt 0.160909995 0.026079999300000045
vt 0.160919994 0.01603000050000003
vt 0.160909995 0.026079999300000045
vt 0.150389999 0.016020000000000034
vt 0.150389999 0.016020000000000034
vt 0.160909995 0.026079999300000045
vt 0.15038 0.026079999300000045
vt 0.194639996 0.016020000000000034
vt 0.194639996 0.026100000400000045
vt 0.184119999 0.01603000050000003
vt 0.184119999 0.01603000050000003
vt 0.194639996 0.026100000400000045
vt 0.184119999 0.02608999980000004
vt 0.184119999 0.02608999980000004
vt 0.184149995 0.033980000799999965
vt 0.160909995 0.026079999300000045
vt 0.160909995 0.026079999300000045
vt 0.184149995 0.033980000799999965
vt 0.160929993 0.033989999400000026
vt 0.184119999 0.01603000050000003
vt 0.184119999 0.02608999980000004
vt 0.160919994 0.01603000050000003
vt 0.160919994 0.01603000050000003
vt 0.184119999 0.02608999980000004
vt 0.160909995 0.026079999300000045
vt 0.160919994 0.01603000050000003
vt 0.160909995 0.026079999300000045
vt 0.150389999 0.016020000000000034
vt 0.150389999 0.016020000000000034
vt 0.160909995 0.026079999300000045
vt 0.15038 0.026079999300000045
vt 0.194639996 0.016020000000000034
vt 0.194639996 0.026100000400000045
vt 0.184119999 0.01603000050000003
vt 0.184119999 0.01603000050000003
vt 0.194639996 0.026100000400000045
vt 0.184119999 0.02608999980000004
vt 0.184119999 0.02608999980000004
vt 0.184149995 0.033980000799999965
vt 0.160909995 0.026079999300000045
vt 0.160909995 0.026079999300000045
vt 0.184149995 0.033980000799999965
vt 0.160929993 0.033989999400000026
vt 0.184119999 0.01603000050000003
vt 0.184119999 0.02608999980000004
vt 0.160919994 0.01603000050000003
vt 0.160919994 0.01603000050000003
vt 0.184119999 0.02608999980000004
vt 0.160909995 0.026079999300000045
vt 0.160919994 0.01603000050000003
vt 0.160909995 0.026079999300000045
vt 0.150389999 0.016020000000000034
vt 0.150389999 0.016020000000000034
vt 0.160909995 0.026079999300000045
vt 0.15038 0.026079999300000045
vt 0.194639996 0.016020000000000034
vt 0.194639996 0.026100000400000045
vt 0.184119999 0.01603000050000003
vt 0.184119999 0.01603000050000003
vt 0.194639996 0.026100000400000045
vt 0.184119999 0.02608999980000004
vt 0.184119999 0.02608999980000004
vt 0.184149995 0.033980000799999965
vt 0.160909995 0.026079999300000045
vt 0.160909995 0.026079999300000045
vt 0.184149995 0.033980000799999965
vt 0.160929993 0.033989999400000026
vt 0.184119999 0.01603000050000003
vt 0.184119999 0.02608999980000004
vt 0.160919994 0.01603000050000003
vt 0.160919994 0.01603000050000003
vt 0.184119999 0.02608999980000004
vt 0.160909995 0.026079999300000045
vt 0.160919994 0.01603000050000003
vt 0.160909995 0.026079999300000045
vt 0.150389999 0.016020000000000034
vt 0.150389999 0.016020000000000034
vt 0.160909995 0.026079999300000045
vt 0.15038 0.026079999300000045
vt 0.194639996 0.016020000000000034
vt 0.194639996 0.026100000400000045
vt 0.184119999 0.01603000050000003
vt 0.184119999 0.01603000050000003
vt 0.194639996 0.026100000400000045
vt 0.184119999 0.02608999980000004
vt 0.184119999 0.02608999980000004
vt 0.184149995 0.033980000799999965
vt 0.160909995 0.026079999300000045
vt 0.160909995 0.026079999300000045
vt 0.184149995 0.033980000799999965
vt 0.160929993 0.033989999400000026
vt 0.184119999 0.01603000050000003
vt 0.184119999 0.02608999980000004
vt 0.160919994 0.01603000050000003
vt 0.160919994 0.01603000050000003
vt 0.184119999 0.02608999980000004
vt 0.160909995 0.026079999300000045
vt 0.160919994 0.01603000050000003
vt 0.160909995 0.026079999300000045
vt 0.150389999 0.016020000000000034
vt 0.150389999 0.016020000000000034
vt 0.160909995 0.026079999300000045
vt 0.15038 0.026079999300000045
vt 0.194639996 0.016020000000000034
vt 0.194639996 0.026100000400000045
vt 0.184119999 0.01603000050000003
vt 0.184119999 0.01603000050000003
vt 0.194639996 0.026100000400000045
vt 0.184119999 0.02608999980000004
vt 0.184119999 0.02608999980000004
vt 0.184149995 0.033980000799999965
vt 0.160909995 0.026079999300000045
vt 0.160909995 0.026079999300000045
vt 0.184149995 0.033980000799999965
vt 0.160929993 0.033989999400000026
vt 0.184119999 0.01603000050000003
vt 0.184119999 0.02608999980000004
vt 0.160919994 0.01603000050000003
vt 0.160919994 0.01603000050000003
vt 0.184119999 0.02608999980000004
vt 0.160909995 0.026079999300000045
vt 0.160919994 0.01603000050000003
vt 0.160909995 0.026079999300000045
vt 0.150389999 0.016020000000000034
vt 0.150389999 0.016020000000000034
vt 0.160909995 0.026079999300000045
vt 0.15038 0.026079999300000045
vt 0.194639996 0.016020000000000034
vt 0.194639996 0.026100000400000045
vt 0.184119999 0.01603000050000003
vt 0.184119999 0.01603000050000003
vt 0.194639996 0.026100000400000045
vt 0.184119999 0.02608999980000004
vt 0.184119999 0.02608999980000004
vt 0.184149995 0.033980000799999965
vt 0.160909995 0.026079999300000045
vt 0.160909995 0.026079999300000045
vt 0.184149995 0.033980000799999965
vt 0.160929993 0.033989999400000026
vt 0.184119999 0.01603000050000003
vt 0.184119999 0.02608999980000004
vt 0.160919994 0.01603000050000003
vt 0.160919994 0.01603000050000003
vt 0.184119999 0.02608999980000004
vt 0.160909995 0.026079999300000045
vt 0.160919994 0.01603000050000003
vt 0.160909995 0.026079999300000045
vt 0.150389999 0.016020000000000034
vt 0.150389999 0.016020000000000034
vt 0.160909995 0.026079999300000045
vt 0.15038 0.026079999300000045
vt 0.194639996 0.016020000000000034
vt 0.194639996 0.026100000400000045
vt 0.184119999 0.01603000050000003
vt 0.184119999 0.01603000050000003
vt 0.194639996 0.026100000400000045
vt 0.184119999 0.02608999980000004
vt 0.184119999 0.02608999980000004
vt 0.184149995 0.033980000799999965
vt 0.160909995 0.026079999300000045
vt 0.160909995 0.026079999300000045
vt 0.184149995 0.033980000799999965
vt 0.160929993 0.033989999400000026
vt 0.184119999 0.01603000050000003
vt 0.184119999 0.02608999980000004
vt 0.160919994 0.01603000050000003
vt 0.160919994 0.01603000050000003
vt 0.184119999 0.02608999980000004
vt 0.160909995 0.026079999300000045
vt 0.160919994 0.01603000050000003
vt 0.160909995 0.026079999300000045
vt 0.150389999 0.016020000000000034
vt 0.150389999 0.016020000000000034
vt 0.160909995 0.026079999300000045
vt 0.15038 0.026079999300000045
vt 0.194639996 0.016020000000000034
vt 0.194639996 0.026100000400000045
vt 0.184119999 0.01603000050000003
vt 0.184119999 0.01603000050000003
vt 0.194639996 0.026100000400000045
vt 0.184119999 0.02608999980000004
vt 0.184119999 0.02608999980000004
vt 0.184149995 0.033980000799999965
vt 0.160909995 0.026079999300000045
vt 0.160909995 0.026079999300000045
vt 0.184149995 0.033980000799999965
vt 0.160929993 0.033989999400000026
vt 0.184119999 0.01603000050000003
vt 0.184119999 0.02608999980000004
vt 0.160919994 0.01603000050000003
vt 0.160919994 0.01603000050000003
vt 0.184119999 0.02608999980000004
vt 0.160909995 0.026079999300000045
vt 0.160919994 0.01603000050000003
vt 0.160909995 0.026079999300000045
vt 0.150389999 0.016020000000000034
vt 0.150389999 0.016020000000000034
vt 0.160909995 0.026079999300000045
vt 0.15038 0.026079999300000045
vt 0.194639996 0.016020000000000034
vt 0.194639996 0.026100000400000045
vt 0.184119999 0.01603000050000003
vt 0.184119999 0.01603000050000003
vt 0.194639996 0.026100000400000045
vt 0.184119999 0.02608999980000004
vt 0.184119999 0.02608999980000004
vt 0.184149995 0.033980000799999965
vt 0.160909995 0.026079999300000045
vt 0.160909995 0.026079999300000045
vt 0.184149995 0.033980000799999965
vt 0.160929993 0.033989999400000026
vt 0.184119999 0.01603000050000003
vt 0.184119999 0.02608999980000004
vt 0.160919994 0.01603000050000003
vt 0.160919994 0.01603000050000003
vt 0.184119999 0.02608999980000004
vt 0.160909995 0.026079999300000045
vt 0.160919994 0.01603000050000003
vt 0.160909995 0.026079999300000045
vt 0.150389999 0.016020000000000034
vt 0.150389999 0.016020000000000034
vt 0.160909995 0.026079999300000045
vt 0.15038 0.026079999300000045
vt 0.194639996 0.016020000000000034
vt 0.194639996 0.026100000400000045
vt 0.184119999 0.01603000050000003
vt 0.184119999 0.01603000050000003
vt 0.194639996 0.026100000400000045
vt 0.184119999 0.02608999980000004
vt 0.184119999 0.02608999980000004
vt 0.184149995 0.033980000799999965
vt 0.160909995 0.026079999300000045
vt 0.160909995 0.026079999300000045
vt 0.184149995 0.033980000799999965
vt 0.160929993 0.033989999400000026
vt 0.184159994 0.008139999580000001
vt 0.184119999 0.01603000050000003
vt 0.160940006 0.008120000360000046
vt 0.160940006 0.008120000360000046
vt 0.184119999 0.01603000050000003
vt 0.160919994 0.01603000050000003
vt 0.184119999 0.01603000050000003
vt 0.184119999 0.02608999980000004
vt 0.160919994 0.01603000050000003
vt 0.160919994 0.01603000050000003
vt 0.184119999 0.02608999980000004
vt 0.160909995 0.026079999300000045
vt 0.160919994 0.01603000050000003
vt 0.160909995 0.026079999300000045
vt 0.150389999 0.016020000000000034
vt 0.150389999 0.016020000000000034
vt 0.160909995 0.026079999300000045
vt 0.15038 0.026079999300000045
vt 0.194639996 0.016020000000000034
vt 0.194639996 0.026100000400000045
vt 0.184119999 0.01603000050000003
vt 0.184119999 0.01603000050000003
vt 0.194639996 0.026100000400000045
vt 0.184119999 0.02608999980000004
vt 0.184119999 0.02608999980000004
vt 0.184149995 0.033980000799999965
vt 0.160909995 0.026079999300000045
vt 0.160909995 0.026079999300000045
vt 0.184149995 0.033980000799999965
vt 0.160929993 0.033989999400000026
vt 0.184159994 0.008139999580000001
vt 0.184119999 0.01603000050000003
vt 0.160940006 0.008120000360000046
vt 0.160940006 0.008120000360000046
vt 0.184119999 0.01603000050000003
vt 0.160919994 0.01603000050000003
vt 0.184119999 0.01603000050000003
vt 0.184119999 0.02608999980000004
vt 0.160919994 0.01603000050000003
vt 0.160919994 0.01603000050000003
vt 0.184119999 0.02608999980000004
vt 0.160909995 0.026079999300000045
vt 0.160919994 0.01603000050000003
vt 0.160909995 0.026079999300000045
vt 0.150389999 0.016020000000000034
vt 0.150389999 0.016020000000000034
vt 0.160909995 0.026079999300000045
vt 0.15038 0.026079999300000045
vt 0.194639996 0.016020000000000034
vt 0.194639996 0.026100000400000045
vt 0.184119999 0.01603000050000003
vt 0.184119999 0.01603000050000003
vt 0.194639996 0.026100000400000045
vt 0.184119999 0.02608999980000004
vt 0.184119999 0.02608999980000004
vt 0.184149995 0.033980000799999965
vt 0.160909995 0.026079999300000045
vt 0.160909995 0.026079999300000045
vt 0.184149995 0.033980000799999965
vt 0.160929993 0.033989999400000026
vt 0.184119999 0.01603000050000003
vt 0.184119999 0.02608999980000004
vt 0.160919994 0.01603000050000003
vt 0.160919994 0.01603000050000003
vt 0.184119999 0.02608999980000004
vt 0.160909995 0.026079999300000045
vt 0.160919994 0.01603000050000003
vt 0.160909995 0.026079999300000045
vt 0.150389999 0.016020000000000034
vt 0.150389999 0.016020000000000034
vt 0.160909995 0.026079999300000045
vt 0.15038 0.026079999300000045
vt 0.194639996 0.016020000000000034
vt 0.194639996 0.026100000400000045
vt 0.184119999 0.01603000050000003
vt 0.184119999 0.01603000050000003
vt 0.194639996 0.026100000400000045
vt 0.184119999 0.02608999980000004
vt 0.184119999 0.02608999980000004
vt 0.184149995 0.033980000799999965
vt 0.160909995 0.026079999300000045
vt 0.160909995 0.026079999300000045
vt 0.184149995 0.033980000799999965
vt 0.160929993 0.033989999400000026
vt 0.184159994 0.008139999580000001
vt 0.184119999 0.01603000050000003
vt 0.160940006 0.008120000360000046
vt 0.160940006 0.008120000360000046
vt 0.184119999 0.01603000050000003
vt 0.160919994 0.01603000050000003
vt 0.184119999 0.01603000050000003
vt 0.184119999 0.02608999980000004
vt 0.160919994 0.01603000050000003
vt 0.160919994 0.01603000050000003
vt 0.184119999 0.02608999980000004
vt 0.160909995 0.026079999300000045
vt 0.160919994 0.01603000050000003
vt 0.160909995 0.026079999300000045
vt 0.150389999 0.016020000000000034
vt 0.150389999 0.016020000000000034
vt 0.160909995 0.026079999300000045
vt 0.15038 0.026079999300000045
vt 0.194639996 0.016020000000000034
vt 0.194639996 0.026100000400000045
vt 0.184119999 0.01603000050000003
vt 0.184119999 0.01603000050000003
vt 0.194639996 0.026100000400000045
vt 0.184119999 0.02608999980000004
vt 0.184119999 0.02608999980000004
vt 0.184149995 0.033980000799999965
vt 0.160909995 0.026079999300000045
vt 0.160909995 0.026079999300000045
vt 0.184149995 0.033980000799999965
vt 0.160929993 0.033989999400000026
vt 0.184159994 0.008139999580000001
vt 0.184119999 0.01603000050000003
vt 0.160940006 0.008120000360000046
vt 0.160940006 0.008120000360000046
vt 0.184119999 0.01603000050000003
vt 0.160919994 0.01603000050000003
vt 0.184119999 0.01603000050000003
vt 0.184119999 0.02608999980000004
vt 0.160919994 0.01603000050000003
vt 0.160919994 0.01603000050000003
vt 0.184119999 0.02608999980000004
vt 0.160909995 0.026079999300000045
vt 0.160919994 0.01603000050000003
vt 0.160909995 0.026079999300000045
vt 0.150389999 0.016020000000000034
vt 0.150389999 0.016020000000000034
vt 0.160909995 0.026079999300000045
vt 0.15038 0.026079999300000045
vt 0.194639996 0.016020000000000034
vt 0.194639996 0.026100000400000045
vt 0.184119999 0.01603000050000003
vt 0.184119999 0.01603000050000003
vt 0.194639996 0.026100000400000045
vt 0.184119999 0.02608999980000004
vt 0.184119999 0.02608999980000004
vt 0.184149995 0.033980000799999965
vt 0.160909995 0.026079999300000045
vt 0.160909995 0.026079999300000045
vt 0.184149995 0.033980000799999965
vt 0.160929993 0.033989999400000026
vt 0.184159994 0.008139999580000001
vt 0.184119999 0.01603000050000003
vt 0.160940006 0.008120000360000046
vt 0.160940006 0.008120000360000046
vt 0.184119999 0.01603000050000003
vt 0.160919994 0.01603000050000003
vt 0.184119999 0.01603000050000003
vt 0.184119999 0.02608999980000004
vt 0.160919994 0.01603000050000003
vt 0.160919994 0.01603000050000003
vt 0.184119999 0.02608999980000004
vt 0.160909995 0.026079999300000045
vt 0.160919994 0.01603000050000003
vt 0.160909995 0.026079999300000045
vt 0.150389999 0.016020000000000034
vt 0.150389999 0.016020000000000034
vt 0.160909995 0.026079999300000045
vt 0.15038 0.026079999300000045
vt 0.194639996 0.016020000000000034
vt 0.194639996 0.026100000400000045
vt 0.184119999 0.01603000050000003
vt 0.184119999 0.01603000050000003
vt 0.194639996 0.026100000400000045
vt 0.184119999 0.02608999980000004
vt 0.184119999 0.02608999980000004
vt 0.184149995 0.033980000799999965
vt 0.160909995 0.026079999300000045
vt 0.160909995 0.026079999300000045
vt 0.184149995 0.033980000799999965
vt 0.160929993 0.033989999400000026
vt 0.184119999 0.01603000050000003
vt 0.184119999 0.02608999980000004
vt 0.160919994 0.01603000050000003
vt 0.160919994 0.01603000050000003
vt 0.184119999 0.02608999980000004
vt 0.160909995 0.026079999300000045
vt 0.160919994 0.01603000050000003
vt 0.160909995 0.026079999300000045
vt 0.150389999 0.016020000000000034
vt 0.150389999 0.016020000000000034
vt 0.160909995 0.026079999300000045
vt 0.15038 0.026079999300000045
vt 0.194639996 0.016020000000000034
vt 0.194639996 0.026100000400000045
vt 0.184119999 0.01603000050000003
vt 0.184119999 0.01603000050000003
vt 0.194639996 0.026100000400000045
vt 0.184119999 0.02608999980000004
vt 0.184119999 0.02608999980000004
vt 0.184149995 0.033980000799999965
vt 0.160909995 0.026079999300000045
vt 0.160909995 0.026079999300000045
vt 0.184149995 0.033980000799999965
vt 0.160929993 0.033989999400000026
vt 0.184119999 0.01603000050000003
vt 0.184119999 0.02608999980000004
vt 0.160919994 0.01603000050000003
vt 0.160919994 0.01603000050000003
vt 0.184119999 0.02608999980000004
vt 0.160909995 0.026079999300000045
vt 0.160919994 0.01603000050000003
vt 0.160909995 0.026079999300000045
vt 0.150389999 0.016020000000000034
vt 0.150389999 0.016020000000000034
vt 0.160909995 0.026079999300000045
vt 0.15038 0.026079999300000045
vt 0.194639996 0.016020000000000034
vt 0.194639996 0.026100000400000045
vt 0.184119999 0.01603000050000003
vt 0.184119999 0.01603000050000003
vt 0.194639996 0.026100000400000045
vt 0.184119999 0.02608999980000004
vt 0.184119999 0.02608999980000004
vt 0.184149995 0.033980000799999965
vt 0.160909995 0.026079999300000045
vt 0.160909995 0.026079999300000045
vt 0.184149995 0.033980000799999965
vt 0.160929993 0.033989999400000026
vt 0.184119999 0.01603000050000003
vt 0.184119999 0.02608999980000004
vt 0.160919994 0.01603000050000003
vt 0.160919994 0.01603000050000003
vt 0.184119999 0.02608999980000004
vt 0.160909995 0.026079999300000045
vt 0.160919994 0.01603000050000003
vt 0.160909995 0.026079999300000045
vt 0.150389999 0.016020000000000034
vt 0.150389999 0.016020000000000034
vt 0.160909995 0.026079999300000045
vt 0.15038 0.026079999300000045
vt 0.194639996 0.016020000000000034
vt 0.194639996 0.026100000400000045
vt 0.184119999 0.01603000050000003
vt 0.184119999 0.01603000050000003
vt 0.194639996 0.026100000400000045
vt 0.184119999 0.02608999980000004
vt 0.184119999 0.02608999980000004
vt 0.184149995 0.033980000799999965
vt 0.160909995 0.026079999300000045
vt 0.160909995 0.026079999300000045
vt 0.184149995 0.033980000799999965
vt 0.160929993 0.033989999400000026
vt 0.184119999 0.01603000050000003
vt 0.184119999 0.02608999980000004
vt 0.160919994 0.01603000050000003
vt 0.160919994 0.01603000050000003
vt 0.184119999 0.02608999980000004
vt 0.160909995 0.026079999300000045
vt 0.160919994 0.01603000050000003
vt 0.160909995 0.026079999300000045
vt 0.150389999 0.016020000000000034
vt 0.150389999 0.016020000000000034
vt 0.160909995 0.026079999300000045
vt 0.15038 0.026079999300000045
vt 0.194639996 0.016020000000000034
vt 0.194639996 0.026100000400000045
vt 0.184119999 0.01603000050000003
vt 0.184119999 0.01603000050000003
vt 0.194639996 0.026100000400000045
vt 0.184119999 0.02608999980000004
vt 0.184119999 0.02608999980000004
vt 0.184149995 0.033980000799999965
vt 0.160909995 0.026079999300000045
vt 0.160909995 0.026079999300000045
vt 0.184149995 0.033980000799999965
vt 0.160929993 0.033989999400000026
vt 0.184119999 0.01603000050000003
vt 0.184119999 0.02608999980000004
vt 0.160919994 0.01603000050000003
vt 0.160919994 0.01603000050000003
vt 0.184119999 0.02608999980000004
vt 0.160909995 0.026079999300000045
vt 0.160919994 0.01603000050000003
vt 0.160909995 0.026079999300000045
vt 0.150389999 0.016020000000000034
vt 0.150389999 0.016020000000000034
vt 0.160909995 0.026079999300000045
vt 0.15038 0.026079999300000045
vt 0.194639996 0.016020000000000034
vt 0.194639996 0.026100000400000045
vt 0.184119999 0.01603000050000003
vt 0.184119999 0.01603000050000003
vt 0.194639996 0.026100000400000045
vt 0.184119999 0.02608999980000004
vt 0.184119999 0.02608999980000004
vt 0.184149995 0.033980000799999965
vt 0.160909995 0.026079999300000045
vt 0.160909995 0.026079999300000045
vt 0.184149995 0.033980000799999965
vt 0.160929993 0.033989999400000026
vt 0.779619992 0.468569994
vt 0.783200026 0.626839995
vt 0.779330015 0.621490002
vt 0.783510029 0.46342998700000004
vt 0.783200026 0.626839995
vt 0.779619992 0.468569994
vt 0.658249974 0.619870007
vt 0.654079974 0.46448999599999996
vt 0.65842998 0.469469994
vt 0.653890014 0.625020027
vt 0.654079974 0.46448999599999996
vt 0.658249974 0.619870007
vt 0.635389984 0.774900019
vt 0.640209973 0.775770009
vt 0.635389984 0.775770009
vt 0.640209973 0.774900019
vt 0.640209973 0.775770009
vt 0.635389984 0.774900019
vt 0.635389984 0.773829997
vt 0.640209973 0.774900019
vt 0.635389984 0.774900019
vt 0.640209973 0.773829997
vt 0.640209973 0.774900019
vt 0.635389984 0.773829997
vt 0.635389984 0.772549987
vt 0.640209973 0.773829997
vt 0.635389984 0.773829997
vt 0.640209973 0.772549987
vt 0.640209973 0.773829997
vt 0.635389984 0.772549987
vt 0.635389984 0.771369994
vt 0.640209973 0.772549987
vt 0.635389984 0.772549987
vt 0.640209973 0.771369994
vt 0.640209973 0.772549987
vt 0.635389984 0.771369994
vt 0.635389984 0.770319998
vt 0.640209973 0.771369994
vt 0.635389984 0.771369994
vt 0.640209973 0.770319998
vt 0.640209973 0.771369994
vt 0.635389984 0.770319998
vt 0.635389984 0.769760013
vt 0.640209973 0.770319998
vt 0.635389984 0.770319998
vt 0.640209973 0.769760013
vt 0.640209973 0.770319998
vt 0.635389984 0.769760013
vt 0.635389984 0.768620014
vt 0.640209973 0.769760013
vt 0.635389984 0.769760013
vt 0.640209973 0.768620014
vt 0.640209973 0.769760013
vt 0.635389984 0.768620014
vt 0.635389984 0.767379999
vt 0.640209973 0.768620014
vt 0.635389984 0.768620014
vt 0.640209973 0.767379999
vt 0.640209973 0.768620014
vt 0.635389984 0.767379999
vt 0.635389984 0.766219974
vt 0.640209973 0.767379999
vt 0.635389984 0.767379999
vt 0.640209973 0.766219974
vt 0.640209973 0.767379999
vt 0.635389984 0.766219974
vt 0.635389984 0.766219974
vt 0.640209973 0.761690021
vt 0.640209973 0.766219974
vt 0.635389984 0.761690021
vt 0.640209973 0.761690021
vt 0.635389984 0.766219974
vt 0.635389984 0.761690021
vt 0.640209973 0.756179988
vt 0.640209973 0.761690021
vt 0.635389984 0.756179988
vt 0.640209973 0.756179988
vt 0.635389984 0.761690021
vt 0.635389984 0.756179988
vt 0.640209973 0.746770024
vt 0.640209973 0.756179988
vt 0.635389984 0.746770024
vt 0.640209973 0.746770024
vt 0.635389984 0.756179988
vt 0.413830012 0.4627299899999999
vt 0.396990001 0.483200014
vt 0.395639986 0.4704999919999999
vt 0.413830012 0.4627299899999999
vt 0.395639986 0.4704999919999999
vt 0.408170015 0.436120003
vt 0.423559994 0.442570001
vt 0.413830012 0.4627299899999999
vt 0.408170015 0.436120003
vt 0.408170015 0.436120003
vt 0.419360012 0.42802000000000007
vt 0.423559994 0.442570001
vt 0.404599994 0.41556000700000006
vt 0.419360012 0.42802000000000007
vt 0.408170015 0.436120003
vt 0.408850014 0.408349991
vt 0.419360012 0.42802000000000007
vt 0.404599994 0.41556000700000006
vt 0.392639995 0.39699000100000004
vt 0.408850014 0.408349991
vt 0.404599994 0.41556000700000006
vt 0.441300005 0.413830012
vt 0.422919989 0.40652000900000007
vt 0.42396 0.393779993
vt 0.441300005 0.413830012
vt 0.436309993 0.440569997
vt 0.422919989 0.40652000900000007
vt 0.451539993 0.4337399900000001
vt 0.436309993 0.440569997
vt 0.441300005 0.413830012
vt 0.436309993 0.440569997
vt 0.451539993 0.4337399900000001
vt 0.447699994 0.448390007
vt 0.447699994 0.448390007
vt 0.43325001 0.4612199960000001
vt 0.436309993 0.440569997
vt 0.43768999 0.46832001199999995
vt 0.43325001 0.4612199960000001
vt 0.447699994 0.448390007
vt 0.421770006 0.4800800089999999
vt 0.43325001 0.4612199960000001
vt 0.43768999 0.46832001199999995
vt 0.729900002 0.739610016
vt 0.711920023 0.761730015
vt 0.711839974 0.739650011
vt 0.729950011 0.761650026
vt 0.711920023 0.761730015
vt 0.729900002 0.739610016
vt 0.747759998 0.739660025
vt 0.729950011 0.761650026
vt 0.729900002 0.739610016
vt 0.747770011 0.761590004
vt 0.729950011 0.761650026
vt 0.747759998 0.739660025
vt 0.765540004 0.739690006
vt 0.747770011 0.761590004
vt 0.747759998 0.739660025
vt 0.765540004 0.761600018
vt 0.747770011 0.761590004
vt 0.765540004 0.739690006
vt 0.78332001 0.739669979
vt 0.765540004 0.761600018
vt 0.765540004 0.739690006
vt 0.783360004 0.761569977
vt 0.765540004 0.761600018
vt 0.78332001 0.739669979
vt 0.801100016 0.739639997
vt 0.783360004 0.761569977
vt 0.78332001 0.739669979
vt 0.801129997 0.761479974
vt 0.783360004 0.761569977
vt 0.801100016 0.739639997
vt 0.818840027 0.739639997
vt 0.801129997 0.761479974
vt 0.801100016 0.739639997
vt 0.818849981 0.761439979
vt 0.801129997 0.761479974
vt 0.818840027 0.739639997
vt 0.836510003 0.739679992
vt 0.818849981 0.761439979
vt 0.818840027 0.739639997
vt 0.836510003 0.761449993
vt 0.818849981 0.761439979
vt 0.836510003 0.739679992
vt 0.854200006 0.739669979
vt 0.836510003 0.761449993
vt 0.836510003 0.739679992
vt 0.854219973 0.761489987
vt 0.836510003 0.761449993
vt 0.854200006 0.739669979
vt 0.871990025 0.739600003
vt 0.854219973 0.761489987
vt 0.854200006 0.739669979
vt 0.871990025 0.761500001
vt 0.854219973 0.761489987
vt 0.871990025 0.739600003
vt 0.889919996 0.739539981
vt 0.871990025 0.761500001
vt 0.871990025 0.739600003
vt 0.889909983 0.761529982
vt 0.871990025 0.761500001
vt 0.889919996 0.739539981
vt 0.907899976 0.739560008
vt 0.889909983 0.761529982
vt 0.889919996 0.739539981
vt 0.907890022 0.761550009
vt 0.889909983 0.761529982
vt 0.907899976 0.739560008
vt 0.925790012 0.739589989
vt 0.907890022 0.761550009
vt 0.907899976 0.739560008
vt 0.925779998 0.761550009
vt 0.907890022 0.761550009
vt 0.925790012 0.739589989
vt 0.80181998 0.785790026
vt 0.786639988 0.816810012
vt 0.78658998 0.785830021
vt 0.801789999 0.81686002
vt 0.786639988 0.816810012
vt 0.80181998 0.785790026
vt 0.817009985 0.785769999
vt 0.801789999 0.81686002
vt 0.80181998 0.785790026
vt 0.817059994 0.816929996
vt 0.801789999 0.81686002
vt 0.817009985 0.785769999
vt 0.832229972 0.785790026
vt 0.817059994 0.816929996
vt 0.817009985 0.785769999
vt 0.832220018 0.816890001
vt 0.817059994 0.816929996
vt 0.832229972 0.785790026
vt 0.847289979 0.785749972
vt 0.832220018 0.816890001
vt 0.832229972 0.785790026
vt 0.847379982 0.816869974
vt 0.832220018 0.816890001
vt 0.847289979 0.785749972
vt 0.862389982 0.785730004
vt 0.847379982 0.816869974
vt 0.847289979 0.785749972
vt 0.862429976 0.816820025
vt 0.847379982 0.816869974
vt 0.862389982 0.785730004
vt 0.877489984 0.785660028
vt 0.862429976 0.816820025
vt 0.862389982 0.785730004
vt 0.877590001 0.816760004
vt 0.862429976 0.816820025
vt 0.877489984 0.785660028
vt 0.892650008 0.785579979
vt 0.877590001 0.816760004
vt 0.877489984 0.785660028
vt 0.892780006 0.816659987
vt 0.877590001 0.816760004
vt 0.892650008 0.785579979
vt 0.907880008 0.785520017
vt 0.892780006 0.816659987
vt 0.892650008 0.785579979
vt 0.907930017 0.816510022
vt 0.892780006 0.816659987
vt 0.907880008 0.785520017
vt 0.923030019 0.785510004
vt 0.907930017 0.816510022
vt 0.907880008 0.785520017
vt 0.923049986 0.816470027
vt 0.907930017 0.816510022
vt 0.923030019 0.785510004
vt 0.938210011 0.785560012
vt 0.923049986 0.816470027
vt 0.923030019 0.785510004
vt 0.938080013 0.816510022
vt 0.923049986 0.816470027
vt 0.938210011 0.785560012
vt 0.953320026 0.785579979
vt 0.938080013 0.816510022
vt 0.938210011 0.785560012
vt 0.953170002 0.816630006
vt 0.938080013 0.816510022
vt 0.953320026 0.785579979
vt 0.968479991 0.785629988
vt 0.953170002 0.816630006
vt 0.953320026 0.785579979
vt 0.968270004 0.81674999
vt 0.953170002 0.816630006
vt 0.968479991 0.785629988
vt 0.755930007 0.767130017
vt 0.74138999 0.779900014
vt 0.74138999 0.767130017
vt 0.755930007 0.779900014
vt 0.74138999 0.779900014
vt 0.755930007 0.767130017
vt 0.77026999 0.767130017
vt 0.755930007 0.779900014
vt 0.755930007 0.767130017
vt 0.77026999 0.779900014
vt 0.755930007 0.779900014
vt 0.77026999 0.767130017
vt 0.786390007 0.767130017
vt 0.77026999 0.779900014
vt 0.77026999 0.767130017
vt 0.786390007 0.779900014
vt 0.77026999 0.779900014
vt 0.786390007 0.767130017
vt 0.806020021 0.767130017
vt 0.786390007 0.779900014
vt 0.786390007 0.767130017
vt 0.806020021 0.779900014
vt 0.786390007 0.779900014
vt 0.806020021 0.767130017
vt 0.828000009 0.767130017
vt 0.806020021 0.779900014
vt 0.806020021 0.767130017
vt 0.828000009 0.779900014
vt 0.806020021 0.779900014
vt 0.828000009 0.767130017
vt 0.851499975 0.767130017
vt 0.828000009 0.779900014
vt 0.828000009 0.767130017
vt 0.851499975 0.779900014
vt 0.828000009 0.779900014
vt 0.851499975 0.767130017
vt 0.874090016 0.767130017
vt 0.851499975 0.779900014
vt 0.851499975 0.767130017
vt 0.874090016 0.779900014
vt 0.851499975 0.779900014
vt 0.874090016 0.767130017
vt 0.895049989 0.767130017
vt 0.874090016 0.779900014
vt 0.874090016 0.767130017
vt 0.895049989 0.779900014
vt 0.874090016 0.779900014
vt 0.895049989 0.767130017
vt 0.91358 0.767130017
vt 0.895049989 0.779900014
vt 0.895049989 0.767130017
vt 0.91358 0.779900014
vt 0.895049989 0.779900014
vt 0.91358 0.767130017
vt 0.930980027 0.767130017
vt 0.91358 0.779900014
vt 0.91358 0.767130017
vt 0.930980027 0.779900014
vt 0.91358 0.779900014
vt 0.930980027 0.767130017
vt 0.949970007 0.767130017
vt 0.930980027 0.779900014
vt 0.930980027 0.767130017
vt 0.949970007 0.779900014
vt 0.930980027 0.779900014
vt 0.949970007 0.767130017
vt 0.969900012 0.767130017
vt 0.949970007 0.779900014
vt 0.949970007 0.767130017
vt 0.969900012 0.779900014
vt 0.949970007 0.779900014
vt 0.969900012 0.767130017
vt 0.755580008 0.928300023
vt 0.749960005 0.935180008
vt 0.749960005 0.928300023
vt 0.755580008 0.935180008
vt 0.749960005 0.935180008
vt 0.755580008 0.928300023
vt 0.761210024 0.928300023
vt 0.755580008 0.935180008
vt 0.755580008 0.928300023
vt 0.761210024 0.935180008
vt 0.755580008 0.935180008
vt 0.761210024 0.928300023
vt 0.766820014 0.928300023
vt 0.761210024 0.935180008
vt 0.761210024 0.928300023
vt 0.766820014 0.935180008
vt 0.761210024 0.935180008
vt 0.766820014 0.928300023
vt 0.772430003 0.928300023
vt 0.766820014 0.935180008
vt 0.766820014 0.928300023
vt 0.772430003 0.935180008
vt 0.766820014 0.935180008
vt 0.772430003 0.928300023
vt 0.778050005 0.928300023
vt 0.772430003 0.935180008
vt 0.772430003 0.928300023
vt 0.778050005 0.935180008
vt 0.772430003 0.935180008
vt 0.778050005 0.928300023
vt 0.783680022 0.928300023
vt 0.778050005 0.935180008
vt 0.778050005 0.928300023
vt 0.783680022 0.935180008
vt 0.778050005 0.935180008
vt 0.783680022 0.928300023
vt 0.789319992 0.928300023
vt 0.783680022 0.935180008
vt 0.783680022 0.928300023
vt 0.789319992 0.935180008
vt 0.783680022 0.935180008
vt 0.789319992 0.928300023
vt 0.794969976 0.928300023
vt 0.789319992 0.935180008
vt 0.789319992 0.928300023
vt 0.794969976 0.935180008
vt 0.789319992 0.935180008
vt 0.794969976 0.928300023
vt 0.800620019 0.928300023
vt 0.794969976 0.935180008
vt 0.794969976 0.928300023
vt 0.800620019 0.935180008
vt 0.794969976 0.935180008
vt 0.800620019 0.928300023
vt 0.806219995 0.928300023
vt 0.800620019 0.935180008
vt 0.800620019 0.928300023
vt 0.806219995 0.935180008
vt 0.800620019 0.935180008
vt 0.806219995 0.928300023
vt 0.811800003 0.928300023
vt 0.806219995 0.935180008
vt 0.806219995 0.928300023
vt 0.811800003 0.935180008
vt 0.806219995 0.935180008
vt 0.811800003 0.928300023
vt 0.817369998 0.928300023
vt 0.811800003 0.935180008
vt 0.811800003 0.928300023
vt 0.817369998 0.935180008
vt 0.811800003 0.935180008
vt 0.817369998 0.928300023
vt 0.542949975 0.95796001
vt 0.582229972 0.926129997
vt 0.582229972 0.95796001
vt 0.542949975 0.926129997
vt 0.582229972 0.926129997
vt 0.542949975 0.95796001
vt 0.481169999 0.95796001
vt 0.542949975 0.926129997
vt 0.542949975 0.95796001
vt 0.481169999 0.926129997
vt 0.542949975 0.926129997
vt 0.481169999 0.95796001
vt 0.433890015 0.95796001
vt 0.481169999 0.926129997
vt 0.481169999 0.95796001
vt 0.433890015 0.926129997
vt 0.481169999 0.926129997
vt 0.433890015 0.95796001
vt 0.371069998 0.95796001
vt 0.433890015 0.926129997
vt 0.433890015 0.95796001
vt 0.371069998 0.926129997
vt 0.433890015 0.926129997
vt 0.371069998 0.95796001
vt 0.371419996 0.26655000399999995
vt 0.384959996 0.0223399997
vt 0.384959996 0.26655000399999995
vt 0.371419996 0.0223399997
vt 0.384959996 0.0223399997
vt 0.371419996 0.26655000399999995
vt 0.35789001 0.26655000399999995
vt 0.371419996 0.0223399997
vt 0.371419996 0.26655000399999995
vt 0.35789001 0.0223399997
vt 0.371419996 0.0223399997
vt 0.35789001 0.26655000399999995
vt 0.344359994 0.26655000399999995
vt 0.35789001 0.0223399997
vt 0.35789001 0.26655000399999995
vt 0.344359994 0.0223399997
vt 0.35789001 0.0223399997
vt 0.344359994 0.26655000399999995
vt 0.330819994 0.26655000399999995
vt 0.344359994 0.0223399997
vt 0.344359994 0.26655000399999995
vt 0.330819994 0.0223399997
vt 0.344359994 0.0223399997
vt 0.330819994 0.26655000399999995
vt 0.317290008 0.26655000399999995
vt 0.330819994 0.0223399997
vt 0.330819994 0.26655000399999995
vt 0.317290008 0.0223399997
vt 0.330819994 0.0223399997
vt 0.317290008 0.26655000399999995
vt 0.303759992 0.26655000399999995
vt 0.317290008 0.0223399997
vt 0.317290008 0.26655000399999995
vt 0.303759992 0.0223399997
vt 0.317290008 0.0223399997
vt 0.303759992 0.26655000399999995
vt 0.290219992 0.26655000399999995
vt 0.303759992 0.0223399997
vt 0.303759992 0.26655000399999995
vt 0.290219992 0.0223399997
vt 0.303759992 0.0223399997
vt 0.290219992 0.26655000399999995
vt 0.276690006 0.26655000399999995
vt 0.290219992 0.0223399997
vt 0.290219992 0.26655000399999995
vt 0.276690006 0.0223399997
vt 0.290219992 0.0223399997
vt 0.276690006 0.26655000399999995
vt 0.26315999 0.26655000399999995
vt 0.276690006 0.0223399997
vt 0.276690006 0.26655000399999995
vt 0.26315999 0.0223399997
vt 0.276690006 0.0223399997
vt 0.26315999 0.26655000399999995
vt 0.249620005 0.26655000399999995
vt 0.26315999 0.0223399997
vt 0.26315999 0.26655000399999995
vt 0.249620005 0.0223399997
vt 0.26315999 0.0223399997
vt 0.249620005 0.26655000399999995
vt 0.236090004 0.26655000399999995
vt 0.249620005 0.0223399997
vt 0.249620005 0.26655000399999995
vt 0.236090004 0.0223399997
vt 0.249620005 0.0223399997
vt 0.236090004 0.26655000399999995
vt 0.222560003 0.26655000399999995
vt 0.236090004 0.0223399997
vt 0.236090004 0.26655000399999995
vt 0.222560003 0.0223399997
vt 0.236090004 0.0223399997
vt 0.222560003 0.26655000399999995
vt 0.315750003 0.276730001
vt 0.31031999 0.29943001300000005
vt 0.310369998 0.276679993
vt 0.315739989 0.29936999100000006
vt 0.31031999 0.29943001300000005
vt 0.315750003 0.276730001
vt 0.321139991 0.27680000700000007
vt 0.315739989 0.29936999100000006
vt 0.315750003 0.276730001
vt 0.321139991 0.299290001
vt 0.315739989 0.29936999100000006
vt 0.321139991 0.27680000700000007
vt 0.326510012 0.27684000100000006
vt 0.321139991 0.299290001
vt 0.321139991 0.27680000700000007
vt 0.326519996 0.2992599899999999
vt 0.321139991 0.299290001
vt 0.326510012 0.27684000100000006
vt 0.331930012 0.276859999
vt 0.326519996 0.2992599899999999
vt 0.326510012 0.27684000100000006
vt 0.331930012 0.29927000400000003
vt 0.326519996 0.2992599899999999
vt 0.331930012 0.276859999
vt 0.337300003 0.27684000100000006
vt 0.331930012 0.29927000400000003
vt 0.331930012 0.276859999
vt 0.337300003 0.299309999
vt 0.331930012 0.29927000400000003
vt 0.337300003 0.27684000100000006
vt 0.342709988 0.27680999000000006
vt 0.337300003 0.299309999
vt 0.337300003 0.27684000100000006
vt 0.342709988 0.29934001
vt 0.337300003 0.299309999
vt 0.342709988 0.27680999000000006
vt 0.348040015 0.27678999299999996
vt 0.342709988 0.29934001
vt 0.342709988 0.27680999000000006
vt 0.348049998 0.29934001
vt 0.342709988 0.29934001
vt 0.348040015 0.27678999299999996
vt 0.353379995 0.276780009
vt 0.348049998 0.29934001
vt 0.348040015 0.27678999299999996
vt 0.353410006 0.299329996
vt 0.348049998 0.29934001
vt 0.353379995 0.276780009
vt 0.358770013 0.27678999299999996
vt 0.353410006 0.299329996
vt 0.353379995 0.276780009
vt 0.35879001 0.299290001
vt 0.353410006 0.299329996
vt 0.358770013 0.27678999299999996
vt 0.36412999 0.27684000100000006
vt 0.35879001 0.299290001
vt 0.358770013 0.27678999299999996
vt 0.364170015 0.29925000699999993
vt 0.35879001 0.299290001
vt 0.36412999 0.27684000100000006
vt 0.369529992 0.27689001
vt 0.364170015 0.29925000699999993
vt 0.36412999 0.27684000100000006
vt 0.369540006 0.2992100120000001
vt 0.364170015 0.29925000699999993
vt 0.369529992 0.27689001
vt 0.374929994 0.2769399880000001
vt 0.369540006 0.2992100120000001
vt 0.369529992 0.27689001
vt 0.374940008 0.299180001
vt 0.369540006 0.2992100120000001
vt 0.374929994 0.2769399880000001
vt 0.0608800016 0.947430015
vt 0.0936300009 0.929520011
vt 0.0937699974 0.947399974
vt 0.0608600006 0.929520011
vt 0.0936300009 0.929520011
vt 0.0608800016 0.947430015
vt 0.0257399995 0.947459996
vt 0.0608600006 0.929520011
vt 0.0608800016 0.947430015
vt 0.0256500002 0.929549992
vt 0.0608600006 0.929520011
vt 0.0257399995 0.947459996
vt 0.0307700001 0.873269975
vt 0.045669999 0.892050028
vt 0.0307899993 0.892080009
vt 0.0456399992 0.873269975
vt 0.045669999 0.892050028
vt 0.0307700001 0.873269975
vt 0.0307400003 0.855260015
vt 0.0456399992 0.873269975
vt 0.0307700001 0.873269975
vt 0.0456200019 0.855229974
vt 0.0456399992 0.873269975
vt 0.0307400003 0.855260015
vt 0.0872000009 0.872020006
vt 0.07271 0.853969991
vt 0.0871800035 0.853950024
vt 0.0727400035 0.872009993
vt 0.07271 0.853969991
vt 0.0872000009 0.872020006
vt 0.0872299969 0.889769971
vt 0.0727400035 0.872009993
vt 0.0872000009 0.872020006
vt 0.0727600008 0.889789999
vt 0.0727400035 0.872009993
vt 0.0872299969 0.889769971
vt 0.554350019 0.08587999639999999
vt 0.569060028 0.0319899991
vt 0.569060028 0.08587999639999999
vt 0.554350019 0.0319899991
vt 0.569060028 0.0319899991
vt 0.554350019 0.08587999639999999
vt 0.539629996 0.08587999639999999
vt 0.554350019 0.0319899991
vt 0.554350019 0.08587999639999999
vt 0.539629996 0.0319899991
vt 0.554350019 0.0319899991
vt 0.539629996 0.08587999639999999
vt 0.524909973 0.08587999639999999
vt 0.539629996 0.0319899991
vt 0.539629996 0.08587999639999999
vt 0.524909973 0.0319899991
vt 0.539629996 0.0319899991
vt 0.524909973 0.08587999639999999
vt 0.51019001 0.08587999639999999
vt 0.524909973 0.0319899991
vt 0.524909973 0.08587999639999999
vt 0.51019001 0.0319899991
vt 0.524909973 0.0319899991
vt 0.51019001 0.08587999639999999
vt 0.495469987 0.08587999639999999
vt 0.51019001 0.0319899991
vt 0.51019001 0.08587999639999999
vt 0.495469987 0.0319899991
vt 0.51019001 0.0319899991
vt 0.495469987 0.08587999639999999
vt 0.480749995 0.08587999639999999
vt 0.495469987 0.0319899991
vt 0.495469987 0.08587999639999999
vt 0.480749995 0.0319899991
vt 0.495469987 0.0319899991
vt 0.480749995 0.08587999639999999
vt 0.466030002 0.08587999639999999
vt 0.480749995 0.0319899991
vt 0.480749995 0.08587999639999999
vt 0.466030002 0.0319899991
vt 0.480749995 0.0319899991
vt 0.466030002 0.08587999639999999
vt 0.451310009 0.08587999639999999
vt 0.466030002 0.0319899991
vt 0.466030002 0.08587999639999999
vt 0.451310009 0.0319899991
vt 0.466030002 0.0319899991
vt 0.451310009 0.08587999639999999
vt 0.523890018 0.11074999699999999
vt 0.531870008 0.10080999899999998
vt 0.531870008 0.11074999699999999
vt 0.523890018 0.10080999899999998
vt 0.531870008 0.10080999899999998
vt 0.523890018 0.11074999699999999
vt 0.515910029 0.11074999699999999
vt 0.523890018 0.10080999899999998
vt 0.523890018 0.11074999699999999
vt 0.515910029 0.10080999899999998
vt 0.523890018 0.10080999899999998
vt 0.515910029 0.11074999699999999
vt 0.507920027 0.11074999699999999
vt 0.515910029 0.10080999899999998
vt 0.515910029 0.11074999699999999
vt 0.507920027 0.10080999899999998
vt 0.515910029 0.10080999899999998
vt 0.507920027 0.11074999699999999
vt 0.499940008 0.11074999699999999
vt 0.507920027 0.10080999899999998
vt 0.507920027 0.11074999699999999
vt 0.499940008 0.10080999899999998
vt 0.507920027 0.10080999899999998
vt 0.499940008 0.11074999699999999
vt 0.491950005 0.11074999699999999
vt 0.499940008 0.10080999899999998
vt 0.499940008 0.11074999699999999
vt 0.491950005 0.10080999899999998
vt 0.499940008 0.10080999899999998
vt 0.491950005 0.11074999699999999
vt 0.483969986 0.11074999699999999
vt 0.491950005 0.10080999899999998
vt 0.491950005 0.11074999699999999
vt 0.483969986 0.10080999899999998
vt 0.491950005 0.10080999899999998
vt 0.483969986 0.11074999699999999
vt 0.475980014 0.11074999699999999
vt 0.483969986 0.10080999899999998
vt 0.483969986 0.11074999699999999
vt 0.475980014 0.10080999899999998
vt 0.483969986 0.10080999899999998
vt 0.475980014 0.11074999699999999
vt 0.467999995 0.11074999699999999
vt 0.475980014 0.10080999899999998
vt 0.475980014 0.11074999699999999
vt 0.467999995 0.10080999899999998
vt 0.475980014 0.10080999899999998
vt 0.467999995 0.11074999699999999
vt 0.523890018 0.11074999699999999
vt 0.531870008 0.10080999899999998
vt 0.531870008 0.11074999699999999
vt 0.523890018 0.10080999899999998
vt 0.531870008 0.10080999899999998
vt 0.523890018 0.11074999699999999
vt 0.515910029 0.11074999699999999
vt 0.523890018 0.10080999899999998
vt 0.523890018 0.11074999699999999
vt 0.515910029 0.10080999899999998
vt 0.523890018 0.10080999899999998
vt 0.515910029 0.11074999699999999
vt 0.507920027 0.11074999699999999
vt 0.515910029 0.10080999899999998
vt 0.515910029 0.11074999699999999
vt 0.507920027 0.10080999899999998
vt 0.515910029 0.10080999899999998
vt 0.507920027 0.11074999699999999
vt 0.499940008 0.11074999699999999
vt 0.507920027 0.10080999899999998
vt 0.507920027 0.11074999699999999
vt 0.499940008 0.10080999899999998
vt 0.507920027 0.10080999899999998
vt 0.499940008 0.11074999699999999
vt 0.491950005 0.11074999699999999
vt 0.499940008 0.10080999899999998
vt 0.499940008 0.11074999699999999
vt 0.491950005 0.10080999899999998
vt 0.499940008 0.10080999899999998
vt 0.491950005 0.11074999699999999
vt 0.483969986 0.11074999699999999
vt 0.491950005 0.10080999899999998
vt 0.491950005 0.11074999699999999
vt 0.483969986 0.10080999899999998
vt 0.491950005 0.10080999899999998
vt 0.483969986 0.11074999699999999
vt 0.475980014 0.11074999699999999
vt 0.483969986 0.10080999899999998
vt 0.483969986 0.11074999699999999
vt 0.475980014 0.10080999899999998
vt 0.483969986 0.10080999899999998
vt 0.475980014 0.11074999699999999
vt 0.467999995 0.11074999699999999
vt 0.475980014 0.10080999899999998
vt 0.475980014 0.11074999699999999
vt 0.467999995 0.10080999899999998
vt 0.475980014 0.10080999899999998
vt 0.467999995 0.11074999699999999
vt 0.77828002 0.621500015
vt 0.653890014 0.625020027
vt 0.658249974 0.619870007
vt 0.782069981 0.626850009
vt 0.653890014 0.625020027
vt 0.77828002 0.621500015
vt 0.779330015 0.621490002
vt 0.782069981 0.626850009
vt 0.77828002 0.621500015
vt 0.783200026 0.626839995
vt 0.782069981 0.626850009
vt 0.779330015 0.621490002
vt 0.630569994 0.746770024
vt 0.630569994 0.756179988
vt 0.625750005 0.746770024
vt 0.625750005 0.746770024
vt 0.630569994 0.756179988
vt 0.625750005 0.756179988
vt 0.630569994 0.756179988
vt 0.630569994 0.761690021
vt 0.625750005 0.756179988
vt 0.625750005 0.756179988
vt 0.630569994 0.761690021
vt 0.625750005 0.761690021
vt 0.630569994 0.761690021
vt 0.630569994 0.766219974
vt 0.625750005 0.761690021
vt 0.625750005 0.761690021
vt 0.630569994 0.766219974
vt 0.625750005 0.766219974
vt 0.625750005 0.766219974
vt 0.630569994 0.766219974
vt 0.625750005 0.767379999
vt 0.625750005 0.767379999
vt 0.630569994 0.766219974
vt 0.630569994 0.767379999
vt 0.625750005 0.767379999
vt 0.630569994 0.767379999
vt 0.625750005 0.768620014
vt 0.625750005 0.768620014
vt 0.630569994 0.767379999
vt 0.630569994 0.768620014
vt 0.625750005 0.768620014
vt 0.630569994 0.768620014
vt 0.625750005 0.769760013
vt 0.625750005 0.769760013
vt 0.630569994 0.768620014
vt 0.630569994 0.769760013
vt 0.625750005 0.769760013
vt 0.630569994 0.769760013
vt 0.625750005 0.770319998
vt 0.625750005 0.770319998
vt 0.630569994 0.769760013
vt 0.630569994 0.770319998
vt 0.625750005 0.770319998
vt 0.630569994 0.770319998
vt 0.625750005 0.771369994
vt 0.625750005 0.771369994
vt 0.630569994 0.770319998
vt 0.630569994 0.771369994
vt 0.625750005 0.771369994
vt 0.630569994 0.771369994
vt 0.625750005 0.772549987
vt 0.625750005 0.772549987
vt 0.630569994 0.771369994
vt 0.630569994 0.772549987
vt 0.625750005 0.772549987
vt 0.630569994 0.772549987
vt 0.625750005 0.773829997
vt 0.625750005 0.773829997
vt 0.630569994 0.772549987
vt 0.630569994 0.773829997
vt 0.625750005 0.773829997
vt 0.630569994 0.773829997
vt 0.625750005 0.774900019
vt 0.625750005 0.774900019
vt 0.630569994 0.773829997
vt 0.630569994 0.774900019
vt 0.625750005 0.774900019
vt 0.630569994 0.774900019
vt 0.625750005 0.775770009
vt 0.625750005 0.775770009
vt 0.630569994 0.774900019
vt 0.630569994 0.775770009
vt 0.645039976 0.746770024
vt 0.645039976 0.756179988
vt 0.640209973 0.746770024
vt 0.640209973 0.746770024
vt 0.645039976 0.756179988
vt 0.640209973 0.756179988
vt 0.645039976 0.756179988
vt 0.645039976 0.761690021
vt 0.640209973 0.756179988
vt 0.640209973 0.756179988
vt 0.645039976 0.761690021
vt 0.640209973 0.761690021
vt 0.645039976 0.761690021
vt 0.645039976 0.766219974
vt 0.640209973 0.761690021
vt 0.640209973 0.761690021
vt 0.645039976 0.766219974
vt 0.640209973 0.766219974
vt 0.645039976 0.766219974
vt 0.645039976 0.767379999
vt 0.640209973 0.766219974
vt 0.640209973 0.766219974
vt 0.645039976 0.767379999
vt 0.640209973 0.767379999
vt 0.645039976 0.767379999
vt 0.645039976 0.768620014
vt 0.640209973 0.767379999
vt 0.640209973 0.767379999
vt 0.645039976 0.768620014
vt 0.640209973 0.768620014
vt 0.645039976 0.768620014
vt 0.645039976 0.769760013
vt 0.640209973 0.768620014
vt 0.640209973 0.768620014
vt 0.645039976 0.769760013
vt 0.640209973 0.769760013
vt 0.645039976 0.769760013
vt 0.645039976 0.770319998
vt 0.640209973 0.769760013
vt 0.640209973 0.769760013
vt 0.645039976 0.770319998
vt 0.640209973 0.770319998
vt 0.640209973 0.770319998
vt 0.645039976 0.770319998
vt 0.640209973 0.771369994
vt 0.640209973 0.771369994
vt 0.645039976 0.770319998
vt 0.645039976 0.771369994
vt 0.640209973 0.771369994
vt 0.645039976 0.771369994
vt 0.640209973 0.772549987
vt 0.640209973 0.772549987
vt 0.645039976 0.771369994
vt 0.645039976 0.772549987
vt 0.640209973 0.772549987
vt 0.645039976 0.772549987
vt 0.640209973 0.773829997
vt 0.640209973 0.773829997
vt 0.645039976 0.772549987
vt 0.645039976 0.773829997
vt 0.640209973 0.773829997
vt 0.645039976 0.773829997
vt 0.640209973 0.774900019
vt 0.640209973 0.774900019
vt 0.645039976 0.773829997
vt 0.645039976 0.774900019
vt 0.645039976 0.774900019
vt 0.645039976 0.775770009
vt 0.640209973 0.774900019
vt 0.640209973 0.774900019
vt 0.645039976 0.775770009
vt 0.640209973 0.775770009
vt 0.123410001 0.816720009
vt 0.102669999 0.816969991
vt 0.121610001 0.634119987
vt 0.121610001 0.634119987
vt 0.102669999 0.816969991
vt 0.0952600017 0.811580002
vt 0.121610001 0.634119987
vt 0.0952600017 0.811580002
vt 0.0738399997 0.634429991
vt 0.0738399997 0.634429991
vt 0.0952600017 0.811580002
vt 0.0746299997 0.811850011
vt 0.0587799996 0.811770022
vt 0.0738399997 0.634429991
vt 0.0746299997 0.811850011
vt 0.0260700006 0.634519994
vt 0.0738399997 0.634429991
vt 0.0587799996 0.811770022
vt 0.0260700006 0.634519994
vt 0.0587799996 0.811770022
vt 0.04978 0.817200005
vt 0.0259000007 0.817120016
vt 0.0260700006 0.634519994
vt 0.04978 0.817200005
vt 0.229699999 0.4007799919999999
vt 0.231299996 0.872349977
vt 0.209629998 0.400860012
vt 0.209629998 0.400860012
vt 0.231299996 0.872349977
vt 0.212809995 0.872420013
vt 0.209629998 0.400860012
vt 0.212809995 0.872420013
vt 0.202480003 0.400900006
vt 0.202480003 0.400900006
vt 0.212809995 0.872420013
vt 0.204050004 0.872470021
vt 0.204050004 0.872470021
vt 0.184029996 0.872550011
vt 0.202480003 0.400900006
vt 0.202480003 0.400900006
vt 0.184029996 0.872550011
vt 0.182439998 0.400979996
vt 0.184029996 0.872550011
vt 0.167160004 0.40103998799999996
vt 0.182439998 0.400979996
vt 0.168779999 0.872600019
vt 0.167160004 0.40103998799999996
vt 0.184029996 0.872550011
vt 0.158539996 0.87263
vt 0.167160004 0.40103998799999996
vt 0.168779999 0.872600019
vt 0.158539996 0.40105998500000006
vt 0.167160004 0.40103998799999996
vt 0.158539996 0.87263
vt 0.136889994 0.87270999
vt 0.158539996 0.40105998500000006
vt 0.158539996 0.87263
vt 0.135299996 0.401149988
vt 0.158539996 0.40105998500000006
vt 0.136889994 0.87270999
vt 0.241119996 0.394120008
vt 0.27790001 0.394120008
vt 0.241119996 0.41205999299999996
vt 0.246590003 0.42050001000000004
vt 0.241119996 0.41205999299999996
vt 0.27790001 0.394120008
vt 0.27790001 0.394120008
vt 0.27790001 0.43992999199999994
vt 0.246590003 0.42050001000000004
vt 0.246590003 0.42050001000000004
vt 0.27790001 0.43992999199999994
vt 0.246910006 0.43992999199999994
vt 0.246910006 0.43992999199999994
vt 0.27790001 0.43992999199999994
vt 0.246590003 0.45473998800000004
vt 0.246590003 0.45473998800000004
vt 0.27790001 0.43992999199999994
vt 0.27790001 0.48574998999999996
vt 0.246590003 0.45473998800000004
vt 0.27790001 0.48574998999999996
vt 0.241119996 0.4647400079999999
vt 0.241119996 0.48574998999999996
vt 0.241119996 0.4647400079999999
vt 0.27790001 0.48574998999999996
vt 0.819389999 0.972389996
vt 0.804579973 0.942420006
vt 0.819410026 0.943109989
vt 0.804589987 0.973070025
vt 0.804579973 0.942420006
vt 0.819389999 0.972389996
vt 0.804589987 0.973070025
vt 0.793940008 0.941980004
vt 0.804579973 0.942420006
vt 0.793929994 0.973510027
vt 0.793940008 0.941980004
vt 0.804589987 0.973070025
vt 0.773649991 0.973519981
vt 0.793940008 0.941980004
vt 0.793929994 0.973510027
vt 0.773649991 0.941980004
vt 0.793940008 0.941980004
vt 0.773649991 0.973519981
vt 0.753440022 0.973590016
vt 0.773649991 0.941980004
vt 0.773649991 0.973519981
vt 0.753440022 0.941910028
vt 0.773649991 0.941980004
vt 0.753440022 0.973590016
vt 0.733080029 0.973760009
vt 0.753440022 0.941910028
vt 0.753440022 0.973590016
vt 0.733080029 0.94174999
vt 0.753440022 0.941910028
vt 0.733080029 0.973760009
vt 0.712440014 0.974020004
vt 0.733080029 0.94174999
vt 0.733080029 0.973760009
vt 0.71243 0.941489995
vt 0.733080029 0.94174999
vt 0.712440014 0.974020004
vt 0.71243 0.941489995
vt 0.712440014 0.974020004
vt 0.70043999 0.941389978
vt 0.70043999 0.941389978
vt 0.712440014 0.974020004
vt 0.70043999 0.974120021
vt 0.70043999 0.941389978
vt 0.70043999 0.974120021
vt 0.686160028 0.941179991
vt 0.686160028 0.941179991
vt 0.70043999 0.974120021
vt 0.686160028 0.974330008
vt 0.849699974 0.939499974
vt 0.864250004 0.969550014
vt 0.849730015 0.968869984
vt 0.86421001 0.938790023
vt 0.864250004 0.969550014
vt 0.849699974 0.939499974
vt 0.86421001 0.938790023
vt 0.874199986 0.970049977
vt 0.864250004 0.969550014
vt 0.87421 0.938269973
vt 0.874199986 0.970049977
vt 0.86421001 0.938790023
vt 0.87421 0.938269973
vt 0.894810021 0.93829
vt 0.874199986 0.970049977
vt 0.874199986 0.970049977
vt 0.894810021 0.93829
vt 0.894829988 0.970040023
vt 0.894810021 0.93829
vt 0.915329993 0.938250005
vt 0.894829988 0.970040023
vt 0.894829988 0.970040023
vt 0.915329993 0.938250005
vt 0.915390015 0.970019996
vt 0.915329993 0.938250005
vt 0.936029971 0.938180029
vt 0.915390015 0.970019996
vt 0.915390015 0.970019996
vt 0.936029971 0.938180029
vt 0.936060011 0.970009983
vt 0.936029971 0.938180029
vt 0.956870019 0.93809998
vt 0.936060011 0.970009983
vt 0.936060011 0.970009983
vt 0.956870019 0.93809998
vt 0.956870019 0.970099986
vt 0.956870019 0.970099986
vt 0.956870019 0.93809998
vt 0.968159974 0.970080018
vt 0.968159974 0.970080018
vt 0.956870019 0.93809998
vt 0.968079984 0.938120008
vt 0.968159974 0.970080018
vt 0.968079984 0.938120008
vt 0.981469989 0.970049977
vt 0.981469989 0.970049977
vt 0.968079984 0.938120008
vt 0.981410027 0.938130021
vt 0.614080012 0.955959976
vt 0.616639972 0.946420014
vt 0.616639972 0.965510011
vt 0.616639972 0.946420014
vt 0.623619974 0.939440012
vt 0.616639972 0.965510011
vt 0.616639972 0.965510011
vt 0.623619974 0.939440012
vt 0.623619974 0.972490013
vt 0.633159995 0.936879992
vt 0.623619974 0.972490013
vt 0.623619974 0.939440012
vt 0.633159995 0.975049973
vt 0.623619974 0.972490013
vt 0.633159995 0.936879992
vt 0.633159995 0.936879992
vt 0.642700016 0.939440012
vt 0.633159995 0.975049973
vt 0.633159995 0.975049973
vt 0.642700016 0.939440012
vt 0.642700016 0.972490013
vt 0.649689972 0.946420014
vt 0.642700016 0.972490013
vt 0.642700016 0.939440012
vt 0.649689972 0.965510011
vt 0.642700016 0.972490013
vt 0.649689972 0.946420014
vt 0.649689972 0.965510011
vt 0.649689972 0.946420014
vt 0.652239978 0.955959976
vt 0.688939989 0.80260998
vt 0.688939989 0.819490016
vt 0.686680019 0.811049998
vt 0.688939989 0.80260998
vt 0.695119977 0.796440005
vt 0.688939989 0.819490016
vt 0.688939989 0.819490016
vt 0.695119977 0.796440005
vt 0.695119977 0.825670004
vt 0.703559995 0.794179976
vt 0.695119977 0.825670004
vt 0.695119977 0.796440005
vt 0.703559995 0.827929974
vt 0.695119977 0.825670004
vt 0.703559995 0.794179976
vt 0.703559995 0.794179976
vt 0.712000012 0.796440005
vt 0.703559995 0.827929974
vt 0.703559995 0.827929974
vt 0.712000012 0.796440005
vt 0.712000012 0.825670004
vt 0.718169987 0.80260998
vt 0.712000012 0.825670004
vt 0.712000012 0.796440005
vt 0.718169987 0.819490016
vt 0.712000012 0.825670004
vt 0.718169987 0.80260998
vt 0.72043997 0.811049998
vt 0.718169987 0.819490016
vt 0.718169987 0.80260998
vt 0.714869976 0.922930002
vt 0.716319978 0.917509973
vt 0.716319978 0.928349972
vt 0.716319978 0.917509973
vt 0.720290005 0.913550019
vt 0.716319978 0.928349972
vt 0.716319978 0.928349972
vt 0.720290005 0.913550019
vt 0.720290005 0.932319999
vt 0.725709975 0.912100017
vt 0.720290005 0.932319999
vt 0.720290005 0.913550019
vt 0.725709975 0.933770001
vt 0.720290005 0.932319999
vt 0.725709975 0.912100017
vt 0.725709975 0.912100017
vt 0.731130004 0.913550019
vt 0.725709975 0.933770001
vt 0.725709975 0.933770001
vt 0.731130004 0.913550019
vt 0.731130004 0.932319999
vt 0.735090017 0.917509973
vt 0.731130004 0.932319999
vt 0.731130004 0.913550019
vt 0.735090017 0.928349972
vt 0.731130004 0.932319999
vt 0.735090017 0.917509973
vt 0.735090017 0.928349972
vt 0.735090017 0.917509973
vt 0.73654002 0.922930002
vt 0.940840006 0.74950999
vt 0.940840006 0.754819989
vt 0.940129995 0.752170026
vt 0.940840006 0.74950999
vt 0.942780018 0.747569978
vt 0.940840006 0.754819989
vt 0.940840006 0.754819989
vt 0.942780018 0.747569978
vt 0.942780018 0.756760001
vt 0.945429981 0.746860027
vt 0.942780018 0.756760001
vt 0.942780018 0.747569978
vt 0.945429981 0.757470012
vt 0.942780018 0.756760001
vt 0.945429981 0.746860027
vt 0.945429981 0.746860027
vt 0.948090017 0.747569978
vt 0.945429981 0.757470012
vt 0.945429981 0.757470012
vt 0.948090017 0.747569978
vt 0.948090017 0.756760001
vt 0.950030029 0.74950999
vt 0.948090017 0.756760001
vt 0.948090017 0.747569978
vt 0.950030029 0.754819989
vt 0.948090017 0.756760001
vt 0.950030029 0.74950999
vt 0.95073998 0.752170026
vt 0.950030029 0.754819989
vt 0.950030029 0.74950999
vt 0.111919999 0.848450005
vt 0.12816 0.832199991
vt 0.128059998 0.895929992
vt 0.108039998 0.867950022
vt 0.111919999 0.848450005
vt 0.128059998 0.895929992
vt 0.11575 0.886269987
vt 0.108039998 0.867950022
vt 0.128059998 0.895929992
vt 0.129570007 0.96608001
vt 0.11338 0.949899971
vt 0.129419997 0.902610004
vt 0.11338 0.949899971
vt 0.109499998 0.930490017
vt 0.129419997 0.902610004
vt 0.109499998 0.930490017
vt 0.117169999 0.912240028
vt 0.129419997 0.902610004
vt 0.371069998 0.926129997
vt 0.371069998 0.95796001
vt 0.433890015 0.926129997
vt 0.433890015 0.926129997
vt 0.371069998 0.95796001
vt 0.433890015 0.95796001
vt 0.433890015 0.926129997
vt 0.433890015 0.95796001
vt 0.481169999 0.926129997
vt 0.481169999 0.926129997
vt 0.433890015 0.95796001
vt 0.481169999 0.95796001
vt 0.481169999 0.926129997
vt 0.481169999 0.95796001
vt 0.542949975 0.926129997
vt 0.542949975 0.926129997
vt 0.481169999 0.95796001
vt 0.542949975 0.95796001
vt 0.542949975 0.926129997
vt 0.542949975 0.95796001
vt 0.582229972 0.926129997
vt 0.582229972 0.926129997
vt 0.542949975 0.95796001
vt 0.582229972 0.95796001
vt 0.111919999 0.848450005
vt 0.128059998 0.895929992
vt 0.12816 0.832199991
vt 0.108039998 0.867950022
vt 0.128059998 0.895929992
vt 0.111919999 0.848450005
vt 0.11575 0.886269987
vt 0.128059998 0.895929992
vt 0.108039998 0.867950022
vt 0.129570007 0.96608001
vt 0.129419997 0.902610004
vt 0.11338 0.949899971
vt 0.11338 0.949899971
vt 0.129419997 0.902610004
vt 0.109499998 0.930490017
vt 0.109499998 0.930490017
vt 0.129419997 0.902610004
vt 0.117169999 0.912240028
vt 0.283829987 0.27900999800000004
vt 0.273389995 0.27900999800000004
vt 0.278609991 0.277610004
vt 0.287649989 0.28283
vt 0.273389995 0.27900999800000004
vt 0.283829987 0.27900999800000004
vt 0.269569993 0.28283
vt 0.273389995 0.27900999800000004
vt 0.287649989 0.28283
vt 0.289050013 0.28804999600000003
vt 0.269569993 0.28283
vt 0.287649989 0.28283
vt 0.268169999 0.28804999600000003
vt 0.269569993 0.28283
vt 0.289050013 0.28804999600000003
vt 0.287649989 0.2932699919999999
vt 0.268169999 0.28804999600000003
vt 0.289050013 0.28804999600000003
vt 0.269569993 0.2932699919999999
vt 0.268169999 0.28804999600000003
vt 0.287649989 0.2932699919999999
vt 0.287649989 0.2932699919999999
vt 0.283829987 0.297089994
vt 0.269569993 0.2932699919999999
vt 0.269569993 0.2932699919999999
vt 0.283829987 0.297089994
vt 0.273389995 0.297089994
vt 0.273389995 0.297089994
vt 0.283829987 0.297089994
vt 0.278609991 0.29848998800000004
vt 0.429930001 0.274890006
vt 0.402969986 0.274890006
vt 0.416449994 0.271279991
vt 0.429930001 0.274890006
vt 0.43979001 0.28475001499999997
vt 0.402969986 0.274890006
vt 0.402969986 0.274890006
vt 0.43979001 0.28475001499999997
vt 0.393099993 0.28475001499999997
vt 0.443410009 0.298229992
vt 0.393099993 0.28475001499999997
vt 0.43979001 0.28475001499999997
vt 0.389490008 0.298229992
vt 0.393099993 0.28475001499999997
vt 0.443410009 0.298229992
vt 0.43979001 0.31170999999999993
vt 0.389490008 0.298229992
vt 0.443410009 0.298229992
vt 0.393099993 0.31170999999999993
vt 0.389490008 0.298229992
vt 0.43979001 0.31170999999999993
vt 0.43979001 0.31170999999999993
vt 0.429930001 0.32157999300000006
vt 0.393099993 0.31170999999999993
vt 0.393099993 0.31170999999999993
vt 0.429930001 0.32157999300000006
vt 0.402969986 0.32157999300000006
vt 0.416449994 0.325190008
vt 0.402969986 0.32157999300000006
vt 0.429930001 0.32157999300000006
vt 0.0538400002 0.309749991
vt 0.0603699982 0.38374999200000004
vt 0.0538400002 0.38374999200000004
vt 0.0603699982 0.309749991
vt 0.0603699982 0.38374999200000004
vt 0.0538400002 0.309749991
vt 0.0603699982 0.309749991
vt 0.0792300031 0.38374999200000004
vt 0.0603699982 0.38374999200000004
vt 0.0792300031 0.309749991
vt 0.0792300031 0.38374999200000004
vt 0.0603699982 0.309749991
vt 0.0792300031 0.309749991
vt 0.116619997 0.309749991
vt 0.0792300031 0.38374999200000004
vt 0.0792300031 0.38374999200000004
vt 0.116619997 0.309749991
vt 0.116619997 0.38374999200000004
vt 0.116619997 0.309749991
vt 0.135250002 0.309749991
vt 0.116619997 0.38374999200000004
vt 0.116619997 0.38374999200000004
vt 0.135250002 0.309749991
vt 0.135250002 0.38374999200000004
vt 0.135250002 0.309749991
vt 0.153999999 0.309749991
vt 0.135250002 0.38374999200000004
vt 0.135250002 0.38374999200000004
vt 0.153999999 0.309749991
vt 0.153999999 0.38374999200000004
vt 0.153999999 0.309749991
vt 0.172729999 0.309749991
vt 0.153999999 0.38374999200000004
vt 0.153999999 0.38374999200000004
vt 0.172729999 0.309749991
vt 0.172729999 0.38374999200000004
vt 0.172729999 0.309749991
vt 0.191239998 0.309749991
vt 0.172729999 0.38374999200000004
vt 0.172729999 0.38374999200000004
vt 0.191239998 0.309749991
vt 0.191239998 0.38374999200000004
vt 0.191239998 0.309749991
vt 0.230920002 0.309749991
vt 0.191239998 0.38374999200000004
vt 0.191239998 0.38374999200000004
vt 0.230920002 0.309749991
vt 0.230920002 0.38374999200000004
vt 0.230920002 0.38374999200000004
vt 0.230920002 0.309749991
vt 0.249699995 0.38374999200000004
vt 0.249699995 0.38374999200000004
vt 0.230920002 0.309749991
vt 0.249699995 0.309749991
vt 0.249699995 0.38374999200000004
vt 0.249699995 0.309749991
vt 0.25613001 0.38374999200000004
vt 0.25613001 0.38374999200000004
vt 0.249699995 0.309749991
vt 0.25613001 0.309749991
vt 0.410340011 0.34534001400000003
vt 0.409590006 0.34907999599999995
vt 0.386319995 0.349130005
vt 0.410340011 0.34534001400000003
vt 0.386319995 0.349130005
vt 0.397920012 0.339210004
vt 0.397920012 0.339210004
vt 0.386319995 0.349130005
vt 0.38854 0.3389500080000001
vt 0.397920012 0.339210004
vt 0.38854 0.3389500080000001
vt 0.391070008 0.317770004
vt 0.391070008 0.317770004
vt 0.38854 0.3389500080000001
vt 0.386739999 0.31911999
vt 0.378089994 0.31191000299999994
vt 0.391070008 0.317770004
vt 0.386739999 0.31911999
vt 0.380800009 0.30950999300000004
vt 0.391070008 0.317770004
vt 0.378089994 0.31191000299999994
vt 0.36451 0.309410006
vt 0.380800009 0.30950999300000004
vt 0.378089994 0.31191000299999994
vt 0.364890009 0.3065400119999999
vt 0.380800009 0.30950999300000004
vt 0.36451 0.309410006
vt 0.349640012 0.312169999
vt 0.364890009 0.3065400119999999
vt 0.36451 0.309410006
vt 0.34762001 0.309619993
vt 0.364890009 0.3065400119999999
vt 0.349640012 0.312169999
vt 0.34762001 0.309619993
vt 0.349640012 0.312169999
vt 0.333530009 0.317880005
vt 0.333530009 0.317880005
vt 0.349640012 0.312169999
vt 0.337359995 0.31966000800000005
vt 0.326169997 0.34000000399999997
vt 0.333530009 0.317880005
vt 0.337359995 0.31966000800000005
vt 0.314509988 0.3407799899999999
vt 0.333530009 0.317880005
vt 0.326169997 0.34000000399999997
vt 0.322549999 0.35126999000000003
vt 0.314509988 0.3407799899999999
vt 0.326169997 0.34000000399999997
vt 0.299380004 0.34753000700000003
vt 0.314509988 0.3407799899999999
vt 0.322549999 0.35126999000000003
vt 0.29874 0.351339996
vt 0.299380004 0.34753000700000003
vt 0.322549999 0.35126999000000003
vt 0.369370013 0.343760014
vt 0.369199991 0.3492699859999999
vt 0.347490013 0.343039989
vt 0.369199991 0.3492699859999999
vt 0.35589999 0.356209993
vt 0.347490013 0.343039989
vt 0.347490013 0.343039989
vt 0.35589999 0.356209993
vt 0.349260002 0.35582
vt 0.35589999 0.356209993
vt 0.348080009 0.38045001
vt 0.349260002 0.35582
vt 0.349260002 0.35582
vt 0.348080009 0.38045001
vt 0.344989985 0.378049999
vt 0.348080009 0.38045001
vt 0.335990012 0.38580000400000003
vt 0.344989985 0.378049999
vt 0.33743 0.38971999299999993
vt 0.335990012 0.38580000400000003
vt 0.348080009 0.38045001
vt 0.33743 0.38971999299999993
vt 0.322129995 0.39247000200000004
vt 0.335990012 0.38580000400000003
vt 0.335990012 0.38580000400000003
vt 0.322129995 0.39247000200000004
vt 0.322219998 0.3882899879999999
vt 0.322129995 0.39247000200000004
vt 0.306169987 0.388359994
vt 0.322219998 0.3882899879999999
vt 0.322219998 0.3882899879999999
vt 0.306169987 0.388359994
vt 0.307590008 0.38446998600000004
vt 0.306169987 0.388359994
vt 0.293379992 0.37854999300000003
vt 0.307590008 0.38446998600000004
vt 0.307590008 0.38446998600000004
vt 0.293379992 0.37854999300000003
vt 0.296220005 0.375539988
vt 0.293379992 0.37854999300000003
vt 0.286190003 0.3514800069999999
vt 0.296220005 0.375539988
vt 0.277310014 0.352120012
vt 0.286190003 0.3514800069999999
vt 0.293379992 0.37854999300000003
vt 0.277310014 0.352120012
vt 0.284750015 0.337819993
vt 0.286190003 0.3514800069999999
vt 0.262620002 0.34308999799999995
vt 0.284750015 0.337819993
vt 0.277310014 0.352120012
vt 0.262620002 0.34308999799999995
vt 0.262290001 0.33730998599999995
vt 0.284750015 0.337819993
vt 0.0130000003 0.383289993
vt 0.0130000003 0.37566000200000005
vt 0.0431899987 0.383289993
vt 0.0431899987 0.383289993
vt 0.0130000003 0.37566000200000005
vt 0.0432000011 0.375649989
vt 0.0130500002 0.361860007
vt 0.0432000011 0.375649989
vt 0.0130000003 0.37566000200000005
vt 0.0431400016 0.361849993
vt 0.0432000011 0.375649989
vt 0.0130500002 0.361860007
vt 0.0130500002 0.361860007
vt 0.0130700003 0.35499998899999996
vt 0.0431400016 0.361849993
vt 0.0431400016 0.361849993
vt 0.0130700003 0.35499998899999996
vt 0.0431299992 0.3550100030000001
vt 0.0130599998 0.348269999
vt 0.0431299992 0.3550100030000001
vt 0.0130700003 0.35499998899999996
vt 0.0431400016 0.348269999
vt 0.0431299992 0.3550100030000001
vt 0.0130599998 0.348269999
vt 0.0130599998 0.348269999
vt 0.0130799999 0.34154000900000003
vt 0.0431400016 0.348269999
vt 0.0431400016 0.348269999
vt 0.0130799999 0.34154000900000003
vt 0.0431200005 0.341549993
vt 0.0130799999 0.34154000900000003
vt 0.0130799999 0.334740013
vt 0.0431200005 0.341549993
vt 0.0431200005 0.341549993
vt 0.0130799999 0.334740013
vt 0.0431100018 0.334729999
vt 0.0130799999 0.334740013
vt 0.0130599998 0.321179986
vt 0.0431100018 0.334729999
vt 0.0431100018 0.334729999
vt 0.0130599998 0.321179986
vt 0.0431200005 0.321170002
vt 0.0130599998 0.31442999800000004
vt 0.0431200005 0.321170002
vt 0.0130599998 0.321179986
vt 0.0431299992 0.31442999800000004
vt 0.0431200005 0.321170002
vt 0.0130599998 0.31442999800000004
vt 0.0678900033 0.851260006
vt 0.0537599996 0.87292999
vt 0.0506599993 0.851279974
vt 0.0661500022 0.873700023
vt 0.0537599996 0.87292999
vt 0.0678900033 0.851260006
vt 0.0661500022 0.873700023
vt 0.0522300005 0.895619988
vt 0.0537599996 0.87292999
vt 0.0692799985 0.89546001
vt 0.0522300005 0.895619988
vt 0.0661500022 0.873700023
vt 0.0522300005 0.895619988
vt 0.0256999992 0.92325002
vt 0.0262400005 0.897469997
vt 0.0610200018 0.920949996
vt 0.0256999992 0.92325002
vt 0.0522300005 0.895619988
vt 0.0692799985 0.89546001
vt 0.0610200018 0.920949996
vt 0.0522300005 0.895619988
vt 0.0692799985 0.89546001
vt 0.0939500034 0.92456001
vt 0.0610200018 0.920949996
vt 0.0931700021 0.896799982
vt 0.0939500034 0.92456001
vt 0.0692799985 0.89546001
vt 0.641589999 0.4617399870000001
vt 0.645860016 0.632229984
vt 0.642030001 0.628449976
vt 0.645839989 0.456589997
vt 0.645860016 0.632229984
vt 0.641589999 0.4617399870000001
vt 0.645839989 0.456589997
vt 0.650430024 0.633409977
vt 0.645860016 0.632229984
vt 0.652249992 0.45469999299999997
vt 0.650430024 0.633409977
vt 0.645839989 0.456589997
vt 0.652249992 0.45469999299999997
vt 0.652440012 0.4619700010000001
vt 0.650430024 0.633409977
vt 0.783640027 0.45460000599999995
vt 0.652440012 0.4619700010000001
vt 0.652249992 0.45469999299999997
vt 0.652440012 0.4619700010000001
vt 0.652400017 0.628610015
vt 0.650430024 0.633409977
vt 0.783630013 0.461890012
vt 0.652440012 0.4619700010000001
vt 0.783640027 0.45460000599999995
vt 0.650430024 0.633409977
vt 0.652400017 0.628610015
vt 0.783219993 0.633419991
vt 0.783630013 0.461890012
vt 0.783640027 0.45460000599999995
vt 0.784460008 0.461870015
vt 0.783219993 0.633419991
vt 0.652400017 0.628610015
vt 0.783230007 0.628639996
vt 0.783640027 0.45460000599999995
vt 0.794130027 0.460049987
vt 0.784460008 0.461870015
vt 0.783230007 0.628639996
vt 0.784389973 0.628610015
vt 0.783219993 0.633419991
vt 0.783219993 0.633419991
vt 0.784389973 0.628610015
vt 0.793489993 0.628589988
vt 0.784389973 0.628610015
vt 0.784460008 0.461870015
vt 0.793489993 0.628589988
vt 0.793489993 0.628589988
vt 0.784460008 0.461870015
vt 0.794130027 0.460049987
vt 0.793489993 0.628589988
vt 0.794130027 0.460049987
vt 0.796809971 0.619840026
vt 0.796809971 0.619840026
vt 0.794130027 0.460049987
vt 0.796899974 0.46808999799999995
vt 0.287470013 0.48256999300000003
vt 0.287470013 0.400849998
vt 0.33555001 0.48256999300000003
vt 0.33555001 0.48256999300000003
vt 0.287470013 0.400849998
vt 0.33555001 0.400849998
vt 0.383639991 0.400849998
vt 0.33555001 0.48256999300000003
vt 0.33555001 0.400849998
vt 0.383639991 0.48256999300000003
vt 0.33555001 0.48256999300000003
vt 0.383639991 0.400849998
vt 0.617560029 0.872240007
vt 0.572660029 0.916869998
vt 0.47014001 0.913630009
vt 0.627170026 0.852209985
vt 0.617560029 0.872240007
vt 0.47014001 0.913630009
vt 0.627170026 0.852209985
vt 0.47014001 0.913630009
vt 0.628189981 0.831260026
vt 0.628189981 0.831260026
vt 0.47014001 0.913630009
vt 0.408259988 0.87638998
vt 0.611400008 0.798619986
vt 0.628189981 0.831260026
vt 0.408259988 0.87638998
vt 0.408259988 0.87638998
vt 0.609950006 0.729860008
vt 0.611400008 0.798619986
vt 0.242379993 0.875460029
vt 0.243290007 0.692319989
vt 0.408259988 0.87638998
vt 0.243290007 0.692319989
vt 0.609950006 0.729860008
vt 0.408259988 0.87638998
vt 0.243290007 0.692319989
vt 0.69174999 0.695119977
vt 0.609950006 0.729860008
vt 0.69174999 0.695119977
vt 0.69174999 0.730369985
vt 0.609950006 0.729860008
vt 0.709800005 0.872110009
vt 0.723779976 0.892159998
vt 0.709819973 0.887960017
vt 0.723760009 0.866559982
vt 0.723779976 0.892159998
vt 0.709800005 0.872110009
vt 0.723760009 0.866559982
vt 0.725109994 0.878840029
vt 0.723779976 0.892159998
vt 0.725109994 0.878840029
vt 0.730239987 0.900399983
vt 0.723779976 0.892159998
vt 0.730229974 0.857259989
vt 0.725109994 0.878840029
vt 0.723760009 0.866559982
vt 0.725109994 0.878840029
vt 0.735000014 0.897679985
vt 0.730239987 0.900399983
vt 0.730229974 0.857259989
vt 0.730270028 0.878830016
vt 0.725109994 0.878840029
vt 0.730270028 0.878830016
vt 0.735000014 0.897679985
vt 0.725109994 0.878840029
vt 0.735010028 0.859979987
vt 0.730270028 0.878830016
vt 0.730229974 0.857259989
vt 0.735000014 0.897679985
vt 0.730270028 0.878830016
vt 0.735010028 0.859979987
vt 0.745540023 0.841340005
vt 0.735010028 0.859979987
vt 0.730229974 0.857259989
vt 0.735000014 0.897679985
vt 0.748329997 0.911499977
vt 0.730239987 0.900399983
vt 0.730239987 0.900399983
vt 0.748329997 0.911499977
vt 0.745549977 0.916320026
vt 0.735010028 0.859979987
vt 0.748340011 0.846159995
vt 0.735000014 0.897679985
vt 0.748340011 0.846159995
vt 0.735010028 0.859979987
vt 0.745540023 0.841340005
vt 0.735000014 0.897679985
vt 0.748340011 0.846159995
vt 0.748329997 0.911499977
vt 0.766539991 0.835529983
vt 0.748340011 0.846159995
vt 0.745540023 0.841340005
vt 0.748329997 0.911499977
vt 0.766569972 0.916559994
vt 0.745549977 0.916320026
vt 0.745549977 0.916320026
vt 0.766569972 0.916559994
vt 0.766550004 0.922129989
vt 0.766569972 0.841099977
vt 0.748329997 0.911499977
vt 0.748340011 0.846159995
vt 0.766569972 0.841099977
vt 0.748340011 0.846159995
vt 0.766539991 0.835529983
vt 0.766569972 0.916559994
vt 0.748329997 0.911499977
vt 0.766569972 0.841099977
vt 0.787549973 0.841329992
vt 0.766569972 0.841099977
vt 0.766539991 0.835529983
vt 0.766569972 0.916559994
vt 0.784810007 0.911499977
vt 0.766550004 0.922129989
vt 0.766550004 0.922129989
vt 0.784810007 0.911499977
vt 0.787559986 0.91632998
vt 0.766569972 0.841099977
vt 0.784810007 0.846159995
vt 0.766569972 0.916559994
vt 0.784810007 0.846159995
vt 0.766569972 0.841099977
vt 0.787549973 0.841329992
vt 0.766569972 0.916559994
vt 0.784810007 0.846159995
vt 0.784810007 0.911499977
vt 0.802860022 0.857259989
vt 0.784810007 0.846159995
vt 0.787549973 0.841329992
vt 0.784810007 0.911499977
vt 0.798129976 0.897679985
vt 0.787559986 0.91632998
vt 0.787559986 0.91632998
vt 0.798129976 0.897679985
vt 0.802850008 0.900390029
vt 0.798150003 0.859990001
vt 0.784810007 0.911499977
vt 0.784810007 0.846159995
vt 0.798129976 0.897679985
vt 0.784810007 0.911499977
vt 0.798150003 0.859990001
vt 0.798150003 0.859990001
vt 0.784810007 0.846159995
vt 0.802860022 0.857259989
vt 0.798129976 0.897679985
vt 0.802950025 0.878830016
vt 0.802850008 0.900390029
vt 0.798129976 0.897679985
vt 0.798150003 0.859990001
vt 0.802950025 0.878830016
vt 0.802850008 0.900390029
vt 0.802950025 0.878830016
vt 0.808220029 0.878830016
vt 0.802950025 0.878830016
vt 0.798150003 0.859990001
vt 0.808220029 0.878830016
vt 0.808220029 0.878830016
vt 0.798150003 0.859990001
vt 0.802860022 0.857259989
vt 0.802850008 0.900390029
vt 0.808220029 0.878830016
vt 0.810329974 0.891709983
vt 0.808220029 0.878830016
vt 0.802860022 0.857259989
vt 0.810339987 0.866789997
vt 0.810329974 0.891709983
vt 0.808220029 0.878830016
vt 0.823109984 0.887709975
vt 0.808220029 0.878830016
vt 0.810339987 0.866789997
vt 0.823119998 0.872099996
vt 0.808220029 0.878830016
vt 0.823119998 0.872099996
vt 0.823109984 0.887709975
vt 0.749289989 0.82555002
vt 0.764490008 0.803960025
vt 0.764490008 0.821049988
vt 0.749289989 0.798009992
vt 0.764490008 0.803960025
vt 0.749289989 0.82555002
vt 0.747680008 0.81121999
vt 0.749289989 0.798009992
vt 0.749289989 0.82555002
vt 0.741859972 0.833829999
vt 0.747680008 0.81121999
vt 0.749289989 0.82555002
vt 0.747680008 0.81121999
vt 0.741859972 0.788609982
vt 0.749289989 0.798009992
vt 0.747680008 0.81121999
vt 0.741859972 0.833829999
vt 0.735660017 0.81121999
vt 0.731400013 0.794700027
vt 0.747680008 0.81121999
vt 0.735660017 0.81121999
vt 0.741859972 0.788609982
vt 0.747680008 0.81121999
vt 0.731400013 0.794700027
vt 0.735660017 0.81121999
vt 0.741859972 0.833829999
vt 0.731400013 0.827750027
vt 0.719780028 0.782599986
vt 0.741859972 0.788609982
vt 0.731400013 0.794700027
vt 0.741859972 0.833829999
vt 0.725950003 0.850380003
vt 0.731400013 0.827750027
vt 0.725950003 0.772059977
vt 0.741859972 0.788609982
vt 0.719780028 0.782599986
vt 0.731400013 0.827750027
vt 0.725950003 0.850380003
vt 0.719780028 0.839839995
vt 0.70389998 0.77816999
vt 0.725950003 0.772059977
vt 0.719780028 0.782599986
vt 0.725950003 0.850380003
vt 0.704219997 0.856440008
vt 0.719780028 0.839839995
vt 0.704219997 0.765999973
vt 0.725950003 0.772059977
vt 0.70389998 0.77816999
vt 0.719780028 0.839839995
vt 0.704219997 0.856440008
vt 0.70389998 0.844269991
vt 0.688009977 0.782599986
vt 0.704219997 0.765999973
vt 0.70389998 0.77816999
vt 0.704219997 0.856440008
vt 0.682489991 0.850380003
vt 0.70389998 0.844269991
vt 0.682489991 0.772059977
vt 0.704219997 0.765999973
vt 0.688009977 0.782599986
vt 0.70389998 0.844269991
vt 0.682489991 0.850380003
vt 0.688009977 0.839839995
vt 0.676389992 0.794700027
vt 0.682489991 0.772059977
vt 0.688009977 0.782599986
vt 0.682489991 0.850380003
vt 0.666589975 0.833829999
vt 0.688009977 0.839839995
vt 0.666589975 0.788609982
vt 0.682489991 0.772059977
vt 0.676389992 0.794700027
vt 0.688009977 0.839839995
vt 0.666589975 0.833829999
vt 0.676389992 0.827750027
vt 0.672129989 0.81121999
vt 0.666589975 0.788609982
vt 0.676389992 0.794700027
vt 0.666589975 0.833829999
vt 0.660759985 0.81121999
vt 0.676389992 0.827750027
vt 0.676389992 0.827750027
vt 0.660759985 0.81121999
vt 0.672129989 0.81121999
vt 0.660759985 0.81121999
vt 0.666589975 0.788609982
vt 0.672129989 0.81121999
vt 0.660759985 0.81121999
vt 0.666589975 0.833829999
vt 0.657809973 0.825089991
vt 0.666589975 0.788609982
vt 0.660759985 0.81121999
vt 0.657809973 0.798240006
vt 0.660759985 0.81121999
vt 0.657809973 0.825089991
vt 0.644029975 0.820779979
vt 0.657809973 0.798240006
vt 0.660759985 0.81121999
vt 0.644029975 0.803960025
vt 0.644029975 0.803960025
vt 0.660759985 0.81121999
vt 0.644029975 0.820779979
vt 0.783510029 0.46342998700000004
vt 0.779619992 0.468569994
vt 0.782689989 0.46345001500000005
vt 0.782689989 0.46345001500000005
vt 0.779619992 0.468569994
vt 0.778859973 0.468589991
vt 0.65842998 0.469469994
vt 0.782689989 0.46345001500000005
vt 0.778859973 0.468589991
vt 0.654079974 0.46448999599999996
vt 0.782689989 0.46345001500000005
vt 0.65842998 0.469469994
vt 0.65842998 0.469469994
vt 0.778859973 0.468589991
vt 0.658249974 0.619870007
vt 0.77828002 0.621500015
vt 0.658249974 0.619870007
vt 0.778859973 0.468589991
vt 0.779330015 0.621490002
vt 0.77828002 0.621500015
vt 0.778859973 0.468589991
vt 0.779619992 0.468569994
vt 0.779330015 0.621490002
vt 0.778859973 0.468589991
vt 0.839670002 0.856440008
vt 0.848619998 0.857219994
vt 0.837679982 0.873809993
vt 0.837679982 0.873809993
vt 0.848619998 0.857219994
vt 0.84683001 0.875519991
vt 0.848619998 0.857219994
vt 0.858020008 0.857829988
vt 0.84683001 0.875519991
vt 0.837679982 0.873809993
vt 0.84683001 0.875519991
vt 0.83513999 0.880779982
vt 0.84683001 0.875519991
vt 0.858020008 0.857829988
vt 0.856679976 0.876909971
vt 0.858020008 0.857829988
vt 0.867869973 0.858399987
vt 0.856679976 0.876909971
vt 0.83513999 0.880779982
vt 0.84683001 0.875519991
vt 0.845089972 0.88319999
vt 0.84683001 0.875519991
vt 0.856679976 0.876909971
vt 0.845089972 0.88319999
vt 0.83513999 0.880779982
vt 0.845089972 0.88319999
vt 0.831130028 0.888509989
vt 0.856679976 0.876909971
vt 0.867869973 0.858399987
vt 0.866890013 0.877960026
vt 0.867869973 0.858399987
vt 0.877889991 0.859040022
vt 0.866890013 0.877960026
vt 0.845089972 0.88319999
vt 0.856679976 0.876909971
vt 0.855620027 0.884750009
vt 0.856679976 0.876909971
vt 0.866890013 0.877960026
vt 0.855620027 0.884750009
vt 0.831130028 0.888509989
vt 0.845089972 0.88319999
vt 0.843169987 0.890770018
vt 0.845089972 0.88319999
vt 0.855620027 0.884750009
vt 0.843169987 0.890770018
vt 0.831130028 0.888509989
vt 0.843169987 0.890770018
vt 0.826370001 0.929239988
vt 0.826370001 0.929239988
vt 0.843169987 0.890770018
vt 0.838819981 0.930610001
vt 0.843169987 0.890770018
vt 0.854560018 0.892490029
vt 0.838819981 0.930610001
vt 0.843169987 0.890770018
vt 0.855620027 0.884750009
vt 0.854560018 0.892490029
vt 0.838819981 0.930610001
vt 0.854560018 0.892490029
vt 0.851130009 0.931710005
vt 0.855620027 0.884750009
vt 0.866890013 0.877960026
vt 0.866320014 0.885969996
vt 0.855620027 0.884750009
vt 0.866320014 0.885969996
vt 0.854560018 0.892490029
vt 0.854560018 0.892490029
vt 0.865670025 0.893729985
vt 0.851130009 0.931710005
vt 0.854560018 0.892490029
vt 0.866320014 0.885969996
vt 0.865670025 0.893729985
vt 0.851130009 0.931710005
vt 0.865670025 0.893729985
vt 0.863290012 0.932579994
vt 0.866890013 0.877960026
vt 0.877260029 0.878820002
vt 0.866320014 0.885969996
vt 0.866890013 0.877960026
vt 0.877889991 0.859040022
vt 0.877260029 0.878820002
vt 0.877889991 0.859040022
vt 0.887759984 0.85957998
vt 0.877260029 0.878820002
vt 0.866320014 0.885969996
vt 0.876969993 0.886839986
vt 0.865670025 0.893729985
vt 0.866320014 0.885969996
vt 0.877260029 0.878820002
vt 0.876969993 0.886839986
vt 0.865670025 0.893729985
vt 0.876659989 0.894659996
vt 0.863290012 0.932579994
vt 0.865670025 0.893729985
vt 0.876969993 0.886839986
vt 0.876659989 0.894659996
vt 0.863290012 0.932579994
vt 0.876659989 0.894659996
vt 0.875370026 0.933179975
vt 0.877260029 0.878820002
vt 0.887759984 0.85957998
vt 0.887619972 0.879299998
vt 0.877260029 0.878820002
vt 0.887619972 0.879299998
vt 0.876969993 0.886839986
vt 0.887759984 0.85957998
vt 0.897419989 0.859640002
vt 0.887619972 0.879299998
vt 0.876969993 0.886839986
vt 0.887610018 0.887390018
vt 0.876659989 0.894659996
vt 0.876969993 0.886839986
vt 0.887619972 0.879299998
vt 0.887610018 0.887390018
vt 0.876659989 0.894659996
vt 0.887539983 0.895129979
vt 0.875370026 0.933179975
vt 0.876659989 0.894659996
vt 0.887610018 0.887390018
vt 0.887539983 0.895129979
vt 0.875370026 0.933179975
vt 0.887539983 0.895129979
vt 0.887409985 0.933459997
vt 0.887619972 0.879299998
vt 0.897419989 0.859640002
vt 0.897970021 0.879320025
vt 0.887619972 0.879299998
vt 0.897970021 0.879320025
vt 0.887610018 0.887390018
vt 0.897419989 0.859640002
vt 0.907090008 0.859040022
vt 0.897970021 0.879320025
vt 0.887610018 0.887390018
vt 0.898169994 0.887380004
vt 0.887539983 0.895129979
vt 0.887610018 0.887390018
vt 0.897970021 0.879320025
vt 0.898169994 0.887380004
vt 0.887539983 0.895129979
vt 0.898389995 0.895150006
vt 0.887409985 0.933459997
vt 0.887539983 0.895129979
vt 0.898169994 0.887380004
vt 0.898389995 0.895150006
vt 0.887409985 0.933459997
vt 0.898389995 0.895150006
vt 0.899429977 0.933350027
vt 0.897970021 0.879320025
vt 0.907090008 0.859040022
vt 0.908280015 0.87875998
vt 0.897970021 0.879320025
vt 0.908280015 0.87875998
vt 0.898169994 0.887380004
vt 0.907090008 0.859040022
vt 0.91693002 0.857949972
vt 0.908280015 0.87875998
vt 0.898169994 0.887380004
vt 0.90872997 0.886829972
vt 0.898389995 0.895150006
vt 0.898169994 0.887380004
vt 0.908280015 0.87875998
vt 0.90872997 0.886829972
vt 0.898389995 0.895150006
vt 0.909200013 0.894580007
vt 0.899429977 0.933350027
vt 0.898389995 0.895150006
vt 0.90872997 0.886829972
vt 0.909200013 0.894580007
vt 0.899429977 0.933350027
vt 0.909200013 0.894580007
vt 0.911450028 0.932829976
vt 0.908280015 0.87875998
vt 0.91693002 0.857949972
vt 0.918609977 0.877699971
vt 0.908280015 0.87875998
vt 0.918609977 0.877699971
vt 0.90872997 0.886829972
vt 0.91693002 0.857949972
vt 0.926890016 0.856739998
vt 0.918609977 0.877699971
vt 0.90872997 0.886829972
vt 0.919319987 0.885760009
vt 0.909200013 0.894580007
vt 0.90872997 0.886829972
vt 0.918609977 0.877699971
vt 0.919319987 0.885760009
vt 0.909200013 0.894580007
vt 0.920059979 0.893519998
vt 0.911450028 0.932829976
vt 0.909200013 0.894580007
vt 0.919319987 0.885760009
vt 0.920059979 0.893519998
vt 0.911450028 0.932829976
vt 0.920059979 0.893519998
vt 0.923460007 0.931919992
vt 0.918609977 0.877699971
vt 0.926890016 0.856739998
vt 0.928900003 0.876290023
vt 0.918609977 0.877699971
vt 0.928900003 0.876290023
vt 0.919319987 0.885760009
vt 0.926890016 0.856739998
vt 0.936649978 0.855620027
vt 0.928900003 0.876290023
vt 0.919319987 0.885760009
vt 0.929920018 0.884270012
vt 0.920059979 0.893519998
vt 0.919319987 0.885760009
vt 0.928900003 0.876290023
vt 0.929920018 0.884270012
vt 0.920059979 0.893519998
vt 0.930980027 0.892030001
vt 0.923460007 0.931919992
vt 0.920059979 0.893519998
vt 0.929920018 0.884270012
vt 0.930980027 0.892030001
vt 0.923460007 0.931919992
vt 0.930980027 0.892030001
vt 0.935490012 0.930670023
vt 0.928900003 0.876290023
vt 0.936649978 0.855620027
vt 0.939040005 0.874610007
vt 0.928900003 0.876290023
vt 0.939040005 0.874610007
vt 0.929920018 0.884270012
vt 0.936649978 0.855620027
vt 0.945949972 0.854470015
vt 0.939040005 0.874610007
vt 0.929920018 0.884270012
vt 0.940519989 0.882470012
vt 0.930980027 0.892030001
vt 0.929920018 0.884270012
vt 0.939040005 0.874610007
vt 0.940519989 0.882470012
vt 0.930980027 0.892030001
vt 0.942030013 0.890139997
vt 0.935490012 0.930670023
vt 0.930980027 0.892030001
vt 0.940519989 0.882470012
vt 0.942030013 0.890139997
vt 0.935490012 0.930670023
vt 0.942030013 0.890139997
vt 0.947589993 0.929149985
vt 0.939040005 0.874610007
vt 0.945949972 0.854470015
vt 0.948790014 0.872640014
vt 0.939040005 0.874610007
vt 0.948790014 0.872640014
vt 0.940519989 0.882470012
vt 0.945949972 0.854470015
vt 0.954770029 0.853169978
vt 0.948790014 0.872640014
vt 0.948790014 0.872640014
vt 0.954770029 0.853169978
vt 0.957809985 0.870350003
vt 0.940519989 0.882470012
vt 0.948790014 0.872640014
vt 0.95095998 0.880240023
vt 0.948790014 0.872640014
vt 0.957809985 0.870350003
vt 0.95095998 0.880240023
vt 0.940519989 0.882470012
vt 0.95095998 0.880240023
vt 0.942030013 0.890139997
vt 0.95095998 0.880240023
vt 0.957809985 0.870350003
vt 0.960860014 0.877129972
vt 0.942030013 0.890139997
vt 0.95095998 0.880240023
vt 0.953339994 0.887809992
vt 0.95095998 0.880240023
vt 0.960860014 0.877129972
vt 0.953339994 0.887809992
vt 0.942030013 0.890139997
vt 0.953339994 0.887809992
vt 0.947589993 0.929149985
vt 0.953339994 0.887809992
vt 0.960860014 0.877129972
vt 0.96529001 0.884899974
vt 0.947589993 0.929149985
vt 0.953339994 0.887809992
vt 0.959819973 0.927370012
vt 0.953339994 0.887809992
vt 0.96529001 0.884899974
vt 0.959819973 0.927370012
vt 0.959819973 0.927370012
vt 0.96529001 0.884899974
vt 0.972169995 0.92535001
vt 0.405979991 0.13135999399999998
vt 0.416359991 0.138359994
vt 0.399989992 0.14194999600000002
vt 0.399989992 0.14194999600000002
vt 0.416359991 0.138359994
vt 0.407270014 0.14798000499999997
vt 0.399989992 0.14194999600000002
vt 0.407270014 0.14798000499999997
vt 0.393040001 0.15309999899999993
vt 0.416359991 0.138359994
vt 0.423799992 0.147019997
vt 0.407270014 0.14798000499999997
vt 0.393040001 0.15309999899999993
vt 0.407270014 0.14798000499999997
vt 0.397989988 0.15775999399999996
vt 0.407270014 0.14798000499999997
vt 0.423799992 0.147019997
vt 0.413060009 0.15572999399999998
vt 0.407270014 0.14798000499999997
vt 0.413060009 0.15572999399999998
vt 0.397989988 0.15775999399999996
vt 0.423799992 0.147019997
vt 0.429820001 0.15670999900000004
vt 0.413060009 0.15572999399999998
vt 0.397989988 0.15775999399999996
vt 0.413060009 0.15572999399999998
vt 0.40180999 0.163660005
vt 0.413060009 0.15572999399999998
vt 0.429820001 0.15670999900000004
vt 0.417019993 0.163829997
vt 0.413060009 0.15572999399999998
vt 0.417019993 0.163829997
vt 0.40180999 0.163660005
vt 0.429820001 0.15670999900000004
vt 0.434570014 0.16768999400000006
vt 0.417019993 0.163829997
vt 0.40180999 0.163660005
vt 0.417019993 0.163829997
vt 0.404460013 0.17080999900000005
vt 0.417019993 0.163829997
vt 0.434570014 0.16768999400000006
vt 0.419889987 0.17386999699999994
vt 0.417019993 0.163829997
vt 0.419889987 0.17386999699999994
vt 0.404460013 0.17080999900000005
vt 0.434570014 0.16768999400000006
vt 0.43799001 0.18031999500000007
vt 0.419889987 0.17386999699999994
vt 0.404460013 0.17080999900000005
vt 0.419889987 0.17386999699999994
vt 0.407050014 0.17845000300000002
vt 0.419889987 0.17386999699999994
vt 0.43799001 0.18031999500000007
vt 0.421820015 0.18359999399999993
vt 0.419889987 0.17386999699999994
vt 0.421820015 0.18359999399999993
vt 0.407050014 0.17845000300000002
vt 0.43799001 0.18031999500000007
vt 0.439559996 0.19344000500000003
vt 0.421820015 0.18359999399999993
vt 0.407050014 0.17845000300000002
vt 0.421820015 0.18359999399999993
vt 0.409370005 0.18663999399999998
vt 0.421820015 0.18359999399999993
vt 0.439559996 0.19344000500000003
vt 0.422930002 0.19415999900000003
vt 0.421820015 0.18359999399999993
vt 0.422930002 0.19415999900000003
vt 0.409370005 0.18663999399999998
vt 0.439559996 0.19344000500000003
vt 0.439280003 0.20659999500000004
vt 0.422930002 0.19415999900000003
vt 0.409370005 0.18663999399999998
vt 0.422930002 0.19415999900000003
vt 0.410549998 0.194700003
vt 0.422930002 0.19415999900000003
vt 0.439280003 0.20659999500000004
vt 0.422980011 0.20492999300000003
vt 0.422930002 0.19415999900000003
vt 0.422980011 0.20492999300000003
vt 0.410549998 0.194700003
vt 0.439280003 0.20659999500000004
vt 0.437180012 0.21943000000000001
vt 0.422980011 0.20492999300000003
vt 0.410549998 0.194700003
vt 0.422980011 0.20492999300000003
vt 0.410549998 0.20294000200000006
vt 0.422980011 0.20492999300000003
vt 0.437180012 0.21943000000000001
vt 0.42208001 0.21503999799999995
vt 0.422980011 0.20492999300000003
vt 0.42208001 0.21503999799999995
vt 0.410549998 0.20294000200000006
vt 0.437180012 0.21943000000000001
vt 0.433820009 0.23078000499999995
vt 0.42208001 0.21503999799999995
vt 0.410549998 0.20294000200000006
vt 0.42208001 0.21503999799999995
vt 0.409370005 0.211549997
vt 0.42208001 0.21503999799999995
vt 0.433820009 0.23078000499999995
vt 0.420130014 0.22520999600000002
vt 0.42208001 0.21503999799999995
vt 0.420130014 0.22520999600000002
vt 0.409370005 0.211549997
vt 0.433820009 0.23078000499999995
vt 0.428979993 0.24102999299999994
vt 0.420130014 0.22520999600000002
vt 0.409370005 0.211549997
vt 0.420130014 0.22520999600000002
vt 0.407680005 0.219850004
vt 0.420130014 0.22520999600000002
vt 0.428979993 0.24102999299999994
vt 0.417079985 0.23384000399999993
vt 0.420130014 0.22520999600000002
vt 0.417079985 0.23384000399999993
vt 0.407680005 0.219850004
vt 0.428979993 0.24102999299999994
vt 0.422630012 0.2505100069999999
vt 0.417079985 0.23384000399999993
vt 0.407680005 0.219850004
vt 0.417079985 0.23384000399999993
vt 0.405669987 0.22735999500000004
vt 0.417079985 0.23384000399999993
vt 0.422630012 0.2505100069999999
vt 0.412629992 0.242080003
vt 0.417079985 0.23384000399999993
vt 0.412629992 0.242080003
vt 0.405669987 0.22735999500000004
vt 0.422630012 0.2505100069999999
vt 0.41328001 0.258850008
vt 0.412629992 0.242080003
vt 0.405669987 0.22735999500000004
vt 0.412629992 0.242080003
vt 0.402040005 0.23352000100000003
vt 0.412629992 0.242080003
vt 0.41328001 0.258850008
vt 0.405750006 0.24879999499999994
vt 0.412629992 0.242080003
vt 0.405750006 0.24879999499999994
vt 0.402040005 0.23352000100000003
vt 0.402040005 0.23352000100000003
vt 0.405750006 0.24879999499999994
vt 0.39763999 0.23862999699999998
vt 0.43858999 0.022190000900000006
vt 0.436309993 0.03249000010000003
vt 0.429030001 0.017599999900000052
vt 0.429030001 0.017599999900000052
vt 0.436309993 0.03249000010000003
vt 0.426609993 0.030559999900000023
vt 0.429030001 0.017599999900000052
vt 0.426609993 0.030559999900000023
vt 0.402350008 0.014270000200000021
vt 0.436309993 0.03249000010000003
vt 0.435250014 0.043869998300000046
vt 0.426609993 0.030559999900000023
vt 0.402350008 0.014270000200000021
vt 0.426609993 0.030559999900000023
vt 0.400770009 0.027729999299999974
vt 0.426609993 0.030559999900000023
vt 0.435250014 0.043869998300000046
vt 0.425289989 0.04292999949999998
vt 0.426609993 0.030559999900000023
vt 0.425289989 0.04292999949999998
vt 0.400770009 0.027729999299999974
vt 0.435250014 0.043869998300000046
vt 0.434670001 0.05561000110000003
vt 0.425289989 0.04292999949999998
vt 0.400770009 0.027729999299999974
vt 0.425289989 0.04292999949999998
vt 0.399679989 0.04106999929999999
vt 0.425289989 0.04292999949999998
vt 0.434670001 0.05561000110000003
vt 0.424699992 0.05516999960000002
vt 0.425289989 0.04292999949999998
vt 0.424699992 0.05516999960000002
vt 0.399679989 0.04106999929999999
vt 0.434670001 0.05561000110000003
vt 0.43452999 0.06745000180000005
vt 0.424699992 0.05516999960000002
vt 0.399679989 0.04106999929999999
vt 0.424699992 0.05516999960000002
vt 0.399060011 0.0543299988
vt 0.424699992 0.05516999960000002
vt 0.43452999 0.06745000180000005
vt 0.424459994 0.06752999869999998
vt 0.424699992 0.05516999960000002
vt 0.424459994 0.06752999869999998
vt 0.399060011 0.0543299988
vt 0.43452999 0.06745000180000005
vt 0.434700012 0.07937999809999996
vt 0.424459994 0.06752999869999998
vt 0.399060011 0.0543299988
vt 0.424459994 0.06752999869999998
vt 0.398849994 0.0674600005
vt 0.424459994 0.06752999869999998
vt 0.434700012 0.07937999809999996
vt 0.424710006 0.07971999790000006
vt 0.424459994 0.06752999869999998
vt 0.424710006 0.07971999790000006
vt 0.398849994 0.0674600005
vt 0.434700012 0.07937999809999996
vt 0.435330003 0.09110999850000001
vt 0.424710006 0.07971999790000006
vt 0.398849994 0.0674600005
vt 0.424710006 0.07971999790000006
vt 0.399060011 0.0806199983
vt 0.424710006 0.07971999790000006
vt 0.435330003 0.09110999850000001
vt 0.425309986 0.09205000100000005
vt 0.424710006 0.07971999790000006
vt 0.425309986 0.09205000100000005
vt 0.399060011 0.0806199983
vt 0.435330003 0.09110999850000001
vt 0.436489999 0.10250999800000005
vt 0.425309986 0.09205000100000005
vt 0.399060011 0.0806199983
vt 0.425309986 0.09205000100000005
vt 0.399650007 0.09386999910000005
vt 0.425309986 0.09205000100000005
vt 0.436489999 0.10250999800000005
vt 0.426600009 0.10446000099999997
vt 0.425309986 0.09205000100000005
vt 0.426600009 0.10446000099999997
vt 0.399650007 0.09386999910000005
vt 0.436489999 0.10250999800000005
vt 0.438849986 0.11294999699999997
vt 0.426600009 0.10446000099999997
vt 0.399650007 0.09386999910000005
vt 0.426600009 0.10446000099999997
vt 0.400709987 0.10723000000000005
vt 0.426600009 0.10446000099999997
vt 0.438849986 0.11294999699999997
vt 0.428959996 0.11756999800000001
vt 0.426600009 0.10446000099999997
vt 0.428959996 0.11756999800000001
vt 0.400709987 0.10723000000000005
vt 0.400709987 0.10723000000000005
vt 0.428959996 0.11756999800000001
vt 0.402220011 0.12069000299999999
vt 0.496199995 0.12572999299999998
vt 0.50869 0.13093000700000001
vt 0.513809979 0.143419996
vt 0.483630002 0.130970001
vt 0.496199995 0.12572999299999998
vt 0.513809979 0.143419996
vt 0.478469998 0.14350999899999994
vt 0.483630002 0.130970001
vt 0.513809979 0.143419996
vt 0.483689994 0.156049997
vt 0.478469998 0.14350999899999994
vt 0.513809979 0.143419996
vt 0.496280015 0.16121000099999994
vt 0.483689994 0.156049997
vt 0.513809979 0.143419996
vt 0.508759975 0.15597000699999997
vt 0.496280015 0.16121000099999994
vt 0.513809979 0.143419996
vt 0.535040021 0.13030999900000007
vt 0.543990016 0.13401000200000002
vt 0.548049986 0.14271
vt 0.526090026 0.13401000200000002
vt 0.535040021 0.13030999900000007
vt 0.548049986 0.14271
vt 0.522390008 0.14295999699999995
vt 0.526090026 0.13401000200000002
vt 0.548049986 0.14271
vt 0.526090026 0.151910007
vt 0.522390008 0.14295999699999995
vt 0.548049986 0.14271
vt 0.535040021 0.15560999500000006
vt 0.526090026 0.151910007
vt 0.548049986 0.14271
vt 0.543990016 0.151910007
vt 0.535040021 0.15560999500000006
vt 0.548049986 0.14271
vt 0.535040021 0.13030999900000007
vt 0.543990016 0.13401000200000002
vt 0.548049986 0.14271
vt 0.526090026 0.13401000200000002
vt 0.535040021 0.13030999900000007
vt 0.548049986 0.14271
vt 0.522390008 0.14295999699999995
vt 0.526090026 0.13401000200000002
vt 0.548049986 0.14271
vt 0.526090026 0.151910007
vt 0.522390008 0.14295999699999995
vt 0.548049986 0.14271
vt 0.535040021 0.15560999500000006
vt 0.526090026 0.151910007
vt 0.548049986 0.14271
vt 0.543990016 0.151910007
vt 0.535040021 0.15560999500000006
vt 0.548049986 0.14271
vt 0.961570024 0.621599972
vt 0.964919984 0.471819997
vt 0.965020001 0.618390024
vt 0.961130023 0.46746000600000004
vt 0.964919984 0.471819997
vt 0.961570024 0.621599972
vt 0.96679002 0.628210008
vt 0.961570024 0.621599972
vt 0.972119987 0.624339998
vt 0.96679002 0.628210008
vt 0.961809993 0.631200016
vt 0.961570024 0.621599972
vt 0.972119987 0.624339998
vt 0.961570024 0.621599972
vt 0.965020001 0.618390024
vt 0.972119987 0.624339998
vt 0.965020001 0.618390024
vt 0.972190022 0.4660100039999999
vt 0.972190022 0.4660100039999999
vt 0.965020001 0.618390024
vt 0.964919984 0.471819997
vt 0.961130023 0.46746000600000004
vt 0.972190022 0.4660100039999999
vt 0.964919984 0.471819997
vt 0.966260016 0.460880011
vt 0.972190022 0.4660100039999999
vt 0.961130023 0.46746000600000004
vt 0.966260016 0.460880011
vt 0.961130023 0.46746000600000004
vt 0.959249973 0.4572199880000001
vt 0.961570024 0.621599972
vt 0.961809993 0.631200016
vt 0.957400024 0.62252003
vt 0.957400024 0.62252003
vt 0.961130023 0.46746000600000004
vt 0.961570024 0.621599972
vt 0.959249973 0.4572199880000001
vt 0.961130023 0.46746000600000004
vt 0.955139995 0.4660100039999999
vt 0.955139995 0.4660100039999999
vt 0.961130023 0.46746000600000004
vt 0.957400024 0.62252003
vt 0.961809993 0.631200016
vt 0.823000014 0.622720003
vt 0.957400024 0.62252003
vt 0.957400024 0.62252003
vt 0.823000014 0.622720003
vt 0.955139995 0.4660100039999999
vt 0.816299975 0.631529987
vt 0.823000014 0.622720003
vt 0.961809993 0.631200016
vt 0.822189987 0.466349989
vt 0.959249973 0.4572199880000001
vt 0.955139995 0.4660100039999999
vt 0.955139995 0.4660100039999999
vt 0.823000014 0.622720003
vt 0.822189987 0.466349989
vt 0.815410018 0.45758
vt 0.959249973 0.4572199880000001
vt 0.822189987 0.466349989
vt 0.816299975 0.631529987
vt 0.813180029 0.618820012
vt 0.823000014 0.622720003
vt 0.805119991 0.625069976
vt 0.813180029 0.618820012
vt 0.816299975 0.631529987
vt 0.805119991 0.625069976
vt 0.800890028 0.616530001
vt 0.813180029 0.618820012
vt 0.822189987 0.466349989
vt 0.823000014 0.622720003
vt 0.812219977 0.47080999600000006
vt 0.812219977 0.47080999600000006
vt 0.815410018 0.45758
vt 0.822189987 0.466349989
vt 0.812219977 0.47080999600000006
vt 0.823000014 0.622720003
vt 0.813180029 0.618820012
vt 0.804009974 0.4646700020000001
vt 0.815410018 0.45758
vt 0.812219977 0.47080999600000006
vt 0.813180029 0.618820012
vt 0.800890028 0.616530001
vt 0.810069978 0.611249983
vt 0.813180029 0.618820012
vt 0.810069978 0.611249983
vt 0.812219977 0.47080999600000006
vt 0.800890028 0.616530001
vt 0.80043 0.472550005
vt 0.810069978 0.611249983
vt 0.804009974 0.4646700020000001
vt 0.812219977 0.47080999600000006
vt 0.80043 0.472550005
vt 0.810069978 0.611249983
vt 0.80043 0.472550005
vt 0.809599996 0.477789998
vt 0.80043 0.472550005
vt 0.812219977 0.47080999600000006
vt 0.809599996 0.477789998
vt 0.812219977 0.47080999600000006
vt 0.810069978 0.611249983
vt 0.809599996 0.477789998
vt 0.619809985 0.500689983
vt 0.469170004 0.460280001
vt 0.573220015 0.455879986
vt 0.469170004 0.460280001
vt 0.619809985 0.500689983
vt 0.51493001 0.550339997
vt 0.51493001 0.550339997
vt 0.619809985 0.500689983
vt 0.629930019 0.521560013
vt 0.51493001 0.550339997
vt 0.629930019 0.521560013
vt 0.631089985 0.543839991
vt 0.51493001 0.550339997
vt 0.631089985 0.543839991
vt 0.613940001 0.578270018
vt 0.51493001 0.550339997
vt 0.613940001 0.578270018
vt 0.51631999 0.575020015
vt 0.432929993 0.562520027
vt 0.469170004 0.460280001
vt 0.51493001 0.550339997
vt 0.613940001 0.578270018
vt 0.610249996 0.648769975
vt 0.51631999 0.575020015
vt 0.406949997 0.4964700040000001
vt 0.469170004 0.460280001
vt 0.432929993 0.562520027
vt 0.51631999 0.575020015
vt 0.610249996 0.648769975
vt 0.514710009 0.648419976
vt 0.242540002 0.4957199990000001
vt 0.406949997 0.4964700040000001
vt 0.432929993 0.562520027
vt 0.242540002 0.4957199990000001
vt 0.432929993 0.562520027
vt 0.239910007 0.68096
vt 0.239910007 0.68096
vt 0.432929993 0.562520027
vt 0.433340013 0.646480024
vt 0.239910007 0.68096
vt 0.433340013 0.646480024
vt 0.514710009 0.648419976
vt 0.514710009 0.648419976
vt 0.692309976 0.684889972
vt 0.239910007 0.68096
vt 0.610249996 0.648769975
vt 0.692309976 0.684889972
vt 0.514710009 0.648419976
vt 0.692309976 0.684889972
vt 0.610249996 0.648769975
vt 0.693700016 0.648800015
vt 0.363070011 0.969210029
vt 0.294770002 0.969210029
vt 0.363070011 0.93046999
vt 0.363070011 0.891730011
vt 0.363070011 0.93046999
vt 0.294770002 0.891730011
vt 0.363070011 0.93046999
vt 0.294770002 0.969210029
vt 0.294770002 0.93046999
vt 0.294770002 0.891730011
vt 0.363070011 0.93046999
vt 0.294770002 0.93046999
vt 0.294770002 0.969210029
vt 0.249009997 0.969210029
vt 0.294770002 0.93046999
vt 0.294770002 0.891730011
vt 0.294770002 0.93046999
vt 0.249009997 0.891730011
vt 0.294770002 0.93046999
vt 0.249009997 0.969210029
vt 0.249009997 0.93046999
vt 0.249009997 0.891730011
vt 0.294770002 0.93046999
vt 0.249009997 0.93046999
vt 0.249009997 0.969210029
vt 0.138850003 0.969210029
vt 0.249009997 0.93046999
vt 0.249009997 0.891730011
vt 0.249009997 0.93046999
vt 0.138850003 0.891730011
vt 0.249009997 0.93046999
vt 0.138850003 0.969210029
vt 0.138850003 0.93046999
vt 0.138850003 0.891730011
vt 0.249009997 0.93046999
vt 0.138850003 0.93046999
vt 0.934769988 0.752049983
vt 0.939040005 0.755840003
vt 0.93621999 0.757470012
vt 0.939040005 0.755840003
vt 0.940190017 0.761430025
vt 0.93621999 0.757470012
vt 0.939040005 0.748260021
vt 0.939040005 0.755840003
vt 0.934769988 0.752049983
vt 0.939040005 0.755840003
vt 0.945609987 0.759630024
vt 0.940190017 0.761430025
vt 0.939040005 0.748260021
vt 0.934769988 0.752049983
vt 0.93621999 0.746630013
vt 0.940190017 0.761430025
vt 0.945609987 0.759630024
vt 0.945609987 0.762889981
vt 0.940190017 0.74267
vt 0.939040005 0.748260021
vt 0.93621999 0.746630013
vt 0.945609987 0.759630024
vt 0.951030016 0.761430025
vt 0.945609987 0.762889981
vt 0.945609987 0.74447
vt 0.939040005 0.748260021
vt 0.940190017 0.74267
vt 0.945609987 0.759630024
vt 0.952170014 0.755840003
vt 0.951030016 0.761430025
vt 0.945609987 0.74447
vt 0.940190017 0.74267
vt 0.945609987 0.741209984
vt 0.951030016 0.761430025
vt 0.952170014 0.755840003
vt 0.954990029 0.757470012
vt 0.951030016 0.74267
vt 0.945609987 0.74447
vt 0.945609987 0.741209984
vt 0.952170014 0.755840003
vt 0.956439972 0.752049983
vt 0.954990029 0.757470012
vt 0.952170014 0.748260021
vt 0.945609987 0.74447
vt 0.951030016 0.74267
vt 0.952170014 0.755840003
vt 0.952170014 0.748260021
vt 0.956439972 0.752049983
vt 0.952170014 0.748260021
vt 0.951030016 0.74267
vt 0.954990029 0.746630013
vt 0.956439972 0.752049983
vt 0.952170014 0.748260021
vt 0.954990029 0.746630013
vt 0.455489993 0.13189999799999996
vt 0.464760005 0.13576999300000003
vt 0.455489993 0.144920006
vt 0.464760005 0.13576999300000003
vt 0.468540013 0.14503000700000002
vt 0.455489993 0.144920006
vt 0.446220011 0.13576999300000003
vt 0.455489993 0.13189999799999996
vt 0.455489993 0.144920006
vt 0.468540013 0.14503000700000002
vt 0.464679986 0.154229999
vt 0.455489993 0.144920006
vt 0.44242999 0.14503000700000002
vt 0.446220011 0.13576999300000003
vt 0.455489993 0.144920006
vt 0.464679986 0.154229999
vt 0.455489993 0.15801000600000004
vt 0.455489993 0.144920006
vt 0.4463 0.154229999
vt 0.44242999 0.14503000700000002
vt 0.455489993 0.144920006
vt 0.455489993 0.15801000600000004
vt 0.4463 0.154229999
vt 0.455489993 0.144920006
vt 0.125139996 0.532890022
vt 0.125139996 0.557370007
vt 0.0935899988 0.532890022
vt 0.0947099999 0.511650026
vt 0.125139996 0.532890022
vt 0.0935899988 0.532890022
vt 0.125139996 0.511650026
vt 0.125139996 0.532890022
vt 0.0947099999 0.511650026
vt 0.0935899988 0.532890022
vt 0.125139996 0.557370007
vt 0.0926499963 0.557370007
vt 0.0956400037 0.47536999
vt 0.125139996 0.511650026
vt 0.0947099999 0.511650026
vt 0.125139996 0.557370007
vt 0.125139996 0.618889987
vt 0.0926499963 0.557370007
vt 0.125139996 0.47536999
vt 0.125139996 0.511650026
vt 0.0956400037 0.47536999
vt 0.0926499963 0.557370007
vt 0.125139996 0.618889987
vt 0.073739998 0.618889987
vt 0.0952799991 0.462060004
vt 0.125139996 0.47536999
vt 0.0956400037 0.47536999
vt 0.125139996 0.407819986
vt 0.125139996 0.47536999
vt 0.0952799991 0.462060004
vt 0.125139996 0.407819986
vt 0.0952799991 0.462060004
vt 0.0760999992 0.40759000200000006
vt 0.0926499963 0.557370007
vt 0.073739998 0.618889987
vt 0.0733200014 0.557370007
vt 0.0733200014 0.557370007
vt 0.0923599973 0.539110005
vt 0.0926499963 0.557370007
vt 0.0760999992 0.40759000200000006
vt 0.0952799991 0.462060004
vt 0.0760399997 0.462060004
vt 0.0952799991 0.462060004
vt 0.0936300009 0.48526000999999996
vt 0.0760399997 0.462060004
vt 0.053890001 0.462060004
vt 0.0760999992 0.40759000200000006
vt 0.0760399997 0.462060004
vt 0.0250499994 0.408820003
vt 0.0760999992 0.40759000200000006
vt 0.053890001 0.462060004
vt 0.0250499994 0.408820003
vt 0.053890001 0.462060004
vt 0.0250499994 0.47536999
vt 0.0250499994 0.47536999
vt 0.053890001 0.462060004
vt 0.0533300005 0.47536999
vt 0.0250499994 0.47536999
vt 0.0533300005 0.47536999
vt 0.0250499994 0.511650026
vt 0.0760399997 0.462060004
vt 0.0551699996 0.48526000999999996
vt 0.053890001 0.462060004
vt 0.0250499994 0.511650026
vt 0.0533300005 0.47536999
vt 0.0517500006 0.511650026
vt 0.0250499994 0.511650026
vt 0.0517500006 0.511650026
vt 0.0250499994 0.532890022
vt 0.0250499994 0.532890022
vt 0.0517500006 0.511650026
vt 0.0513599999 0.532890022
vt 0.0250499994 0.532890022
vt 0.0513599999 0.532890022
vt 0.0250499994 0.557370007
vt 0.0250499994 0.557370007
vt 0.0513599999 0.532890022
vt 0.0515899993 0.557370007
vt 0.0250499994 0.557370007
vt 0.0515899993 0.557370007
vt 0.0250499994 0.618889987
vt 0.0515899993 0.557370007
vt 0.073739998 0.618889987
vt 0.0250499994 0.618889987
vt 0.0515899993 0.557370007
vt 0.0733200014 0.557370007
vt 0.073739998 0.618889987
vt 0.0523900017 0.539110005
vt 0.0733200014 0.557370007
vt 0.0515899993 0.557370007
vt 0.0736299977 0.539110005
vt 0.0733200014 0.557370007
vt 0.0523900017 0.539110005
vt 0.0736299977 0.539110005
vt 0.0923599973 0.539110005
vt 0.0733200014 0.557370007
vt 0.0529399998 0.518459976
vt 0.0736299977 0.539110005
vt 0.0523900017 0.539110005
vt 0.0736299977 0.539110005
vt 0.0931499973 0.518459976
vt 0.0923599973 0.539110005
vt 0.0742899999 0.518459976
vt 0.0736299977 0.539110005
vt 0.0529399998 0.518459976
vt 0.0742899999 0.518459976
vt 0.0931499973 0.518459976
vt 0.0736299977 0.539110005
vt 0.0539099984 0.504480004
vt 0.0742899999 0.518459976
vt 0.0529399998 0.518459976
vt 0.0742899999 0.518459976
vt 0.0933199972 0.504480004
vt 0.0931499973 0.518459976
vt 0.0747599974 0.504480004
vt 0.0742899999 0.518459976
vt 0.0539099984 0.504480004
vt 0.0747599974 0.504480004
vt 0.0933199972 0.504480004
vt 0.0742899999 0.518459976
vt 0.0747599974 0.504480004
vt 0.0539099984 0.504480004
vt 0.0753600001 0.48526000999999996
vt 0.0753600001 0.48526000999999996
vt 0.0933199972 0.504480004
vt 0.0747599974 0.504480004
vt 0.0753600001 0.48526000999999996
vt 0.0539099984 0.504480004
vt 0.0551699996 0.48526000999999996
vt 0.0936300009 0.48526000999999996
vt 0.0933199972 0.504480004
vt 0.0753600001 0.48526000999999996
vt 0.0753600001 0.48526000999999996
vt 0.0551699996 0.48526000999999996
vt 0.0760399997 0.462060004
vt 0.0760399997 0.462060004
vt 0.0936300009 0.48526000999999996
vt 0.0753600001 0.48526000999999996
vt 0.65644002 0.949180007
vt 0.650200009 0.938369989
vt 0.66644001 0.946500003
vt 0.66644001 0.964339972
vt 0.65644002 0.949180007
vt 0.66644001 0.946500003
vt 0.66644001 0.946500003
vt 0.650200009 0.938369989
vt 0.657519996 0.931050003
vt 0.65644002 0.961660028
vt 0.65644002 0.949180007
vt 0.66644001 0.964339972
vt 0.650200009 0.938369989
vt 0.639389992 0.932129979
vt 0.657519996 0.931050003
vt 0.657519996 0.979789972
vt 0.65644002 0.961660028
vt 0.66644001 0.964339972
vt 0.657519996 0.931050003
vt 0.639389992 0.932129979
vt 0.642080009 0.922129989
vt 0.650200009 0.972459972
vt 0.65644002 0.961660028
vt 0.657519996 0.979789972
vt 0.639389992 0.932129979
vt 0.626919985 0.932129979
vt 0.642080009 0.922129989
vt 0.642080009 0.988699973
vt 0.650200009 0.972459972
vt 0.657519996 0.979789972
vt 0.642080009 0.922129989
vt 0.626919985 0.932129979
vt 0.624239981 0.922129989
vt 0.639389992 0.978699982
vt 0.650200009 0.972459972
vt 0.642080009 0.988699973
vt 0.626919985 0.932129979
vt 0.616110027 0.938369989
vt 0.624239981 0.922129989
vt 0.624239981 0.988699973
vt 0.639389992 0.978699982
vt 0.642080009 0.988699973
vt 0.624239981 0.922129989
vt 0.616110027 0.938369989
vt 0.60878998 0.931050003
vt 0.626919985 0.978699982
vt 0.639389992 0.978699982
vt 0.624239981 0.988699973
vt 0.616110027 0.938369989
vt 0.609870017 0.949180007
vt 0.60878998 0.931050003
vt 0.60878998 0.979789972
vt 0.626919985 0.978699982
vt 0.624239981 0.988699973
vt 0.60878998 0.931050003
vt 0.609870017 0.949180007
vt 0.599870026 0.946500003
vt 0.616110027 0.972459972
vt 0.626919985 0.978699982
vt 0.60878998 0.979789972
vt 0.609870017 0.949180007
vt 0.609870017 0.961660028
vt 0.599870026 0.946500003
vt 0.599870026 0.964339972
vt 0.616110027 0.972459972
vt 0.60878998 0.979789972
vt 0.599870026 0.946500003
vt 0.609870017 0.961660028
vt 0.599870026 0.964339972
vt 0.609870017 0.961660028
vt 0.616110027 0.972459972
vt 0.599870026 0.964339972
vt 0.725430012 0.817070007
vt 0.725430012 0.805369973
vt 0.731000006 0.818570018
vt 0.723659992 0.831290007
vt 0.725430012 0.817070007
vt 0.731000006 0.818570018
vt 0.731000006 0.818570018
vt 0.725430012 0.805369973
vt 0.731000006 0.803870022
vt 0.719569981 0.827199996
vt 0.725430012 0.817070007
vt 0.723659992 0.831290007
vt 0.725430012 0.805369973
vt 0.719569981 0.795229971
vt 0.731000006 0.803870022
vt 0.71092999 0.838630021
vt 0.719569981 0.827199996
vt 0.723659992 0.831290007
vt 0.731000006 0.803870022
vt 0.719569981 0.795229971
vt 0.723659992 0.791149974
vt 0.709439993 0.833060026
vt 0.719569981 0.827199996
vt 0.71092999 0.838630021
vt 0.719569981 0.795229971
vt 0.709439993 0.789390028
vt 0.723659992 0.791149974
vt 0.696240008 0.838630021
vt 0.709439993 0.833060026
vt 0.71092999 0.838630021
vt 0.723659992 0.791149974
vt 0.709439993 0.789390028
vt 0.71092999 0.783810019
vt 0.697740018 0.833060026
vt 0.709439993 0.833060026
vt 0.696240008 0.838630021
vt 0.709439993 0.789390028
vt 0.697740018 0.789390028
vt 0.71092999 0.783810019
vt 0.683520019 0.831290007
vt 0.697740018 0.833060026
vt 0.696240008 0.838630021
vt 0.71092999 0.783810019
vt 0.697740018 0.789390028
vt 0.696240008 0.783810019
vt 0.687609971 0.827199996
vt 0.697740018 0.833060026
vt 0.683520019 0.831290007
vt 0.697740018 0.789390028
vt 0.687609971 0.795229971
vt 0.696240008 0.783810019
vt 0.676169991 0.818570018
vt 0.687609971 0.827199996
vt 0.683520019 0.831290007
vt 0.696240008 0.783810019
vt 0.687609971 0.795229971
vt 0.683520019 0.791149974
vt 0.681760013 0.817070007
vt 0.687609971 0.827199996
vt 0.676169991 0.818570018
vt 0.687609971 0.795229971
vt 0.681760013 0.805369973
vt 0.683520019 0.791149974
vt 0.676169991 0.803870022
vt 0.681760013 0.817070007
vt 0.676169991 0.818570018
vt 0.683520019 0.791149974
vt 0.681760013 0.805369973
vt 0.676169991 0.803870022
vt 0.681760013 0.805369973
vt 0.681760013 0.817070007
vt 0.676169991 0.803870022
vt 0.466309994 0.17728999300000003
vt 0.480040014 0.40599000500000004
vt 0.465710014 0.42324998999999996
vt 0.480589986 0.17734000100000002
vt 0.480040014 0.40599000500000004
vt 0.466309994 0.17728999300000003
vt 0.45205 0.17725999699999995
vt 0.466309994 0.17728999300000003
vt 0.451469988 0.41806000500000007
vt 0.451469988 0.41806000500000007
vt 0.466309994 0.17728999300000003
vt 0.465710014 0.42324998999999996
vt 0.522870004 0.408939987
vt 0.537720025 0.177190006
vt 0.537140012 0.41844001399999997
vt 0.52342999 0.17723
vt 0.537720025 0.177190006
vt 0.522870004 0.408939987
vt 0.508620024 0.40092000400000005
vt 0.52342999 0.17723
vt 0.522870004 0.408939987
vt 0.509150028 0.17726999500000007
vt 0.52342999 0.17723
vt 0.508620024 0.40092000400000005
vt 0.494309992 0.400860012
vt 0.509150028 0.17726999500000007
vt 0.508620024 0.40092000400000005
vt 0.494859993 0.17732000400000003
vt 0.509150028 0.17726999500000007
vt 0.494309992 0.400860012
vt 0.494859993 0.17732000400000003
vt 0.494309992 0.400860012
vt 0.480589986 0.17734000100000002
vt 0.480589986 0.17734000100000002
vt 0.494309992 0.400860012
vt 0.480040014 0.40599000500000004
vt 0.630760014 0.15911999300000002
vt 0.599900007 0.136380002
vt 0.62845999 0.13921000100000003
vt 0.59969002 0.158800006
vt 0.599900007 0.136380002
vt 0.630760014 0.15911999300000002
vt 0.630760014 0.15911999300000002
vt 0.62845999 0.13921000100000003
vt 0.648500025 0.14891999999999994
vt 0.648500025 0.14891999999999994
vt 0.62845999 0.13921000100000003
vt 0.646229982 0.137840003
vt 0.62845999 0.13921000100000003
vt 0.630760014 0.12179999799999996
vt 0.646229982 0.137840003
vt 0.646229982 0.137840003
vt 0.630760014 0.12179999799999996
vt 0.647679985 0.126259997
vt 0.599900007 0.136380002
vt 0.603879988 0.11355999900000002
vt 0.62845999 0.13921000100000003
vt 0.62845999 0.13921000100000003
vt 0.603879988 0.11355999900000002
vt 0.630760014 0.12179999799999996
vt 0.603879988 0.11355999900000002
vt 0.61322999 0.09194999930000003
vt 0.630760014 0.12179999799999996
vt 0.630760014 0.12179999799999996
vt 0.637350023 0.10629999599999995
vt 0.647679985 0.126259997
vt 0.630760014 0.12179999799999996
vt 0.61322999 0.09194999930000003
vt 0.637350023 0.10629999599999995
vt 0.647679985 0.126259997
vt 0.637350023 0.10629999599999995
vt 0.652329981 0.11534000199999994
vt 0.61322999 0.09194999930000003
vt 0.627709985 0.07331000269999999
vt 0.637350023 0.10629999599999995
vt 0.637350023 0.10629999599999995
vt 0.64793998 0.0931399986
vt 0.652329981 0.11534000199999994
vt 0.637350023 0.10629999599999995
vt 0.627709985 0.07331000269999999
vt 0.64793998 0.0931399986
vt 0.652329981 0.11534000199999994
vt 0.64793998 0.0931399986
vt 0.659730017 0.106040001
vt 0.627709985 0.07331000269999999
vt 0.645959973 0.058699999
vt 0.64793998 0.0931399986
vt 0.64793998 0.0931399986
vt 0.645959973 0.058699999
vt 0.662240028 0.08291000130000004
vt 0.64793998 0.0931399986
vt 0.662240028 0.08291000130000004
vt 0.659730017 0.106040001
vt 0.645959973 0.058699999
vt 0.665989995 0.04771000150000004
vt 0.662240028 0.08291000130000004
vt 0.659730017 0.106040001
vt 0.662240028 0.08291000130000004
vt 0.669260025 0.09905999899999995
vt 0.662240028 0.08291000130000004
vt 0.665989995 0.04771000150000004
vt 0.680970013 0.07576999809999996
vt 0.669260025 0.09905999899999995
vt 0.680970013 0.07576999809999996
vt 0.679910004 0.0957999974
vt 0.662240028 0.08291000130000004
vt 0.680970013 0.07576999809999996
vt 0.669260025 0.09905999899999995
vt 0.506820023 0.43812999100000005
vt 0.492119998 0.442000002
vt 0.485610008 0.42054998899999996
vt 0.514230013 0.422710001
vt 0.506820023 0.43812999100000005
vt 0.485610008 0.42054998899999996
vt 0.507449985 0.407849997
vt 0.514230013 0.422710001
vt 0.485610008 0.42054998899999996
vt 0.493160009 0.407389998
vt 0.507449985 0.407849997
vt 0.485610008 0.42054998899999996
vt 0.67414999 0.135810003
vt 0.664020002 0.136030003
vt 0.679030001 0.12692999800000004
vt 0.664020002 0.136030003
vt 0.658770025 0.127360001
vt 0.679030001 0.12692999800000004
vt 0.658770025 0.127360001
vt 0.663649976 0.118479997
vt 0.679030001 0.12692999800000004
vt 0.663649976 0.118479997
vt 0.673780024 0.11827000200000004
vt 0.679030001 0.12692999800000004
vn -0.016291433450944536 -0.9998672857915262 0
vn -0.01628657992284427 -0.9998673648518289 0.000004321616589013511
vn 0 -0.5000017690258676 0.8660243824344688
vn -0.000006335873002474106 -0.49999688060791403 0.8660272047356319
vn -0.000006335843838279924 0.5000037851565385 0.8660232183890864
vn 0 0.49999889682251714 0.8660260407033186
vn 0 1 0
vn 0 1 0
vn 0 0.4999988453660085 -0.8660260704116581
vn 0 0.4999988453660085 -0.8660260704116581
vn 0 1 0
vn 0 1 0
vn 0.0000014172249103610039 0.5000048716295992 0.866022591128349
vn 0 -0.49999913846943894 0.8660259011887687
vn 0 -0.49999913846943894 0.8660259011887687
vn 0 0.4999988710942656 0.8660260555574872
vn 0 0.4999988710942656 0.8660260555574872
vn 0 1 0
vn 0 1 0
vn 0 0.4999988710942614 -0.8660260555574897
vn 0.000006362521095702622 0.5000037800108498 -0.8660232213597856
vn 0 1 0
vn 0 1 0
vn 0.0000014127578698717697 0.5000109045246783 0.8660191079614913
vn 0 -0.4999991641976951 0.8660258863345869
vn 0 -0.4999991641976951 0.8660258863345869
vn 0 0.5000025806792328 0.8660239138234623
vn 0 0.5000025806792328 0.8660239138234623
vn 0 1 0
vn 0 1 0
vn 0 0.5000025292225977 -0.8660239435321665
vn 0.000007002755406007306 0.5000079321279703 -0.8660208240914721
vn 0 1 0
vn 0 1 0
vn 0.0000015599889837686376 0.5000042970743851 0.8660229228517664
vn 0 -0.500007952722665 0.8660208122291805
vn -0.0000069961112010343185 -0.5000025549386773 0.8660239286566217
vn -0.00000699610196011337 0.5000045362166556 0.8660227847544323
vn 0 0.49999913846943467 0.8660259011887711
vn 0 1 0
vn 0 1 0
vn 0 0.4999988966237502 -0.8660260408180763
vn 0 0.4999988966237502 -0.8660260408180763
vn 0.9970056137036777 0.0033598991632523244 -0.07725617982379088
vn 0.5527420962673701 -0.021579919416779048 0.8330729152312654
vn 0.6016664997844409 0.023562053367750368 0.7983998075389515
vn 0.997090124624734 0.001974045550820804 -0.07620621050803958
vn 0.9978153661960818 0.0241200872533693 -0.06150379154059551
vn 0.9987475794669496 0.010597757382539251 -0.04889744418034783
vn 0.6141987552492016 -0.16715532804051497 0.771245087736706
vn 0.6141976190072165 -0.1671561037740778 0.7712458244794174
vn 0.5015498249798858 0.4188712460777993 0.7569641023667355
vn 0.6421731309339528 0.3349633442413899 0.6895021594753047
vn 0.47614952604795907 -0.1242944834252319 0.8705357604569494
vn 0.8876463999854711 0.45892587501122123 0.03835244239964835
vn 0.8789262988561184 0.47582206514693537 0.03289260552755484
vn 0.6547710136874019 -0.49128484961266605 0.5743815075155471
vn 0.9805745721801626 0.14726018403325558 -0.12956830859505247
vn 0.5282209726527413 -0.6326535963238467 0.5663320855366536
vn 0.23420486113946648 -0.7564726012848726 0.610653163853215
vn -0.019034102624377023 -0.9997720005438901 -0.009677286073722225
vn 0.8569615300088717 -0.5153777741743751 -0.001638893505009166
vn 0.22129433946604946 -0.9740447035685228 0.047599692965327116
vn 0.20866741259703792 -0.9184662768053987 -0.33597263175932374
vn 0.4582169096875583 -0.8888404039400911 0
vn 0.1915733552133925 -0.9749445630191191 -0.1130608181986233
vn 0.4581964203820765 -0.8888006591769108 0.009456669378821584
vn 0.916732418975108 -0.36114079546432015 -0.17081861096334072
vn 0.9328947909164572 -0.32279545714345104 -0.15971976060741597
vn 0.8956529054141608 0.3304088440703308 -0.29771776699297015
vn 0.9248023276080395 0.045982535323801046 -0.3776589219069873
vn 0.940011246730168 -0.3203814223618253 -0.11719471074331465
vn 0.9491575181223293 0.05795795812214334 -0.309420233472493
vn 0.9291947959136942 -0.339484394650439 -0.14610741608738873
vn 0.9856902276500281 0.06627687790810999 -0.15499080801773255
vn 0.938589677309418 -0.34291684566874653 -0.038176623800435426
vn 0.9771372025437438 0.21130426889213644 0.023524314080252722
vn 0.9900123118536092 0.10359545759306346 -0.09562219169395896
vn 0.9916556126136402 0.10376774677142876 0.07649444883026983
vn 0.5149438389162526 0.5554080862178915 -0.6529584217436601
vn 0.35137542586290527 0.7147521224010976 -0.6047021693551202
vn 0.25270237700158665 0.9652078042011915 0.06719675116300546
vn 0.47635798386820705 0.3210147270947133 -0.8185552004558543
vn 0.36833956393653217 0.3747461756409323 -0.850818000210116
vn 0.25528787414924115 0.06480235407565728 -0.9646910159313264
vn 0.5133077598832927 -0.1764424496351735 -0.8398709458067563
vn -0.5103339594603762 -0.17377478657082243 -0.8422360556125347
vn -0.25394087214205996 0.06577609986283155 -0.9649805895159574
vn -0.3660288084624109 0.37511386799676655 -0.851652803325447
vn -0.4736824007094052 0.3215420453003256 -0.8198998087341268
vn -0.5120957164853314 0.5552635433625369 -0.6553170031136498
vn -0.3491497221301898 0.7146600769728894 -0.6060985447247956
vn -0.25101799245865786 0.9656540416643498 0.06709872785181355
vn -0.9759472239390999 0.12181384773977329 -0.18079934342910584
vn 0.1865209920567 0.9816316027664808 0.04011628063884803
vn -0.18521524333971523 0.9818826773578654 0.04002151345414409
vn 0.1839998587201315 0.9683632615965417 -0.16857237490490368
vn -0.1785498870869708 0.9465475843872247 -0.2686402953987724
vn -0.26144618179734486 0.9509357099897445 -0.16543025566652103
vn 0.2570600491761601 0.9281948596111897 -0.2690249685603808
vn 0.18217775208582507 0.6578091522331608 -0.730820351306151
vn -0.1809398673797095 0.6581170169298747 -0.7308507073403816
vn 0.188751600014923 0.5209546875051868 -0.8324536305754093
vn -0.18332263208754385 0.621400696212011 -0.7617440431744269
vn 0.2330268453940919 0.7601530310459934 -0.6065194627687285
vn 0.2667958761915808 0.7611326703311755 -0.591182728605717
vn -0.2192589299784561 0.7708914436179076 -0.5980400519876581
vn -0.25478987511831436 0.7448024202788713 -0.6167264176958283
vn -0.8977193454678615 0.11898007746613298 -0.4241977344811113
vn -0.9197971362925582 0.13329971262636642 -0.36905882279351787
vn -0.878402330420694 0.3111197970160498 -0.3627861874660967
vn -0.9823455239278485 0.15250389561905778 -0.10835051195048635
vn -0.8643738641073045 -0.46480661765919395 -0.19186618052285112
vn -0.9119609818168669 -0.3743449222724941 -0.1679078521463979
vn -0.9948507514647166 0.10135078840388374 0
vn -0.8902698261922957 -0.4554334600921852 0
vn -0.991944679014706 0.10105487503640419 0.07637843940398985
vn -0.44622146762144627 -0.8948262804922014 0.01312743593604142
vn -0.1859793871362599 -0.9762035316844665 -0.11152727149534382
vn -0.424114034028646 -0.8504933337191064 -0.3111083017846185
vn -0.926637378535303 -0.35307559111028197 -0.12915415464996313
vn -0.2146415749358242 -0.9766928863819317 0
vn -0.21441286040934682 -0.9756521567325641 0.046151861871198026
vn -0.9337306713014104 -0.3557783404212049 -0.03960815519752185
vn -0.9781757245306095 0.20650357656108012 0.022989667385572822
vn 0.01835578470405622 -0.999786071510967 -0.009532910393272693
vn -0.8590596823453122 -0.5118091577864591 -0.008237000345188995
vn -0.2321489908154589 -0.7456088156810314 0.6246393679893173
vn -0.46650484037004797 -0.6420540135925286 0.6083912207955022
vn 0 -0.7180968109619402 0.6959432233209054
vn -0.5371897798592573 -0.5707410248230602 0.6210328678892009
vn 0 -0.23866356688662127 0.9711023127564652
vn -0.37648106155647953 -0.156309538123682 0.9131425620246094
vn 0 -0.2386635668866212 0.9711023127564651
vn 0 0.15893881998753853 0.9872884337927641
vn -0.5668471425735496 0.40174704856476157 0.7192243223958052
vn -0.5080487359176395 0.43231815651638245 0.7449748274128228
vn -0.8202558380425398 0.5671807384982839 0.07407003465418507
vn -0.9046127174166798 0.4045716472135488 0.13415518535981522
vn -0.6279052327448555 -0.16485524820768568 0.7606298481061673
vn -0.6279063625872058 -0.16485447481387638 0.7606290830334753
vn -0.9972265149388032 -0.015764728107424957 0.07273755048603248
vn -0.6154343269602047 0.023250568939999154 0.7878451626068451
vn -0.9951703311489776 -0.035839384397969805 0.0913868181238895
vn -0.5665523843692988 -0.02133840300439452 0.8237493965537604
vn -0.9935754733453006 -0.0029306101647947943 0.11313350649000588
vn -0.9933009708210129 -0.005948068267675784 0.11540278094533249
vn 0 -0.5000012535775462 -0.8660246800298952
vn 0 -0.5000012535775462 -0.8660246800298952
vn 0 0.49999951335732906 -0.8660256847475335
vn 0 0.49999951335732906 -0.8660256847475335
vn 0 1 0
vn 0 0.5000049711447521 0.8660225336736544
vn 0 1 0
vn 0 -0.5000042970749982 -0.8660229228528176
vn 0 -0.5000042970749982 -0.8660229228528176
vn 0 -1 0
vn 0 -1 0
vn 0 -0.5000054461863062 -0.8660222594044759
vn 0 -0.5000054461863062 -0.8660222594044759
vn 0 -1 0
vn 0 -1 0
vn 0 0.5000038544592588 0.8660231783999113
vn 0 0.5000038544592588 0.8660231783999113
vn 0 -0.4999996768717409 0.8660255903425456
vn 0 -0.4999996768717409 0.8660255903425456
vn 0 -0.5000012650600159 -0.8660246734004658
vn 0 -0.5000012650600159 -0.8660246734004658
vn 0 0.4999995248397855 -0.8660256781181428
vn 0 0.4999995248397855 -0.8660256781181428
vn 0.016291196580598324 0.9998496118070009 -0.005945644066193944
vn 0.011670859597189706 0.9998883328901639 -0.009333423080085916
vn 0 -1 0
vn 0 -1 0
vn 0 1 0
vn 0 1 0
vn 0 -0.5000054882453323 0.8660222351213315
vn 0 -0.5000054882453323 0.8660222351213315
vn 0 0.49999442248091314 -0.8660286239426375
vn 0 0.49999442248091314 -0.8660286239426375
vn 0 0.9999999999987159 -0.0000016025763267775527
vn 0 0.9999999999987159 -0.0000016025763267775527
vn 0 -0.9999999999989286 0.0000014638918352669678
vn 0 -0.9999999999989286 0.0000014638918352669678
vn 0 0 1
vn 0 0 1
vn 0 -1 0
vn 0 -1 0
vn 0 0 1
vn 0 0 1
vn 0 0 -1
vn 0 0 -1
vn 0 -1 0
vn 0 -1 0
vn 0 1 0
vn 0 1 0
vn 0 1 0
vn 0 1 0
vn 0 -1 0
vn 0 -1 0
vn 0 -0.49999590488970463 0.8660277680845606
vn 0 -0.49999590488970463 0.8660277680845606
vn 0 0.49999491011272756 -0.8660283424122824
vn 0 0.49999491011272756 -0.8660283424122824
vn 0 -0.49999484309590153 0.8660283811039364
vn 0 -0.49999484309590153 0.8660283811039364
vn 0 0.5000004553339731 -0.8660251408970872
vn 0 0.5000004553339731 -0.8660251408970872
vn 0 -0.4999950069848015 0.8660282864839164
vn 0 -0.4999950069848015 0.8660282864839164
vn 0 0.49999432560978296 -0.8660286798703716
vn 0 0.49999432560978296 -0.8660286798703716
vn 0 -1 0
vn 0 -1 0
vn 0 1 0
vn 0 1 0
vn 0 -0.999999999974052 0.000007203916463816667
vn 0 -0.999999999974052 0.000007203916463816667
vn 0 -0.5000017690258675 0.8660243824344688
vn 0 -0.5000017690258675 0.8660243824344688
vn 0 0.9999999999987159 -0.0000016025763267775527
vn 0 0.9999999999987159 -0.0000016025763267775527
vn 0 -0.9999999999989286 0.0000014638918352669678
vn 0 -0.9999999999989286 0.0000014638918352669678
vn 0 0 1
vn 0 0 1
vn 0 -1 0
vn 0 -1 0
vn 0 0 1
vn 0 0 1
vn 0 0 -1
vn 0 0 -1
vn 0 -1 0
vn 0 -1 0
vn 0 1 0
vn 0 1 0
vn 0 1 0
vn 0 1 0
vn 0 -1 0
vn 0 -1 0
vn 0 -1 0
vn 0 -1 0
vn -0.000006362471556570965 -0.5000040473869024 0.8660230669885389
vn 0 -0.499999138469439 0.8660259011887688
vn 0 -1 0
vn 0 -1 0
vn 0 -0.4999991641976951 0.8660258863345869
vn 0 -0.4999991641976951 0.8660258863345869
vn 0 -0.9999999999694129 0.000007821400058146402
vn 0 -0.9999999999694129 0.000007821400058146402
vn 0 -0.500007952722665 0.8660208122291804
vn 0 -0.500007952722665 0.8660208122291804
vn 0.3826781670118577 -0.9238817134744278 0
vn 0.3826830434001186 -0.9238796936202656 0.000003185528612160608
vn 0.9238794702733393 -0.3826835826184775 0.000001319489442463373
vn 0.9238786336136023 -0.3826856024888622 0
vn 0.9238794615589969 0.3826836036590254 0
vn 0.9238794615589969 0.3826836036590254 0
vn 0.38268299260649274 0.9238797146651394 0
vn 0.38268299260649274 0.9238797146651394 0
vn -0.38268309149538604 0.9238796737040674 0
vn -0.38268309149538604 0.9238796737040674 0
vn -0.9238794636630182 0.3826835985794714 0
vn -0.9238794636630182 0.3826835985794714 0
vn -0.9238794723781646 -0.3826835775392568 0
vn -0.9238786357168395 -0.38268559740895763 0.0000013194963894390648
vn -0.38267826589799037 -0.9238816725096128 0.0000031855354353581083
vn -0.3826831422909621 -0.9238796526638712 0
vn 0.14316608314521134 -0.34563391118094766 0.9273837782054521
vn 0.14316634541619117 -0.34563200512339187 0.9273844480982824
vn 0.34563205573763944 -0.14316643623640907 0.9273844152140684
vn 0.3456301950842252 -0.1431639818060316 0.9273854875721761
vn 0.3456301551206106 0.1431647728931973 0.9273853803428982
vn 0.345634017073164 0.14316424147322432 0.9273840230483079
vn 0.1431655476791588 0.34563267219901933 0.927384322633444
vn 0.14316711337765545 0.3456338591349546 0.9273836385588157
vn -0.14316610379239936 0.34563391013788575 0.9273837754067622
vn -0.14316636080728132 0.345632042280535 0.927384431873959
vn -0.3456328015277512 0.14316586684514543 0.9273842251615867
vn -0.34563008834453635 0.14316228786018123 0.927385788852507
vn -0.3456299235098168 -0.14316555080650814 0.927385346572215
vn -0.34563356203808665 -0.1431650501268199 0.9273840678031132
vn -0.14316564331647727 -0.34563274470047245 0.9273842808483425
vn -0.14316711337765137 -0.3456338591349515 0.9273836385588173
vn 0.3826830833430742 -0.9238796770808622 0
vn 0.3826873776673456 -0.9238778982966835 0.0000036046291927842926
vn 0.9238775686713441 -0.38268817345679335 0.0000014931074380200681
vn 0.9238768318589992 -0.3826899522513998 0
vn 0.9238782977197049 0.3826864134020709 0
vn 0.9238782977197049 0.3826864134020709 0
vn 0.3826831285466438 0.9238796583569491 0
vn 0.3826882817318869 0.9238775238127539 -0.000004325553281144332
vn -0.3826813422893627 0.9238803982361037 -0.000004325566739072208
vn -0.38268649546596634 0.9238782637274119 0
vn -0.9238802637224813 0.3826816670603371 0
vn -0.9238802637224813 0.3826816670603371 0
vn -0.923879534691683 -0.3826834271011474 0
vn -0.9238787978939874 -0.3826852058804095 0.0000014930958596437972
vn -0.3826812970870255 -0.9238804169624978 0.0000036046390196866553
vn -0.3826855914031029 -0.9238786382055044 0
vn -0.3826795099748299 -0.923881157177596 0.000007590164933463355
vn -0.3826847030700655 -0.9238790061670282 0
vn -0.9238777223358995 -0.382687802485826 0
vn -0.9238768405939433 -0.38268993115115213 0.0000031112737281353035
vn -0.9238768405939425 0.3826899311511539 -0.000003111273728120736
vn -0.9238777223358989 0.3826878024858279 0
vn -0.38268984206784556 0.923876877499425 0
vn -0.38268984206784556 0.923876877499425 0
vn 0.3826896269595445 0.9238769666019198 0
vn 0.3826896269595445 0.9238769666019198 0
vn 0.923879191095625 0.3826842566143708 0
vn 0.9238800728047329 0.3826821279660732 -0.0000031112102881470636
vn 0.9238800728047336 -0.3826821279660713 0.00000311121028813016
vn 0.9238791910956259 -0.38268425661436906 0
vn 0.38267929483700036 -0.9238812463206819 0
vn 0.3826844879526385 -0.9238790952407228 0.000007590147993634725
vn 0 0 -1
vn 0 0 -1
vn 0 0 -1
vn 0 0 -1
vn 0 0 -1
vn 0 0 -1
vn 0 -0.38268220213768733 0.9238800420872021
vn 0 -0.38268220213768733 0.9238800420872021
vn 0 0.3826816761917873 0.9238802599401312
vn 0 0.3826816761917873 0.9238802599401312
vn 0 0.923880232258803 0.38268174302077756
vn 0 0.923880232258803 0.38268174302077756
vn 0 0.923880232258802 -0.3826817430207798
vn 0 0.923880232258802 -0.3826817430207798
vn 0 0.38268167619178173 -0.9238802599401333
vn 0 0.38268167619178173 -0.9238802599401333
vn 0 -0.38268220213768184 -0.9238800420872043
vn 0 -0.38268220213768184 -0.9238800420872043
vn 0 -0.92387973399432 -0.3826829459416563
vn 0 -0.92387973399432 -0.3826829459416563
vn 0 -0.9238797339943209 0.3826829459416541
vn 0 -0.9238797339943209 0.3826829459416541
vn 0 0.9323517361627752 -0.36155254123606806
vn 0 0.9127607114129472 0.4084946556577342
vn 0 0.9127607114129471 0.40849465565773413
vn 0 0.8383124312039878 0.5451901206816385
vn 0.9999751216016155 0.0009197769062783779 -0.00699358193470291
vn 0.9999846611414657 -0.000996183413860629 -0.00544840347204278
vn 1 0 0
vn -1 0 0
vn -0.9999999932766966 0.000020856138620983353 0.00011406852405869892
vn -0.9999999891149727 -0.000019239291666980322 0.00014628706151647658
vn 0 -0.4999993811983602 0.8660257610494372
vn 0 -0.4999993811983602 0.8660257610494372
vn 0 0.5000008230948404 0.8660249285698897
vn 0 0.5000008230948404 0.8660249285698897
vn 0 0.4999944224809132 -0.8660286239426376
vn 0 0.4999944224809132 -0.8660286239426376
vn 0 -0.49999493957785707 -0.8660283254008124
vn 0 -0.49999493957785707 -0.8660283254008124
vn 0 -1 0
vn 0 -1 0
vn 0 0.5000049711447521 0.8660225336736542
vn 0 0.5000049711447521 0.8660225336736542
vn 0 1 0
vn 0 1 0
vn 0 -0.5000044930975253 -0.8660228096778323
vn -0.0000014276441993530883 -0.4999949395773475 -0.8660283253999299
vn 0 -1 0
vn 0 -1 0
vn 0 -0.5000054882453323 0.8660222351213315
vn 0 -0.5000054882453323 0.8660222351213315
vn 0 0.5000049711447521 0.8660225336736544
vn 0 -0.5000040525426236 -0.8660230640352217
vn 0 -0.5000040525426236 -0.8660230640352217
vn 0 -0.999999999974052 0.000007203916463816666
vn 0 -0.999999999974052 0.000007203916463816666
vn 0 0 1
vn 0 0 1
vn 0 0.0000021241293397125656 0.9999999999977441
vn 0 0.0000021241293397125656 0.9999999999977441
vn 0 0 1
vn 0 0 1
vn 0 0 1
vn 0 0 1
vn 0 -0.49999967687174096 0.8660255903425456
vn 0 -0.49999967687174096 0.8660255903425456
vn 0 0.5000038544592588 0.8660231783999114
vn 0 0.5000038544592588 0.8660231783999114
vn 0 0.4999995248397855 -0.8660256781181428
vn 0 0.4999995248397855 -0.8660256781181428
vn 0 -0.5000012650600159 -0.8660246734004658
vn 0 -0.5000012650600159 -0.8660246734004658
vn 0 0.4999949101127275 -0.8660283424122824
vn 0 0.4999949101127275 -0.8660283424122824
vn 0 -0.49999542720983947 -0.866028043869972
vn -0.0000014886035610136177 -0.5000053887300852 -0.8660222925760401
vn 0 -1 0
vn 0 -1 0
vn 0 0.5000048716301014 0.8660225911292189
vn 0 0.5000048716301014 0.8660225911292189
vn 0 1 0
vn 0 1 0
vn 0 -0.5000053887306392 -0.8660222925769998
vn 0 -0.5000053887306392 -0.8660222925769998
vn 0 -1 0
vn 0 -1 0
vn 0 -0.4999959048897046 0.8660277680845606
vn 0 -0.4999959048897046 0.8660277680845606
vn 0 0.49999538779242797 0.8660280666273464
vn 0.000006362540783803662 -0.49999913845931426 -0.866025901171242
vn 0 -0.5000040473970185 -0.86602306700607
vn 0 -1 0
vn 0 -1 0
vn 0 0.5000004553339732 -0.8660251408970873
vn 0 0.5000004553339732 -0.8660251408970873
vn 0 -0.49999384792981255 -0.8660289556546824
vn -0.0000015614734036712196 -0.5000042970743886 -0.8660229228517616
vn 0 -1 0
vn 0 -1 0
vn 0 0.5000109045251774 0.8660191079623555
vn 0 0.5000109045251774 0.8660191079623555
vn 0 1 0
vn 0 1 0
vn 0 -0.4999948430959015 0.8660283811039364
vn 0 -0.4999948430959015 0.8660283811039364
vn 0 0.5000014505044459 0.8660245663336867
vn 0.000007002796580003469 -0.49999911272891745 -0.8660259160217182
vn 0 -0.5000045156465043 -0.8660227966590168
vn 0 -1 0
vn 0 -1 0
vn 0 0.49999432560978285 -0.8660286798703716
vn 0 0.49999432560978285 -0.8660286798703716
vn 0 -0.5000054461863062 -0.8660222594044756
vn 0 -0.5000054461863062 -0.8660222594044756
vn 0 -1 0
vn 0 -1 0
vn 0 0.5000042970749935 0.8660229228528202
vn 0 0.5000042970749935 0.8660229228528202
vn 0 1 0
vn 0 1 0
vn 0 -0.49999500698480154 0.8660282864839164
vn 0 -0.49999500698480154 0.8660282864839164
vn 0 0.49999385788147793 0.8660289499091799
vn 0 -0.4999989263321106 -0.8660260236659965
vn 0 -0.4999989263321106 -0.8660260236659965
vn 0 -0.999999999969413 0.000007821400058146404
vn 0 -0.999999999969413 0.000007821400058146404
vn 0 0.4999995133573291 -0.8660256847475335
vn 0 0.4999995133573291 -0.8660256847475335
vn 0 -0.5000012535775463 -0.8660246800298952
vn 0 -0.5000012535775463 -0.8660246800298952
vn 0 -0.49999938119836024 0.8660257610494373
vn 0 -0.49999938119836024 0.8660257610494373
vn 0 0.5000008230948404 0.8660249285698894
vn 0 0.5000008230948404 0.8660249285698894
vn 0 0.5000037851665744 0.8660232184064688
vn 0 0.5000037851665744 0.8660232184064688
vn 0 1 0
vn 0 1 0
vn 0 0.4999988453660085 -0.8660260704116581
vn 0.000006335837149162095 0.49999395696362064 -0.8660288926818311
vn 0.000006335794506849567 -0.5000040525325881 -0.8660230640178396
vn 0 -0.4999991641976951 -0.8660258863345869
vn 0 0 1
vn 0 0 1
vn 0 0.000002124129339712565 0.9999999999977441
vn 0 0.000002124129339712565 0.999999999997744
vn 0 0 1
vn 0 0 1
vn 0 0 1
vn 0 0 1
vn -0.00000636249351276632 0.4999988710841453 0.8660260555399583
vn 0 0.5000037800209745 0.8660232213773121
vn 0 1 0
vn 0 1 0
vn 0 0.4999988710942615 -0.8660260555574898
vn 0 0.4999988710942615 -0.8660260555574898
vn 0 -0.4999991384694348 -0.8660259011887712
vn 0 -0.4999991384694348 -0.8660259011887712
vn 0 0.5000025806792328 0.8660239138234622
vn 0 0.5000025806792328 0.8660239138234622
vn 0 1 0
vn 0 1 0
vn 0 0.5000025292225978 -0.8660239435321666
vn 0 0.5000025292225978 -0.8660239435321666
vn 0 -0.49999911274117725 -0.8660259160429529
vn 0 -0.49999911274117725 -0.8660259160429529
vn 0 0.5000045362288922 0.8660227847756262
vn 0 0.5000045362288922 0.8660227847756262
vn 0 1 0
vn 0 1 0
vn 0 0.4999988966237502 -0.8660260408180763
vn 0 0.4999988966237502 -0.8660260408180763
vn 0 -0.4999989263321105 -0.8660260236659963
vn 0 -0.4999989263321105 -0.8660260236659963
vn 0 -0.7587940941723874 -0.6513305786227959
vn 0 -0.157961730611519 -0.9874452347660675
vn 0.0025539040542566223 -0.15252786167871218 -0.9882958711771499
vn 0 0 -1
vn 0 0 -1
vn 0 0.25388361433943657 -0.9672347752071078
vn 0.0021245973723886427 0.13039421920418204 -0.9914599506203653
vn 0.0021247157524703873 0.13039412222418761 -0.9914599631212322
vn 0.009241470432372185 0.5671504170329013 -0.8235623836016637
vn 0.009240924445928488 0.5671507097136002 -0.8235621881720556
vn -1 0 0
vn -1 0 0
vn -0.988950633663068 -0.1482452163726436 2.1127708272591115e-7
vn -0.9889505874974438 -0.14824552434546226 0
vn -0.9908158243277202 0.13521835031452042 0
vn -0.9908158243277202 0.13521835031452042 0
vn -0.8770998933119797 -0.4803080023819237 0
vn -0.8770998933119797 -0.4803080023819237 0
vn -1 0 0
vn -1 0 0
vn -1 0 0
vn -1 0 0
vn -1 0 0
vn -1 0 0
vn -1 0 0
vn 1 0 0
vn 1 0 0
vn 0.9889509490111646 -0.148243112655774 2.1127408453700518e-7
vn 0.988950902846836 -0.1482434206244187 0
vn 0.9908158189184875 0.1352183899508013 0
vn 0.9908158189184875 0.1352183899508013 0
vn 0.8770998436069829 -0.4803080931491854 0
vn 0.8770998436069829 -0.4803080931491854 0
vn 1 0 0
vn 1 0 0
vn 1 0 0
vn 1 0 0
vn 1 0 0
vn 1 0 0
vn 1 0 0
vn -1 0 0
vn -1 0 0
vn -1 0 0
vn -1 0 0
vn 1 0 0
vn 1 0 0
vn 1 0 0
vn 1 0 0
vn -1 0 0
vn -1 0 0
vn -1 0 0
vn -1 0 0
vn 1 0 0
vn 1 0 0
vn 1 0 0
vn 1 0 0
vn 1 0 0
vn 1 0 0
vn 0.9889506368711066 0.14824519497166783 -2.1127705222552914e-7
vn 0.9889505907054956 0.14824550294444402 0
vn 0.9908158271746844 -0.1352183294533189 0
vn 0.9908158271746844 -0.1352183294533189 0
vn 0.8770998933119797 0.4803080023819237 0
vn 0.8770998933119797 0.4803080023819237 0
vn 1 0 0
vn 1 0 0
vn 1 0 0
vn 1 0 0
vn 1 0 0
vn 1 0 0
vn 1 0 0
vn 0 0 -1
vn 0 0 -1
vn 0 0 -1
vn 0 0 -1
vn 0 0 -1
vn 0 0 -1
vn 0 0 -1
vn 0 0 -1
vn 0 -0.000004880068062369533 -0.9999999999880925
vn 0 -0.000004880068062369533 -0.9999999999880925
vn -1 0 0
vn -1 0 0
vn -1 0 0
vn -1 0 0
vn 1 0 0
vn 1 0 0
vn 1 0 0
vn 1 0 0
vn -1 0 0
vn -1 0 0
vn -1 0 0
vn -1 0 0
vn 1 0 0
vn 1 0 0
vn 1 0 0
vn 1 0 0
vn -1 0 0
vn -1 0 0
vn -1 0 0
vn -1 0 0
vn 1 0 0
vn 1 0 0
vn 1 0 0
vn 1 0 0
vn -1 0 0
vn -1 0 0
vn -1 0 0
vn -1 0 0
vn 1 0 0
vn 1 0 0
vn 1 0 0
vn 1 0 0
vn 1 0 0
vn 1 0 0
vn 1 0 0
vn 1 0 0
vn -1 0 0
vn -1 0 0
vn -1 0 0
vn -1 0 0
vn 1 0 0
vn 1 0 0
vn 1 0 0
vn 1 0 0
vn -1 0 0
vn -1 0 0
vn -1 0 0
vn -1 0 0
vn -1 0 0
vn -1 0 0
vn -0.9889506278885971 0.14824525489439805 -2.1127713762659602e-7
vn -0.9889505817229493 0.14824556286729315 0
vn -0.9908158120857704 -0.13521844001768274 0
vn -0.9908158120857704 -0.13521844001768274 0
vn -0.8770997977254452 0.4803081769343337 0
vn -0.8770997977254452 0.4803081769343337 0
vn -1 0 0
vn -1 0 0
vn -1 0 0
vn -1 0 0
vn -1 0 0
vn -1 0 0
vn -1 0 0
vn 0 0 -1
vn 0 0 -1
vn 0 0 -1
vn 0 0 -1
vn 0 0 -1
vn 0 0 -1
vn 0 0 -1
vn 0 0 -1
vn 0 -0.000004880068062369533 -0.9999999999880925
vn 0 -0.000004880068062369533 -0.9999999999880925
vn 1 0 0
vn 1 0 0
vn 1 0 0
vn 1 0 0
vn -1 0 0
vn -1 0 0
vn -1 0 0
vn -1 0 0
vn 1 0 0
vn 1 0 0
vn 1 0 0
vn 1 0 0
vn -1 0 0
vn -1 0 0
vn -1 0 0
vn -1 0 0
vn 1 0 0
vn 1 0 0
vn 1 0 0
vn 1 0 0
vn -1 0 0
vn -1 0 0
vn -1 0 0
vn -1 0 0
vn 1 0 0
vn 1 0 0
vn 1 0 0
vn 1 0 0
vn -1 0 0
vn -1 0 0
vn -1 0 0
vn -1 0 0
vn 1 0 0
vn 1 0 0
vn 1 0 0
vn 1 0 0
vn 1 0 0
vn 1 0 0
vn -0.10038247606322301 -0.2423463193706279 -0.9649827045014467
vn -0.29642869649451214 -0.7156377740010719 -0.6324496852061475
vn -0.10038253825473967 -0.24234696019638716 -0.96498253709438
vn -0.29642327548116004 -0.7156352189662183 -0.6324551170859424
vn -0.2423467487420149 -0.10038330850825138 -0.964982510073168
vn -0.7156350249242773 -0.29642354061814863 -0.6324552123818966
vn -0.24234631213501004 -0.1003829491500623 -0.9649826571055545
vn -0.7156328782919985 -0.2964243119642694 -0.6324572798094897
vn -0.24234632095089043 0.10038259041680782 -0.9649826922089222
vn -0.7156338118074801 0.29642029795257197 -0.6324581048256118
vn -0.24234736136199736 0.10038269138823887 -0.9649824204152795
vn -0.7156351917368222 0.29642322571598434 -0.6324551712208007
vn -0.29642672043839524 0.7156330034089474 -0.6324560094125337
vn -0.10038271198531844 0.24234685540245116 -0.9649825453400782
vn -0.1003856398419357 0.24235041266515733 -0.9649813473816752
vn -0.29642698669967577 0.7156322623920257 -0.6324567230884824
vn 0.10038474352592482 0.24235043469306547 -0.9649814350915341
vn 0.29642646386381394 0.7156323839869266 -0.6324568305508155
vn 0.10038447715723192 0.24234769017446664 -0.9649821520696483
vn 0.29642704775734974 0.7156326591880309 -0.6324562454915991
vn 0.24235049514425483 0.10038577808557693 -0.9649813122861438
vn 0.7156357540722645 0.29642177807165104 -0.6324552134169361
vn 0.24234632692378247 0.10038234736902242 -0.9649827159919685
vn 0.7156332590893669 0.2964226745855614 -0.632457616348063
vn 0.2423462723067195 -0.10038456981534653 -0.964982498515919
vn 0.7156330872153412 -0.2964234136225425 -0.6324574644503762
vn 0.24235116800583717 -0.10038504497167386 -0.964981219564527
vn 0.7156338100712228 -0.2964249473124872 -0.6324559277085909
vn 0.10038382491512167 -0.24234825050675413 -0.964982079197187
vn 0.2964266974554139 -0.7156329479234778 -0.6324560829670545
vn 0.10038224023657959 -0.24234632516605048 -0.964982727577855
vn 0.29642462291984323 -0.7156387213918588 -0.6324505224691132
vn 0 0 1
vn 0 0 1
vn 0 0 1
vn 0 0 1
vn 0 0 1
vn 0 0 1
vn 0 0 1
vn 0 0 1
vn 0 0 1
vn 0 0 1
vn 0 0 1
vn 0 0 1
vn 0 0 1
vn 0 0 1
vn 0 0 1
vn 0 0 1
vn -1 0 0
vn 0.09760923745232881 0.8892965168340319 0.44679317576573774
vn 0.6966156350740043 -0.13900114427921748 -0.7038503668106666
vn 0.5610598328913352 -0.09420764076800017 -0.8223969749074194
vn 0.6157188697907888 0.09208823816203703 -0.7825663101461534
vn 0.5462764883241097 0.12794174237984013 -0.8277758808162325
vn 0.6331728486359601 0.3691218028445944 -0.6803243626498907
vn 0.6015523128405673 0.38801403556636727 -0.6982692339776014
vn 0.6586864080467895 0.7505089532153285 -0.053558631405687944
vn 0.6620324949400593 0.7476896032804724 -0.05170331507486056
vn 0.595947006978932 0.7406186095038362 0.31037274385721636
vn 0.6274392395937839 0.7105027815036158 0.3185997459095022
vn 0.5206956483047436 0.6372829311760162 0.5681078308457014
vn 0.5799743534786056 0.5834177421112869 0.5685538562852611
vn 0.4547624173573741 0.4914024411568099 0.7427750565173857
vn 0.6473509596647816 0.38524527372646605 0.6576646669029032
vn 0.6112333583638095 0.23995331345268595 0.7541990380439212
vn 0.6192931703386905 0.23091201131881386 0.7504369475182803
vn 0.6796286489315218 0.3814505736695051 0.6265782947076287
vn 0.6450129273429253 0.4215411455637895 0.6373863711731514
vn 0.6824430344239236 0.5177695675695002 0.5159323402008834
vn 0.6452259780500866 0.5582954262225521 0.5215262738427355
vn 0.6707205023581486 0.6126031834621554 0.41815230159412703
vn 0.650250140318065 0.6357731519132689 0.4158933208439446
vn 0.671687350891729 0.6689883056368747 0.31826207686929164
vn 0.6651131834991831 0.6740863169219407 0.3212975108434473
vn 1 0 0
vn 1 0 0
vn 0.8277633118647617 0.5609846649944239 -0.010203194194746454
vn 0.4674806463896496 0.6263819728701466 0.6237847940711752
vn 0.4674792195881446 0.6263666296529208 0.6238012700455973
vn -0.2560248250738893 0.7384713557492275 0.6237879012002256
vn -0.25600750771717534 0.7384858426467051 0.6237778580575191
vn -0.4921191906518498 0.08934293294675041 0.8659310264245306
vn -0.49212350247668224 0.08934085422356682 0.8659287904191004
vn -0.6952239585921774 0.13082317421351491 0.7067877648121271
vn -0.49416849419934494 0.07576271826460473 0.8660586064822116
vn -0.2528992590025335 0.05865694068311854 0.9657128600705631
vn 0.2579945268262958 -0.0257255124861763 0.9658038217645442
vn 0.4923109796027709 -0.0871718208856939 0.8660432858731903
vn 0.7001127594432345 -0.09964179312807894 0.7070457107761852
vn 0.9552391941661555 -0.14334204312002055 0.25878782931771027
vn 0.8277829768535335 0.5609558719462885 -0.01019082727170215
vn 0.9851679992536494 -0.17159237048478382 0.00026765271178297534
vn 0.9549453476560046 -0.14509722730195193 -0.25889414365612534
vn 0.6993095838832352 -0.10443329431101422 -0.7071490599077436
vn 0.49607961928946986 -0.06376382975244174 0.8659325524201734
vn 0.4960965530304531 -0.063755911062156 0.8659234341879988
vn 0.9882098256443467 -0.15310565134926932 -0.000004988612124305742
vn 0.9882099542544321 -0.15310482118683194 -0.0000064654025872061425
vn 0.4645716396468287 0.6076739004779935 -0.6441316808803298
vn 0.4645557637888003 0.6076993180679681 -0.6441191513612454
vn 0.4915341333538336 -0.0930761960243117 -0.8658700927285453
vn 0.2568534915277383 -0.03226062159742239 -0.9659117641814693
vn -0.25374109101474535 0.052073142440662044 -0.9658694769827864
vn 0.49211869812140135 -0.0893529512912872 -0.8659302726287113
vn 0.4921265000437682 -0.08936014442359627 -0.8659250963814741
vn -0.2588952588648151 0.7197849339404827 -0.6441140378920609
vn -0.25890496285369846 0.7197400372136804 -0.6441603053909601
vn -0.49511835448809083 0.06988815520143735 -0.8660100812412899
vn -0.6957586247600435 0.12598615862038479 -0.7071403141584366
vn -0.9508273689768385 0.16967438002695137 -0.25910985926253893
vn -0.49609642427928097 0.06375678089416949 -0.8659234439067491
vn -0.4960817969652348 0.06374297154365455 -0.8659328405243264
vn -0.9882087203505829 0.15311278522463087 0.000004880543902008045
vn -0.9882097906758757 0.1531058769898633 -0.000006595986415139717
vn -0.6192311708738027 0.7851426181203055 -0.010189515663240141
vn -0.6192098387990617 0.7851595586524869 -0.01018052017690712
vn -0.9880216791693396 0.15431513567711155 -0.00001980791534475489
vn -0.9506839356079839 0.17145430223922944 0.2584636856902217
vn 0 0 -1
vn 0 0 -1
vn 0 0 -1
vn 0 0 -1
vn 0 0 -1
vn 0 0 -1
vn 0 0 -1
vn 0 0 -1
vn 0 0 -1
vn 0 0 -1
vn 0 0 -1
vn 0 0 -1
vn 0 0 -1
vn 0 0 -1
vn 0 0 -1
vn 0 0 -1
vn 0 0 -1
vn 0 0 -1
vn 0 0 -1
vn 0 0 -1
vn 0 0 -1
vn 0 0 -1
vn 0 0 -1
vn 0 0 -1
vn 0 0 -1
vn 0 0 -1
vn 0 0 -1
vn 0 0 -1
vn 0 0 -1
vn 0 0 -1
vn 0 0 -1
vn 0 0 -1
vn 0 0 -1
vn 0 0 -1
vn 0 0 -1
vn 0 0 -1
vn 0 0 -1
vn 0 0 -1
vn 0 0 -1
vn 0 0 -1
vn 0 0 -1
vn 0 0 -1
vn 0 0 -1
vn 0 0 -1
vn 0 0 -1
vn 0 0 -1
vn 0 0 -1
vn 0 0 -1
vn 0 0 -1
vn 0 0 -1
vn 0 0 -1
vn 0 0 -1
vn 0 0 -1
vn 0 0 -1
vn 0 0 -1
vn 0 0 -1
vn 0 0 -1
vn 0 0 -1
vn 0 0 -1
vn 0 0 -1
vn 0 0 -1
vn 0 0 -1
vn 0 0 -1
vn 0 0 -1
vn 0 0 -1
vn 0 0 -1
vn 0 0 -1
vn 0 0 -1
vn 0 0 -1
vn 0 0 -1
vn 0 0 -1
vn 0 0 -1
vn 0 0 -1
vn 0 0 -1
vn 0 0 -1
vn 0 0 -1
vn 0 0 -1
vn 0 0 -1
vn 0 0 -1
vn 0 0 -1
vn 0 0 -1
vn 0 0 -1
vn -0.30758929590776724 -0.8970589086242493 -0.3172918837613641
vn -0.6737042517858253 -0.7304386763408133 -0.11216916345940237
vn -0.7563435667411657 0 -0.654174601348334
vn -0.827495767131129 0.5614251767700725 -0.007247500862861911
vn -0.7563453155506692 -0.0000015500913240940883 -0.6541725794025273
vn -0.8339630361033796 0.5518203098955612 0
vn -0.687150298682635 0 0.7265152902866984
vn -0.687150298682635 0 0.7265152902866985
vn -1 0 0
vn -1 0 0
vn -1 0 0
vn -0.04839062572511586 -0.2742461414237133 0.9604412534122724
vn -0.24586412723142434 0 0.9693043025493748
vn 0 -1 0
vn 0 -1 0
vn 0 -0.9999999999927194 0.000003815950855057641
vn 0 -0.9999999999927194 0.000003815950855057641
vn -1 0 0
vn -1 0 0
vn 0 1 0
vn 0 1 0
vn 0 1 0
vn 0 1 0
vn 1 0 0
vn 1 0 0
vn -1 0 0
vn -1 0 0
vn 0 0 1
vn 0 0 1
vn 0 0.9717099761125109 0.23617731119526214
vn 0 0.9717099761125109 0.23617731119526214
vn 0 -0.9649099207655797 -0.2625811204335963
vn 0 -0.9649099207655797 -0.2625811204335963
vn 0 0.18035123151146898 -0.9836022739361152
vn 0 0.18035123151146898 -0.9836022739361152
vn 0 0.32463830306531555 -0.945838237851945
vn 0 0.32463830306531555 -0.945838237851945
vn -0.0137922350992008 -0.514502184865903 -0.8573781406235994
vn -0.013791201382213937 -0.5145031543342404 -0.8573775754850088
vn -0.7771610875341667 0.5450367530088346 -0.31457206152533385
vn -0.777161067506486 0.5450364613930975 -0.3145726162657357
vn 0.6324011566226201 0.6596951877459923 -0.4060431459428326
vn 0.6324022626720543 0.6596928407963989 -0.4060452363582696
vn 0.7771615433526506 -0.5450370985269491 0.31457033675006757
vn 0.7771614899408427 -0.5450376027632937 0.3145695950453119
vn -0.6324012150810496 -0.6596934864221233 0.40604581901090403
vn -0.6323970755340468 -0.6596909638526831 0.4060563643967465
vn 0.013788656390739555 0.5145048969725278 0.8573765706772182
vn 0.01379083525643395 0.5145028535328968 0.8573777618817953
vn -0.002640060354899247 -0.5000296304821114 -0.8660042717684745
vn -0.0026391843395925825 -0.5000267116711561 -0.8660059597493266
vn -0.02180589226243079 0.8659074487842443 -0.49972871960955045
vn -0.021805474205202298 0.8659089153201469 -0.4997261966955234
vn 0.021806409071444023 -0.8659074328689859 0.49972872463532814
vn 0.02180645483634971 -0.8659072723271878 0.4997290008178032
vn 0.0026405691210650787 0.500031414786578 0.8660032399600192
vn 0.002640033775170369 0.5000296310608124 0.8660042715153626
vn 0 1 0
vn 0 1 0
vn 1 0 0
vn 1 0 0
vn -1 0 0
vn -1 0 0
vn 0 0 1
vn 0 0 1
vn 0 1 0
vn 0 1 0
vn 1 0 0
vn 1 0 0
vn -1 0 0
vn -1 0 0
vn 0 0 1
vn 0 0 1
vn 0 1 0
vn 0 1 0
vn 1 0 0
vn 1 0 0
vn -1 0 0
vn -1 0 0
vn 0 0 1
vn 0 0 1
vn 0 1 0
vn 0 1 0
vn 1 0 0
vn 1 0 0
vn -1 0 0
vn -1 0 0
vn 0 0 1
vn 0 0 1
vn 0 0.9999999999619419 -0.00000872448033195363
vn 0 0.9999999999619419 -0.00000872448033195363
vn 1 0 0
vn 1 0 0
vn -1 0 0
vn -1 0 0
vn 0 0 1
vn 0 0 1
vn 0 1 0
vn 0 1 0
vn 1 0 0
vn 1 0 0
vn -1 0 0
vn -1 0 0
vn 0 0 1
vn 0 0 1
vn 0 1 0
vn 0 1 0
vn 1 0 0
vn 1 0 0
vn -1 0 0
vn -1 0 0
vn 0 0 1
vn 0 0 1
vn 0 1 0
vn 0 1 0
vn 1 0 0
vn 1 0 0
vn -1 0 0
vn -1 0 0
vn 0 0 1
vn 0 0 1
vn 0 1 0
vn 0 1 0
vn 1 0 0
vn 1 0 0
vn -1 0 0
vn -1 0 0
vn 0 0 1
vn 0 0 1
vn 0 1 0
vn 0 1 0
vn 1 0 0
vn 1 0 0
vn -1 0 0
vn -1 0 0
vn 0 0 1
vn 0 0 1
vn 0 1 0
vn 0 1 0
vn 1 0 0
vn 1 0 0
vn -1 0 0
vn -1 0 0
vn 0 0 1
vn 0 0 1
vn 0 1 0
vn 0 1 0
vn 1 0 0
vn 1 0 0
vn -1 0 0
vn -1 0 0
vn 0 0 1
vn 0 0 1
vn 0 1 0
vn 0 1 0
vn 1 0 0
vn 1 0 0
vn -1 0 0
vn -1 0 0
vn 0 0 1
vn 0 0 1
vn 0 1 0
vn 0 1 0
vn 1 0 0
vn 1 0 0
vn -1 0 0
vn -1 0 0
vn 0 0 1
vn 0 0 1
vn 0 1 0
vn 0 1 0
vn 1 0 0
vn 1 0 0
vn -1 0 0
vn -1 0 0
vn 0 0 1
vn 0 0 1
vn 0 1 0
vn 0 1 0
vn 1 0 0
vn 1 0 0
vn -1 0 0
vn -1 0 0
vn 0 0 1
vn 0 0 1
vn 0 1 0
vn 0 1 0
vn 1 0 0
vn 1 0 0
vn -1 0 0
vn -1 0 0
vn 0 0 1
vn 0 0 1
vn 0 1 0
vn 0 1 0
vn 1 0 0
vn 1 0 0
vn -1 0 0
vn -1 0 0
vn 0 0 1
vn 0 0 1
vn 0 1 0
vn 0 1 0
vn 1 0 0
vn 1 0 0
vn -1 0 0
vn -1 0 0
vn 0 0 1
vn 0 0 1
vn 0 1 0
vn 0 1 0
vn 1 0 0
vn 1 0 0
vn -1 0 0
vn -1 0 0
vn 0 0 1
vn 0 0 1
vn 0 1 0
vn 0 1 0
vn 1 0 0
vn 1 0 0
vn -1 0 0
vn -1 0 0
vn 0 0 1
vn 0 0 1
vn 0 1 0
vn 0 1 0
vn 1 0 0
vn 1 0 0
vn -1 0 0
vn -1 0 0
vn 0 0 1
vn 0 0 1
vn 0 1 0
vn 0 1 0
vn 1 0 0
vn 1 0 0
vn -1 0 0
vn -1 0 0
vn 0 0 1
vn 0 0 1
vn 0 1 0
vn 0 1 0
vn 1 0 0
vn 1 0 0
vn -1 0 0
vn -1 0 0
vn 0 0 1
vn 0 0 1
vn 0 1 0
vn 0 1 0
vn 1 0 0
vn 1 0 0
vn -1 0 0
vn -1 0 0
vn 0 0 1
vn 0 0 1
vn 0 1 0
vn 0 1 0
vn 1 0 0
vn 1 0 0
vn -1 0 0
vn -1 0 0
vn 0 0 1
vn 0 0 1
vn 0 1 0
vn 0 1 0
vn 1 0 0
vn 1 0 0
vn -1 0 0
vn -1 0 0
vn 0 0 1
vn 0 0 1
vn 0 0.9999999999619419 -0.00000872448033195363
vn 0 0.9999999999619419 -0.00000872448033195363
vn 1 0 0
vn 1 0 0
vn -1 0 0
vn -1 0 0
vn 0 0 1
vn 0 0 1
vn 0 1 0
vn 0 1 0
vn 1 0 0
vn 1 0 0
vn -1 0 0
vn -1 0 0
vn 0 0 1
vn 0 0 1
vn 0 1 0
vn 0 1 0
vn 1 0 0
vn 1 0 0
vn -1 0 0
vn -1 0 0
vn 0 0 1
vn 0 0 1
vn 0 1 0
vn 0 1 0
vn 1 0 0
vn 1 0 0
vn -1 0 0
vn -1 0 0
vn 0 0 1
vn 0 0 1
vn 0 1 0
vn 0 1 0
vn 1 0 0
vn 1 0 0
vn -1 0 0
vn -1 0 0
vn 0 0 1
vn 0 0 1
vn 0 1 0
vn 0 1 0
vn 1 0 0
vn 1 0 0
vn -1 0 0
vn -1 0 0
vn 0 0 1
vn 0 0 1
vn 0 1 0
vn 0 1 0
vn 1 0 0
vn 1 0 0
vn -1 0 0
vn -1 0 0
vn 0 0 1
vn 0 0 1
vn -0.000005756171670325388 -0.000011709704505552699 -0.9999999999148748
vn 0 0 -1
vn 0 1 0
vn 0 1 0
vn 1 0 0
vn 1 0 0
vn -1 0 0
vn -1 0 0
vn 0.000005750426986400972 0 0.9999999999834663
vn 0.000005750426986400972 0 0.9999999999834663
vn -0.000005756171670720021 0 -0.9999999999834333
vn -0.000005756171670720021 0 -0.9999999999834333
vn 0 1 0
vn 0 1 0
vn 1 0 0
vn 1 0 0
vn -1 0 0
vn -1 0 0
vn 0 0 1
vn 0 0 1
vn 0 1 0
vn 0 1 0
vn 1 0 0
vn 1 0 0
vn -1 0 0
vn -1 0 0
vn 0.000005457448190057222 0 0.9999999999851081
vn 0.000005457448190057222 0 0.9999999999851081
vn -0.000005457448187695211 0 -0.9999999999851081
vn -0.000005457448187695211 0 -0.9999999999851081
vn 0 1 0
vn 0 1 0
vn 1 0 0
vn 1 0 0
vn -1 0 0
vn -1 0 0
vn 0.000006031916418829225 0 0.999999999981808
vn 0.000006031916418829225 0 0.999999999981808
vn -0.000006031916423553249 0 -0.999999999981808
vn -0.000006031916423553249 0 -0.999999999981808
vn 0 1 0
vn 0 1 0
vn 1 0 0
vn 1 0 0
vn -1 0 0
vn -1 0 0
vn 0 0 1
vn 0 0 1
vn 0 0 -1
vn 0 0 -1
vn 0 1 0
vn 0 1 0
vn 1 0 0
vn 1 0 0
vn -1 0 0
vn -1 0 0
vn 0 0 1
vn 0 0 1
vn 0 1 0
vn 0 1 0
vn 1 0 0
vn 1 0 0
vn -1 0 0
vn -1 0 0
vn 0 0 1
vn 0 0 1
vn 0 1 0
vn 0 1 0
vn 1 0 0
vn 1 0 0
vn -1 0 0
vn -1 0 0
vn 0 0 1
vn 0 0 1
vn 0 1 0
vn 0 1 0
vn 1 0 0
vn 1 0 0
vn -1 0 0
vn -1 0 0
vn 0 0 1
vn 0 0 1
vn 0 1 0
vn 0 1 0
vn 1 0 0
vn 1 0 0
vn -1 0 0
vn -1 0 0
vn 0 0 1
vn 0 0 1
vn 0 1 0
vn 0 1 0
vn 1 0 0
vn 1 0 0
vn -1 0 0
vn -1 0 0
vn 0 0 1
vn 0 0 1
vn -0.000001430222189055309 0.9962515668529586 0.08650326896123409
vn 5.616667517794058e-7 0.9962559088772177 0.08645324763659061
vn 0.000016526491018896733 -0.4225524970077494 0.9063384505797992
vn 0.000017199040949964274 -0.4225371261419615 0.9063456166032278
vn 0.7159475596903663 -0.6981502257973908 0.002313869586142896
vn 0.7154901712315689 -0.6986188270768754 0.0023557004799525582
vn 0.7028584517846127 -0.6826719601410903 -0.19987243830017895
vn 0.7003222731378794 -0.6851174577126574 -0.20040654401575458
vn 0.6890710501581566 -0.6558380133078778 -0.30831410628498834
vn 0.6796731517528835 -0.6635912652874271 -0.31255565811633224
vn 0.6747864933855441 -0.636819670735753 -0.3729931571871637
vn 0.6752992133537059 -0.636472306686916 -0.3726579869860601
vn 0.6724648056672791 -0.6005501888275218 -0.43258589417374277
vn 0.642683534769208 -0.6137425632672154 -0.45856072680806886
vn 0.5764032938642063 -0.8126186960700998 -0.0860819238854733
vn 0.6201644692511552 -0.7809389596338042 -0.07436647365920063
vn 0.6270283635953251 -0.7501113979585972 0.2101626082336433
vn 0.6589278246563194 -0.7178168092960003 0.22484027705417997
vn 0.6267370588592215 -0.6514685870861914 0.4275386989412938
vn 0.6948364126811847 -0.5761947103038421 0.4303510374452629
vn 0.6328376771504823 -0.48467818434081167 0.6038240902803366
vn 0.685452444400203 -0.43544904450929517 0.5835572603453139
vn 0.6183611334885009 -0.3015546264676199 0.7257370845194496
vn 0.6143466019541868 -0.30451538826658253 0.7279070208317794
vn 0.5826895867383817 -0.21497410561583294 0.7837467571998796
vn 0.6162250368697587 -0.2028402007174726 0.761001022934766
vn 0.5983433153726119 -0.10711125158443277 0.7940481450975926
vn 0.706812530036186 -0.10371689739977885 0.6997562808418438
vn -0.9998521149827548 0.004542645803381127 0.016586516620956494
vn -0.9998689301490489 0.0024608639865845113 0.01600208333424029
vn -0.9998676747581455 0.002454569397821307 0.016081295433227796
vn -0.9998112656076528 -0.0029199496428069884 0.019206953379106027
vn -0.9998319252604404 -0.007450814674693808 0.016751316088139064
vn -0.9998778610666276 -0.005510716839076351 0.014625147819607623
vn -0.9999108788713151 -0.010328229809488946 0.008459431647368173
vn 0.9998521187563646 0.004542640272751076 0.01658629065708704
vn 0.9998689336193228 0.0024608814306742925 0.016001863814647663
vn 0.999867679592191 0.002454593575405757 0.01608099117925468
vn 0.9998112718636124 -0.0029199012533381655 0.019206635081057966
vn 0.9998319378147148 -0.00745498429427833 0.016748711438332144
vn 0.9998780651195388 -0.0055061119223086576 0.014612926616742152
vn 0.9999110279588419 -0.010319977204912279 0.008451877707502931
vn 0.25881896263536897 -0.9659258483860714 0
vn 0.25881896263536897 -0.9659258483860714 0
vn 0.7071038616692888 -0.7071097006917522 0
vn 0.7071038616692888 -0.7071097006917522 0
vn 0.9659258744601944 -0.2588188653253645 0
vn 0.9659258744601944 -0.2588188653253645 0
vn 0.9659266630189838 0.25881592236377365 0
vn 0.9659266630189837 0.2588159223637736 0
vn 0.7071067723663087 0.7071067900067862 0
vn 0.7071067723663087 0.7071067900067862 0
vn 0.25881359765085754 0.9659272859128787 0
vn 0.25881359765085754 0.9659272859128787 0
vn -0.2588136667409251 0.9659272674006658 0
vn -0.2588136667409251 0.9659272674006658 0
vn -0.707103838172787 0.7071097241880592 0
vn -0.707103838172787 0.7071097241880592 0
vn -0.9659265924592082 0.2588161856997023 0
vn -0.9659265924592083 0.2588161856997023 0
vn -0.9659258038988717 -0.25881912866385753 0
vn -0.9659258038988717 -0.25881912866385753 0
vn -0.7071009274636892 -0.7071126348609467 0
vn -0.7071009274636892 -0.7071126348609467 0
vn -0.25881903172666304 -0.9659258298731185 0
vn -0.25881903172666304 -0.9659258298731185 0
vn 0.25881383294362026 -0.9659272228677646 0
vn 0.25882031301990616 -0.9659254865452177 0.000003265364285762451
vn 0.7071103751243645 -0.7071031872264237 0.000002390401253588067
vn 0.7071069024872412 -0.7071066598858332 0
vn 0.9659255041188557 -0.2588202474551303 0
vn 0.9659255041188557 -0.2588202474551303 0
vn 0.9659245745243962 0.2588237167066893 0
vn 0.9659250397902612 0.2588219803367113 -8.749619531119403e-7
vn 0.7071173549049594 0.707096207305979 -0.000002390377655635355
vn 0.7071138823706746 0.7070996799311053 0
vn 0.2588266313867127 0.9659237935184157 0
vn 0.2588266313867127 0.9659237935184157 0
vn -0.2588267128333422 0.9659237716941679 0
vn -0.2588267128333422 0.9659237716941679 0
vn -0.7071173583726653 0.7070962038422095 0
vn -0.7071138858343574 0.7070996764633126 -0.000002390389383306202
vn -0.9659244948098833 0.25882401419788353 -8.749688286959788e-7
vn -0.965924960077519 0.25882227782639444 0
vn -0.9659254244067728 -0.25882054494300866 0
vn -0.9659254244067728 -0.25882054494300866 0
vn -0.7071103785921047 -0.7071031837626884 0
vn -0.707106905950958 -0.7071066564180746 0.0000023904129813893175
vn -0.2588139143854209 -0.9659272010404478 0.000003265370081699283
vn -0.25882039446621274 -0.9659254647271466 0
vn 0.25881567884201284 -0.965926728269566 0
vn 0.25881567884201284 -0.965926728269566 0
vn 0.7071095755339014 -0.707103986828151 0
vn 0.7071095755339014 -0.707103986828151 0
vn 0.9659262939470317 -0.25881729977293433 0
vn 0.9659262939470317 -0.25881729977293433 0
vn 0.9659262939470313 0.2588172997729355 0
vn 0.9659262939470313 0.2588172997729355 0
vn 0.7071150705546103 0.707098491721308 0
vn 0.7071150705546103 0.707098491721308 0
vn 0.25881569532520415 0.9659267238529697 0
vn 0.25881569532520415 0.9659267238529697 0
vn -0.25881569532520415 0.9659267238529697 0
vn -0.25881569532520415 0.9659267238529697 0
vn -0.707115076075367 0.7070984862004218 0
vn -0.707115076075367 0.7070984862004218 0
vn -0.9659250034482539 0.25882211596672144 0
vn -0.9659250034482539 0.25882211596672144 0
vn -0.965925003448254 -0.2588221159667202 0
vn -0.965925003448254 -0.2588221159667202 0
vn -0.7071095810547009 -0.7071039813073077 0
vn -0.7071095810547009 -0.7071039813073077 0
vn -0.25881567884201284 -0.965926728269566 0
vn -0.25881567884201284 -0.965926728269566 0
vn 0.9551313989238085 -0.1440691521235174 0.2587819356065251
vn 0.955141314197439 -0.14404946356426557 0.2587562983968441
vn 0.953949105026724 -0.15170032908861 -0.25878198386502893
vn 0.9539507276680624 -0.15171044029138758 -0.2587700745607333
vn 0.6971518316162183 -0.11870440287904303 -0.7070279969076768
vn 0.6971526821016915 -0.11870573661321475 -0.7070269343762882
vn 0.25356053372646015 -0.05389316784564095 -0.965817054206393
vn 0.2535616221242626 -0.05389441177610017 -0.9658166990506124
vn -0.2579843045711391 0.025368620205483437 -0.9658159926734574
vn -0.25797784848205585 0.02536117168411186 -0.9658179127886264
vn -0.7003854689937121 0.0978199171475441 -0.7070300266832419
vn -0.7003832902927114 0.09781640151762806 -0.7070326712910074
vn -0.9551257979460958 0.14406328083404582 -0.25880587553833634
vn -0.9551294706575285 0.14408776502714424 -0.25877868971565626
vn -0.9539340686613901 0.15173868120025788 0.2588149247526755
vn -0.953949448641447 0.15170735028484186 0.25877660115673473
vn -0.6971431921349068 0.11869189775871446 0.7070386149754392
vn -0.6971552790157849 0.11868153895393667 0.7070284359571037
vn -0.2535517784786115 0.05385991952440409 0.9658212074184114
vn -0.2534715149476804 0.05390904263453564 0.9658395344115688
vn 0.2579639834458601 -0.025336743344996596 0.965822257292414
vn 0.2578999320734602 -0.025375533598956706 0.9658383443056469
vn 0.7003746998283156 -0.0978285531508189 0.7070394996241824
vn 0.7003756297606505 -0.09782777664414073 0.7070386858964908
vn -0.6936980122748918 0 0.7202659701567637
vn -0.6936980122748918 0 0.7202659701567637
vn -0.9560550673215696 0 0.2931871556680971
vn -0.9560550673215696 0 0.2931871556680971
vn -0.9560546656768093 0 -0.2931884653897637
vn -0.9560546656768093 0 -0.2931884653897637
vn -0.6327020920575553 0 -0.7743952884063751
vn -0.6327020920575553 0 -0.7743952884063751
vn -0.9851411944963949 -0.17174640289160134 1.1057242725098111e-7
vn -0.9851411939644588 -0.17174640594279836 1.1075490107935445e-7
vn -0.7672878685115051 -0.641302835511352 4.1355993284910577e-7
vn -0.7672878707590012 -0.6413028328223317 4.133534608684683e-7
vn -0.3438515261545966 -0.9390240294906135 6.052504566676318e-7
vn -0.3438515213359094 -0.9390240312551186 6.055527806936229e-7
vn 0.17174074786085733 -0.9851421803596625 6.352932053271361e-7
vn 0.17173543367722618 -0.985143106771597 3.174883158758804e-7
vn 0.6412969786989993 -0.76729276362512 2.4728030438794587e-7
vn 0.6413002024389698 -0.7672900692381545 4.948059044879867e-7
vn 0.9390244035139579 -0.34385050473309847 2.2174046924855923e-7
vn 0.9390243957606258 -0.34385052590674237 2.2041203262561278e-7
vn 0.9851412777591138 0.1717459252941058 -1.1009105886877372e-7
vn 0.9851412786779075 0.17174592002386982 -1.1040623330577246e-7
vn 0.7672875736834808 0.6413031882586796 -4.1225939697840436e-7
vn 0.7672875878427184 0.64130317131785 -4.135601494882008e-7
vn 0.3438515261545946 0.9390240294906141 -6.055527796791904e-7
vn 0.3438515213359075 0.9390240312551195 -6.052504579302476e-7
vn -0.17173552219025362 0.9851430913413735 -6.349766218058138e-7
vn -0.1717355168866675 0.9851430922659233 -6.352937935228695e-7
vn -0.6413033457136651 0.7672874420816587 -4.948042103009325e-7
vn -0.6413033489309204 0.7672874393926581 -4.945571770253899e-7
vn -0.9390235978187819 0.34385270500524145 -2.2163118326783757e-7
vn -0.9390235993048637 0.3438527009469172 -2.2137655939561645e-7
vn -0.9851457699184453 -0.17172015610228755 0
vn -0.9851457699184453 -0.17172015610228755 0
vn -0.9390244517280283 0.34385037306490773 0
vn -0.9390244517280283 0.34385037306490773 0
vn -0.6413135889912235 0.767278880574199 0
vn -0.6413135889912235 0.767278880574199 0
vn -0.1717344196803519 0.9851432835364878 0
vn -0.1717344196803519 0.9851432835364878 0
vn 0.34383394017900193 0.9390304689311113 0
vn 0.3438464012722777 0.9390259060973012 -0.0000032010355229187023
vn 0.7672827400644923 0.6413089713970526 -0.0000021861513993187147
vn 0.7672769279546886 0.6413159251323918 0
vn 0.9851457437118755 0.17172030644736155 0
vn 0.9851457437118755 0.17172030644736155 0
vn 0.9390192229270731 -0.3438646521139327 0
vn 0.9390208933932092 -0.3438600903996365 0.0000011718338369752944
vn 0.6413135338173352 -0.7672789266856511 0.000002614794312545608
vn 0.6413052164072774 -0.7672858785412484 0
vn 0.17173441694088454 -0.9851432840140435 0
vn 0.17173441694088454 -0.9851432840140435 0
vn -0.34385108410126536 -0.9390241913616416 0
vn -0.34385108410126536 -0.9390241913616416 0
vn -0.7672775698162453 -0.6413151572018838 0
vn -0.7672775698162453 -0.6413151572018838 0
vn 0 -0.1276767750957345 0.9918158302331906
vn 0 -0.1276767750957345 0.9918158302331906
vn 0 -0.31952286036911076 0.9475785675613089
vn 0 -0.31952286036911076 0.9475785675613089
vn 0 0.9832899440539455 0.18204638398602901
vn -0.0000015478438501559384 0.9832901673289961 0.18204517799634
vn -0.0000033174691327352177 0.9207409136498449 0.3901745377651434
vn 0 0.9207398442611594 0.39017706133233443
vn 0 -0.9835370082811964 -0.18070681597901564
vn 0 -0.9835370082811964 -0.18070681597901564
vn 0 -0.9213009524308184 -0.3888502990227303
vn 0 -0.9213009524308184 -0.3888502990227303
vn -0.9238791604335831 -0.32467695611074326 0.2025639925732126
vn -0.923880093867229 -0.32467543406972266 0.20256217481928174
vn -0.923880118271368 0.32467538408326957 -0.2025621436331691
vn -0.9238788271753731 0.3246774893196081 -0.20256465789019876
vn -0.3826753846395833 0.7838401384222198 -0.4890339327584357
vn -0.3826802066919805 0.7838392781220774 -0.48903153832778895
vn 0.38268063122900026 0.7838391289296011 -0.4890314452477045
vn 0.382682633716598 0.7838380787532975 -0.4890315615050501
vn 0.9238819709662839 0.32467125201668057 -0.20256031654145895
vn 0.9238811636475873 0.32467324285402177 -0.20256080773889534
vn 0.9238814968994573 -0.32467256025547653 0.20256038187160957
vn 0.9238824303076179 -0.32467025847464365 0.2025598139584892
vn 0.382680844303046 -0.7838385804396171 0.4890321576521465
vn 0.3826827478841093 -0.7838375821324436 0.4890322681670731
vn -0.38267841728480506 -0.7838391040079615 0.48903321765744384
vn -0.38268032085911513 -0.783838764390332 0.489032272417887
vn -0.9238788191990881 -0.32467748869950347 0.20256469526322396
vn -0.9238796600837633 -0.32467699327272814 0.2025616541275542
vn -0.9238796608999639 0.32467699160092495 -0.20256165308453838
vn -0.9238796608999644 0.32467699160092456 -0.20256165308453597
vn -0.3826855674487423 0.783839481060879 -0.48902701806408
vn -0.3826805475079636 0.7838382112649436 -0.4890329816280074
vn 0.3826878389076371 0.7838356488659557 -0.4890313829593036
vn 0.38268281892302924 0.7838404469723749 -0.4890276206834045
vn 0.923879660899962 0.32467699160092983 -0.20256165308453933
vn 0.9238796608999627 0.3246769916009275 -0.20256165308454
vn 0.9238788191955202 -0.32467871563788075 0.20256272868824546
vn 0.9238796600842184 -0.3246757663472354 0.20256362069607822
vn 0.38268476130395185 -0.7838368023057999 0.4890319425321374
vn 0.3826834399429984 -0.7838380652685712 0.48903095222022147
vn -0.38268248986735126 -0.7838383991504783 0.4890311605267507
vn -0.38268116850984574 -0.7838380649081286 0.4890327302635473
vn -0.9238801554551932 -0.324674712213776 0.20256305093720794
vn -0.9238796282409949 -0.3246750228253806 0.20256495766696617
vn -0.9238788163147983 0.32467668585783643 -0.2025659952339958
vn -0.9238796725134606 0.32467618142355936 -0.20256289870713529
vn -0.3826858183095595 0.7838374943883273 -0.48903000608937264
vn -0.38268558996643826 0.7838374366280313 -0.4890302773575846
vn 0.3826858415351233 0.7838373482193309 -0.48903022220006176
vn 0.3826856131916429 0.7838375664728621 -0.48903005106234304
vn 0.9238810227266167 0.32467341580812925 -0.20256117326156745
vn 0.9238818789011359 0.3246704128457552 -0.202562081497683
vn 0.9238823618339999 -0.32466942365457796 0.2025614643406649
vn 0.9238818346349058 -0.3246712727711529 0.20256090508486704
vn 0.3826827936236249 -0.783837398490096 0.4890325267226062
vn 0.38268085126577606 -0.7838392550051517 0.4890310709837053
vn -0.38268277040833204 -0.7838385805694447 0.4890306502086369
vn -0.3826808280485519 -0.7838380892423409 0.48903295767973626
vn -0.7527466611098899 0.32927883449900813 0.5700420276952284
vn -0.7527538762380138 0.3292752214873796 0.5700345869533553
vn -0.7449511135306004 0.352734224839216 0.5662388233568906
vn -0.7449506646429277 0.35273595195160695 0.5662383380245936
vn -0.708243368730155 0.08473120225764973 -0.7008651468105223
vn -0.5967962256588853 0.08578903900227222 -0.7977935233043544
vn -0.6178043661666669 0.19206717994488962 -0.7625142382496345
vn -0.5790832621095511 0.2057223167101509 -0.7888858624363663
vn -0.6148085975524603 0.30594360078609834 -0.7269173966233119
vn -0.6197057473490085 0.30231605329243033 -0.7242719037932477
vn -0.682541162186047 0.42649632125012 -0.59349679854388
vn -0.6282490054765523 0.4767141525363528 -0.6148551080451963
vn -0.6921110934965858 0.5694288166457275 -0.44354600328760335
vn -0.6303001189811083 0.6396402069893665 -0.43997973318665645
vn -0.664222449460763 0.705923792816107 -0.24592709563703258
vn -0.625468884954237 0.7466896204677104 -0.22636979621824616
vn -0.6242881046800168 0.7805742137931077 0.03111686225030293
vn -0.5626024754873094 0.8256649553540537 0.041902697714348035
vn -0.6437882414037286 0.6133189087004338 0.45757689677343166
vn -0.6728989581188162 0.6005561007983782 0.4319020281921121
vn -0.6757814738921427 0.6389751012759723 0.36746458263827847
vn -0.6753402876453015 0.6392772861153202 0.3677499793884324
vn -0.6797328381304542 0.6639976375161853 0.3115612397908995
vn -0.6888822559344184 0.6564109016009229 0.3075157975099328
vn -0.6999029934661786 0.685057768827385 0.20206843668996793
vn -0.7014371382095054 0.6835811502185682 0.20174923099312794
vn -0.7143592178089537 0.699775082403696 0.002396242533753662
vn -0.7151407265514425 0.6989761802105261 0.002457788798343713
vn -0.6989494448794854 0.11461414512680931 0.7059272421712524
vn -0.5724298691068429 0.07100874840890306 0.8168731863659889
vn -0.6233830070853493 -0.11104893821736876 0.7739908008484483
vn -0.5543108081134295 -0.14611302414494895 0.8193842274439106
vn -0.6355754708389272 -0.3784308306960096 0.6729293627466438
vn -0.6058885415509155 -0.39558327588754305 0.6902267359754943
vn -0.6602400138288209 -0.7487796856293241 0.058413239322683976
vn -0.6631235548447714 -0.7463480088295076 0.05684892898079063
vn -0.6057752146058594 -0.7446719147110973 -0.28017874439317036
vn -0.6458697886885075 -0.7065386828405894 -0.28923226948137704
vn -0.5373428167193451 -0.6368297091352358 -0.5529110406592108
vn -0.5893864316909537 -0.5897760152861344 -0.5520759784049785
vn -0.5136961152916911 -0.5358305904083702 -0.6700760251768774
vn -0.6561873937305674 -0.44121970660017407 -0.6121627845734676
vn -0.6073200047192134 -0.2283953502882934 -0.7609191651118682
vn -0.614589228482342 -0.22006226525292238 -0.7575306460105967
vn -0.676298784048666 -0.36995378249454236 -0.6369883464493497
vn -0.6405570946842516 -0.4117741047021772 -0.6481733526969395
vn -0.6794544088252871 -0.5086971998368752 -0.5287427211848895
vn -0.6410399116742248 -0.5510685758886359 -0.5342202320286763
vn -0.6688330871656275 -0.6090687271604801 -0.42625999942242887
vn -0.6471889777269444 -0.6338043576252941 -0.4236017745051844
vn -0.6706623702423042 -0.6701185633799328 -0.31804574538042385
vn -0.6646814774332964 -0.6747086866538213 -0.3208842808723508
vn 0 -9.229609229306198e-7 -0.9999999999995741
vn -6.435432584069212e-7 -8.511789712339922e-7 -0.9999999999994307
vn 0 -9.51249461384465e-7 -0.9999999999995476
vn 6.041190335703151e-9 -9.505560610105347e-7 -0.9999999999995483
vn -7.927029254473637e-9 -9.505560610105346e-7 -0.9999999999995483
vn 0 -9.51249461384465e-7 -0.9999999999995476
vn 5.267422003199228e-7 -8.549583081200625e-7 -0.999999999999496
vn 0 -9.229609229306198e-7 -0.9999999999995742
vn 0 0.9999981369435224 0.0019303133124821063
vn 0 0.9999981369435224 0.001930313312482106
vn 0.6030855701927808 0.7976678311781308 0.0037183502828278116
vn 0.5067831107674264 0.8620728046733239 0.0011653684222204424
vn 0.015034685315000166 0.9998860163919078 0.0013829177128815379
vn -0.006355281728143915 0.9999770294298204 0.0023560574840262053
vn 0.008339046955283588 0.9999624540205642 0.0023560231427353063
vn -0.01973375620602493 0.999804314567019 0.0013825480732214842
vn -0.44442296063426295 0.8958162505270236 0.0012154640189509375
vn -0.5245375652968729 0.8513799522788466 0.0035382834959619735
vn 0 0.9999981369435224 0.0019303133124821059
vn 0 0.9999981369435224 0.0019303133124821059
vn 0 0.0000024397805491273065 0.9999999999970237
vn 0.0000010899862207108772 0.0000018541412655220207 0.9999999999976871
vn 0 0.0000028655603388497532 0.9999999999958943
vn 4.353513558657884e-8 0.0000028953165552002387 0.9999999999958077
vn -5.714665380728309e-8 0.0000028953165552002365 0.999999999995807
vn 0 0.0000028655603388497532 0.9999999999958943
vn -9.224690226142087e-7 0.0000018594060484324125 0.999999999997846
vn 0 0.0000024397805491273065 0.9999999999970237
vn 0.9358668795148862 -0.3523537765188131 0
vn 0.9358668795148861 -0.35235377651881306 0
vn 0.6341357394621083 -0.7732217430574784 0
vn 0.6341300008440156 -0.7732264493814598 0.000002551475382974837
vn 0.7071092960401012 -0.7071042663202001 0.000002333286878809586
vn 0.7071067594018252 -0.7071068029712692 0
vn 0.9659248675375651 -0.2588226231853339 0
vn 0.9659248675375651 -0.2588226231853339 0
vn 0.9659248675375648 0.25882262318533494 0
vn 0.965924867537565 0.25882262318533494 0
vn 0.7071067761203355 0.7071067862527597 0
vn 0.7071067761203355 0.7071067862527597 0
vn 0.6878573471943689 0.7258458995618324 0
vn 0.6878524094043855 0.7258505788867889 -0.0000025090029369630994
vn 0.9289438666540388 0.3702205999187592 -0.0000012797187183414588
vn 0.9289449706792828 0.37021782972956113 0
vn -0.9617007666498737 -0.27410150569642155 0
vn -0.9617007666498737 -0.27410150569642155 0
vn -0.6815435698218787 -0.7317775361641337 0
vn -0.681549094007167 -0.7317723911519067 0.0000024146862066840885
vn -0.7071067644661128 -0.7071067979031322 0.00000233329523249915
vn -0.7071093011082201 -0.7071042612558948 0
vn -0.9659247750778724 -0.25882296824424567 0
vn -0.9659247750778724 -0.25882296824424567 0
vn -0.9659247750778721 0.2588229682442467 0
vn -0.9659247750778721 0.2588229682442467 0
vn -0.7071067811865476 0.7071067811865476 0
vn -0.7071067811865476 0.7071067811865476 0
vn -0.7223497172111345 0.6915279358384548 0
vn -0.7223544238301934 0.6915230194051647 -0.000002390344978888227
vn -0.9576635038912944 0.2878899326368646 -9.951313776118953e-7
vn -0.9576628156512218 0.2878922220536253 0
vn 0 0 -1
vn 0 0 -1
vn 0 0 -1
vn 0 0 -1
vn 0 0 -1
vn 0 -0.000006939709833814069 -0.9999999999759204
vn 0 -0.000006939709833814072 -0.9999999999759204
vn 0 0 -1
vn 0 0 -1
vn 0 0 -1
vn 0 0 1
vn 0 0 1
vn 0 0 1
vn 0 0 1
vn 0 0 1
vn 0 0 1
vn 0 0 1
vn 0 0 1
vn 0 0 1
vn 0 0 1
vn -0.1530799396480936 -0.9881002745341103 0.014979303820679815
vn -0.1530800650774485 -0.988101084155412 0.014924515629784326
vn -0.1530884466546644 -0.9880993028647727 0.014956442725868675
vn -0.15308835700152304 -0.9880987242044726 0.014995538538774654
vn -0.1530846604242762 -0.9880995105116738 0.014981457518374465
vn -0.15308476223510986 -0.9881001676593895 0.01493700916872282
vn -0.15308849830064042 -0.9880993736036753 0.014951239817462394
vn -0.15308848708339914 -0.9880993012027491 0.014956138711403279
vn -0.15308947548460164 -0.9880990910723156 0.014959903673259327
vn -0.15308965459271354 -0.9881002471058183 0.014881509537155587
vn 0.15307636634772848 0.988101743250353 -0.014918815348062065
vn 0.15307628199124168 0.9881011987326482 -0.014955699744298914
vn 0.15308132813254796 0.9881007027116223 -0.014936809497792004
vn 0.15308116907565586 0.9880996760401871 -0.015006194844389337
vn 0.15308480387904358 0.9880993194798257 -0.01499258699558849
vn 0.1530849777888172 0.9881004419957423 -0.01491663846904674
vn 0.1530819566527882 0.9881007392327197 -0.014927949460896659
vn 0.15308193412439047 0.9881005938182833 -0.014937802405038487
vn 0.15307611325492038 0.9881011659237829 -0.01495959393926838
vn 0.15307621608597977 0.9881018296948149 -0.014914631157273458
vn 0 -1 0
vn 0 -1 0
vn 0 -1 0
vn 0 1 0
vn 0 1 0
vn 0 1 0
vn 0.6266678114657495 0 -0.7792865032019534
vn 0.6266678114657495 0 -0.7792865032019534
vn 0.9547317494870046 0 -0.29746812690014984
vn 0.9547317494870046 0 -0.29746812690014984
vn 0.954732162370831 0 0.29746680173544987
vn 0.954732162370831 0 0.29746680173544987
vn 0.6879632411432101 0 0.7257455331145548
vn 0.6879632411432101 0 0.7257455331145548
vn -0.0000013495353674142273 -0.9999999999976812 0.0000016782012386431243
vn -0.0000036534217953442655 -0.9999999999926784 0.0000011383056432565343
vn -0.000012078193671328456 -0.9999999999199778 -0.00000376321421206706
vn 0 1 0
vn 0 1 0
vn 0 1 0
vn 0 0 1
vn 0 0 1
vn 0 0 1
vn 0 0 1
vn 0 0 1
vn 0 0 1
vn 0 0 1
vn 0 0 1
vn 0 0 1
vn 0 0 1
vn 0 0 -1
vn 0 0 -1
vn 0 0 -1
vn 0 0 -1
vn 0 0 -1
vn 0 0 -1
vn 0 0 -1
vn 0 0 -1
vn 0 0 -1
vn 0 0 -1
vn 0 1 0
vn 0 1 0
vn 0.8334537861094219 0.5525891660355552 0
vn 0.8334537861094219 0.5525891660355552 0
vn 0.35640407483750797 0.9343319193087755 0
vn 0.35640407483750797 0.9343319193087755 0
vn 0.7071047380958874 0.7071088242713045 0
vn 0.7071071356714843 0.7071064267008917 -8.749520652049905e-7
vn 0.9659260491913119 0.2588182132183915 -3.202538141623529e-7
vn 0.9659257279777459 0.25881941200509295 0
vn 0.9659260455973877 -0.2588182266313435 0
vn 0.9659260455973877 -0.2588182266313435 0
vn 0.7071047357006937 -0.7071088266664843 0
vn 0.7071071356714828 -0.7071064267008922 8.758261431370008e-7
vn 0.37570966168668724 -0.9267374224201576 0.0000011478623750790397
vn 0.3757096597325474 -0.9267374232123889 0.0000011467168044302914
vn 0.8183764977153636 -0.5746824409938326 7.11094637800904e-7
vn 0.8183764961109558 -0.5746824432785885 7.11804101254368e-7
vn 0 -0.999999999999233 0.0000012386042232175185
vn 0 -0.999999999999233 0.0000012386042232175185
vn 0 0 1
vn 0 0 1
vn 0 0 1
vn 0 0 1
vn 0 0 1
vn 0 0 1
vn 0 0 1
vn 0 0 1
vn 0 0 1
vn 0 0 1
vn 0 0 1
vn 0 0 1
vn 0 0 1
vn 0 0 1
vn 0 0 1
vn 0 0 1
vn 0.0000027689744839007682 0.000004296646979252179 0.9999999999869358
vn 0 0.0000036322502799944227 0.9999999999934034
vn 0 0 -1
vn 0 0 -1
vn 0 0 -1
vn 0 0 -1
vn 0 0 -1
vn 0 0 -1
vn 0 0 -1
vn 0 0 -1
vn 0 0 -1
vn 0 0 -1
vn 0 0 -1
vn 0 0 -1
vn 0 0 -1
vn 0 0 -1
vn 0 0 -1
vn 0 0 -1
vn 0 0 -1
vn 0 0 -1
vn -0.0534910602762626 0.9985683283927002 -0.0000012368325540520655
vn -0.0534910602762626 0.9985683283927002 -0.0000012368325540528249
vn -0.2144173269701079 0.9767421409428029 -0.0000012097985110124726
vn -0.21441991662338486 0.9767415724515982 0
vn -0.7011582268898101 0.7130057088584477 0
vn -0.7011554586140666 0.7130084311247097 -8.822550262771285e-7
vn -0.9659250872344376 0.25882180327600207 -3.202582562616531e-7
vn -0.9659254582577791 0.25882041861008453 0
vn -0.9659247180956141 -0.25882318090137996 0
vn -0.9659247180956141 -0.25882318090137996 0
vn -0.7020450464281918 -0.7121325387774654 0
vn -0.7020450464281918 -0.7121325387774654 0
vn -0.22181453680116311 -0.9750888735206066 0
vn -0.22181453680116311 -0.9750888735206066 0
vn 0.004875902023071938 -0.9999881127190771 0
vn 0.004875902023071938 -0.9999881127190771 0
vn -1 0 0
vn -1 0 0
vn -1 0 0
vn -1 0 0
vn -1 0 0
vn -1 0 0
vn -1 0 0
vn -1 0 0
vn -1 0 0
vn -2.89437879752563e-7 0.5003670118074517 0.8658134057028672
vn 5.274677007632664e-7 0.5003954592306309 0.8657969648717232
vn 5.259598018470745e-7 0.5003828114840252 0.8658042746320128
vn 1.713265190547467e-7 0.5003708850830058 0.8658111672652532
vn 3.793352851540236e-7 0.5003530735726027 0.8658214606755285
vn 0.0000012021156861946999 0.5003806333737866 0.8658055334444354
vn 1.5771228104029771e-7 0.5003695648503734 0.8658119302547309
vn 0.0000034742721348777437 0.5003805254900401 0.8658055957882469
vn -0.000005162467077222176 0.5003806639605695 0.8658055157526596
vn 0.0000035817397189403927 0.5003313503996762 0.8658340139971445
vn 0.0000011968761370939233 0.5003808638380522 0.8658054002506869
vn -0.000006586570446185047 0.5002526307619417 0.8658794981822664
vn 0.0000016279587399013708 0.5001862429293025 0.8659178496725994
vn -0.000013392740644967413 0.5002405184286708 0.8658864957619152
vn 0.0000011045001130988596 0.5002405181247316 0.8658864960403763
vn 0.0000017733333202567948 0.5002512378277878 0.8658803029568358
vn -4.311267844291453e-7 0.5008355216464251 0.8655424774423074
vn 0 0.5008572995675541 0.8655298755501728
vn 0 -0.9999999999993454 0.0000011443405200891602
vn 0 -0.9999999999993454 0.0000011443405200891602
vn 0 -0.9999999999993454 0.00000114434052008916
vn 0 -0.9999999999993454 0.00000114434052008916
vn 1 0 0
vn 1 0 0
vn 1 0 0
vn 1 0 0
vn 1 0 0
vn 1 0 0
vn 1 0 0
vn 1 0 0
vn 1 0 0
vn 1 0 0
vn 0 -0.04942994714350173 0.9987775930232871
vn 0 -0.04942994714350172 0.998777593023287
vn 0 -0.3445821705769873 0.9387561598841587
vn -0.029431566178022887 -0.10983733839882732 0.9935137351872747
vn 0.031113771259566745 -0.1161147036059227 0.99274836129027
vn -0.21949815237066442 -0.8191576586181384 0.529906870528317
vn 0.21949181806174684 -0.8191301268350243 0.529952051713347
vn -0.21947502348044348 -0.8191332990792006 0.5299541040579681
vn 0.21948341805002394 -0.8191650725794544 0.5299015126105753
vn 0 0 1
vn 0.5996649618544814 -0.5996649988037377 0.5299092589621138
vn -0.599660876670868 -0.599660849627612 0.5299185771552237
vn -0.5996607979889567 -0.5996608263451694 0.5299186925390315
vn 0 0 1
vn 0.5996648409018907 -0.5996645900507169 0.529909858396139
vn 0 0 1
vn 0.8191544670604434 -0.2194950301870376 0.5299130974208057
vn -0.8191487689639647 -0.21948849026028663 0.5299246144010309
vn -0.8191382899073529 -0.21949100909979682 0.5299397691549582
vn 0 0 1
vn 0.8191472620646992 -0.21948818906866782 0.529927068483262
vn 0 0 1
vn 0.8191459044302158 0.2194953762620188 0.5299261901951993
vn -0.8191393965415834 0.21948515051473635 0.5299404850896128
vn -0.8191523025041515 0.21949740423015862 0.5299154600862007
vn 0 0.00000546426377284992 0.9999999999850709
vn 0.8191623891312777 0.21949141357596882 0.5299023491164767
vn 0 0.000005464263772849921 0.9999999999850709
vn 0.5996769527058001 0.5996769612988183 0.5298821515024837
vn -0.5996623516029412 0.5996854745364344 0.5298890409321958
vn -0.5996526342800843 0.5996526342800843 0.5299372004321938
vn 0 0 1
vn 0 0 1
vn 0.5996444430836102 0.5996673415177863 0.5299298268600644
vn -0.2195043843234542 0.8191387012701805 0.5299335933342815
vn 0 0 1
vn -0.21950513715681183 0.8191355689184893 0.5299381232694553
vn 0.21950350868761576 0.8191358765456276 0.5299383222882192
vn 0.21950734548304562 0.8191399173511285 0.529930487027283
vn 0 0 1
vn 0 0 1
vn 0 0 1
vn 0 0 1
vn 0 0 1
vn 0 -0.04942852484178347 -0.9987776634126162
vn 0 -0.04942852484178349 -0.9987776634126163
vn 0 -0.3446497551089585 -0.9387313493770917
vn -0.02943785351556845 -0.10986295590540969 -0.993510716449562
vn 0.031120396346252674 -0.1161417045305769 -0.9927449951523224
vn -0.16683755737308778 -0.6226427887941021 -0.7645136931491056
vn 0.16683750978329837 -0.6226427938792832 -0.7645136993929594
vn 0.16683850712735068 -0.6226433745738768 -0.7645130088093806
vn -0.1668375623572334 -0.6226427800877661 -0.7645136991521303
vn 0.45580693161714825 -0.4558067752342831 -0.7645130638127017
vn -0.45580690867401186 -0.45580365995488875 -0.7645149348291174
vn 0.4558100287760519 -0.45580678656613377 -0.7645112105047445
vn -0.45580692003290124 -0.45580675918195485 -0.7645130802897775
vn 0.6226445239872853 -0.16683792806773368 -0.7645121990568319
vn -0.6226404030964571 -0.1668387036301315 -0.7645153859817987
vn 0.6226425709797747 -0.1668390461244424 -0.7645135456563098
vn -0.6226392481016961 -0.16683671992126953 -0.7645167595345876
vn 0.6226426171171925 0.16683861434971906 -0.7645136023062763
vn -0.6226390741840392 0.1668383475433381 -0.7645165459872343
vn 0.6226429235108636 0.1668391405862633 -0.7645132379300454
vn -0.6226396417484122 0.16683802262382902 -0.7645161546562503
vn 0.45581062158002694 0.45580146658679405 -0.7645140288524191
vn -0.4558049516280752 0.4558049516280752 -0.7645153315288427
vn 0.4558106553097153 0.455810661841214 -0.7645085264782874
vn -0.4558141447560958 0.45580498522403173 -0.7645098304699486
vn 0.1668435656871836 0.6226491031053023 -0.7645072393319434
vn -0.1668482304602817 0.6226460225853903 -0.7645087301992481
vn -0.16684179202444188 0.6226422739148683 -0.7645131883546519
vn 0.16684784544321182 0.6226416270511097 -0.7645123941010407
vn 0 0 -1
vn 0 0 -1
vn 0 0 -1
vn 0 0 -1
vn 0 0 -1
vn 0.757370699849016 0.3147922984534455 0.572097397166434
vn 0.7573643993691124 0.31481744931961886 0.5720918983626258
vn 0.7527429115543629 0.32946330951790037 0.5699403800277474
vn 0.7527452311715965 0.32946181681502135 0.5699381792873376
vn -7.558380723003822e-11 0.5003805102214641 0.8658056046194823
vn -2.2742714334705272e-7 0.500380757759391 0.8658054615582452
vn 1.5938916634455092e-7 0.500204664698513 0.8659072083161237
vn 9.835181488326984e-7 0.5003487186151716 0.8658239773644459
vn -0.25881718546289095 -0.9659263245760868 0
vn -0.25881718546289095 -0.9659263245760868 0
vn -0.7071248096822329 -0.7070887522311933 0
vn -0.25374323260430126 -0.9469899288842614 0.19703920041276327
vn -0.7071248096822329 -0.7070887522311933 0
vn -0.9659239498720095 -0.25882604788478303 0
vn -0.2537458976003879 -0.9469898671773302 0.1970360650095202
vn -0.6932625410898952 -0.6932271904986125 0.19703581267115397
vn -0.17959152727033237 -0.6702427828951271 0.720084366799964
vn -0.9659239498720095 -0.25882604788478303 0
vn -0.9659263460773495 0.2588171052184544 0
vn -0.6932405655764816 -0.6932405655764727 0.1970660713527625
vn -0.9469860437372395 -0.2537515040754852 0.19704722060034316
vn -0.17959443291954702 -0.6702445214134195 0.7200820239247767
vn -0.49065459751902624 -0.4906545975190199 0.7200806426136527
vn -0.25882301799709484 -0.9659247617433179 0.0000024475340614567304
vn -0.2588307746550633 -0.9659226832886056 0
vn -0.7071152501103579 -0.7070983121613047 0
vn -0.4906665367512263 -0.4906547835259913 0.7200723804699221
vn -0.7071110430044351 -0.7071025193406482 0.0000018134501238950255
vn -0.946989239841394 -0.2537456600117775 0.1970393860369197
vn -0.6702442936116767 -0.17959188288148537 0.7200828719557684
vn -0.9659231088151536 -0.25882918663942855 6.637988237084296e-7
vn -0.6702357129625418 -0.17959666029275004 0.7200896671118701
vn -0.9659236725294785 -0.25882708290896606 0
vn -0.9469898877574144 0.25374313726493614 0.197039520848351
vn -0.9659263460773495 0.2588171052184544 0
vn -0.7071067811865525 0.7071067811865426 0
vn -0.6702368114449314 0.17958782869530063 0.7200908473023656
vn -0.9469898923405126 0.2537429392981087 0.1970397537586289
vn -0.9659264920200199 0.2588165605480044 0
vn -0.6702366232611726 0.17958751418339808 0.720091100895497
vn -0.9659264920200199 0.2588165605480044 0
vn -0.7071067811865525 0.7071067811865426 0
vn -0.6932432784907614 0.6932432784907518 0.19704698336887785
vn -0.25885083871464837 0.9659173066555559 0
vn -0.4906443827792455 0.490644375130847 0.7200945679559275
vn -0.6932432825794904 0.6932432717728838 0.1970469926186148
vn -0.7070815281175316 0.707132033353727 0
vn -0.4906449370780165 0.49067998273746277 0.7200699273407218
vn -0.7070773162061325 0.7071362449368847 -0.0000018153438770861314
vn -0.25885083871464837 0.9659173066555559 0
vn -0.25377560161552387 0.9469787574363709 0.19705120397740827
vn 0.2588535586792401 0.9659165777431783 0
vn -0.17961114448314144 0.6702588485377927 0.7200645198412768
vn -0.25376596705208715 0.9469840268757719 0.1970382876708647
vn -0.2588621850746171 0.9659142659326686 -0.0000024796728508851873
vn -0.1796221189188752 0.670239135510598 0.7200801313917083
vn -0.2588700434341778 0.9659121598843173 0
vn 0.2588535586792401 0.9659165777431783 0
vn 0.25377897640167485 0.9469806852948311 0.19703759239051366
vn 0.7071010596600787 0.7071125026667212 0
vn 0.17960827859514744 0.6702408572273572 0.7200819811404986
vn 0.25376790300290414 0.9469809419466847 0.1970506203879568
vn 0.25886208418807716 0.9659142929731421 0
vn 0.17962522199850178 0.6702509942737215 0.7200683191871982
vn 0.25886994254342344 0.9659121869204345 -0.00000247966751369171
vn 0.7071010596600787 0.7071125026667212 0
vn 0.6932376752035254 0.6932488938592095 0.1970469407054924
vn 0.965926201990722 0.2588176429607898 0
vn 0.4906571135009215 0.4906647697405271 0.7200719968908801
vn 0.6932379246938276 0.6932487420151485 0.197046597180995
vn 0.7070857397006903 0.7071278220439585 -0.0000018153222540251874
vn 0.4906352283518172 0.4906644286014329 0.72008714139706
vn 0.7070815278167014 0.7071320336545356 0
vn 0.965926201990722 0.2588176429607898 0
vn 0.9469896913023977 0.2537436496762584 0.19703980515611985
vn 0.9659238057757822 -0.25882658564303035 0
vn 0.670242909218529 0.1795894549261054 0.7200847660669035
vn 0.9469900609953309 0.253742973682308 0.1970388989081071
vn 0.9659263911504693 0.25881693700187197 0
vn 0.6702428806895125 0.17958947080921828 0.7200847886599806
vn 0.9659263911504693 0.25881693700187197 0
vn 0.9659238057757822 -0.25882658564303035 0
vn 0.9469876167246578 -0.2537524906389663 0.19703839033212314
vn 0.7071190883016437 -0.7070944738572437 0
vn 0.6702426368418355 -0.17959143130181085 0.720084526678827
vn 0.9469877842139671 -0.2537452591701507 0.1970468979664339
vn 0.9659230079363275 -0.25882956310908084 0
vn 0.6702478843721816 -0.1796002017360302 0.7200774548831479
vn 0.9659235716518075 -0.2588274593758838 6.637943939301396e-7
vn 0.7071190883016437 -0.7070944738572437 0
vn 0.6932525045220514 -0.6932283727661562 0.19706696365928564
vn 0.2588199051246417 -0.9659255958464251 0
vn 0.2588199051246417 -0.9659255958464251 0
vn 0.6932392775280003 -0.6932501056771351 0.19703703984555127
vn 0.25374607039950836 -0.9469898543015833 0.197035904359266
vn 0.49066159822300764 -0.49066926218137297 0.7200658797496455
vn 0.2537483260307374 -0.9469886207339735 0.19703892822730612
vn 0.4906611978640905 -0.49064360029848625 0.7200836384731395
vn 0.17959353923028923 -0.6702429949737791 0.7200836676076727
vn 0.7071194614926862 -0.7070941006506879 0.0000018134285331467166
vn 0.17959381578317524 -0.6702424982443184 0.7200840609815314
vn 0.7071152544141474 -0.7070983078574123 0
vn 0.2588229171236068 -0.9659247887758274 0
vn 0.25883067377743585 -0.9659227103168908 0.000002447528863387311
vn 0.4387441096787757 -0.5249397973257265 0.729343413904454
vn 0.4387426681771977 -0.5249443313721577 0.729341017687194
vn 0.5393855169145417 -0.6453609144168609 0.5408997636215658
vn 0.6424342332336012 -0.23524559101463463 0.729340639123949
vn 0.5393913507453315 -0.6453516295294643 0.5409050240151148
vn 0.6424349418733127 -0.23524882405217462 0.7293389721126264
vn 0.7897948198156134 -0.2892095222316867 0.5409084902670157
vn 0.6739864942021232 0.11750033526739696 0.7293393427240716
vn 0.7897946180736669 -0.2892149159605925 0.540905900917875
vn 0.6739810317037941 0.11750632504712037 0.7293434256078614
vn 0.8285837112127956 0.14446078200804652 0.5409067534931087
vn 0.5249400558113058 0.4387477757721352 0.7293410224715372
vn 0.8285985842665398 0.14443264229715308 0.5408914844869982
vn 0.5249429617948824 0.43874685188638207 0.7293394866739398
vn 0.6453589174414653 0.5393903985227348 0.5408972782888313
vn 0.2352465732198339 0.6424348063536481 0.7293398174881692
vn 0.6453368547590654 0.5394042602903519 0.5409097779392562
vn 0.23524105370448775 0.6424335965717103 0.7293426633948816
vn 0.28920133424096983 0.7897968928635997 0.5409098411900517
vn -0.11749249722217159 0.6739836006542536 0.7293432793586473
vn 0.2892026730752875 0.7897968427921378 0.5409091984812974
vn -0.11748870777385119 0.6739870564256016 0.7293406963253755
vn -0.14443856240586098 0.8285878988273153 0.5409062724789415
vn -0.4387479771508673 0.524940049803264 0.7293409056528839
vn -0.14444263553328351 0.8285857460419348 0.5409084825516507
vn -0.43874585214815465 0.5249467338448969 0.7293373731328766
vn -0.5393838900947473 0.6453572381538544 0.5409057720792844
vn -0.6424368583125437 0.23524823985483403 0.7293374724547692
vn -0.5393899624541492 0.6453475734752236 0.5409112476306558
vn -0.6424343338322914 0.2352367225703071 0.7293434109305715
vn -0.7897973745890302 0.2891958541267149 0.5409120677598116
vn -0.6739832317645758 -0.11750010905081903 0.7293423939914805
vn -0.7897969760792429 0.28920651040622714 0.5409069521782254
vn -0.6739833733846836 -0.11749995375937222 0.7293422881388049
vn -0.8285844841561001 -0.1444525820943457 0.540907759365722
vn -0.5249403778395422 -0.4387476515669582 0.7293408654107884
vn -0.8285953865841806 -0.14443195461484842 0.5408965666535026
vn -0.5249429992645684 -0.43874681814922023 0.7293394800002634
vn -0.6453569947269227 -0.5393887115428987 0.5409012545900839
vn -0.23524657321983558 -0.6424348063536485 0.7293398174881683
vn -0.6453424292703576 -0.5393978629867701 0.5409095066540607
vn -0.23524066507539845 -0.6424335113900698 0.7293428637738971
vn -0.28920123264052505 -0.789797815458647 0.5409085484034707
vn 0.11749243564416353 -0.6739835839014879 0.7293433047596366
vn -0.2892074113654444 -0.7897975843323237 0.5409055823284916
vn 0.11749379469792656 -0.67398234451213 0.7293442311374061
vn 0.1444460253489722 -0.828589042259241 0.5409025280110991
vn 0.14444344547034185 -0.8285904058121236 0.540901128171089
vn -0.48740535952929825 -0.806445252648533 0.3347866036488912
vn -0.4874007141558583 -0.8064493600060432 0.3347834726897415
vn -0.0034083179050755797 -0.9238734399407017 0.3826829632230742
vn -0.48739611620133483 -0.8064531715280648 -0.33478098518909416
vn -0.0034114448634661896 -0.9238710518300685 0.38268870068810035
vn -0.48739713058499273 -0.806453020070872 -0.33477987322431024
vn -0.0034114612645610508 -0.9238754934955092 -0.38267797748298726
vn -0.4856513947376935 -0.3329943170134084 -0.8082434705125102
vn -0.0034083167564276044 -0.9238731285832037 -0.3826837149118986
vn -0.48565183795234956 -0.33299461239863276 -0.8082430824986933
vn -0.0014117723507277543 -0.3826811390268767 -0.923879403781642
vn -0.48318316535591926 0.33657129411275893 -0.8082411723587812
vn -0.0014117710752451808 -0.3826811367134689 -0.9238794047418302
vn -0.4831866542179859 0.33656749987769596 -0.8082406666406398
vn 0.0014117713265505377 0.38268120483344586 -0.9238793765253904
vn -0.48144361170663436 0.8100179632903293 -0.3347879147966048
vn 0.0014117664981669995 0.38268119607592965 -0.9238793801602301
vn -0.48143264108734796 0.8100275199617514 -0.33478056843292986
vn 0.0034083072662133103 0.9238745238127055 -0.3826803466229035
vn -0.48143204498669684 0.8100265170012312 0.3347838523805794
vn 0.0034083220139133692 0.9238745349042123 -0.382680319714216
vn -0.48143519589669975 0.8100260702927803 0.33478040205176657
vn 0.0034083213197732168 0.9238743467475711 0.382680773971636
vn -0.4831842309174989 0.3365694771713811 0.8082412919600485
vn 0.0034083066543129418 0.9238743579476303 0.3826807470628802
vn -0.4831836422225796 0.33656907852847967 0.8082418098978871
vn 0.0014117705481120372 0.38268229387631175 0.9238789254320524
vn -0.4856511875946378 -0.33299860486022326 0.8082418283837226
vn 0.001411775311762966 0.38268228508339597 0.9238789290669095
vn -0.4856544518380451 -0.33299500189289105 0.8082413514070171
vn -0.001411775101382226 -0.3826822280566204 0.9238789526884373
vn -0.0014117763597648284 -0.3826822257338534 0.9238789536486336
vn -0.000009467684806943915 -0.529330918758977 -0.8484154515071849
vn 0.000003921690625505712 -0.5293195589469312 -0.8484225388925302
vn 0 -0.5293275916095354 -0.8484175273772042
vn 0 -0.5293257213183211 -0.8484186942488003
vn -0.000003419955419298446 -0.5293187162703855 -0.8484230646288295
vn 0.000008256456055612715 -0.5293286228500094 -0.8484168839453538
vn 0.000006425966888803668 -0.5293203210412444 -0.848422063416258
vn -0.0000026617509373330693 -0.5293280312581224 -0.8484172530761708
vn 0 -0.5293225793123804 -0.8484206545282174
vn 0 -0.5293225761192061 -0.8484206565204124
vn 0.000002112015238058049 -0.5293269020679134 -0.8484179575791199
vn -0.0000050987947427710016 -0.5293207842569585 -0.8484217744303836
vn 0.000005766825466274196 -0.5293206515811051 -0.8484218572010614
vn -0.0000023887123208467554 -0.5293275709193723 -0.8484175402824315
vn 0 -0.5293226782099792 -0.8484205928268215
vn 0 -0.5293225761192073 -0.8484206565204115
vn 5.299040511487082e-7 -0.5293236615032045 -0.8484199793572523
vn -0.00000127930640483051 -0.5293221265359149 -0.8484209370105504
vn 4.2966506979535077e-7 -0.5003733798263921 -0.8658097254945389
vn -2.23205264969981e-8 -0.5003891198056649 -0.8658006287709148
vn 0.500883543436644 0.07677867459840103 -0.862102494510522
vn 0.6886324827794366 -0.19974204874564203 -0.6970569687076679
vn 0.5008848213849304 0.07677821774110272 -0.8621017927058766
vn 0.0023014001953238095 0.5036150420712161 -0.8639251084189812
vn 0.0023010084349870167 0.5036083372222975 -0.8639290179409274
vn -0.45523663807634285 0.13115975414729444 -0.8806569833056286
vn -0.4552366666083802 0.13115974880450237 -0.8806569693523298
vn -0.6798363920994585 -0.182222071373262 -0.7103644111874055
vn 0.6886327614376069 -0.19974656670966257 -0.6970553987758207
vn -2.2920658211456532e-8 -0.5003941660635929 -0.8657977122685881
vn -0.6798364837714461 -0.18222032834609553 -0.7103647705726387
vn 4.824881141658296e-7 -0.5003771690367261 -0.8658075356027799
vn 0.7441491268389804 -0.3342606955742083 -0.5783700065001898
vn 5.170389910720603e-7 -0.5003801274637012 -0.8658058258288305
vn 0.7441529719779474 -0.33425891063209195 -0.5783660907759335
vn -0.7421598452470085 -0.33536664927949333 -0.5802826678903842
vn -1.7969410842796163e-8 -0.5003807519424059 -0.865805464920124
vn -0.7421590020292632 -0.3353670370284909 -0.5802835222386198
vn 0.5870335881929041 -0.6209562862099115 -0.519427431841791
vn 0.5870370605064258 -0.6209873714353482 -0.5193863437844628
vn 0.22750522811246177 -0.9054628289085542 -0.35829936735419304
vn -2.9789444029666015e-7 -0.5002531867454066 -0.8658791769935206
vn -0.569645287384139 -0.6412782627679634 -0.5140685131987219
vn -0.0000015712537916837537 -0.5002353414981254 -0.8658894866631567
vn -0.569648512188857 -0.6413071956638463 -0.5140288448626154
vn 0.22766156895904593 -0.9054435915776595 -0.3582486740939234
vn 6.726545714309715e-7 -0.5008300225292555 -0.8655456594154309
vn 0 -0.9691552583208892 -0.24645097944412966
vn -0.20943548205332868 -0.9126752316934426 -0.3509425883394762
vn 0 -0.9691552583208891 -0.24645097944412964
vn -0.20960400887424957 -0.912653595680163 -0.3508982384622543
vn 0 -0.5008639742701784 -0.8655260130569631
vn -1 0 0
vn -1 0 0
vn -1 0 0
vn -1 0 0
vn -1 0 0
vn -1 0 0
vn -1 0 0
vn -1 0 0
vn -1 0 0
vn -1 0 0
vn -1 0 0
vn -1 0 0
vn -1 0 0
vn -1 0 0
vn -1 0 0
vn -1 0 0
vn -1 0 0
vn 0 -0.9996878227485145 -0.024985136548252945
vn 0 -0.9996878227485144 -0.02498513654825294
vn 0 -0.9996878227485145 -0.024985136548252945
vn 0 -0.9996878227485144 -0.02498513654825294
vn 0 -0.8604067412084963 -0.5096079274137876
vn 0 -0.8604067412084961 -0.5096079274137875
vn 0 -0.8604067412084963 -0.5096079274137876
vn 0 -0.8604067412084961 -0.5096079274137875
vn 0 -0.999999999999842 5.622723065910259e-7
vn 0 -0.999999999999842 5.622723065910259e-7
vn 0 -0.999999999999842 5.622723065910259e-7
vn 0 -0.999999999999842 5.622723065910259e-7
vn 0.15309157726852576 0.9880987388342767 -0.014961660454219016
vn 0.15309029623710085 0.9880989373106055 -0.014961660458945761
vn 0.1530897255390627 0.9880991114896747 -0.014955995710420437
vn 0.15309096424993268 0.9880988643270082 -0.014959645072745406
vn 0.15305073016099988 0.9881050300399538 -0.014964077216019228
vn 0.15308876721455986 0.9880992116216099 -0.014959189332298898
vn 0.15307442006872396 0.9881007282762919 -0.015005755578622852
vn 0.15309294004670101 0.9880986753302445 -0.014951906850742902
vn 0.1531073431292578 0.9880961953305286 -0.014968308295649067
vn 0.15310728456684192 0.9880962044048863 -0.014968308295368648
vn 0.1530683765361949 0.9881029063953913 -0.014923755477573786
vn 0.15312120946638658 0.988094286416163 -0.01495247013990072
vn 0.15305346125615008 0.9881048232510629 -0.01494979148677542
vn 0.15312951395341773 0.9880927782285287 -0.014967082849299538
vn 0.15307462522516133 0.9881014783762954 -0.014954181447214316
vn 0.15309217405264283 0.9880984469950997 -0.014974821858959042
vn 0.15309535502566568 0.9880992113972719 -0.014891632068206732
vn 0.1530649838646427 0.9881039165925419 -0.014891632851898793
vn -0.8960225694175713 -0.40972388862523595 0.17108445336777148
vn -0.8951296426348004 -0.16778008624268245 0.4130287708343002
vn -0.8960232616479836 -0.40972420516116487 -0.17108006982334564
vn -0.8938658674530162 0.17438412239446796 0.41303025174819585
vn -0.895130018339739 -0.16777764445610135 -0.4130289484864959
vn -0.8929734577797938 0.4163265839783003 0.17108646695094898
vn -0.8938657139314019 0.17438507336468523 -0.41303018248730783
vn -0.8929728589085917 0.41632630476955146 -0.17109027210670813
vn 0 -0.4276386745536301 0.9039497574677557
vn 0 -0.04196512168368958 0.9991190762677257
vn 0 -0.04196512168368958 0.9991190762677256
vn 0 -0.42763867455363014 0.9039497574677559
vn 0 0.4615885471991459 0.8870941399279909
vn 0 -0.7038619187276748 0.7103368210680031
vn 0 0.4615885471991459 0.8870941399279909
vn 0 -0.7038619187276748 0.710336821068003
vn 0 0.024537385681144042 0.9996989130252842
vn 7.473989944426138e-7 0.02453574502858465 0.9996989532931071
vn 0 0.024535369457373904 0.9996989625110102
vn 0 -0.7038619187276749 0.710336821068003
vn 0 -0.7376479680835544 0.6751855116797189
vn -0.000002704434708074953 0.024536340195405532 0.9996989386822923
vn -0.0024086355466431267 0.7300632993632276 0.6833752829870875
vn 0.0000024102428927649927 0.024536340195423997 0.9996989386830444
vn 0 0.024535369457373904 0.9996989625110102
vn -8.187872666559794e-7 0.02453574502858328 0.9996989532930511
vn 0 0.02453738568114404 0.9996989130252842
vn 0 0.4615885471991459 0.8870941399279909
vn 0.002146627391019973 0.7300653479068405 0.6833739677339985
vn 0 0.4615885471991459 0.8870941399279909
vn 0 -0.04196512168368957 0.9991190762677257
vn 0 -0.04196512168368958 0.9991190762677256
vn 0 -0.42763867455363014 0.903949757467756
vn 0 -0.4276386745536301 0.9039497574677557
vn 0 -0.7038619187276748 0.7103368210680031
vn 0 -0.7038619187276748 0.710336821068003
vn 0 -0.7038619187276748 0.7103368210680031
vn 0 -0.7376479680835544 0.6751855116797189
vn -0.0023067059265227978 -0.7359052573488973 0.6770805944007122
vn 0.002593850593830377 -0.7359047395745485 0.6770801180147096
vn -0.0011545956783314572 -0.35259732128409144 0.9357744364600388
vn 0.0012983233929645243 -0.3525972591294779 0.9357742715050181
vn -0.0011545594716144297 -0.35259735495230665 0.9357744238186164
vn 0.0012982826791353786 -0.3525972928015854 0.9357742588739435
vn -0.0005397498119266382 -0.15029871569809056 0.9886404830521788
vn 0.0006069396558964785 -0.15029870990813987 0.9886404449668257
vn -0.000531826961140048 -0.15031019283003222 0.988638742459288
vn 0.0005980305430788302 -0.15031018720838318 0.9886387054838843
vn 0.0016158341195278171 0.5478583011134094 0.8365695852594854
vn -0.0018169779442523044 0.5478581119678319 0.8365692964376549
vn 0.0017959842654187172 0.5480066936423347 0.8364720187571816
vn -0.0020178422879189722 0.5480052068995892 0.8364724870092499
vn 0.002004287308338857 0.729984103562097 0.6834611849834834
vn -0.00225187884619001 0.7299837189352122 0.6834608248694136
vn 0 0 1
vn 0 0 1
vn 0 0 1
vn 0 0 1
vn 0 0 1
vn 0 0.000005843966177201702 0.9999999999829242
vn 0 0 1
vn -0.000004177097140991153 0.000007235050967179208 0.9999999999651031
vn 0 0 1
vn 0 0 1
vn 0 0 1
vn 0 0 1
vn 0 0 1
vn 0 0 1
vn 0 0 1
vn 0 0 1
vn 0 0 1
vn 0 0 1
vn 0 0 1
vn 0 0 1
vn 0 0.000008354291001922388 0.9999999999651029
vn 0 0 1
vn 0.000002921950566710045 0.000005061041153309769 0.9999999999829241
vn 0 0 1
vn 0.06895459763128295 -0.06895389669600076 0.9952339542016968
vn 0.09419352909292796 -0.02523889763503199 0.9952339308540422
vn 0.06895470233445564 -0.06895415734460571 0.9952339288885111
vn 0.09419412549980681 -0.025239365527385184 0.9952338625414138
vn 0.02523858019701933 -0.09419369668754474 0.9952339230422029
vn 0.09419482903290208 0.025239245950380882 0.9952337989876142
vn 0.025238647206058354 -0.09419322674256955 0.995233965820616
vn 0.09419319534556005 0.025239478889768463 0.9952339477007234
vn -0.025238462908017855 -0.09419322718098073 0.9952339704528143
vn 0.06895493399135869 0.06895331729217687 0.9952339710403035
vn -0.02523874298055119 -0.0941935841828256 0.9952339295620677
vn 0.06895567865865293 0.06895361641674982 0.9952338987211883
vn -0.06895476843182341 -0.0689540668188768 0.9952339305809722
vn 0.025238757073595915 0.09419363034991873 0.9952339248352033
vn -0.06895450845154415 -0.06895396238649382 0.9952339558291851
vn 0.02524049301591255 0.09419584311545823 0.9952336713817925
vn -0.09419330004546918 -0.025239175439161078 0.9952339454870375
vn -0.025239350702273056 0.0941958458330353 0.9952337000945691
vn -0.09419290008136541 -0.025239232467396087 0.9952339818950711
vn -0.025239750633764053 0.09419304082605894 0.9952339554335383
vn -0.09419360240461569 0.025239619056270566 0.9952339056201491
vn -0.0689553644529105 0.06895374666690682 0.9952339114669287
vn -0.09419321833600024 0.02523931774455303 0.9952339496114951
vn -0.06895506558455429 0.06895300268506847 0.9952339837198803
vn -0.8660469138960887 -0.49996274154036174 0.0000015830994013129026
vn -0.866021460053486 -0.5000068306800931 -2.7756911397028056e-7
vn 0.000012095131851958607 -0.9999999999170888 0.000004419322161669414
vn -0.0000020262942478744145 -0.9999999999902435 0.000003925198620077551
vn 0.8660380530251759 -0.49997809022744233 0.000002209564254673065
vn 0.8660105435845721 -0.5000257377378754 2.1885182156995449e-7
vn 0.8660589755186112 0.49994184754189763 -2.1881510441529588e-7
vn 0.8660415591235541 0.49997201708663536 0.0000010792482642067249
vn -0.00017735282759118984 0.9999999842657494 0.000003804657329173898
vn 0.0000510522355277616 0.9999999986857626 -0.0000047057774253567996
vn -0.8659972639193051 0.500048736501387 -0.0000027647594088060555
vn -0.8659889262037567 0.5000631756967008 -0.000002143622650439151
vn 0.000005119747387872306 -0.999999999918781 0.000011671604475621646
vn -0.000026730319451870572 -0.9999999995828549 -0.000010944413611870606
vn 0.0000043352882734637505 -0.8467777694229806 -0.5319468104916573
vn -0.000008895628425568804 -0.84677141334024 -0.53195692821002
vn -0.7333512092910791 -0.42336920435573155 -0.5319346958363468
vn -0.7333489429070842 -0.42339906451918086 -0.531914053303111
vn -0.8660360274741425 -0.4999815987441462 0.000005835587466104604
vn -0.8660414159520872 -0.499972265083175 -0.0000018176080658075745
vn -0.8660260385185622 0.4999989006033334 0.0000018177048969968205
vn -0.7333243599801648 0.423398412891643 -0.5319484627485256
vn -0.8660185532828466 0.500011865151448 -0.000008812227736017271
vn -0.7333610339512523 0.4233733562776355 -0.5319178461719072
vn 0.00002161060089068489 0.9999999997061806 -0.000010982747714493392
vn -0.000008716359518701101 0.8467921826706307 -0.5319238660672543
vn -0.000010293386849835807 0.9999999998789094 0.000011671651119774517
vn 0.000028262872591818546 0.8467744184702064 -0.5319521439242952
vn 0.8660285267321172 0.49999459082471465 0.000005676685054729042
vn 0.8660360430767972 0.49998157172729873 -0.000004998434241725344
vn 0.7333524542808018 0.42338043047115176 -0.5319240442905236
vn 0.8660254735976214 -0.49999987907824633 -0.0000013247784522180182
vn 0.7333545356126246 0.4233530018419148 -0.5319430053378192
vn 0.8660201050934795 -0.500009177409573 -0.000008948796476678381
vn 0.7333709551264911 -0.42336531760607027 -0.5319105658145639
vn 0.7333257681498674 -0.423396191323156 -0.5319482897241542
vn 0.20158517524117897 0.8982624893621276 -0.3904970132125685
vn -0.08861966679319065 0.7569725070954991 -0.6474095907221477
vn -0.10427450890066828 0.6395052422111589 -0.7616822644501915
vn -0.00009154507475477812 0.5161748733175121 -0.8564832116131347
vn 0 0 -1
vn 0 0 -1
vn 0 0 -1
vn 0 0 -1
usemtl m_88f5d01e-a1cd-78ae-4d07-8a17550c43a7
f 7/7/3 8/8/3 9/9/3
f 9/10/4 8/11/4 10/12/4
f 11/13/5 12/14/5 13/15/5
f 14/16/6 12/17/6 15/18/6
f 16/19/7 14/20/7 15/21/7
f 17/22/8 14/23/8 18/24/8
f 19/25/9 20/26/9 16/27/9
f 21/28/10 20/29/10 19/30/10
f 22/31/11 21/32/11 19/33/11
f 23/34/12 21/35/12 22/36/12
f 24/37/13 25/38/13 26/39/13
f 25/40/14 27/41/14 26/42/14
f 28/43/15 27/44/15 29/45/15
f 30/46/16 31/47/16 32/48/16
f 33/49/17 31/50/17 34/51/17
f 35/52/18 33/53/18 34/54/18
f 36/55/19 33/56/19 37/57/19
f 38/58/20 39/59/20 35/60/20
f 40/61/21 39/62/21 38/63/21
f 41/64/22 40/65/22 38/66/22
f 42/67/23 40/68/23 41/69/23
f 43/70/24 44/71/24 45/72/24
f 44/73/25 46/74/25 45/75/25
f 47/76/26 46/77/26 48/78/26
f 49/79/27 50/80/27 51/81/27
f 52/82/28 50/83/28 53/84/28
f 54/85/29 52/86/29 53/87/29
f 55/88/30 52/89/30 56/90/30
f 57/91/31 58/92/31 54/93/31
f 59/94/32 58/95/32 57/96/32
f 60/97/33 59/98/33 57/99/33
f 61/100/34 59/101/34 60/102/34
f 62/103/35 63/104/35 64/105/35
f 63/106/36 65/107/36 64/108/36
f 66/109/37 65/110/37 67/111/37
f 68/112/38 69/113/38 70/114/38
f 71/115/39 69/116/39 72/117/39
f 73/118/40 71/119/40 72/120/40
f 74/121/41 71/122/41 75/123/41
f 76/124/42 77/125/42 73/126/42
f 78/127/43 77/128/43 76/129/43
f 79/130/44 78/131/44 76/132/44
f 80/133/45 78/134/45 79/135/45
f 81/136/46 82/137/46 83/138/46
f 84/139/47 85/140/47 81/141/47
f 86/142/48 85/143/48 84/144/48
f 85/145/49 87/146/49 81/147/49
f 87/148/50 85/149/50 88/150/50
f 88/151/51 85/152/51 89/153/51
f 85/154/52 86/155/52 89/156/52
f 89/157/53 86/158/53 90/159/53
f 91/160/54 89/161/54 90/162/54
f 91/163/55 92/164/55 89/165/55
f 93/166/56 92/167/56 91/168/56
f 89/169/57 94/170/57 95/171/57
f 96/172/58 89/173/58 95/174/58
f 93/175/59 97/176/59 92/177/59
f 92/178/60 97/179/60 95/180/60
f 98/181/61 99/182/61 93/183/61
f 100/184/62 98/185/62 93/186/62
f 98/187/63 100/188/63 101/189/63
f 101/190/64 97/191/64 98/192/64
f 101/193/65 100/194/65 102/195/65
f 101/196/66 102/197/66 103/198/66
f 103/199/67 102/200/67 104/201/67
f 105/202/68 104/203/68 106/204/68
f 103/205/69 104/206/69 105/207/69
f 107/208/70 103/209/70 105/210/70
f 108/211/71 103/212/71 107/213/71
f 109/214/72 108/215/72 107/216/72
f 110/217/73 108/218/73 109/219/73
f 108/220/74 111/221/74 103/222/74
f 112/223/75 108/224/75 110/225/75
f 113/226/76 111/227/76 108/228/76
f 112/229/77 113/230/77 108/231/77
f 113/232/78 97/233/78 111/234/78
f 113/235/79 95/236/79 97/237/79
f 114/238/80 113/239/80 112/240/80
f 114/241/81 95/242/81 113/243/81
f 96/244/82 115/245/82 116/246/82
f 117/247/83 115/248/83 96/249/83
f 118/250/84 115/251/84 117/252/84
f 96/253/85 119/254/85 87/255/85
f 87/256/86 119/257/86 120/258/86
f 87/259/87 120/260/87 121/261/87
f 121/262/88 120/263/88 122/264/88
f 120/265/89 123/266/89 124/267/89
f 125/268/90 123/269/90 120/270/90
f 126/271/91 125/272/91 120/273/91
f 127/274/92 125/275/92 126/276/92
f 115/277/93 127/278/93 126/279/93
f 128/280/94 127/281/94 115/282/94
f 128/283/95 115/284/95 129/285/95
f 130/286/96 131/287/96 128/288/96
f 132/289/97 115/290/97 118/291/97
f 133/292/98 115/293/98 132/294/98
f 132/295/99 118/296/99 134/297/99
f 133/298/100 132/299/100 135/300/100
f 135/301/101 132/302/101 134/303/101
f 134/304/102 136/305/102 137/306/102
f 134/307/103 137/308/103 138/309/103
f 134/310/104 138/311/104 135/312/104
f 138/313/105 139/314/105 140/315/105
f 135/316/106 138/317/106 141/318/106
f 142/319/107 143/320/107 138/321/107
f 138/322/108 143/323/108 144/324/108
f 138/325/109 144/326/109 141/327/109
f 141/328/110 144/329/110 145/330/110
f 141/331/111 145/332/111 146/333/111
f 146/334/112 147/335/112 141/336/112
f 146/337/113 145/338/113 148/339/113
f 146/340/114 149/341/114 150/342/114
f 146/343/115 148/344/115 151/345/115
f 151/346/116 148/347/116 152/348/116
f 153/349/117 149/350/117 146/351/117
f 151/352/118 153/353/118 146/354/118
f 153/355/119 154/356/119 149/357/119
f 151/358/120 152/359/120 155/360/120
f 155/361/121 152/362/121 156/363/121
f 155/364/122 157/365/122 151/366/122
f 157/367/123 153/368/123 151/369/123
f 158/370/124 157/371/124 155/372/124
f 158/373/125 159/374/125 157/375/125
f 157/376/126 130/377/126 153/378/126
f 130/379/127 154/380/127 153/381/127
f 157/382/128 159/383/128 160/384/128
f 160/385/129 130/386/129 157/387/129
f 160/388/130 159/389/130 161/390/130
f 160/391/131 161/392/131 130/393/131
f 161/394/132 159/395/132 162/396/132
f 130/397/133 161/398/133 163/399/133
f 162/400/134 164/401/134 161/402/134
f 163/403/135 161/404/135 165/405/135
f 161/406/136 164/407/136 165/408/136
f 164/409/137 166/410/137 165/411/137
f 165/412/138 167/413/138 163/414/138
f 166/415/139 167/416/139 165/417/139
f 131/418/140 167/419/140 154/420/140
f 127/421/141 154/422/141 167/423/141
f 168/424/142 167/425/142 166/426/142
f 169/427/143 167/428/143 168/429/143
f 169/430/144 170/431/144 167/432/144
f 168/433/145 171/434/145 169/435/145
f 172/436/146 170/437/146 169/438/146
f 169/439/147 171/440/147 173/441/147
f 173/442/148 172/443/148 169/444/148
f 174/445/149 172/446/149 173/447/149
f 175/448/150 176/449/150 177/450/150
f 177/451/151 176/452/151 178/453/151
f 176/454/152 179/455/152 178/456/152
f 178/457/153 179/458/153 180/459/153
f 181/460/154 182/461/154 183/462/154
f 183/463/155 184/464/155 185/465/155
f 182/466/156 184/467/156 183/468/156
f 186/469/157 187/470/157 188/471/157
f 189/472/158 186/473/158 188/474/158
f 190/475/159 186/476/159 189/477/159
f 191/478/160 190/479/160 189/480/160
f 192/481/161 193/482/161 194/483/161
f 195/484/162 192/485/162 194/486/162
f 196/487/163 192/488/163 195/489/163
f 197/490/164 196/491/164 195/492/164
f 198/493/165 199/494/165 200/495/165
f 199/496/166 201/497/166 200/498/166
f 200/499/167 201/500/167 202/501/167
f 201/502/168 203/503/168 202/504/168
f 204/505/169 205/506/169 206/507/169
f 205/508/170 207/509/170 206/510/170
f 206/511/171 207/512/171 208/513/171
f 207/514/172 209/515/172 208/516/172
f 210/517/173 211/518/173 212/519/173
f 212/520/174 211/521/174 213/522/174
f 214/523/175 215/524/175 216/525/175
f 216/526/176 215/527/176 217/528/176
f 218/529/177 219/530/177 220/531/177
f 220/532/178 219/533/178 221/534/178
f 222/535/179 223/536/179 224/537/179
f 224/538/180 223/539/180 225/540/180
f 226/541/181 227/542/181 228/543/181
f 227/544/182 229/545/182 228/546/182
f 230/547/183 231/548/183 232/549/183
f 232/550/184 231/551/184 233/552/184
f 234/553/185 235/554/185 236/555/185
f 236/556/186 235/557/186 237/558/186
f 238/559/187 239/560/187 240/561/187
f 240/562/188 239/563/188 241/564/188
f 242/565/189 243/566/189 244/567/189
f 244/568/190 243/569/190 245/570/190
f 246/571/191 247/572/191 248/573/191
f 248/574/192 247/575/192 249/576/192
f 250/577/193 251/578/193 252/579/193
f 252/580/194 251/581/194 253/582/194
f 254/583/195 255/584/195 256/585/195
f 256/586/196 255/587/196 257/588/196
f 258/589/197 259/590/197 260/591/197
f 260/592/198 259/593/198 261/594/198
f 262/595/199 263/596/199 264/597/199
f 264/598/200 263/599/200 265/600/200
f 266/601/201 267/602/201 268/603/201
f 268/604/202 267/605/202 269/606/202
f 270/607/203 271/608/203 272/609/203
f 272/610/204 271/611/204 273/612/204
f 274/613/205 275/614/205 276/615/205
f 275/616/206 277/617/206 276/618/206
f 278/619/207 279/620/207 280/621/207
f 280/622/208 279/623/208 281/624/208
f 282/625/209 283/626/209 284/627/209
f 283/628/210 285/629/210 284/630/210
f 286/631/211 287/632/211 288/633/211
f 288/634/212 287/635/212 289/636/212
f 290/637/213 291/638/213 292/639/213
f 291/640/214 293/641/214 292/642/214
f 294/643/215 295/644/215 296/645/215
f 295/646/216 297/647/216 296/648/216
f 298/649/217 299/650/217 300/651/217
f 299/652/218 301/653/218 300/654/218
f 302/655/219 303/656/219 304/657/219
f 303/658/220 305/659/220 304/660/220
f 306/661/221 307/662/221 308/663/221
f 307/664/222 309/665/222 308/666/222
f 310/667/223 311/668/223 312/669/223
f 311/670/224 313/671/224 312/672/224
f 314/673/225 315/674/225 316/675/225
f 315/676/226 317/677/226 316/678/226
f 318/679/227 319/680/227 320/681/227
f 319/682/228 321/683/228 320/684/228
f 322/685/229 323/686/229 324/687/229
f 323/688/230 325/689/230 324/690/230
f 326/691/231 327/692/231 328/693/231
f 327/694/232 329/695/232 328/696/232
f 330/697/233 331/698/233 332/699/233
f 331/700/234 333/701/234 332/702/234
f 334/703/235 335/704/235 336/705/235
f 335/706/236 337/707/236 336/708/236
f 338/709/237 339/710/237 340/711/237
f 339/712/238 341/713/238 340/714/238
f 342/715/239 343/716/239 344/717/239
f 343/718/240 345/719/240 344/720/240
f 346/721/241 347/722/241 348/723/241
f 347/724/242 349/725/242 348/726/242
f 350/727/243 351/728/243 352/729/243
f 351/730/244 353/731/244 352/732/244
f 354/733/245 355/734/245 356/735/245
f 355/736/246 357/737/246 356/738/246
f 358/739/247 359/740/247 360/741/247
f 359/742/248 361/743/248 360/744/248
f 362/745/249 363/746/249 364/747/249
f 363/748/250 365/749/250 364/750/250
f 366/751/251 367/752/251 368/753/251
f 367/754/252 369/755/252 368/756/252
f 370/757/253 371/758/253 372/759/253
f 371/760/254 373/761/254 372/762/254
f 374/763/255 375/764/255 376/765/255
f 377/766/256 375/767/256 374/768/256
f 378/769/257 377/770/257 374/771/257
f 379/772/258 377/773/258 378/774/258
f 380/775/259 379/776/259 378/777/259
f 381/778/260 379/779/260 380/780/260
f 382/781/261 381/782/261 380/783/261
f 383/784/262 381/785/262 382/786/262
f 384/787/263 383/788/263 382/789/263
f 385/790/264 383/791/264 384/792/264
f 386/793/265 385/794/265 384/795/265
f 387/796/266 385/797/266 386/798/266
f 388/799/267 387/800/267 386/801/267
f 389/802/268 387/803/268 388/804/268
f 390/805/269 389/806/269 388/807/269
f 391/808/270 389/809/270 390/810/270
f 392/811/271 393/812/271 394/813/271
f 395/814/272 393/815/272 392/816/272
f 396/817/273 397/818/273 392/819/273
f 398/820/274 397/821/274 396/822/274
f 399/823/275 398/824/275 396/825/275
f 400/826/276 398/827/276 399/828/276
f 401/829/277 400/830/277 399/831/277
f 402/832/278 400/833/278 401/834/278
f 403/835/279 402/836/279 401/837/279
f 404/838/280 402/839/280 403/840/280
f 405/841/281 404/842/281 403/843/281
f 406/844/282 404/845/282 405/846/282
f 407/847/283 406/848/283 405/849/283
f 408/850/284 406/851/284 407/852/284
f 409/853/285 408/854/285 407/855/285
f 410/856/286 408/857/286 409/858/286
f 411/859/287 412/860/287 413/861/287
f 414/862/288 412/863/288 411/864/288
f 415/865/289 414/866/289 411/867/289
f 416/868/290 414/869/290 415/870/290
f 417/871/291 416/872/291 415/873/291
f 418/874/292 416/875/292 417/876/292
f 419/877/293 418/878/293 417/879/293
f 420/880/294 418/881/294 419/882/294
f 421/883/295 420/884/295 419/885/295
f 422/886/296 420/887/296 421/888/296
f 423/889/297 422/890/297 421/891/297
f 424/892/298 422/893/298 423/894/298
f 425/895/299 424/896/299 423/897/299
f 426/898/300 424/899/300 425/900/300
f 427/901/301 426/902/301 425/903/301
f 428/904/302 426/905/302 427/906/302
f 429/907/303 430/908/303 431/909/303
f 432/910/304 430/911/304 429/912/304
f 433/913/305 432/914/305 429/915/305
f 434/916/306 432/917/306 433/918/306
f 435/919/307 434/920/307 433/921/307
f 436/922/308 434/923/308 435/924/308
f 437/925/309 436/926/309 435/927/309
f 438/928/310 436/929/310 437/930/310
f 439/931/311 438/932/311 437/933/311
f 440/934/312 438/935/312 439/936/312
f 441/937/313 440/938/313 439/939/313
f 442/940/314 440/941/314 441/942/314
f 443/943/315 442/944/315 441/945/315
f 444/946/316 442/947/316 443/948/316
f 445/949/317 444/950/317 443/951/317
f 446/952/318 444/953/318 445/954/318
f 5/955/319 447/956/319 448/957/319
f 448/958/320 449/959/320 5/960/320
f 5/961/321 449/962/321 450/963/321
f 451/964/322 450/965/322 449/966/322
f 452/967/323 450/968/323 451/969/323
f 452/970/324 451/971/324 453/972/324
f 454/973/325 455/974/325 456/975/325
f 457/976/326 455/977/326 454/978/326
f 458/979/327 457/980/327 454/981/327
f 459/982/328 457/983/328 458/984/328
f 460/985/329 459/986/329 458/987/329
f 461/988/330 459/989/330 460/990/330
f 462/991/331 461/992/331 460/993/331
f 463/994/332 461/995/332 462/996/332
f 464/997/333 463/998/333 462/999/333
f 465/1000/334 463/1001/334 464/1002/334
f 466/1003/335 465/1004/335 464/1005/335
f 467/1006/336 465/1007/336 466/1008/336
f 468/1009/337 467/1010/337 466/1011/337
f 469/1012/338 467/1013/338 468/1014/338
f 470/1015/339 469/1016/339 468/1017/339
f 471/1018/340 469/1019/340 470/1020/340
f 472/1021/341 473/1022/341 474/1023/341
f 474/1024/342 475/1025/342 472/1026/342
f 472/1027/343 475/1028/343 476/1029/343
f 477/1030/344 476/1031/344 475/1032/344
f 478/1033/345 479/1034/345 480/1035/345
f 478/1036/346 480/1037/346 481/1038/346
f 482/1039/347 478/1040/347 481/1041/347
f 483/1042/348 484/1043/348 485/1044/348
f 486/1045/349 483/1046/349 485/1047/349
f 486/1048/350 487/1049/350 483/1050/350
f 488/1051/351 489/1052/351 490/1053/351
f 491/1054/352 489/1055/352 488/1056/352
f 492/1057/353 491/1058/353 488/1059/353
f 493/1060/354 491/1061/354 492/1062/354
f 494/1063/355 228/1064/355 495/1065/355
f 226/1066/356 228/1067/356 494/1068/356
f 496/1069/357 497/1070/357 494/1071/357
f 498/1072/358 497/1073/358 499/1074/358
f 500/1075/359 498/1076/359 499/1077/359
f 501/1078/360 498/1079/360 500/1080/360
f 502/1081/361 185/1082/361 503/1083/361
f 183/1084/362 185/1085/362 502/1086/362
f 504/1087/363 183/1088/363 502/1089/363
f 181/1090/364 183/1091/364 504/1092/364
f 505/1093/365 506/1094/365 497/1095/365
f 498/1096/366 505/1097/366 497/1098/366
f 507/1099/367 505/1100/367 498/1101/367
f 501/1102/368 507/1103/368 498/1104/368
f 508/1105/369 509/1106/369 223/1107/369
f 510/1108/370 508/1109/370 223/1110/370
f 511/1111/371 508/1112/371 510/1113/371
f 512/1114/372 513/1115/372 514/1116/372
f 515/1117/373 513/1118/373 512/1119/373
f 516/1120/374 515/1121/374 512/1122/374
f 517/1123/375 515/1124/375 516/1125/375
f 518/1126/376 519/1127/376 520/1128/376
f 521/1129/377 519/1130/377 518/1131/377
f 522/1132/378 521/1133/378 518/1134/378
f 523/1135/379 521/1136/379 522/1137/379
f 522/1138/380 524/1139/380 523/1140/380
f 525/1141/381 524/1142/381 522/1143/381
f 526/1144/382 524/1145/382 525/1146/382
f 527/1147/383 524/1148/383 526/1149/383
f 528/1150/384 529/1151/384 530/1152/384
f 531/1153/385 529/1154/385 528/1155/385
f 532/1156/386 531/1157/386 528/1158/386
f 533/1159/387 531/1160/387 532/1161/387
f 534/1162/388 535/1163/388 536/1164/388
f 537/1165/389 535/1166/389 534/1167/389
f 538/1168/390 537/1169/390 534/1170/390
f 539/1171/391 537/1172/391 538/1173/391
f 540/1174/392 276/1175/392 541/1176/392
f 274/1177/393 276/1178/393 540/1179/393
f 542/1180/394 543/1181/394 540/1182/394
f 544/1183/395 543/1184/395 545/1185/395
f 546/1186/396 544/1187/396 545/1188/396
f 547/1189/397 544/1190/397 546/1191/397
f 548/1192/398 549/1193/398 550/1194/398
f 551/1195/399 549/1196/399 548/1197/399
f 552/1198/400 551/1199/400 548/1200/400
f 24/1201/401 551/1202/401 552/1203/401
f 553/1204/402 554/1205/402 543/1206/402
f 544/1207/403 553/1208/403 543/1209/403
f 555/1210/404 553/1211/404 544/1212/404
f 547/1213/405 555/1214/405 544/1215/405
f 556/1216/406 557/1217/406 271/1218/406
f 558/1219/407 556/1220/407 271/1221/407
f 559/1222/408 556/1223/408 558/1224/408
f 560/1225/409 561/1226/409 562/1227/409
f 563/1228/410 561/1229/410 560/1230/410
f 564/1231/411 563/1232/411 560/1233/411
f 565/1234/412 563/1235/412 564/1236/412
f 566/1237/413 284/1238/413 567/1239/413
f 282/1240/414 284/1241/414 566/1242/414
f 568/1243/415 188/1244/415 566/1245/415
f 189/1246/416 188/1247/416 569/1248/416
f 570/1249/417 189/1250/417 569/1251/417
f 191/1252/418 189/1253/418 570/1254/418
f 571/1255/419 572/1256/419 573/1257/419
f 574/1258/420 572/1259/420 571/1260/420
f 575/1261/421 574/1262/421 571/1263/421
f 43/1264/422 574/1265/422 575/1266/422
f 576/1267/423 577/1268/423 279/1269/423
f 578/1270/424 576/1271/424 279/1272/424
f 579/1273/425 576/1274/425 578/1275/425
f 580/1276/426 581/1277/426 582/1278/426
f 583/1279/427 581/1280/427 580/1281/427
f 584/1282/428 583/1283/428 580/1284/428
f 585/1285/429 583/1286/429 584/1287/429
f 586/1288/430 292/1289/430 587/1290/430
f 290/1291/431 292/1292/431 586/1293/431
f 588/1294/432 589/1295/432 586/1296/432
f 195/1297/433 589/1298/433 590/1299/433
f 591/1300/434 195/1301/434 590/1302/434
f 197/1303/435 195/1304/435 591/1305/435
f 592/1306/436 67/1307/436 593/1308/436
f 594/1309/437 67/1310/437 592/1311/437
f 595/1312/438 594/1313/438 592/1314/438
f 62/1315/439 594/1316/439 595/1317/439
f 596/1318/440 597/1319/440 287/1320/440
f 598/1321/441 596/1322/441 287/1323/441
f 599/1324/442 596/1325/442 598/1326/442
f 600/1327/443 601/1328/443 602/1329/443
f 603/1330/444 601/1331/444 600/1332/444
f 604/1333/445 603/1334/445 600/1335/445
f 605/1336/446 603/1337/446 604/1338/446
f 606/1339/447 607/1340/447 608/1341/447
f 609/1342/448 606/1343/448 608/1344/448
f 610/1345/449 606/1346/449 609/1347/449
f 611/1348/450 610/1349/450 609/1350/450
f 612/1351/451 613/1352/451 614/1353/451
f 615/1354/452 612/1355/452 614/1356/452
f 616/1357/453 612/1358/453 615/1359/453
f 617/1360/454 616/1361/454 615/1362/454
f 618/1363/455 619/1364/455 620/1365/455
f 621/1366/456 618/1367/456 620/1368/456
f 622/1369/457 618/1370/457 621/1371/457
f 623/1372/458 622/1373/458 621/1374/458
f 624/1375/459 622/1376/459 625/1377/459
f 626/1378/460 627/1379/460 625/1380/460
f 628/1381/461 627/1382/461 626/1383/461
f 629/1384/462 628/1385/462 626/1386/462
f 630/1387/463 631/1388/463 632/1389/463
f 633/1390/464 630/1391/464 632/1392/464
f 634/1393/465 630/1394/465 633/1395/465
f 635/1396/466 634/1397/466 633/1398/466
f 634/1399/467 635/1400/467 636/1401/467
f 637/1402/468 634/1403/468 636/1404/468
f 638/1405/469 637/1406/469 636/1407/469
f 639/1408/470 638/1409/470 636/1410/470
f 640/1411/471 641/1412/471 642/1413/471
f 643/1414/472 640/1415/472 642/1416/472
f 644/1417/473 640/1418/473 643/1419/473
f 645/1420/474 644/1421/474 643/1422/474
f 646/1423/475 644/1424/475 647/1425/475
f 648/1426/476 649/1427/476 647/1428/476
f 650/1429/477 649/1430/477 648/1431/477
f 651/1432/478 650/1433/478 648/1434/478
f 652/1435/479 653/1436/479 654/1437/479
f 655/1438/480 652/1439/480 654/1440/480
f 656/1441/481 652/1442/481 655/1443/481
f 657/1444/482 656/1445/482 655/1446/482
f 658/1447/483 656/1448/483 659/1449/483
f 660/1450/484 661/1451/484 659/1452/484
f 662/1453/485 661/1454/485 660/1455/485
f 663/1456/486 662/1457/486 660/1458/486
f 664/1459/487 665/1460/487 666/1461/487
f 667/1462/488 664/1463/488 666/1464/488
f 668/1465/489 664/1466/489 667/1467/489
f 669/1468/490 668/1469/490 667/1470/490
f 670/1471/491 668/1472/491 671/1473/491
f 672/1474/492 673/1475/492 671/1476/492
f 674/1477/493 673/1478/493 672/1479/493
f 675/1480/494 674/1481/494 672/1482/494
f 676/1483/495 677/1484/495 678/1485/495
f 679/1486/496 678/1487/496 677/1488/496
f 680/1489/497 678/1490/497 679/1491/497
f 681/1492/498 680/1493/498 679/1494/498
f 682/1495/499 680/1496/499 681/1497/499
f 682/1498/500 681/1499/500 683/1500/500
f 684/1501/501 685/1502/501 686/1503/501
f 686/1504/502 685/1505/502 687/1506/502
f 686/1507/503 687/1508/503 688/1509/503
f 688/1510/504 687/1511/504 689/1512/504
f 690/1513/505 691/1514/505 692/1515/505
f 693/1516/506 691/1517/506 690/1518/506
f 693/1519/507 694/1520/507 691/1521/507
f 695/1522/508 694/1523/508 693/1524/508
f 695/1525/509 696/1526/509 694/1527/509
f 697/1528/510 696/1529/510 695/1530/510
f 698/1531/511 696/1532/511 697/1533/511
f 699/1534/512 696/1535/512 698/1536/512
f 700/1537/513 701/1538/513 698/1539/513
f 698/1540/514 701/1541/514 699/1542/514
f 702/1543/515 699/1544/515 703/1545/515
f 703/1546/516 699/1547/516 704/1548/516
f 701/1549/517 704/1550/517 699/1551/517
f 701/1552/518 705/1553/518 704/1554/518
f 704/1555/519 705/1556/519 706/1557/519
f 707/1558/520 708/1559/520 709/1560/520
f 710/1561/521 707/1562/521 709/1563/521
f 710/1564/522 709/1565/522 711/1566/522
f 712/1567/523 710/1568/523 711/1569/523
f 712/1570/524 711/1571/524 713/1572/524
f 714/1573/525 712/1574/525 713/1575/525
f 715/1576/526 714/1577/526 713/1578/526
f 716/1579/527 715/1580/527 713/1581/527
f 717/1582/528 715/1583/528 718/1584/528
f 715/1585/529 716/1586/529 718/1587/529
f 719/1588/530 720/1589/530 716/1590/530
f 720/1591/531 721/1592/531 716/1593/531
f 718/1594/532 716/1595/532 721/1596/532
f 718/1597/533 721/1598/533 722/1599/533
f 721/1600/534 723/1601/534 722/1602/534
f 724/1603/535 725/1604/535 726/1605/535
f 725/1606/536 727/1607/536 726/1608/536
f 727/1609/537 728/1610/537 726/1611/537
f 728/1612/538 729/1613/538 726/1614/538
f 730/1615/539 731/1616/539 732/1617/539
f 733/1618/540 730/1619/540 732/1620/540
f 734/1621/541 733/1622/541 732/1623/541
f 735/1624/542 734/1625/542 732/1626/542
f 736/1627/543 737/1628/543 738/1629/543
f 737/1630/544 739/1631/544 738/1632/544
f 739/1633/545 740/1634/545 738/1635/545
f 740/1636/546 741/1637/546 738/1638/546
f 742/1639/547 743/1640/547 744/1641/547
f 745/1642/548 742/1643/548 744/1644/548
f 746/1645/549 745/1646/549 744/1647/549
f 747/1648/550 746/1649/550 744/1650/550
f 748/1651/551 749/1652/551 750/1653/551
f 751/1654/552 749/1655/552 748/1656/552
f 751/1657/553 752/1658/553 749/1659/553
f 749/1660/554 752/1661/554 753/1662/554
f 752/1663/555 754/1664/555 753/1665/555
f 753/1666/556 754/1667/556 755/1668/556
f 754/1669/557 756/1670/557 755/1671/557
f 757/1672/558 756/1673/558 754/1674/558
f 756/1675/559 758/1676/559 759/1677/559
f 757/1678/560 758/1679/560 756/1680/560
f 757/1681/561 760/1682/561 758/1683/561
f 758/1684/562 760/1685/562 761/1686/562
f 761/1687/563 760/1688/563 762/1689/563
f 757/1690/564 763/1691/564 760/1692/564
f 760/1693/565 763/1694/565 764/1695/565
f 765/1696/566 766/1697/566 767/1698/566
f 768/1699/567 766/1700/567 765/1701/567
f 768/1702/568 765/1703/568 769/1704/568
f 769/1705/569 765/1706/569 770/1707/569
f 770/1708/570 771/1709/570 769/1710/570
f 769/1711/571 771/1712/571 772/1713/571
f 772/1714/572 771/1715/572 773/1716/572
f 773/1717/573 771/1718/573 774/1719/573
f 775/1720/574 773/1721/574 774/1722/574
f 776/1723/575 773/1724/575 775/1725/575
f 777/1726/576 778/1727/576 779/1728/576
f 778/1729/577 780/1730/577 779/1731/577
f 780/1732/578 781/1733/578 779/1734/578
f 781/1735/579 782/1736/579 779/1737/579
f 783/1738/580 784/1739/580 785/1740/580
f 786/1741/581 783/1742/581 785/1743/581
f 787/1744/582 786/1745/582 785/1746/582
f 788/1747/583 787/1748/583 785/1749/583
f 789/1750/584 790/1751/584 791/1752/584
f 790/1753/585 792/1754/585 791/1755/585
f 792/1756/586 793/1757/586 791/1758/586
f 793/1759/587 794/1760/587 791/1761/587
f 795/1762/588 796/1763/588 797/1764/588
f 798/1765/589 795/1766/589 797/1767/589
f 799/1768/590 798/1769/590 797/1770/590
f 800/1771/591 799/1772/591 797/1773/591
f 801/1774/592 802/1775/592 803/1776/592
f 802/1777/593 804/1778/593 803/1779/593
f 804/1780/594 805/1781/594 803/1782/594
f 805/1783/595 806/1784/595 803/1785/595
f 807/1786/596 808/1787/596 809/1788/596
f 810/1789/597 807/1790/597 809/1791/597
f 811/1792/598 810/1793/598 809/1794/598
f 812/1795/599 811/1796/599 809/1797/599
f 813/1798/600 814/1799/600 815/1800/600
f 814/1801/601 816/1802/601 815/1803/601
f 816/1804/602 817/1805/602 815/1806/602
f 817/1807/603 818/1808/603 815/1809/603
f 819/1810/604 820/1811/604 821/1812/604
f 822/1813/605 819/1814/605 821/1815/605
f 823/1816/606 822/1817/606 821/1818/606
f 824/1819/607 823/1820/607 821/1821/607
f 825/1822/608 826/1823/608 827/1824/608
f 827/1825/609 826/1826/609 828/1827/609
f 828/1828/610 826/1829/610 829/1830/610
f 829/1831/611 826/1832/611 830/1833/611
f 831/1834/612 832/1835/612 833/1836/612
f 834/1837/613 832/1838/613 831/1839/613
f 835/1840/614 832/1841/614 834/1842/614
f 836/1843/615 832/1844/615 835/1845/615
f 837/1846/616 838/1847/616 839/1848/616
f 839/1849/617 838/1850/617 840/1851/617
f 840/1852/618 838/1853/618 841/1854/618
f 841/1855/619 838/1856/619 842/1857/619
f 843/1858/620 844/1859/620 845/1860/620
f 846/1861/621 844/1862/621 843/1863/621
f 847/1864/622 844/1865/622 846/1866/622
f 848/1867/623 844/1868/623 847/1869/623
f 849/1870/624 850/1871/624 851/1872/624
f 852/1873/625 849/1874/625 851/1875/625
f 852/1876/626 851/1877/626 853/1878/626
f 851/1879/627 854/1880/627 853/1881/627
f 853/1882/628 854/1883/628 855/1884/628
f 854/1885/629 856/1886/629 855/1887/629
f 855/1888/630 856/1889/630 857/1890/630
f 858/1891/631 855/1892/631 857/1893/631
f 857/1894/632 859/1895/632 860/1896/632
f 858/1897/633 857/1898/633 860/1899/633
f 858/1900/634 860/1901/634 861/1902/634
f 858/1903/635 861/1904/635 862/1905/635
f 861/1906/636 863/1907/636 862/1908/636
f 860/1909/637 864/1910/637 861/1911/637
f 864/1912/638 865/1913/638 861/1914/638
f 866/1915/639 867/1916/639 868/1917/639
f 869/1918/640 866/1919/640 868/1920/640
f 869/1921/641 870/1922/641 866/1923/641
f 870/1924/642 871/1925/642 866/1926/642
f 871/1927/643 870/1928/643 872/1929/643
f 870/1930/644 873/1931/644 872/1932/644
f 873/1933/645 874/1934/645 872/1935/645
f 874/1936/646 875/1937/646 872/1938/646
f 876/1939/647 875/1940/647 874/1941/647
f 877/1942/648 876/1943/648 874/1944/648
f 878/1945/649 879/1946/649 880/1947/649
f 880/1948/650 879/1949/650 881/1950/650
f 881/1951/651 879/1952/651 882/1953/651
f 882/1954/652 879/1955/652 883/1956/652
f 884/1957/653 885/1958/653 886/1959/653
f 887/1960/654 885/1961/654 884/1962/654
f 888/1963/655 885/1964/655 887/1965/655
f 889/1966/656 885/1967/656 888/1968/656
f 890/1969/657 891/1970/657 892/1971/657
f 892/1972/658 891/1973/658 893/1974/658
f 893/1975/659 891/1976/659 894/1977/659
f 894/1978/660 891/1979/660 895/1980/660
f 896/1981/661 897/1982/661 898/1983/661
f 899/1984/662 897/1985/662 896/1986/662
f 900/1987/663 897/1988/663 899/1989/663
f 901/1990/664 897/1991/664 900/1992/664
f 902/1993/665 903/1994/665 904/1995/665
f 904/1996/666 903/1997/666 905/1998/666
f 905/1999/667 903/2000/667 906/2001/667
f 906/2002/668 903/2003/668 907/2004/668
f 908/2005/669 909/2006/669 910/2007/669
f 911/2008/670 909/2009/670 908/2010/670
f 912/2011/671 909/2012/671 911/2013/671
f 913/2014/672 909/2015/672 912/2016/672
f 914/2017/673 915/2018/673 916/2019/673
f 916/2020/674 915/2021/674 917/2022/674
f 917/2023/675 915/2024/675 918/2025/675
f 918/2026/676 915/2027/676 919/2028/676
f 920/2029/677 921/2030/677 922/2031/677
f 923/2032/678 921/2033/678 920/2034/678
f 924/2035/679 921/2036/679 923/2037/679
f 925/2038/680 921/2039/680 924/2040/680
f 926/2041/681 927/2042/681 928/2043/681
f 927/2044/682 929/2045/682 928/2046/682
f 929/2047/683 930/2048/683 928/2049/683
f 930/2050/684 931/2051/684 928/2052/684
f 931/2053/685 932/2054/685 928/2055/685
f 932/2056/686 933/2057/686 928/2058/686
f 934/2059/687 935/2060/687 936/2061/687
f 937/2062/688 936/2063/688 938/2064/688
f 936/2065/689 935/2066/689 939/2067/689
f 938/2068/690 936/2069/690 939/2070/690
f 935/2071/691 940/2072/691 939/2073/691
f 938/2074/692 939/2075/692 941/2076/692
f 939/2077/693 940/2078/693 942/2079/693
f 941/2080/694 939/2081/694 942/2082/694
f 940/2083/695 943/2084/695 942/2085/695
f 941/2086/696 942/2087/696 944/2088/696
f 942/2089/697 943/2090/697 945/2091/697
f 944/2092/698 942/2093/698 945/2094/698
f 944/2095/699 945/2096/699 946/2097/699
f 943/2098/700 947/2099/700 945/2100/700
f 945/2101/701 947/2102/701 948/2103/701
f 949/2104/702 945/2105/702 948/2106/702
f 947/2107/703 950/2108/703 948/2109/703
f 946/2110/704 948/2111/704 951/2112/704
f 948/2113/705 950/2114/705 952/2115/705
f 951/2116/706 948/2117/706 952/2118/706
f 950/2119/707 953/2120/707 952/2121/707
f 951/2122/708 952/2123/708 954/2124/708
f 952/2125/709 953/2126/709 955/2127/709
f 954/2128/710 952/2129/710 955/2130/710
f 953/2131/711 956/2132/711 955/2133/711
f 954/2134/712 955/2135/712 957/2136/712
f 955/2137/713 956/2138/713 958/2139/713
f 957/2140/714 955/2141/714 958/2142/714
f 956/2143/715 959/2144/715 958/2145/715
f 957/2146/716 958/2147/716 960/2148/716
f 958/2149/717 959/2150/717 961/2151/717
f 960/2152/718 958/2153/718 961/2154/718
f 962/2155/719 963/2156/719 964/2157/719
f 965/2158/720 962/2159/720 964/2160/720
f 964/2161/721 963/2162/721 966/2163/721
f 967/2164/722 962/2165/722 965/2166/722
f 963/2167/723 968/2168/723 966/2169/723
f 969/2170/724 967/2171/724 965/2172/724
f 966/2173/725 968/2174/725 970/2175/725
f 971/2176/726 967/2177/726 969/2178/726
f 968/2179/727 972/2180/727 970/2181/727
f 973/2182/728 971/2183/728 969/2184/728
f 970/2185/729 972/2186/729 974/2187/729
f 975/2188/730 971/2189/730 973/2190/730
f 972/2191/731 976/2192/731 974/2193/731
f 977/2194/732 975/2195/732 973/2196/732
f 974/2197/733 976/2198/733 977/2199/733
f 976/2200/734 975/2201/734 977/2202/734
f 978/2203/735 979/2204/735 980/2205/735
f 981/2206/736 982/2207/736 983/2208/736
f 984/2209/737 985/2210/737 986/2211/737
f 987/2212/738 985/2213/738 988/2214/738
f 987/2215/739 988/2216/739 989/2217/739
f 989/2218/740 988/2219/740 990/2220/740
f 989/2221/741 990/2222/741 991/2223/741
f 991/2224/742 990/2225/742 992/2226/742
f 991/2227/743 992/2228/743 993/2229/743
f 993/2230/744 992/2231/744 994/2232/744
f 993/2233/745 995/2234/745 996/2235/745
f 996/2236/746 995/2237/746 997/2238/746
f 996/2239/747 997/2240/747 998/2241/747
f 998/2242/748 997/2243/748 999/2244/748
f 998/2245/749 999/2246/749 1000/2247/749
f 1000/2248/750 999/2249/750 1001/2250/750
f 1001/2251/751 1002/2252/751 1000/2253/751
f 1000/2254/752 1002/2255/752 1003/2256/752
f 1002/2257/753 1004/2258/753 1005/2259/753
f 1005/2260/754 1004/2261/754 1006/2262/754
f 1004/2263/755 1007/2264/755 1006/2265/755
f 1006/2266/756 1007/2267/756 1008/2268/756
f 1007/2269/757 1009/2270/757 1008/2271/757
f 1008/2272/758 1009/2273/758 1010/2274/758
f 1010/2275/759 1009/2276/759 1011/2277/759
f 1011/2278/760 1012/2279/760 1013/2280/760
f 1014/2281/761 1015/2282/761 1016/2283/761
f 1016/2284/762 1015/2285/762 1017/2286/762
f 1018/2287/763 1019/2288/763 1020/2289/763
f 1019/2290/764 1021/2291/764 1022/2292/764
f 1022/2293/765 1021/2294/765 1023/2295/765
f 1024/2296/766 1025/2297/766 1023/2298/766
f 1023/2299/767 1025/2300/767 1026/2301/767
f 1023/2302/768 1026/2303/768 1027/2304/768
f 1027/2305/769 1026/2306/769 1028/2307/769
f 1029/2308/770 1025/2309/770 1030/2310/770
f 1030/2311/771 1025/2312/771 1021/2313/771
f 1030/2314/772 1021/2315/772 1031/2316/772
f 1031/2317/773 1021/2318/773 1032/2319/773
f 1032/2320/774 1021/2321/774 1033/2322/774
f 1032/2323/775 1033/2324/775 1034/2325/775
f 1034/2326/776 1033/2327/776 1035/2328/776
f 1036/2329/777 1033/2330/777 1022/2331/777
f 1035/2332/778 1033/2333/778 1037/2334/778
f 1035/2335/779 1037/2336/779 1038/2337/779
f 1038/2338/780 1037/2339/780 1039/2340/780
f 1022/2341/781 1040/2342/781 1041/2343/781
f 1041/2344/782 1040/2345/782 1027/2346/782
f 1042/2347/783 1043/2348/783 1041/2349/783
f 1036/2350/784 1043/2351/784 1042/2352/784
f 1044/2353/785 1037/2354/785 1036/2355/785
f 1045/2356/786 1037/2357/786 1044/2358/786
f 1039/2359/787 1037/2360/787 1046/2361/787
f 1039/2362/788 1046/2363/788 1047/2364/788
f 1047/2365/789 1046/2366/789 1048/2367/789
f 1049/2368/790 1050/2369/790 1042/2370/790
f 1044/2371/791 1050/2372/791 1049/2373/791
f 1051/2374/792 1046/2375/792 1044/2376/792
f 1052/2377/793 1046/2378/793 1053/2379/793
f 1048/2380/794 1046/2381/794 1054/2382/794
f 1048/2383/795 1054/2384/795 1055/2385/795
f 1055/2386/796 1054/2387/796 1056/2388/796
f 1053/2389/797 1057/2390/797 1058/2391/797
f 1058/2392/798 1057/2393/798 1049/2394/798
f 1059/2395/799 1051/2396/799 1058/2397/799
f 1060/2398/800 1051/2399/800 1059/2400/800
f 1060/2401/801 1054/2402/801 1051/2403/801
f 1061/2404/802 1054/2405/802 1060/2406/802
f 1056/2407/803 1054/2408/803 1061/2409/803
f 1056/2410/804 1061/2411/804 1062/2412/804
f 1063/2413/805 1064/2414/805 1065/2415/805
f 1065/2416/806 1064/2417/806 1066/2418/806
f 1067/2419/807 1068/2420/807 1069/2421/807
f 1069/2422/808 1068/2423/808 1070/2424/808
f 1071/2425/809 6/2426/809 1072/2427/809
f 1072/2428/810 6/2429/810 1073/2430/810
f 1074/2431/811 1075/2432/811 1076/2433/811
f 1076/2434/812 1075/2435/812 1077/2436/812
f 1078/2437/813 1079/2438/813 1080/2439/813
f 1080/2440/814 1079/2441/814 1081/2442/814
f 1082/2443/815 1083/2444/815 1084/2445/815
f 1084/2446/816 1083/2447/816 1085/2448/816
f 1086/2449/817 1087/2450/817 1088/2451/817
f 1088/2452/818 1087/2453/818 1089/2454/818
f 1090/2455/819 1091/2456/819 1092/2457/819
f 1092/2458/820 1091/2459/820 1093/2460/820
f 1094/2461/821 1095/2462/821 1096/2463/821
f 1096/2464/822 1095/2465/822 1097/2466/822
f 1098/2467/823 1099/2468/823 1100/2469/823
f 1100/2470/824 1099/2471/824 1101/2472/824
f 1102/2473/825 1103/2474/825 1104/2475/825
f 1104/2476/826 1103/2477/826 1105/2478/826
f 1106/2479/827 1107/2480/827 1108/2481/827
f 1108/2482/828 1107/2483/828 1109/2484/828
f 1110/2485/829 1111/2486/829 1112/2487/829
f 1112/2488/830 1111/2489/830 1113/2490/830
f 1114/2491/831 1115/2492/831 1116/2493/831
f 1116/2494/832 1115/2495/832 1117/2496/832
f 1118/2497/833 1119/2498/833 1120/2499/833
f 1120/2500/834 1119/2501/834 1121/2502/834
f 1122/2503/835 1123/2504/835 1124/2505/835
f 1124/2506/836 1123/2507/836 1125/2508/836
f 1126/2509/837 1127/2510/837 1128/2511/837
f 1128/2512/838 1127/2513/838 1129/2514/838
f 1130/2515/839 1131/2516/839 1132/2517/839
f 1132/2518/840 1131/2519/840 1133/2520/840
f 1134/2521/841 1135/2522/841 1136/2523/841
f 1136/2524/842 1135/2525/842 1137/2526/842
f 1138/2527/843 1139/2528/843 1140/2529/843
f 1140/2530/844 1139/2531/844 1141/2532/844
f 1142/2533/845 1143/2534/845 1144/2535/845
f 1144/2536/846 1143/2537/846 1145/2538/846
f 1146/2539/847 1147/2540/847 1148/2541/847
f 1148/2542/848 1147/2543/848 1149/2544/848
f 1150/2545/849 1151/2546/849 1152/2547/849
f 1152/2548/850 1151/2549/850 1153/2550/850
f 1154/2551/851 1155/2552/851 1156/2553/851
f 1156/2554/852 1155/2555/852 1157/2556/852
f 1158/2557/853 1159/2558/853 1160/2559/853
f 1160/2560/854 1159/2561/854 1161/2562/854
f 1162/2563/855 1163/2564/855 1164/2565/855
f 1164/2566/856 1163/2567/856 1165/2568/856
f 1166/2569/857 1167/2570/857 1168/2571/857
f 1168/2572/858 1167/2573/858 1169/2574/858
f 1170/2575/859 1171/2576/859 1172/2577/859
f 1172/2578/860 1171/2579/860 1173/2580/860
f 1174/2581/861 1175/2582/861 1176/2583/861
f 1176/2584/862 1175/2585/862 1177/2586/862
f 1178/2587/863 1179/2588/863 1180/2589/863
f 1180/2590/864 1179/2591/864 1181/2592/864
f 1182/2593/865 1183/2594/865 1184/2595/865
f 1184/2596/866 1183/2597/866 1185/2598/866
f 1186/2599/867 1187/2600/867 1188/2601/867
f 1188/2602/868 1187/2603/868 1189/2604/868
f 1190/2605/869 1191/2606/869 1192/2607/869
f 1192/2608/870 1191/2609/870 1193/2610/870
f 1194/2611/871 1195/2612/871 1196/2613/871
f 1196/2614/872 1195/2615/872 1197/2616/872
f 1198/2617/873 1199/2618/873 1200/2619/873
f 1200/2620/874 1199/2621/874 1201/2622/874
f 1202/2623/875 1203/2624/875 1204/2625/875
f 1204/2626/876 1203/2627/876 1205/2628/876
f 1206/2629/877 1207/2630/877 1208/2631/877
f 1208/2632/878 1207/2633/878 1209/2634/878
f 1210/2635/879 1211/2636/879 1212/2637/879
f 1212/2638/880 1211/2639/880 1213/2640/880
f 1214/2641/881 1215/2642/881 1216/2643/881
f 1216/2644/882 1215/2645/882 1217/2646/882
f 1218/2647/883 1219/2648/883 1220/2649/883
f 1220/2650/884 1219/2651/884 1221/2652/884
f 1222/2653/885 1223/2654/885 1224/2655/885
f 1224/2656/886 1223/2657/886 1225/2658/886
f 1226/2659/887 1227/2660/887 1228/2661/887
f 1228/2662/888 1227/2663/888 1229/2664/888
f 1230/2665/889 1229/2666/889 1231/2667/889
f 1231/2668/890 1232/2669/890 1230/2670/890
f 1231/2671/891 1229/2672/891 1233/2673/891
f 1234/2674/892 1232/2675/892 1231/2676/892
f 1234/2677/893 1235/2678/893 1232/2679/893
f 1236/2680/894 1235/2681/894 1234/2682/894
f 1231/2683/895 1236/2684/895 1234/2685/895
f 1233/2686/896 1236/2687/896 1231/2688/896
f 1236/2689/897 1233/2690/897 979/2691/897
f 1237/2692/898 1238/2693/898 1239/2694/898
f 1239/2695/899 1238/2696/899 1240/2697/899
f 1241/2698/900 1242/2699/900 1243/2700/900
f 1243/2701/901 1242/2702/901 1244/2703/901
f 1245/2704/902 1246/2705/902 1247/2706/902
f 1247/2707/903 1246/2708/903 1248/2709/903
f 1249/2710/904 1250/2711/904 1251/2712/904
f 1251/2713/905 1250/2714/905 1252/2715/905
f 1253/2716/906 1254/2717/906 1255/2718/906
f 1255/2719/907 1254/2720/907 1256/2721/907
f 1257/2722/908 1258/2723/908 1259/2724/908
f 1259/2725/909 1258/2726/909 1260/2727/909
f 1261/2728/910 1262/2729/910 1263/2730/910
f 1263/2731/911 1262/2732/911 1264/2733/911
f 1265/2734/912 1266/2735/912 1267/2736/912
f 1267/2737/913 1266/2738/913 1268/2739/913
f 1269/2740/914 1270/2741/914 1271/2742/914
f 1271/2743/915 1270/2744/915 1272/2745/915
f 1273/2746/916 1274/2747/916 1275/2748/916
f 1275/2749/917 1274/2750/917 1276/2751/917
f 1277/2752/918 1278/2753/918 1279/2754/918
f 1279/2755/919 1278/2756/919 1280/2757/919
f 1281/2758/920 1282/2759/920 1283/2760/920
f 1283/2761/921 1282/2762/921 1284/2763/921
f 1285/2764/922 1286/2765/922 1287/2766/922
f 1287/2767/923 1286/2768/923 1288/2769/923
f 1289/2770/924 1290/2771/924 1291/2772/924
f 1291/2773/925 1290/2774/925 1292/2775/925
f 1293/2776/926 1294/2777/926 1295/2778/926
f 1295/2779/927 1294/2780/927 1296/2781/927
f 1297/2782/928 1298/2783/928 1299/2784/928
f 1299/2785/929 1298/2786/929 1300/2787/929
f 1301/2788/930 1302/2789/930 1303/2790/930
f 1303/2791/931 1302/2792/931 1304/2793/931
f 1305/2794/932 1306/2795/932 1307/2796/932
f 1307/2797/933 1306/2798/933 1308/2799/933
f 1309/2800/934 1310/2801/934 1311/2802/934
f 1311/2803/935 1310/2804/935 1312/2805/935
f 1313/2806/936 1314/2807/936 1315/2808/936
f 1315/2809/937 1314/2810/937 1316/2811/937
f 1317/2812/938 1318/2813/938 1319/2814/938
f 1319/2815/939 1318/2816/939 1320/2817/939
f 1321/2818/940 1322/2819/940 1323/2820/940
f 1323/2821/941 1322/2822/941 1324/2823/941
f 1325/2824/942 1326/2825/942 1327/2826/942
f 1327/2827/943 1326/2828/943 1328/2829/943
f 1329/2830/944 1330/2831/944 1331/2832/944
f 1331/2833/945 1330/2834/945 1332/2835/945
f 1333/2836/946 1334/2837/946 1335/2838/946
f 1335/2839/947 1334/2840/947 1336/2841/947
f 1337/2842/948 1338/2843/948 1339/2844/948
f 1339/2845/949 1338/2846/949 1340/2847/949
f 1341/2848/950 1342/2849/950 1343/2850/950
f 1343/2851/951 1342/2852/951 1344/2853/951
f 1345/2854/952 1346/2855/952 1347/2856/952
f 1347/2857/953 1346/2858/953 1348/2859/953
f 1349/2860/954 1350/2861/954 1351/2862/954
f 1351/2863/955 1350/2864/955 1352/2865/955
f 1353/2866/956 1354/2867/956 1355/2868/956
f 1355/2869/957 1354/2870/957 1356/2871/957
f 1357/2872/958 1358/2873/958 1359/2874/958
f 1359/2875/959 1358/2876/959 1360/2877/959
f 1361/2878/960 1362/2879/960 1363/2880/960
f 1363/2881/961 1362/2882/961 1364/2883/961
f 1365/2884/962 1366/2885/962 1367/2886/962
f 1367/2887/963 1366/2888/963 1368/2889/963
f 1369/2890/964 1370/2891/964 1371/2892/964
f 1371/2893/965 1370/2894/965 1372/2895/965
f 1373/2896/966 1374/2897/966 1375/2898/966
f 1375/2899/967 1374/2900/967 1376/2901/967
f 1377/2902/968 1378/2903/968 1379/2904/968
f 1379/2905/969 1378/2906/969 1380/2907/969
f 1381/2908/970 1382/2909/970 1383/2910/970
f 1383/2911/971 1382/2912/971 1384/2913/971
f 1385/2914/972 1386/2915/972 1387/2916/972
f 1387/2917/973 1386/2918/973 1388/2919/973
f 1389/2920/974 1390/2921/974 1391/2922/974
f 1391/2923/975 1390/2924/975 1392/2925/975
f 1393/2926/976 1394/2927/976 1395/2928/976
f 1395/2929/977 1394/2930/977 1396/2931/977
f 1397/2932/978 1398/2933/978 1399/2934/978
f 1399/2935/979 1398/2936/979 1400/2937/979
f 1401/2938/980 1402/2939/980 1403/2940/980
f 1403/2941/981 1402/2942/981 1404/2943/981
f 1405/2944/982 1406/2945/982 1407/2946/982
f 1407/2947/983 1406/2948/983 1408/2949/983
f 1409/2950/984 1410/2951/984 1411/2952/984
f 1411/2953/985 1410/2954/985 1412/2955/985
f 1413/2956/986 1414/2957/986 1415/2958/986
f 1415/2959/987 1414/2960/987 1416/2961/987
f 1417/2962/988 1418/2963/988 1419/2964/988
f 1419/2965/989 1418/2966/989 1420/2967/989
f 1421/2968/990 1422/2969/990 1423/2970/990
f 1423/2971/991 1422/2972/991 1424/2973/991
f 1425/2974/992 1426/2975/992 1427/2976/992
f 1427/2977/993 1426/2978/993 1428/2979/993
f 1429/2980/994 1430/2981/994 1431/2982/994
f 1431/2983/995 1430/2984/995 1432/2985/995
f 1433/2986/996 1434/2987/996 1435/2988/996
f 1435/2989/997 1434/2990/997 1436/2991/997
f 1437/2992/998 1438/2993/998 1439/2994/998
f 1439/2995/999 1438/2996/999 1440/2997/999
f 1441/2998/1000 1442/2999/1000 1443/3000/1000
f 1443/3001/1001 1442/3002/1001 1444/3003/1001
f 1445/3004/1002 1446/3005/1002 1447/3006/1002
f 1447/3007/1003 1446/3008/1003 1448/3009/1003
f 1449/3010/1004 1450/3011/1004 1451/3012/1004
f 1451/3013/1005 1450/3014/1005 1452/3015/1005
f 1453/3016/1006 1454/3017/1006 1455/3018/1006
f 1455/3019/1007 1454/3020/1007 1456/3021/1007
f 1457/3022/1008 1458/3023/1008 1459/3024/1008
f 1459/3025/1009 1458/3026/1009 1460/3027/1009
f 1461/3028/1010 1462/3029/1010 1463/3030/1010
f 1463/3031/1011 1462/3032/1011 1464/3033/1011
f 1465/3034/1012 1466/3035/1012 1467/3036/1012
f 1467/3037/1013 1466/3038/1013 1468/3039/1013
f 1469/3040/1014 1470/3041/1014 1471/3042/1014
f 1471/3043/1015 1470/3044/1015 1472/3045/1015
f 1473/3046/1016 1474/3047/1016 1475/3048/1016
f 1475/3049/1017 1474/3050/1017 1476/3051/1017
f 1477/3052/1018 1478/3053/1018 1479/3054/1018
f 1479/3055/1019 1478/3056/1019 1480/3057/1019
f 1481/3058/1020 1482/3059/1020 1483/3060/1020
f 1483/3061/1021 1482/3062/1021 1484/3063/1021
f 1485/3064/1022 1486/3065/1022 1487/3066/1022
f 1487/3067/1023 1486/3068/1023 1488/3069/1023
f 1489/3070/1024 1490/3071/1024 1491/3072/1024
f 1491/3073/1025 1490/3074/1025 1492/3075/1025
f 1493/3076/1026 1494/3077/1026 1495/3078/1026
f 1495/3079/1027 1494/3080/1027 1496/3081/1027
f 1497/3082/1028 1498/3083/1028 1499/3084/1028
f 1499/3085/1029 1498/3086/1029 1500/3087/1029
f 1501/3088/1030 1502/3089/1030 1503/3090/1030
f 1503/3091/1031 1502/3092/1031 1504/3093/1031
f 1505/3094/1032 1506/3095/1032 1507/3096/1032
f 1507/3097/1033 1506/3098/1033 1508/3099/1033
f 1509/3100/1034 1510/3101/1034 1511/3102/1034
f 1511/3103/1035 1510/3104/1035 1512/3105/1035
f 1513/3106/1036 1514/3107/1036 1515/3108/1036
f 1515/3109/1037 1514/3110/1037 1516/3111/1037
f 1517/3112/1038 1518/3113/1038 1519/3114/1038
f 1519/3115/1039 1518/3116/1039 1520/3117/1039
f 1521/3118/1040 1522/3119/1040 1523/3120/1040
f 1523/3121/1041 1522/3122/1041 1524/3123/1041
f 1525/3124/1042 1526/3125/1042 1527/3126/1042
f 1527/3127/1043 1526/3128/1043 1528/3129/1043
f 1529/3130/1044 1530/3131/1044 1531/3132/1044
f 1531/3133/1045 1530/3134/1045 1532/3135/1045
f 1533/3136/1046 1534/3137/1046 1535/3138/1046
f 1535/3139/1047 1534/3140/1047 1536/3141/1047
f 1537/3142/1048 1538/3143/1048 1539/3144/1048
f 1539/3145/1049 1538/3146/1049 1540/3147/1049
f 1541/3148/1050 1542/3149/1050 1543/3150/1050
f 1543/3151/1051 1542/3152/1051 1544/3153/1051
f 1545/3154/1052 1546/3155/1052 1547/3156/1052
f 1547/3157/1053 1546/3158/1053 1548/3159/1053
f 1549/3160/1054 1550/3161/1054 1551/3162/1054
f 1551/3163/1055 1550/3164/1055 1552/3165/1055
f 1553/3166/1056 1554/3167/1056 1555/3168/1056
f 1555/3169/1057 1554/3170/1057 1556/3171/1057
f 1557/3172/1058 1558/3173/1058 1559/3174/1058
f 1559/3175/1059 1558/3176/1059 1560/3177/1059
f 1561/3178/1060 1562/3179/1060 1563/3180/1060
f 1563/3181/1061 1562/3182/1061 1564/3183/1061
f 1565/3184/1062 1566/3185/1062 1567/3186/1062
f 1567/3187/1063 1566/3188/1063 1568/3189/1063
f 1569/3190/1064 1570/3191/1064 1571/3192/1064
f 1571/3193/1065 1570/3194/1065 1572/3195/1065
f 1573/3196/1066 1574/3197/1066 1575/3198/1066
f 1575/3199/1067 1574/3200/1067 1576/3201/1067
f 1577/3202/1068 1578/3203/1068 1579/3204/1068
f 1579/3205/1069 1578/3206/1069 1580/3207/1069
f 1581/3208/1070 1582/3209/1070 1583/3210/1070
f 1583/3211/1071 1582/3212/1071 1584/3213/1071
f 1585/3214/1072 1586/3215/1072 1587/3216/1072
f 1587/3217/1073 1586/3218/1073 1588/3219/1073
f 1589/3220/1074 1590/3221/1074 1591/3222/1074
f 1591/3223/1075 1590/3224/1075 1592/3225/1075
f 1593/3226/1076 1594/3227/1076 1595/3228/1076
f 1595/3229/1077 1594/3230/1077 1596/3231/1077
f 1597/3232/1078 1598/3233/1078 1599/3234/1078
f 1599/3235/1079 1598/3236/1079 1600/3237/1079
f 1601/3238/1080 1602/3239/1080 1603/3240/1080
f 1603/3241/1081 1602/3242/1081 1604/3243/1081
f 1605/3244/1082 1606/3245/1082 1607/3246/1082
f 1607/3247/1083 1606/3248/1083 1608/3249/1083
f 1609/3250/1084 1610/3251/1084 1611/3252/1084
f 1611/3253/1085 1610/3254/1085 1612/3255/1085
f 1613/3256/1086 1614/3257/1086 1615/3258/1086
f 1615/3259/1087 1614/3260/1087 1616/3261/1087
f 1617/3262/1088 1618/3263/1088 1619/3264/1088
f 1619/3265/1089 1618/3266/1089 1620/3267/1089
f 1621/3268/1090 1622/3269/1090 1623/3270/1090
f 1623/3271/1091 1622/3272/1091 1624/3273/1091
f 1625/3274/1092 1626/3275/1092 1627/3276/1092
f 1627/3277/1093 1626/3278/1093 1628/3279/1093
f 1629/3280/1094 1630/3281/1094 1631/3282/1094
f 1631/3283/1095 1630/3284/1095 1632/3285/1095
f 1633/3286/1096 1634/3287/1096 1635/3288/1096
f 1635/3289/1097 1634/3290/1097 1636/3291/1097
f 1637/3292/1098 1638/3293/1098 1639/3294/1098
f 1639/3295/1099 1638/3296/1099 1640/3297/1099
f 1641/3298/1100 1642/3299/1100 1643/3300/1100
f 1643/3301/1101 1642/3302/1101 1644/3303/1101
f 1645/3304/1102 1646/3305/1102 1647/3306/1102
f 1647/3307/1103 1646/3308/1103 1648/3309/1103
f 1649/3310/1104 1650/3311/1104 1651/3312/1104
f 1651/3313/1105 1650/3314/1105 1652/3315/1105
f 1653/3316/1106 1654/3317/1106 1655/3318/1106
f 1655/3319/1107 1654/3320/1107 1656/3321/1107
f 1657/3322/1108 1658/3323/1108 1659/3324/1108
f 1659/3325/1109 1658/3326/1109 1660/3327/1109
f 1661/3328/1110 1662/3329/1110 1663/3330/1110
f 1663/3331/1111 1662/3332/1111 1664/3333/1111
f 1665/3334/1112 1666/3335/1112 1667/3336/1112
f 1667/3337/1113 1666/3338/1113 1668/3339/1113
f 1669/3340/1114 1670/3341/1114 1671/3342/1114
f 1671/3343/1115 1670/3344/1115 1672/3345/1115
f 1673/3346/1116 1674/3347/1116 1675/3348/1116
f 1675/3349/1117 1674/3350/1117 1676/3351/1117
f 1677/3352/1118 1678/3353/1118 1679/3354/1118
f 1679/3355/1119 1678/3356/1119 1680/3357/1119
f 1681/3358/1120 1682/3359/1120 1683/3360/1120
f 1683/3361/1121 1682/3362/1121 1684/3363/1121
f 1685/3364/1122 1686/3365/1122 1687/3366/1122
f 1687/3367/1123 1686/3368/1123 1688/3369/1123
f 1689/3370/1124 1690/3371/1124 1691/3372/1124
f 1691/3373/1125 1690/3374/1125 1692/3375/1125
f 1693/3376/1126 1694/3377/1126 1695/3378/1126
f 1695/3379/1127 1694/3380/1127 1696/3381/1127
f 1697/3382/1128 1698/3383/1128 1699/3384/1128
f 1699/3385/1129 1698/3386/1129 1700/3387/1129
f 1701/3388/1130 1702/3389/1130 1703/3390/1130
f 1703/3391/1131 1702/3392/1131 1704/3393/1131
f 1705/3394/1132 1706/3395/1132 1707/3396/1132
f 1707/3397/1133 1706/3398/1133 1708/3399/1133
f 1709/3400/1134 1710/3401/1134 1711/3402/1134
f 1711/3403/1135 1710/3404/1135 1712/3405/1135
f 1713/3406/1136 1714/3407/1136 1715/3408/1136
f 1715/3409/1137 1714/3410/1137 1716/3411/1137
f 1717/3412/1138 1718/3413/1138 1719/3414/1138
f 1719/3415/1139 1718/3416/1139 1720/3417/1139
f 1721/3418/1140 1722/3419/1140 1723/3420/1140
f 1723/3421/1141 1722/3422/1141 1724/3423/1141
f 1725/3424/1142 1726/3425/1142 1727/3426/1142
f 1727/3427/1143 1726/3428/1143 1728/3429/1143
f 1729/3430/1144 1730/3431/1144 1731/3432/1144
f 1731/3433/1145 1730/3434/1145 1732/3435/1145
f 1733/3436/1146 1734/3437/1146 1735/3438/1146
f 1735/3439/1147 1734/3440/1147 1736/3441/1147
f 1737/3442/1148 1738/3443/1148 1739/3444/1148
f 1739/3445/1149 1738/3446/1149 1740/3447/1149
f 1741/3448/1150 1742/3449/1150 1743/3450/1150
f 1743/3451/1151 1742/3452/1151 1744/3453/1151
f 1745/3454/1152 1746/3455/1152 1747/3456/1152
f 1747/3457/1153 1746/3458/1153 1748/3459/1153
f 1749/3460/1154 1750/3461/1154 1751/3462/1154
f 1751/3463/1155 1750/3464/1155 1752/3465/1155
f 1753/3466/1156 1754/3467/1156 1755/3468/1156
f 1755/3469/1157 1754/3470/1157 1756/3471/1157
f 1757/3472/1158 1758/3473/1158 1759/3474/1158
f 1759/3475/1159 1758/3476/1159 1760/3477/1159
f 1761/3478/1160 1762/3479/1160 1763/3480/1160
f 1763/3481/1161 1762/3482/1161 1764/3483/1161
f 1765/3484/1162 1766/3485/1162 1767/3486/1162
f 1767/3487/1163 1766/3488/1163 1768/3489/1163
f 1769/3490/1164 1770/3491/1164 1771/3492/1164
f 1771/3493/1165 1770/3494/1165 1772/3495/1165
f 1773/3496/1166 1774/3497/1166 1775/3498/1166
f 1775/3499/1167 1774/3500/1167 1776/3501/1167
f 1777/3502/1168 1778/3503/1168 1779/3504/1168
f 1779/3505/1169 1778/3506/1169 1780/3507/1169
f 1781/3508/1170 1782/3509/1170 1783/3510/1170
f 1783/3511/1171 1782/3512/1171 1784/3513/1171
f 1785/3514/1172 1786/3515/1172 1787/3516/1172
f 1787/3517/1173 1786/3518/1173 1788/3519/1173
f 1789/3520/1174 1790/3521/1174 1791/3522/1174
f 1791/3523/1175 1790/3524/1175 1792/3525/1175
f 1793/3526/1176 1794/3527/1176 1795/3528/1176
f 1795/3529/1177 1794/3530/1177 1796/3531/1177
f 1797/3532/1178 1798/3533/1178 1799/3534/1178
f 1799/3535/1179 1798/3536/1179 1800/3537/1179
f 1801/3538/1180 1802/3539/1180 1803/3540/1180
f 1803/3541/1181 1802/3542/1181 1804/3543/1181
f 1805/3544/1182 1806/3545/1182 1807/3546/1182
f 1807/3547/1183 1806/3548/1183 1808/3549/1183
f 1809/3550/1184 1810/3551/1184 1811/3552/1184
f 1811/3553/1185 1810/3554/1185 1812/3555/1185
f 1813/3556/1186 1814/3557/1186 1815/3558/1186
f 1815/3559/1187 1814/3560/1187 1816/3561/1187
f 1817/3562/1188 1818/3563/1188 1819/3564/1188
f 1819/3565/1189 1818/3566/1189 1820/3567/1189
f 1821/3568/1190 1822/3569/1190 1823/3570/1190
f 1823/3571/1191 1822/3572/1191 1824/3573/1191
f 1825/3574/1192 1826/3575/1192 1827/3576/1192
f 1827/3577/1193 1826/3578/1193 1828/3579/1193
f 1829/3580/1194 1830/3581/1194 1831/3582/1194
f 1831/3583/1195 1830/3584/1195 1832/3585/1195
f 1833/3586/1196 1834/3587/1196 1835/3588/1196
f 1835/3589/1197 1834/3590/1197 1836/3591/1197
f 1837/3592/1198 1838/3593/1198 1839/3594/1198
f 1839/3595/1199 1838/3596/1199 1840/3597/1199
f 1841/3598/1200 1842/3599/1200 1843/3600/1200
f 1843/3601/1201 1842/3602/1201 1844/3603/1201
f 1845/3604/1202 1846/3605/1202 1847/3606/1202
f 1847/3607/1203 1846/3608/1203 1848/3609/1203
f 1849/3610/1204 1850/3611/1204 1851/3612/1204
f 1851/3613/1205 1850/3614/1205 1852/3615/1205
f 1853/3616/1206 1854/3617/1206 1855/3618/1206
f 1855/3619/1207 1854/3620/1207 1856/3621/1207
f 1857/3622/1208 1858/3623/1208 1859/3624/1208
f 1859/3625/1209 1858/3626/1209 1860/3627/1209
f 1861/3628/1210 1862/3629/1210 1863/3630/1210
f 1863/3631/1211 1862/3632/1211 1864/3633/1211
f 1865/3634/1212 1866/3635/1212 1867/3636/1212
f 1867/3637/1213 1866/3638/1213 1868/3639/1213
f 1869/3640/1214 1870/3641/1214 1871/3642/1214
f 1871/3643/1215 1870/3644/1215 1872/3645/1215
f 1873/3646/1216 1874/3647/1216 1875/3648/1216
f 1875/3649/1217 1874/3650/1217 1876/3651/1217
f 1877/3652/1218 1878/3653/1218 1879/3654/1218
f 1879/3655/1219 1878/3656/1219 1880/3657/1219
f 1881/3658/1220 1882/3659/1220 1883/3660/1220
f 1883/3661/1221 1882/3662/1221 1884/3663/1221
f 1885/3664/1222 1886/3665/1222 1887/3666/1222
f 1887/3667/1223 1886/3668/1223 1888/3669/1223
f 1889/3670/1224 1890/3671/1224 1891/3672/1224
f 1891/3673/1225 1890/3674/1225 1892/3675/1225
f 1893/3676/1226 1894/3677/1226 1895/3678/1226
f 1895/3679/1227 1894/3680/1227 1896/3681/1227
f 1897/3682/1228 1898/3683/1228 1899/3684/1228
f 1899/3685/1229 1898/3686/1229 1900/3687/1229
f 1901/3688/1230 1902/3689/1230 1903/3690/1230
f 1903/3691/1231 1902/3692/1231 1904/3693/1231
f 1905/3694/1232 1906/3695/1232 1907/3696/1232
f 1907/3697/1233 1906/3698/1233 1908/3699/1233
f 1909/3700/1234 1910/3701/1234 1911/3702/1234
f 1911/3703/1235 1910/3704/1235 1912/3705/1235
f 1913/3706/1236 1914/3707/1236 1915/3708/1236
f 1915/3709/1237 1914/3710/1237 1916/3711/1237
f 1917/3712/1238 1918/3713/1238 1919/3714/1238
f 1919/3715/1239 1918/3716/1239 1920/3717/1239
f 1921/3718/1240 1922/3719/1240 1923/3720/1240
f 1923/3721/1241 1922/3722/1241 1924/3723/1241
f 1925/3724/1242 1926/3725/1242 1927/3726/1242
f 1927/3727/1243 1926/3728/1243 1928/3729/1243
f 1929/3730/1244 1930/3731/1244 1931/3732/1244
f 1931/3733/1245 1930/3734/1245 1932/3735/1245
f 1933/3736/1246 1934/3737/1246 1935/3738/1246
f 1935/3739/1247 1934/3740/1247 1936/3741/1247
f 1937/3742/1248 1938/3743/1248 1939/3744/1248
f 1939/3745/1249 1938/3746/1249 1940/3747/1249
f 1941/3748/1250 1942/3749/1250 1943/3750/1250
f 1943/3751/1251 1942/3752/1251 1944/3753/1251
f 1945/3754/1252 1946/3755/1252 1947/3756/1252
f 1947/3757/1253 1946/3758/1253 1948/3759/1253
f 1949/3760/1254 1950/3761/1254 1951/3762/1254
f 1951/3763/1255 1950/3764/1255 1952/3765/1255
f 1953/3766/1256 1954/3767/1256 1955/3768/1256
f 1955/3769/1257 1954/3770/1257 1956/3771/1257
f 1957/3772/1258 1958/3773/1258 1959/3774/1258
f 1959/3775/1259 1958/3776/1259 1960/3777/1259
f 1961/3778/1260 1962/3779/1260 1963/3780/1260
f 1963/3781/1261 1962/3782/1261 1964/3783/1261
f 1965/3784/1262 1966/3785/1262 1967/3786/1262
f 1967/3787/1263 1966/3788/1263 1968/3789/1263
f 1969/3790/1264 1970/3791/1264 1971/3792/1264
f 1971/3793/1265 1970/3794/1265 1972/3795/1265
f 1973/3796/1266 1974/3797/1266 1975/3798/1266
f 1975/3799/1267 1974/3800/1267 1976/3801/1267
f 1977/3802/1268 1978/3803/1268 1979/3804/1268
f 1979/3805/1269 1978/3806/1269 1980/3807/1269
f 1981/3808/1270 1982/3809/1270 1983/3810/1270
f 1983/3811/1271 1982/3812/1271 1984/3813/1271
f 1985/3814/1272 1986/3815/1272 1987/3816/1272
f 1987/3817/1273 1986/3818/1273 1988/3819/1273
f 1989/3820/1274 1990/3821/1274 1991/3822/1274
f 1991/3823/1275 1990/3824/1275 1992/3825/1275
f 1993/3826/1276 1994/3827/1276 1995/3828/1276
f 1995/3829/1277 1994/3830/1277 1996/3831/1277
f 1997/3832/1278 1998/3833/1278 1999/3834/1278
f 1999/3835/1279 1998/3836/1279 2000/3837/1279
f 2001/3838/1280 2002/3839/1280 2003/3840/1280
f 2003/3841/1281 2002/3842/1281 2004/3843/1281
f 2005/3844/1282 2006/3845/1282 2007/3846/1282
f 2007/3847/1283 2006/3848/1283 2008/3849/1283
f 2009/3850/1284 2010/3851/1284 2011/3852/1284
f 2011/3853/1285 2010/3854/1285 2012/3855/1285
f 2013/3856/1286 2014/3857/1286 2015/3858/1286
f 2015/3859/1287 2014/3860/1287 2016/3861/1287
f 2017/3862/1288 2018/3863/1288 2019/3864/1288
f 2019/3865/1289 2018/3866/1289 2020/3867/1289
f 2021/3868/1290 2022/3869/1290 2023/3870/1290
f 2023/3871/1291 2022/3872/1291 2024/3873/1291
f 2025/3874/1292 2026/3875/1292 2027/3876/1292
f 2027/3877/1293 2026/3878/1293 2028/3879/1293
f 2029/3880/1294 2030/3881/1294 2031/3882/1294
f 2031/3883/1295 2030/3884/1295 2032/3885/1295
f 2033/3886/1296 2034/3887/1296 2035/3888/1296
f 2035/3889/1297 2034/3890/1297 2036/3891/1297
f 2037/3892/1298 2038/3893/1298 2039/3894/1298
f 2039/3895/1299 2038/3896/1299 2040/3897/1299
f 2041/3898/1300 2042/3899/1300 2043/3900/1300
f 2043/3901/1301 2042/3902/1301 2044/3903/1301
f 2045/3904/1302 2046/3905/1302 2047/3906/1302
f 2047/3907/1303 2046/3908/1303 2048/3909/1303
f 2049/3910/1304 2050/3911/1304 2051/3912/1304
f 2051/3913/1305 2050/3914/1305 2052/3915/1305
f 2053/3916/1306 2054/3917/1306 2055/3918/1306
f 2055/3919/1307 2054/3920/1307 2056/3921/1307
f 2057/3922/1308 2058/3923/1308 2059/3924/1308
f 2059/3925/1309 2058/3926/1309 2060/3927/1309
f 2061/3928/1310 2062/3929/1310 2063/3930/1310
f 2063/3931/1311 2062/3932/1311 2064/3933/1311
f 2065/3934/1312 2066/3935/1312 2067/3936/1312
f 2067/3937/1313 2066/3938/1313 2068/3939/1313
f 2069/3940/1314 2070/3941/1314 2071/3942/1314
f 2072/3943/1315 2070/3944/1315 2069/3945/1315
f 2073/3946/1316 2074/3947/1316 2075/3948/1316
f 2076/3949/1317 2074/3950/1317 2073/3951/1317
f 2077/3952/1318 2078/3953/1318 2079/3954/1318
f 2080/3955/1319 2078/3956/1319 2077/3957/1319
f 2081/3958/1320 2080/3959/1320 2077/3960/1320
f 2082/3961/1321 2080/3962/1321 2081/3963/1321
f 2083/3964/1322 2082/3965/1322 2081/3966/1322
f 2084/3967/1323 2082/3968/1323 2083/3969/1323
f 2085/3970/1324 2084/3971/1324 2083/3972/1324
f 2086/3973/1325 2084/3974/1325 2085/3975/1325
f 2087/3976/1326 2086/3977/1326 2085/3978/1326
f 2088/3979/1327 2086/3980/1327 2087/3981/1327
f 2089/3982/1328 2088/3983/1328 2087/3984/1328
f 2090/3985/1329 2088/3986/1329 2089/3987/1329
f 2091/3988/1330 2090/3989/1330 2089/3990/1330
f 2092/3991/1331 2090/3992/1331 2091/3993/1331
f 2093/3994/1332 2092/3995/1332 2091/3996/1332
f 2094/3997/1333 2092/3998/1333 2093/3999/1333
f 2095/4000/1334 2094/4001/1334 2093/4002/1334
f 2096/4003/1335 2097/4004/1335 2095/4005/1335
f 2095/4006/1336 2098/4007/1336 2096/4008/1336
f 2099/4009/1337 2098/4010/1337 2095/4011/1337
f 2099/4012/1338 2100/4013/1338 2098/4014/1338
f 2101/4015/1339 2100/4016/1339 2099/4017/1339
f 2101/4018/1340 2102/4019/1340 2100/4020/1340
f 2103/4021/1341 2102/4022/1341 2101/4023/1341
f 2104/4024/1342 2105/4025/1342 2106/4026/1342
f 2104/4027/1343 2106/4028/1343 2107/4029/1343
f 2108/4030/1344 2104/4031/1344 2107/4032/1344
f 2107/4033/1345 2109/4034/1345 2108/4035/1345
f 2110/4036/1346 2109/4037/1346 2107/4038/1346
f 2111/4039/1347 2109/4040/1347 2110/4041/1347
f 2112/4042/1348 2111/4043/1348 2110/4044/1348
f 2113/4045/1349 2114/4046/1349 2115/4047/1349
f 2113/4048/1350 2116/4049/1350 2114/4050/1350
f 2117/4051/1351 2116/4052/1351 2113/4053/1351
f 2116/4054/1352 2117/4055/1352 2118/4056/1352
f 2118/4057/1353 2119/4058/1353 2116/4059/1353
f 2120/4060/1354 2119/4061/1354 2118/4062/1354
f 2121/4063/1355 2119/4064/1355 2120/4065/1355
f 2122/4066/1356 2123/4067/1356 2124/4068/1356
f 2125/4069/1357 2123/4070/1357 2122/4071/1357
f 2126/4072/1358 2125/4073/1358 2122/4074/1358
f 2127/4075/1359 2125/4076/1359 2126/4077/1359
f 2128/4078/1360 2127/4079/1360 2126/4080/1360
f 2129/4081/1361 2127/4082/1361 2128/4083/1361
f 2130/4084/1362 2129/4085/1362 2128/4086/1362
f 2131/4087/1363 2129/4088/1363 2130/4089/1363
f 2132/4090/1364 2131/4091/1364 2130/4092/1364
f 2133/4093/1365 2131/4094/1365 2132/4095/1365
f 2134/4096/1366 2133/4097/1366 2132/4098/1366
f 2135/4099/1367 2133/4100/1367 2134/4101/1367
f 2136/4102/1368 2135/4103/1368 2134/4104/1368
f 2137/4105/1369 2135/4106/1369 2136/4107/1369
f 2138/4108/1370 2137/4109/1370 2136/4110/1370
f 2139/4111/1371 2137/4112/1371 2138/4113/1371
f 2140/4114/1372 2139/4115/1372 2138/4116/1372
f 2141/4117/1373 2139/4118/1373 2140/4119/1373
f 2142/4120/1374 2141/4121/1374 2140/4122/1374
f 2143/4123/1375 2141/4124/1375 2142/4125/1375
f 2144/4126/1376 2143/4127/1376 2142/4128/1376
f 2145/4129/1377 2143/4130/1377 2144/4131/1377
f 2146/4132/1378 2145/4133/1378 2144/4134/1378
f 2147/4135/1379 2145/4136/1379 2146/4137/1379
f 2148/4138/1380 2149/4139/1380 2150/4140/1380
f 2151/4141/1381 2149/4142/1381 2148/4143/1381
f 2152/4144/1382 2151/4145/1382 2148/4146/1382
f 2153/4147/1383 2151/4148/1383 2152/4149/1383
f 2154/4150/1384 2153/4151/1384 2152/4152/1384
f 2155/4153/1385 2153/4154/1385 2154/4155/1385
f 2156/4156/1386 2155/4157/1386 2154/4158/1386
f 2157/4159/1387 2155/4160/1387 2156/4161/1387
f 2158/4162/1388 2157/4163/1388 2156/4164/1388
f 2159/4165/1389 2157/4166/1389 2158/4167/1389
f 2160/4168/1390 2159/4169/1390 2158/4170/1390
f 2161/4171/1391 2159/4172/1391 2160/4173/1391
f 2162/4174/1392 2161/4175/1392 2160/4176/1392
f 2163/4177/1393 2161/4178/1393 2162/4179/1393
f 2164/4180/1394 2163/4181/1394 2162/4182/1394
f 2165/4183/1395 2163/4184/1395 2164/4185/1395
f 2166/4186/1396 2165/4187/1396 2164/4188/1396
f 2167/4189/1397 2165/4190/1397 2166/4191/1397
f 2168/4192/1398 2167/4193/1398 2166/4194/1398
f 2169/4195/1399 2167/4196/1399 2168/4197/1399
f 2170/4198/1400 2169/4199/1400 2168/4200/1400
f 2171/4201/1401 2169/4202/1401 2170/4203/1401
f 2172/4204/1402 2171/4205/1402 2170/4206/1402
f 2173/4207/1403 2171/4208/1403 2172/4209/1403
f 2174/4210/1404 2175/4211/1404 2176/4212/1404
f 2177/4213/1405 2175/4214/1405 2174/4215/1405
f 2178/4216/1406 2177/4217/1406 2174/4218/1406
f 2179/4219/1407 2177/4220/1407 2178/4221/1407
f 2180/4222/1408 2179/4223/1408 2178/4224/1408
f 2181/4225/1409 2179/4226/1409 2180/4227/1409
f 2182/4228/1410 2181/4229/1410 2180/4230/1410
f 2183/4231/1411 2181/4232/1411 2182/4233/1411
f 2184/4234/1412 2183/4235/1412 2182/4236/1412
f 2185/4237/1413 2183/4238/1413 2184/4239/1413
f 2186/4240/1414 2185/4241/1414 2184/4242/1414
f 2187/4243/1415 2185/4244/1415 2186/4245/1415
f 2188/4246/1416 2187/4247/1416 2186/4248/1416
f 2189/4249/1417 2187/4250/1417 2188/4251/1417
f 2190/4252/1418 2189/4253/1418 2188/4254/1418
f 2191/4255/1419 2189/4256/1419 2190/4257/1419
f 2192/4258/1420 2191/4259/1420 2190/4260/1420
f 2193/4261/1421 2191/4262/1421 2192/4263/1421
f 2194/4264/1422 2193/4265/1422 2192/4266/1422
f 2195/4267/1423 2193/4268/1423 2194/4269/1423
f 2196/4270/1424 2195/4271/1424 2194/4272/1424
f 2197/4273/1425 2195/4274/1425 2196/4275/1425
f 2198/4276/1426 2197/4277/1426 2196/4278/1426
f 2199/4279/1427 2197/4280/1427 2198/4281/1427
f 2200/4282/1428 2201/4283/1428 2202/4284/1428
f 2203/4285/1429 2201/4286/1429 2200/4287/1429
f 2204/4288/1430 2203/4289/1430 2200/4290/1430
f 2205/4291/1431 2203/4292/1431 2204/4293/1431
f 2206/4294/1432 2205/4295/1432 2204/4296/1432
f 2207/4297/1433 2205/4298/1433 2206/4299/1433
f 2208/4300/1434 2207/4301/1434 2206/4302/1434
f 2209/4303/1435 2207/4304/1435 2208/4305/1435
f 2210/4306/1436 2209/4307/1436 2208/4308/1436
f 2211/4309/1437 2209/4310/1437 2210/4311/1437
f 2212/4312/1438 2211/4313/1438 2210/4314/1438
f 2213/4315/1439 2211/4316/1439 2212/4317/1439
f 2214/4318/1440 2213/4319/1440 2212/4320/1440
f 2215/4321/1441 2213/4322/1441 2214/4323/1441
f 2216/4324/1442 2215/4325/1442 2214/4326/1442
f 2217/4327/1443 2215/4328/1443 2216/4329/1443
f 2218/4330/1444 2217/4331/1444 2216/4332/1444
f 2219/4333/1445 2217/4334/1445 2218/4335/1445
f 2220/4336/1446 2219/4337/1446 2218/4338/1446
f 2221/4339/1447 2219/4340/1447 2220/4341/1447
f 2222/4342/1448 2221/4343/1448 2220/4344/1448
f 2223/4345/1449 2221/4346/1449 2222/4347/1449
f 2224/4348/1450 2223/4349/1450 2222/4350/1450
f 2225/4351/1451 2223/4352/1451 2224/4353/1451
f 2226/4354/1452 2227/4355/1452 2228/4356/1452
f 2229/4357/1453 2227/4358/1453 2226/4359/1453
f 2230/4360/1454 2229/4361/1454 2226/4362/1454
f 2231/4363/1455 2229/4364/1455 2230/4365/1455
f 2232/4366/1456 2231/4367/1456 2230/4368/1456
f 2233/4369/1457 2231/4370/1457 2232/4371/1457
f 2234/4372/1458 2233/4373/1458 2232/4374/1458
f 2235/4375/1459 2233/4376/1459 2234/4377/1459
f 2236/4378/1460 2237/4379/1460 2238/4380/1460
f 2239/4381/1461 2237/4382/1461 2236/4383/1461
f 2240/4384/1462 2239/4385/1462 2236/4386/1462
f 2241/4387/1463 2239/4388/1463 2240/4389/1463
f 2242/4390/1464 2241/4391/1464 2240/4392/1464
f 2243/4393/1465 2241/4394/1465 2242/4395/1465
f 2244/4396/1466 2243/4397/1466 2242/4398/1466
f 2245/4399/1467 2243/4400/1467 2244/4401/1467
f 2246/4402/1468 2245/4403/1468 2244/4404/1468
f 2247/4405/1469 2245/4406/1469 2246/4407/1469
f 2248/4408/1470 2247/4409/1470 2246/4410/1470
f 2249/4411/1471 2247/4412/1471 2248/4413/1471
f 2250/4414/1472 2249/4415/1472 2248/4416/1472
f 2251/4417/1473 2249/4418/1473 2250/4419/1473
f 2252/4420/1474 2251/4421/1474 2250/4422/1474
f 2253/4423/1475 2251/4424/1475 2252/4425/1475
f 2254/4426/1476 2253/4427/1476 2252/4428/1476
f 2255/4429/1477 2253/4430/1477 2254/4431/1477
f 2256/4432/1478 2255/4433/1478 2254/4434/1478
f 2257/4435/1479 2255/4436/1479 2256/4437/1479
f 2258/4438/1480 2257/4439/1480 2256/4440/1480
f 2259/4441/1481 2257/4442/1481 2258/4443/1481
f 2260/4444/1482 2259/4445/1482 2258/4446/1482
f 2261/4447/1483 2259/4448/1483 2260/4449/1483
f 2262/4450/1484 2263/4451/1484 2264/4452/1484
f 2265/4453/1485 2263/4454/1485 2262/4455/1485
f 2266/4456/1486 2265/4457/1486 2262/4458/1486
f 2267/4459/1487 2265/4460/1487 2266/4461/1487
f 2268/4462/1488 2267/4463/1488 2266/4464/1488
f 2269/4465/1489 2267/4466/1489 2268/4467/1489
f 2270/4468/1490 2269/4469/1490 2268/4470/1490
f 2271/4471/1491 2269/4472/1491 2270/4473/1491
f 2272/4474/1492 2271/4475/1492 2270/4476/1492
f 2273/4477/1493 2271/4478/1493 2272/4479/1493
f 2274/4480/1494 2273/4481/1494 2272/4482/1494
f 2275/4483/1495 2273/4484/1495 2274/4485/1495
f 2276/4486/1496 2275/4487/1496 2274/4488/1496
f 2277/4489/1497 2275/4490/1497 2276/4491/1497
f 2278/4492/1498 2277/4493/1498 2276/4494/1498
f 2279/4495/1499 2277/4496/1499 2278/4497/1499
f 2280/4498/1500 2279/4499/1500 2278/4500/1500
f 2281/4501/1501 2279/4502/1501 2280/4503/1501
f 2282/4504/1502 2281/4505/1502 2280/4506/1502
f 2283/4507/1503 2281/4508/1503 2282/4509/1503
f 2284/4510/1504 2283/4511/1504 2282/4512/1504
f 2285/4513/1505 2283/4514/1505 2284/4515/1505
f 2286/4516/1506 2285/4517/1506 2284/4518/1506
f 2287/4519/1507 2285/4520/1507 2286/4521/1507
f 2288/4522/1508 2289/4523/1508 2290/4524/1508
f 2291/4525/1509 2289/4526/1509 2288/4527/1509
f 2292/4528/1510 2291/4529/1510 2288/4530/1510
f 2293/4531/1511 2291/4532/1511 2292/4533/1511
f 2294/4534/1512 2295/4535/1512 2296/4536/1512
f 2297/4537/1513 2295/4538/1513 2294/4539/1513
f 2298/4540/1514 2297/4541/1514 2294/4542/1514
f 2299/4543/1515 2297/4544/1515 2298/4545/1515
f 2300/4546/1516 2301/4547/1516 2302/4548/1516
f 2303/4549/1517 2301/4550/1517 2300/4551/1517
f 2304/4552/1518 2303/4553/1518 2300/4554/1518
f 2305/4555/1519 2303/4556/1519 2304/4557/1519
f 2306/4558/1520 2307/4559/1520 2308/4560/1520
f 2309/4561/1521 2307/4562/1521 2306/4563/1521
f 2310/4564/1522 2309/4565/1522 2306/4566/1522
f 2311/4567/1523 2309/4568/1523 2310/4569/1523
f 2312/4570/1524 2311/4571/1524 2310/4572/1524
f 2313/4573/1525 2311/4574/1525 2312/4575/1525
f 2314/4576/1526 2313/4577/1526 2312/4578/1526
f 2315/4579/1527 2313/4580/1527 2314/4581/1527
f 2316/4582/1528 2315/4583/1528 2314/4584/1528
f 2317/4585/1529 2315/4586/1529 2316/4587/1529
f 2318/4588/1530 2317/4589/1530 2316/4590/1530
f 2319/4591/1531 2317/4592/1531 2318/4593/1531
f 2320/4594/1532 2319/4595/1532 2318/4596/1532
f 2321/4597/1533 2319/4598/1533 2320/4599/1533
f 2322/4600/1534 2321/4601/1534 2320/4602/1534
f 2323/4603/1535 2321/4604/1535 2322/4605/1535
f 2324/4606/1536 2325/4607/1536 2326/4608/1536
f 2327/4609/1537 2325/4610/1537 2324/4611/1537
f 2328/4612/1538 2327/4613/1538 2324/4614/1538
f 2329/4615/1539 2327/4616/1539 2328/4617/1539
f 2330/4618/1540 2329/4619/1540 2328/4620/1540
f 2331/4621/1541 2329/4622/1541 2330/4623/1541
f 2332/4624/1542 2331/4625/1542 2330/4626/1542
f 2333/4627/1543 2331/4628/1543 2332/4629/1543
f 2334/4630/1544 2333/4631/1544 2332/4632/1544
f 2335/4633/1545 2333/4634/1545 2334/4635/1545
f 2336/4636/1546 2335/4637/1546 2334/4638/1546
f 2337/4639/1547 2335/4640/1547 2336/4641/1547
f 2338/4642/1548 2337/4643/1548 2336/4644/1548
f 2339/4645/1549 2337/4646/1549 2338/4647/1549
f 2340/4648/1550 2339/4649/1550 2338/4650/1550
f 2341/4651/1551 2339/4652/1551 2340/4653/1551
f 2342/4654/1552 2343/4655/1552 2344/4656/1552
f 2345/4657/1553 2343/4658/1553 2342/4659/1553
f 2346/4660/1554 2345/4661/1554 2342/4662/1554
f 2347/4663/1555 2345/4664/1555 2346/4665/1555
f 2348/4666/1556 2347/4667/1556 2346/4668/1556
f 2349/4669/1557 2347/4670/1557 2348/4671/1557
f 2350/4672/1558 2349/4673/1558 2348/4674/1558
f 2351/4675/1559 2349/4676/1559 2350/4677/1559
f 2352/4678/1560 2351/4679/1560 2350/4680/1560
f 2353/4681/1561 2351/4682/1561 2352/4683/1561
f 2354/4684/1562 2353/4685/1562 2352/4686/1562
f 2355/4687/1563 2353/4688/1563 2354/4689/1563
f 2356/4690/1564 2355/4691/1564 2354/4692/1564
f 2357/4693/1565 2355/4694/1565 2356/4695/1565
f 2358/4696/1566 2357/4697/1566 2356/4698/1566
f 2359/4699/1567 2357/4700/1567 2358/4701/1567
f 2360/4702/1568 2361/4703/1568 2362/4704/1568
f 2363/4705/1569 2361/4706/1569 2360/4707/1569
f 2364/4708/1570 2363/4709/1570 2360/4710/1570
f 2365/4711/1571 2363/4712/1571 2364/4713/1571
f 2366/4714/1572 2367/4715/1572 2368/4716/1572
f 2368/4717/1573 2367/4718/1573 2369/4719/1573
f 2367/4720/1574 2370/4721/1574 2369/4722/1574
f 2369/4723/1575 2371/4724/1575 2372/4725/1575
f 2371/4726/1576 2373/4727/1576 2372/4728/1576
f 2372/4729/1577 2373/4730/1577 2374/4731/1577
f 2374/4732/1578 2375/4733/1578 2376/4734/1578
f 2376/4735/1579 2375/4736/1579 2377/4737/1579
f 2376/4738/1580 2377/4739/1580 2378/4740/1580
f 2378/4741/1581 2377/4742/1581 2379/4743/1581
f 2378/4744/1582 2379/4745/1582 2380/4746/1582
f 2380/4747/1583 2379/4748/1583 2381/4749/1583
f 2380/4750/1584 2381/4751/1584 2382/4752/1584
f 2382/4753/1585 2381/4754/1585 2383/4755/1585
f 2382/4756/1586 2383/4757/1586 2384/4758/1586
f 2384/4759/1587 2383/4760/1587 2385/4761/1587
f 2384/4762/1588 2386/4763/1588 2387/4764/1588
f 2387/4765/1589 2385/4766/1589 2388/4767/1589
f 2387/4768/1590 2388/4769/1590 2389/4770/1590
f 2389/4771/1591 2388/4772/1591 2390/4773/1591
f 2389/4774/1592 2390/4775/1592 2391/4776/1592
f 2391/4777/1593 2390/4778/1593 2392/4779/1593
f 2391/4780/1594 2392/4781/1594 2393/4782/1594
f 2393/4783/1595 2392/4784/1595 2394/4785/1595
f 2395/4786/1596 2396/4787/1596 2397/4788/1596
f 2397/4789/1597 2396/4790/1597 2398/4791/1597
f 2396/4792/1598 2399/4793/1598 2400/4794/1598
f 2400/4795/1599 2399/4796/1599 2401/4797/1599
f 2399/4798/1600 2402/4799/1600 2401/4800/1600
f 2401/4801/1601 2402/4802/1601 2403/4803/1601
f 2402/4804/1602 2404/4805/1602 2403/4806/1602
f 2403/4807/1603 2404/4808/1603 2405/4809/1603
f 2404/4810/1604 2406/4811/1604 2405/4812/1604
f 2405/4813/1605 2406/4814/1605 2407/4815/1605
f 2406/4816/1606 2408/4817/1606 2407/4818/1606
f 2407/4819/1607 2408/4820/1607 2409/4821/1607
f 2408/4822/1608 2410/4823/1608 2409/4824/1608
f 2409/4825/1609 2410/4826/1609 2411/4827/1609
f 2411/4828/1610 2410/4829/1610 2412/4830/1610
f 2412/4831/1611 2410/4832/1611 2413/4833/1611
f 2412/4834/1612 2413/4835/1612 2414/4836/1612
f 2414/4837/1613 2413/4838/1613 2415/4839/1613
f 2414/4840/1614 2415/4841/1614 2416/4842/1614
f 2416/4843/1615 2415/4844/1615 2417/4845/1615
f 2416/4846/1616 2417/4847/1616 2418/4848/1616
f 2418/4849/1617 2417/4850/1617 2419/4851/1617
f 2419/4852/1618 2420/4853/1618 2418/4854/1618
f 2418/4855/1619 2420/4856/1619 2421/4857/1619
f 2422/4858/1620 2423/4859/1620 2424/4860/1620
f 2424/4861/1621 2423/4862/1621 2425/4863/1621
f 2424/4864/1622 2425/4865/1622 2426/4866/1622
f 2426/4867/1623 2425/4868/1623 2427/4869/1623
f 2428/4870/1624 2426/4871/1624 2427/4872/1624
f 2429/4873/1625 2426/4874/1625 2428/4875/1625
f 2429/4876/1626 2428/4877/1626 2430/4878/1626
f 2431/4879/1627 2429/4880/1627 2430/4881/1627
f 2432/4882/1628 2433/4883/1628 2434/4884/1628
f 2434/4885/1629 2433/4886/1629 2435/4887/1629
f 2434/4888/1630 2435/4889/1630 2436/4890/1630
f 2436/4891/1631 2435/4892/1631 2437/4893/1631
f 2437/4894/1632 2438/4895/1632 2436/4896/1632
f 2436/4897/1633 2438/4898/1633 2439/4899/1633
f 2438/4900/1634 2440/4901/1634 2439/4902/1634
f 2441/4903/1635 2440/4904/1635 2438/4905/1635
f 2442/4906/1636 2440/4907/1636 2441/4908/1636
f 2443/4909/1637 2440/4910/1637 2442/4911/1637
f 2444/4912/1638 2443/4913/1638 2442/4914/1638
f 2445/4915/1639 2443/4916/1639 2444/4917/1639
f 2446/4918/1640 2447/4919/1640 2448/4920/1640
f 2449/4921/1641 2448/4922/1641 2447/4923/1641
f 2447/4924/1642 2450/4925/1642 2449/4926/1642
f 2449/4927/1643 2450/4928/1643 2451/4929/1643
f 2451/4930/1644 2450/4931/1644 2452/4932/1644
f 2452/4933/1645 2450/4934/1645 2453/4935/1645
f 2452/4936/1646 2453/4937/1646 2454/4938/1646
f 2455/4939/1647 2454/4940/1647 2453/4941/1647
f 2456/4942/1648 2457/4943/1648 2458/4944/1648
f 2459/4945/1649 2457/4946/1649 2456/4947/1649
f 2459/4948/1650 2460/4949/1650 2457/4950/1650
f 2461/4951/1651 2460/4952/1651 2459/4953/1651
f 2462/4954/1652 2460/4955/1652 2461/4956/1652
f 2463/4957/1653 2460/4958/1653 2462/4959/1653
f 2464/4960/1654 2463/4961/1654 2462/4962/1654
f 2465/4963/1655 2463/4964/1655 2464/4965/1655
f 2466/4966/1656 2465/4967/1656 2464/4968/1656
f 2467/4969/1657 2465/4970/1657 2466/4971/1657
f 2468/4972/1658 2467/4973/1658 2466/4974/1658
f 2469/4975/1659 2467/4976/1659 2468/4977/1659
f 2469/4978/1660 2468/4979/1660 2470/4980/1660
f 2470/4981/1661 2468/4982/1661 2471/4983/1661
f 2470/4984/1662 2471/4985/1662 2472/4986/1662
f 2472/4987/1663 2471/4988/1663 2473/4989/1663
f 2474/4990/1664 2475/4991/1664 2476/4992/1664
f 2477/4993/1665 2475/4994/1665 2474/4995/1665
f 2477/4996/1666 2478/4997/1666 2475/4998/1666
f 2479/4999/1667 2478/5000/1667 2477/5001/1667
f 2479/5002/1668 2480/5003/1668 2478/5004/1668
f 2478/5005/1669 2480/5006/1669 2481/5007/1669
f 2480/5008/1670 2482/5009/1670 2481/5010/1670
f 2481/5011/1671 2482/5012/1671 2483/5013/1671
f 2482/5014/1672 2484/5015/1672 2483/5016/1672
f 2483/5017/1673 2484/5018/1673 2485/5019/1673
f 2484/5020/1674 2486/5021/1674 2485/5022/1674
f 2485/5023/1675 2486/5024/1675 2487/5025/1675
f 2487/5026/1676 2486/5027/1676 2488/5028/1676
f 2488/5029/1677 2486/5030/1677 2489/5031/1677
f 2488/5032/1678 2489/5033/1678 2490/5034/1678
f 2490/5035/1679 2489/5036/1679 2491/5037/1679
f 2492/5038/1680 2493/5039/1680 2494/5040/1680
f 2493/5041/1681 2495/5042/1681 2494/5043/1681
f 2494/5044/1682 2495/5045/1682 2496/5046/1682
f 2497/5047/1683 2496/5048/1683 2495/5049/1683
f 2498/5050/1684 2496/5051/1684 2497/5052/1684
f 2497/5053/1685 2499/5054/1685 2498/5055/1685
f 2498/5056/1686 2499/5057/1686 2500/5058/1686
f 2501/5059/1687 2500/5060/1687 2499/5061/1687
f 2502/5062/1688 2500/5063/1688 2501/5064/1688
f 2502/5065/1689 2501/5066/1689 2503/5067/1689
f 2504/5068/1690 2505/5069/1690 2506/5070/1690
f 2504/5071/1691 2507/5072/1691 2505/5073/1691
f 2505/5074/1692 2507/5075/1692 2508/5076/1692
f 2509/5077/1693 2508/5078/1693 2507/5079/1693
f 2510/5080/1694 2508/5081/1694 2509/5082/1694
f 2509/5083/1695 2511/5084/1695 2510/5085/1695
f 2510/5086/1696 2511/5087/1696 2512/5088/1696
f 2513/5089/1697 2512/5090/1697 2511/5091/1697
f 2514/5092/1698 2512/5093/1698 2513/5094/1698
f 2515/5095/1699 2514/5096/1699 2513/5097/1699
f 2516/5098/1700 2517/5099/1700 2518/5100/1700
f 2517/5101/1701 2519/5102/1701 2518/5103/1701
f 2518/5104/1702 2519/5105/1702 2520/5106/1702
f 2521/5107/1703 2520/5108/1703 2519/5109/1703
f 2522/5110/1704 2520/5111/1704 2521/5112/1704
f 2521/5113/1705 2523/5114/1705 2522/5115/1705
f 2522/5116/1706 2523/5117/1706 2524/5118/1706
f 2525/5119/1707 2524/5120/1707 2523/5121/1707
f 2526/5122/1708 2524/5123/1708 2525/5124/1708
f 2526/5125/1709 2525/5126/1709 2527/5127/1709
f 2528/5128/1710 2529/5129/1710 2530/5130/1710
f 2528/5131/1711 2531/5132/1711 2529/5133/1711
f 2529/5134/1712 2531/5135/1712 2532/5136/1712
f 2533/5137/1713 2532/5138/1713 2531/5139/1713
f 2534/5140/1714 2532/5141/1714 2533/5142/1714
f 2533/5143/1715 2535/5144/1715 2534/5145/1715
f 2534/5146/1716 2535/5147/1716 2536/5148/1716
f 2537/5149/1717 2536/5150/1717 2535/5151/1717
f 2538/5152/1718 2536/5153/1718 2537/5154/1718
f 2539/5155/1719 2538/5156/1719 2537/5157/1719
f 2540/5158/1720 2541/5159/1720 2542/5160/1720
f 2543/5161/1721 2540/5162/1721 2542/5163/1721
f 2544/5164/1722 2543/5165/1722 2542/5166/1722
f 2545/5167/1723 2546/5168/1723 2547/5169/1723
f 2546/5170/1724 2548/5171/1724 2547/5172/1724
f 2548/5173/1725 2549/5174/1725 2547/5175/1725
f 2550/5176/1726 2551/5177/1726 2552/5178/1726
f 2552/5179/1727 2551/5180/1727 2553/5181/1727
f 2552/5182/1728 2553/5183/1728 2554/5184/1728
f 2554/5185/1729 2553/5186/1729 2555/5187/1729
f 2554/5188/1730 2555/5189/1730 2556/5190/1730
f 2556/5191/1731 2555/5192/1731 2557/5193/1731
f 2556/5194/1732 2557/5195/1732 2558/5196/1732
f 2558/5197/1733 2557/5198/1733 2559/5199/1733
f 2560/5200/1734 2561/5201/1734 2562/5202/1734
f 2563/5203/1735 2561/5204/1735 2560/5205/1735
f 2564/5206/1736 2561/5207/1736 2563/5208/1736
f 2565/5209/1737 2566/5210/1737 2567/5211/1737
f 2567/5212/1738 2566/5213/1738 2568/5214/1738
f 2568/5215/1739 2566/5216/1739 2569/5217/1739
f 2570/5218/1740 2571/5219/1740 2572/5220/1740
f 2573/5221/1741 2571/5222/1741 2570/5223/1741
f 2574/5224/1742 2571/5225/1742 2573/5226/1742
f 2575/5227/1743 2574/5228/1743 2573/5229/1743
f 2576/5230/1744 2574/5231/1744 2575/5232/1744
f 2577/5233/1745 2576/5234/1745 2575/5235/1745
f 2578/5236/1746 2576/5237/1746 2577/5238/1746
f 2577/5239/1747 2579/5240/1747 2578/5241/1747
f 2578/5242/1748 2579/5243/1748 2580/5244/1748
f 2580/5245/1749 2579/5246/1749 2581/5247/1749
f 2582/5248/1750 2583/5249/1750 2584/5250/1750
f 2582/5251/1751 2585/5252/1751 2583/5253/1751
f 2583/5254/1752 2585/5255/1752 2586/5256/1752
f 2587/5257/1753 2586/5258/1753 2585/5259/1753
f 2588/5260/1754 2586/5261/1754 2587/5262/1754
f 2589/5263/1755 2588/5264/1755 2587/5265/1755
f 2590/5266/1756 2588/5267/1756 2589/5268/1756
f 2589/5269/1757 2591/5270/1757 2590/5271/1757
f 2590/5272/1758 2591/5273/1758 2592/5274/1758
f 2593/5275/1759 2592/5276/1759 2591/5277/1759
f 2594/5278/1760 2595/5279/1760 2596/5280/1760
f 2597/5281/1761 2595/5282/1761 2594/5283/1761
f 2597/5284/1762 2598/5285/1762 2595/5286/1762
f 2599/5287/1763 2598/5288/1763 2597/5289/1763
f 2599/5290/1764 2600/5291/1764 2598/5292/1764
f 2598/5293/1765 2600/5294/1765 2601/5295/1765
f 2600/5296/1766 2602/5297/1766 2601/5298/1766
f 2601/5299/1767 2602/5300/1767 2603/5301/1767
f 2602/5302/1768 2604/5303/1768 2603/5304/1768
f 2603/5305/1769 2604/5306/1769 2605/5307/1769
f 2604/5308/1770 2606/5309/1770 2605/5310/1770
f 2605/5311/1771 2606/5312/1771 2607/5313/1771
f 2606/5314/1772 2608/5315/1772 2607/5316/1772
f 2607/5317/1773 2608/5318/1773 2609/5319/1773
f 2608/5320/1774 2610/5321/1774 2609/5322/1774
f 2609/5323/1775 2610/5324/1775 2611/5325/1775
f 2611/5326/1776 2610/5327/1776 2612/5328/1776
f 2612/5329/1777 2610/5330/1777 2613/5331/1777
f 2612/5332/1778 2613/5333/1778 2614/5334/1778
f 2614/5335/1779 2613/5336/1779 2615/5337/1779
f 2616/5338/1780 2617/5339/1780 2618/5340/1780
f 2616/5341/1781 2618/5342/1781 2619/5343/1781
f 2619/5344/1782 2618/5345/1782 2620/5346/1782
f 2619/5347/1783 2620/5348/1783 2621/5349/1783
f 2621/5350/1784 2620/5351/1784 2622/5352/1784
f 2623/5353/1785 2621/5354/1785 2622/5355/1785
f 2624/5356/1786 2621/5357/1786 2623/5358/1786
f 2625/5359/1787 2624/5360/1787 2623/5361/1787
f 2626/5362/1788 2624/5363/1788 2625/5364/1788
f 2627/5365/1789 2626/5366/1789 2625/5367/1789
f 2628/5368/1790 2626/5369/1790 2627/5370/1790
f 2628/5371/1791 2627/5372/1791 2629/5373/1791
f 2629/5374/1792 2627/5375/1792 2630/5376/1792
f 2631/5377/1793 2629/5378/1793 2630/5379/1793
f 2632/5380/1794 2629/5381/1794 2631/5382/1794
f 2633/5383/1795 2632/5384/1795 2631/5385/1795
f 2634/5386/1796 2632/5387/1796 2633/5388/1796
f 2635/5389/1797 2634/5390/1797 2633/5391/1797
f 2636/5392/1798 2637/5393/1798 2638/5394/1798
f 2637/5395/1799 2639/5396/1799 2638/5397/1799
f 2638/5398/1800 2639/5399/1800 2640/5400/1800
f 2639/5401/1801 2641/5402/1801 2640/5403/1801
f 2640/5404/1802 2641/5405/1802 2642/5406/1802
f 2641/5407/1803 2643/5408/1803 2642/5409/1803
f 2644/5410/1804 2643/5411/1804 2641/5412/1804
f 2644/5413/1805 2645/5414/1805 2643/5415/1805
f 2643/5416/1806 2645/5417/1806 2646/5418/1806
f 2645/5419/1807 2647/5420/1807 2646/5421/1807
f 2646/5422/1808 2647/5423/1808 2648/5424/1808
f 2647/5425/1809 2649/5426/1809 2648/5427/1809
f 2648/5428/1810 2649/5429/1810 2650/5430/1810
f 2649/5431/1811 2651/5432/1811 2650/5433/1811
f 2652/5434/1812 2651/5435/1812 2649/5436/1812
f 2652/5437/1813 2653/5438/1813 2651/5439/1813
f 2654/5440/1814 2653/5441/1814 2652/5442/1814
f 2654/5443/1815 2655/5444/1815 2653/5445/1815
f 2656/5446/1816 2657/5447/1816 2658/5448/1816
f 2658/5449/1817 2657/5450/1817 2659/5451/1817
f 2660/5452/1818 2659/5453/1818 2657/5454/1818
f 2661/5455/1819 2659/5456/1819 2660/5457/1819
f 2660/5458/1820 2662/5459/1820 2661/5460/1820
f 2661/5461/1821 2662/5462/1821 2663/5463/1821
f 2664/5464/1822 2663/5465/1822 2662/5466/1822
f 2665/5467/1823 2663/5468/1823 2664/5469/1823
f 2664/5470/1824 2666/5471/1824 2665/5472/1824
f 2665/5473/1825 2666/5474/1825 2667/5475/1825
f 2666/5476/1826 2668/5477/1826 2667/5478/1826
f 2667/5479/1827 2668/5480/1827 2669/5481/1827
f 2668/5482/1828 2670/5483/1828 2669/5484/1828
f 2669/5485/1829 2670/5486/1829 2671/5487/1829
f 2672/5488/1830 2671/5489/1830 2670/5490/1830
f 2673/5491/1831 2671/5492/1831 2672/5493/1831
f 2674/5494/1832 2675/5495/1832 2676/5496/1832
f 2677/5497/1833 2675/5498/1833 2674/5499/1833
f 2677/5500/1834 2678/5501/1834 2675/5502/1834
f 2679/5503/1835 2678/5504/1835 2677/5505/1835
f 2678/5506/1836 2680/5507/1836 2681/5508/1836
f 2682/5509/1837 2680/5510/1837 2678/5511/1837
f 2679/5512/1838 2682/5513/1838 2678/5514/1838
f 2679/5515/1839 2683/5516/1839 2682/5517/1839
f 2684/5518/1840 2683/5519/1840 2679/5520/1840
f 2685/5521/1841 2686/5522/1841 2687/5523/1841
f 2688/5524/1842 2686/5525/1842 2685/5526/1842
f 2688/5527/1843 2689/5528/1843 2686/5529/1843
f 2690/5530/1844 2689/5531/1844 2688/5532/1844
f 2690/5533/1845 2691/5534/1845 2689/5535/1845
f 2692/5536/1846 2691/5537/1846 2690/5538/1846
f 2691/5539/1847 2693/5540/1847 2689/5541/1847
f 2694/5542/1848 2691/5543/1848 2692/5544/1848
f 2689/5545/1849 2693/5546/1849 2695/5547/1849
f 2694/5548/1850 2692/5549/1850 2696/5550/1850
f 2695/5551/1851 2693/5552/1851 2697/5553/1851
f 2692/5554/1852 2698/5555/1852 2696/5556/1852
f 2697/5557/1853 2699/5558/1853 2695/5559/1853
f 2695/5560/1854 2699/5561/1854 2700/5562/1854
f 2699/5563/1855 2696/5564/1855 2700/5565/1855
f 2700/5566/1856 2696/5567/1856 2698/5568/1856
f 2700/5569/1857 2698/5570/1857 2701/5571/1857
f 2701/5572/1858 2698/5573/1858 2702/5574/1858
f 2703/5575/1859 2704/5576/1859 2705/5577/1859
f 2705/5578/1860 2704/5579/1860 2706/5580/1860
f 2707/5581/1861 2705/5582/1861 2706/5583/1861
f 2708/5584/1862 2705/5585/1862 2707/5586/1862
f 2709/5587/1863 2710/5588/1863 2711/5589/1863
f 2712/5590/1864 2709/5591/1864 2711/5592/1864
f 2712/5593/1865 2711/5594/1865 2713/5595/1865
f 2713/5596/1866 2711/5597/1866 2714/5598/1866
f 2715/5599/1867 2713/5600/1867 2714/5601/1867
f 2714/5602/1868 2716/5603/1868 2715/5604/1868
f 2717/5605/1869 2718/5606/1869 2714/5607/1869
f 2718/5608/1870 2716/5609/1870 2714/5610/1870
f 2718/5611/1871 2719/5612/1871 2716/5613/1871
f 2719/5614/1872 2720/5615/1872 2716/5616/1872
f 2721/5617/1873 2722/5618/1873 2723/5619/1873
f 2724/5620/1874 2722/5621/1874 2721/5622/1874
f 2724/5623/1875 2725/5624/1875 2722/5625/1875
f 2725/5626/1876 2726/5627/1876 2722/5628/1876
f 2727/5629/1877 2725/5630/1877 2724/5631/1877
f 2725/5632/1878 2728/5633/1878 2726/5634/1878
f 2727/5635/1879 2729/5636/1879 2725/5637/1879
f 2729/5638/1880 2728/5639/1880 2725/5640/1880
f 2730/5641/1881 2729/5642/1881 2727/5643/1881
f 2728/5644/1882 2729/5645/1882 2730/5646/1882
f 2731/5647/1883 2730/5648/1883 2727/5649/1883
f 2728/5650/1884 2732/5651/1884 2726/5652/1884
f 2726/5653/1885 2732/5654/1885 2733/5655/1885
f 2730/5656/1886 2734/5657/1886 2728/5658/1886
f 2734/5659/1887 2730/5660/1887 2731/5661/1887
f 2728/5662/1888 2734/5663/1888 2732/5664/1888
f 2735/5665/1889 2734/5666/1889 2731/5667/1889
f 2732/5668/1890 2736/5669/1890 2733/5670/1890
f 2733/5671/1891 2736/5672/1891 2737/5673/1891
f 2738/5674/1892 2732/5675/1892 2734/5676/1892
f 2738/5677/1893 2734/5678/1893 2735/5679/1893
f 2736/5680/1894 2732/5681/1894 2738/5682/1894
f 2739/5683/1895 2738/5684/1895 2735/5685/1895
f 2736/5686/1896 2740/5687/1896 2737/5688/1896
f 2737/5689/1897 2740/5690/1897 2741/5691/1897
f 2738/5692/1898 2742/5693/1898 2736/5694/1898
f 2742/5695/1899 2738/5696/1899 2739/5697/1899
f 2736/5698/1900 2742/5699/1900 2740/5700/1900
f 2743/5701/1901 2742/5702/1901 2739/5703/1901
f 2740/5704/1902 2744/5705/1902 2741/5706/1902
f 2741/5707/1903 2744/5708/1903 2745/5709/1903
f 2746/5710/1904 2740/5711/1904 2742/5712/1904
f 2744/5713/1905 2740/5714/1905 2746/5715/1905
f 2746/5716/1906 2742/5717/1906 2743/5718/1906
f 2744/5719/1907 2747/5720/1907 2745/5721/1907
f 2744/5722/1908 2746/5723/1908 2747/5724/1908
f 2745/5725/1909 2747/5726/1909 2748/5727/1909
f 2747/5728/1910 2746/5729/1910 2748/5730/1910
f 2748/5731/1911 2746/5732/1911 2743/5733/1911
f 2745/5734/1912 2748/5735/1912 2749/5736/1912
f 2748/5737/1913 2743/5738/1913 2750/5739/1913
f 2749/5740/1914 2748/5741/1914 2751/5742/1914
f 2748/5743/1915 2750/5744/1915 2752/5745/1915
f 2748/5746/1916 2752/5747/1916 2751/5748/1916
f 2753/5749/1917 2754/5750/1917 2755/5751/1917
f 2756/5752/1918 2754/5753/1918 2753/5754/1918
f 2757/5755/1919 2756/5756/1919 2753/5757/1919
f 2758/5758/1920 2757/5759/1920 2753/5760/1920
f 2757/5761/1921 2759/5762/1921 2756/5763/1921
f 2757/5764/1922 2758/5765/1922 2760/5766/1922
f 2761/5767/1923 2757/5768/1923 2760/5769/1923
f 2759/5770/1924 2757/5771/1924 2761/5772/1924
f 2760/5773/1925 2758/5774/1925 2762/5775/1925
f 2763/5776/1926 2759/5777/1926 2761/5778/1926
f 2758/5779/1927 2764/5780/1927 2762/5781/1927
f 2765/5782/1928 2759/5783/1928 2763/5784/1928
f 2762/5785/1929 2764/5786/1929 2766/5787/1929
f 2767/5788/1930 2765/5789/1930 2763/5790/1930
f 2764/5791/1931 2768/5792/1931 2766/5793/1931
f 2769/5794/1932 2765/5795/1932 2767/5796/1932
f 2766/5797/1933 2768/5798/1933 2770/5799/1933
f 2771/5800/1934 2769/5801/1934 2767/5802/1934
f 2768/5803/1935 2772/5804/1935 2770/5805/1935
f 2773/5806/1936 2769/5807/1936 2771/5808/1936
f 2770/5809/1937 2772/5810/1937 2774/5811/1937
f 2775/5812/1938 2773/5813/1938 2771/5814/1938
f 2772/5815/1939 2776/5816/1939 2774/5817/1939
f 2777/5818/1940 2773/5819/1940 2775/5820/1940
f 2774/5821/1941 2776/5822/1941 2778/5823/1941
f 2779/5824/1942 2777/5825/1942 2775/5826/1942
f 2776/5827/1943 2780/5828/1943 2778/5829/1943
f 2778/5830/1944 2780/5831/1944 2779/5832/1944
f 2780/5833/1945 2777/5834/1945 2779/5835/1945
f 2780/5836/1946 2776/5837/1946 2781/5838/1946
f 2777/5839/1947 2780/5840/1947 2782/5841/1947
f 2780/5842/1948 2781/5843/1948 2783/5844/1948
f 2782/5845/1949 2780/5846/1949 2784/5847/1949
f 2784/5848/1950 2780/5849/1950 2783/5850/1950
f 2785/5851/1951 2786/5852/1951 2787/5853/1951
f 2787/5854/1952 2786/5855/1952 2788/5856/1952
f 2789/5857/1953 2787/5858/1953 2788/5859/1953
f 2790/5860/1954 2787/5861/1954 2789/5862/1954
f 2791/5863/1955 2792/5864/1955 2793/5865/1955
f 2794/5866/1956 2793/5867/1956 2792/5868/1956
f 2795/5869/1957 2794/5870/1957 2792/5871/1957
f 2796/5872/1958 2795/5873/1958 2792/5874/1958
f 2797/5875/1959 2798/5876/1959 2799/5877/1959
f 2799/5878/1960 2798/5879/1960 2800/5880/1960
f 2798/5881/1961 2801/5882/1961 2800/5883/1961
f 2799/5884/1962 2800/5885/1962 2802/5886/1962
f 2800/5887/1963 2801/5888/1963 2803/5889/1963
f 2801/5890/1964 2804/5891/1964 2803/5892/1964
f 2802/5893/1965 2800/5894/1965 2805/5895/1965
f 2800/5896/1966 2803/5897/1966 2805/5898/1966
f 2802/5899/1967 2805/5900/1967 2806/5901/1967
f 2803/5902/1968 2804/5903/1968 2807/5904/1968
f 2804/5905/1969 2808/5906/1969 2807/5907/1969
f 2805/5908/1970 2803/5909/1970 2809/5910/1970
f 2803/5911/1971 2807/5912/1971 2809/5913/1971
f 2806/5914/1972 2805/5915/1972 2810/5916/1972
f 2805/5917/1973 2809/5918/1973 2810/5919/1973
f 2806/5920/1974 2810/5921/1974 2811/5922/1974
f 2811/5923/1975 2810/5924/1975 2812/5925/1975
f 2810/5926/1976 2813/5927/1976 2812/5928/1976
f 2810/5929/1977 2809/5930/1977 2813/5931/1977
f 2812/5932/1978 2813/5933/1978 2814/5934/1978
f 2809/5935/1979 2807/5936/1979 2815/5937/1979
f 2809/5938/1980 2815/5939/1980 2813/5940/1980
f 2813/5941/1981 2816/5942/1981 2814/5943/1981
f 2813/5944/1982 2815/5945/1982 2816/5946/1982
f 2814/5947/1983 2816/5948/1983 2817/5949/1983
f 2807/5950/1984 2818/5951/1984 2815/5952/1984
f 2807/5953/1985 2808/5954/1985 2818/5955/1985
f 2808/5956/1986 2819/5957/1986 2818/5958/1986
f 2815/5959/1987 2820/5960/1987 2816/5961/1987
f 2815/5962/1988 2818/5963/1988 2820/5964/1988
f 2816/5965/1989 2821/5966/1989 2817/5967/1989
f 2816/5968/1990 2820/5969/1990 2821/5970/1990
f 2817/5971/1991 2821/5972/1991 2822/5973/1991
f 2818/5974/1992 2819/5975/1992 2823/5976/1992
f 2818/5977/1993 2823/5978/1993 2820/5979/1993
f 2819/5980/1994 2824/5981/1994 2823/5982/1994
f 2820/5983/1995 2825/5984/1995 2821/5985/1995
f 2820/5986/1996 2823/5987/1996 2825/5988/1996
f 2821/5989/1997 2826/5990/1997 2822/5991/1997
f 2821/5992/1998 2825/5993/1998 2826/5994/1998
f 2822/5995/1999 2826/5996/1999 2827/5997/1999
f 2823/5998/2000 2824/5999/2000 2828/6000/2000
f 2823/6001/2001 2828/6002/2001 2825/6003/2001
f 2824/6004/2002 2829/6005/2002 2828/6006/2002
f 2825/6007/2003 2830/6008/2003 2826/6009/2003
f 2825/6010/2004 2828/6011/2004 2830/6012/2004
f 2826/6013/2005 2831/6014/2005 2827/6015/2005
f 2826/6016/2006 2830/6017/2006 2831/6018/2006
f 2827/6019/2007 2831/6020/2007 2832/6021/2007
f 2828/6022/2008 2829/6023/2008 2833/6024/2008
f 2828/6025/2009 2833/6026/2009 2830/6027/2009
f 2829/6028/2010 2834/6029/2010 2833/6030/2010
f 2830/6031/2011 2835/6032/2011 2831/6033/2011
f 2830/6034/2012 2833/6035/2012 2835/6036/2012
f 2831/6037/2013 2836/6038/2013 2832/6039/2013
f 2831/6040/2014 2835/6041/2014 2836/6042/2014
f 2832/6043/2015 2836/6044/2015 2837/6045/2015
f 2833/6046/2016 2834/6047/2016 2838/6048/2016
f 2833/6049/2017 2838/6050/2017 2835/6051/2017
f 2834/6052/2018 2839/6053/2018 2838/6054/2018
f 2835/6055/2019 2840/6056/2019 2836/6057/2019
f 2835/6058/2020 2838/6059/2020 2840/6060/2020
f 2836/6061/2021 2841/6062/2021 2837/6063/2021
f 2836/6064/2022 2840/6065/2022 2841/6066/2022
f 2837/6067/2023 2841/6068/2023 2842/6069/2023
f 2838/6070/2024 2839/6071/2024 2843/6072/2024
f 2838/6073/2025 2843/6074/2025 2840/6075/2025
f 2839/6076/2026 2844/6077/2026 2843/6078/2026
f 2840/6079/2027 2845/6080/2027 2841/6081/2027
f 2840/6082/2028 2843/6083/2028 2845/6084/2028
f 2841/6085/2029 2846/6086/2029 2842/6087/2029
f 2841/6088/2030 2845/6089/2030 2846/6090/2030
f 2842/6091/2031 2846/6092/2031 2847/6093/2031
f 2843/6094/2032 2844/6095/2032 2848/6096/2032
f 2843/6097/2033 2848/6098/2033 2845/6099/2033
f 2844/6100/2034 2849/6101/2034 2848/6102/2034
f 2845/6103/2035 2850/6104/2035 2846/6105/2035
f 2845/6106/2036 2848/6107/2036 2850/6108/2036
f 2846/6109/2037 2851/6110/2037 2847/6111/2037
f 2846/6112/2038 2850/6113/2038 2851/6114/2038
f 2847/6115/2039 2851/6116/2039 2852/6117/2039
f 2848/6118/2040 2849/6119/2040 2853/6120/2040
f 2848/6121/2041 2853/6122/2041 2850/6123/2041
f 2849/6124/2042 2854/6125/2042 2853/6126/2042
f 2853/6127/2043 2854/6128/2043 2855/6129/2043
f 2850/6130/2044 2853/6131/2044 2856/6132/2044
f 2853/6133/2045 2855/6134/2045 2856/6135/2045
f 2850/6136/2046 2856/6137/2046 2851/6138/2046
f 2856/6139/2047 2855/6140/2047 2857/6141/2047
f 2851/6142/2048 2856/6143/2048 2858/6144/2048
f 2856/6145/2049 2857/6146/2049 2858/6147/2049
f 2851/6148/2050 2858/6149/2050 2852/6150/2050
f 2858/6151/2051 2857/6152/2051 2859/6153/2051
f 2852/6154/2052 2858/6155/2052 2860/6156/2052
f 2858/6157/2053 2859/6158/2053 2860/6159/2053
f 2860/6160/2054 2859/6161/2054 2861/6162/2054
f 2862/6163/2055 2863/6164/2055 2864/6165/2055
f 2864/6166/2056 2863/6167/2056 2865/6168/2056
f 2864/6169/2057 2865/6170/2057 2866/6171/2057
f 2863/6172/2058 2867/6173/2058 2865/6174/2058
f 2866/6175/2059 2865/6176/2059 2868/6177/2059
f 2865/6178/2060 2867/6179/2060 2869/6180/2060
f 2865/6181/2061 2869/6182/2061 2868/6183/2061
f 2867/6184/2062 2870/6185/2062 2869/6186/2062
f 2868/6187/2063 2869/6188/2063 2871/6189/2063
f 2869/6190/2064 2870/6191/2064 2872/6192/2064
f 2869/6193/2065 2872/6194/2065 2871/6195/2065
f 2870/6196/2066 2873/6197/2066 2872/6198/2066
f 2871/6199/2067 2872/6200/2067 2874/6201/2067
f 2872/6202/2068 2873/6203/2068 2875/6204/2068
f 2872/6205/2069 2875/6206/2069 2874/6207/2069
f 2873/6208/2070 2876/6209/2070 2875/6210/2070
f 2874/6211/2071 2875/6212/2071 2877/6213/2071
f 2875/6214/2072 2876/6215/2072 2878/6216/2072
f 2875/6217/2073 2878/6218/2073 2877/6219/2073
f 2876/6220/2074 2879/6221/2074 2878/6222/2074
f 2877/6223/2075 2878/6224/2075 2880/6225/2075
f 2878/6226/2076 2879/6227/2076 2881/6228/2076
f 2878/6229/2077 2881/6230/2077 2880/6231/2077
f 2879/6232/2078 2882/6233/2078 2881/6234/2078
f 2880/6235/2079 2881/6236/2079 2883/6237/2079
f 2881/6238/2080 2882/6239/2080 2884/6240/2080
f 2881/6241/2081 2884/6242/2081 2883/6243/2081
f 2882/6244/2082 2885/6245/2082 2884/6246/2082
f 2883/6247/2083 2884/6248/2083 2886/6249/2083
f 2884/6250/2084 2885/6251/2084 2887/6252/2084
f 2884/6253/2085 2887/6254/2085 2886/6255/2085
f 2885/6256/2086 2888/6257/2086 2887/6258/2086
f 2886/6259/2087 2887/6260/2087 2889/6261/2087
f 2887/6262/2088 2888/6263/2088 2890/6264/2088
f 2887/6265/2089 2890/6266/2089 2889/6267/2089
f 2888/6268/2090 2891/6269/2090 2890/6270/2090
f 2889/6271/2091 2890/6272/2091 2892/6273/2091
f 2890/6274/2092 2891/6275/2092 2893/6276/2092
f 2890/6277/2093 2893/6278/2093 2892/6279/2093
f 2891/6280/2094 2894/6281/2094 2893/6282/2094
f 2892/6283/2095 2893/6284/2095 2895/6285/2095
f 2893/6286/2096 2894/6287/2096 2896/6288/2096
f 2893/6289/2097 2896/6290/2097 2895/6291/2097
f 2894/6292/2098 2897/6293/2098 2896/6294/2098
f 2895/6295/2099 2896/6296/2099 2898/6297/2099
f 2896/6298/2100 2897/6299/2100 2899/6300/2100
f 2896/6301/2101 2899/6302/2101 2898/6303/2101
f 2898/6304/2102 2899/6305/2102 2900/6306/2102
f 2901/6307/2103 2902/6308/2103 2903/6309/2103
f 2903/6310/2104 2902/6311/2104 2904/6312/2104
f 2903/6313/2105 2904/6314/2105 2905/6315/2105
f 2902/6316/2106 2906/6317/2106 2904/6318/2106
f 2905/6319/2107 2904/6320/2107 2907/6321/2107
f 2904/6322/2108 2906/6323/2108 2908/6324/2108
f 2904/6325/2109 2908/6326/2109 2907/6327/2109
f 2906/6328/2110 2909/6329/2110 2908/6330/2110
f 2907/6331/2111 2908/6332/2111 2910/6333/2111
f 2908/6334/2112 2909/6335/2112 2911/6336/2112
f 2908/6337/2113 2911/6338/2113 2910/6339/2113
f 2909/6340/2114 2912/6341/2114 2911/6342/2114
f 2910/6343/2115 2911/6344/2115 2913/6345/2115
f 2911/6346/2116 2912/6347/2116 2914/6348/2116
f 2911/6349/2117 2914/6350/2117 2913/6351/2117
f 2912/6352/2118 2915/6353/2118 2914/6354/2118
f 2913/6355/2119 2914/6356/2119 2916/6357/2119
f 2914/6358/2120 2915/6359/2120 2917/6360/2120
f 2914/6361/2121 2917/6362/2121 2916/6363/2121
f 2915/6364/2122 2918/6365/2122 2917/6366/2122
f 2916/6367/2123 2917/6368/2123 2919/6369/2123
f 2917/6370/2124 2918/6371/2124 2920/6372/2124
f 2917/6373/2125 2920/6374/2125 2919/6375/2125
f 2918/6376/2126 2921/6377/2126 2920/6378/2126
f 2919/6379/2127 2920/6380/2127 2922/6381/2127
f 2920/6382/2128 2921/6383/2128 2923/6384/2128
f 2920/6385/2129 2923/6386/2129 2922/6387/2129
f 2921/6388/2130 2924/6389/2130 2923/6390/2130
f 2922/6391/2131 2923/6392/2131 2925/6393/2131
f 2923/6394/2132 2924/6395/2132 2926/6396/2132
f 2923/6397/2133 2926/6398/2133 2925/6399/2133
f 2925/6400/2134 2926/6401/2134 2927/6402/2134
f 2928/6403/2135 2929/6404/2135 2930/6405/2135
f 2931/6406/2136 2928/6407/2136 2930/6408/2136
f 2932/6409/2137 2931/6410/2137 2930/6411/2137
f 2933/6412/2138 2932/6413/2138 2930/6414/2138
f 2934/6415/2139 2933/6416/2139 2930/6417/2139
f 2935/6418/2140 2934/6419/2140 2930/6420/2140
f 2936/6421/2141 2937/6422/2141 2938/6423/2141
f 2939/6424/2142 2936/6425/2142 2938/6426/2142
f 2940/6427/2143 2939/6428/2143 2938/6429/2143
f 2941/6430/2144 2940/6431/2144 2938/6432/2144
f 2942/6433/2145 2941/6434/2145 2938/6435/2145
f 2943/6436/2146 2942/6437/2146 2938/6438/2146
f 2944/6439/2147 2945/6440/2147 2946/6441/2147
f 2947/6442/2148 2944/6443/2148 2946/6444/2148
f 2948/6445/2149 2947/6446/2149 2946/6447/2149
f 2949/6448/2150 2948/6449/2150 2946/6450/2150
f 2950/6451/2151 2949/6452/2151 2946/6453/2151
f 2951/6454/2152 2950/6455/2152 2946/6456/2152
f 2952/6457/2153 2953/6458/2153 2954/6459/2153
f 2955/6460/2154 2953/6461/2154 2952/6462/2154
f 2956/6463/2155 2952/6464/2155 2957/6465/2155
f 2956/6466/2156 2958/6467/2156 2952/6468/2156
f 2957/6469/2157 2952/6470/2157 2959/6471/2157
f 2957/6472/2158 2959/6473/2158 2960/6474/2158
f 2960/6475/2159 2959/6476/2159 2961/6477/2159
f 2955/6478/2160 2960/6479/2160 2961/6480/2160
f 2962/6481/2161 2960/6482/2161 2955/6483/2161
f 2962/6484/2162 2955/6485/2162 2963/6486/2162
f 2952/6487/2163 2958/6488/2163 2964/6489/2163
f 2964/6490/2164 2955/6491/2164 2952/6492/2164
f 2963/6493/2165 2955/6494/2165 2965/6495/2165
f 2965/6496/2166 2955/6497/2166 2964/6498/2166
f 2958/6499/2167 2966/6500/2167 2964/6501/2167
f 2964/6502/2168 2966/6503/2168 2965/6504/2168
f 2967/6505/2169 2966/6506/2169 2958/6507/2169
f 2968/6508/2170 2963/6509/2170 2965/6510/2170
f 2965/6511/2171 2966/6512/2171 2968/6513/2171
f 2969/6514/2172 2963/6515/2172 2968/6516/2172
f 2967/6517/2173 2970/6518/2173 2966/6519/2173
f 2971/6520/2174 2970/6521/2174 2967/6522/2174
f 2971/6523/2175 2972/6524/2175 2970/6525/2175
f 2968/6526/2176 2966/6527/2176 2973/6528/2176
f 2973/6529/2177 2969/6530/2177 2968/6531/2177
f 2973/6532/2178 2966/6533/2178 2970/6534/2178
f 2974/6535/2179 2969/6536/2179 2973/6537/2179
f 2970/6538/2180 2972/6539/2180 2975/6540/2180
f 2970/6541/2181 2975/6542/2181 2973/6543/2181
f 2972/6544/2182 2976/6545/2182 2975/6546/2182
f 2974/6547/2183 2973/6548/2183 2976/6549/2183
f 2975/6550/2184 2976/6551/2184 2977/6552/2184
f 2976/6553/2185 2973/6554/2185 2977/6555/2185
f 2973/6556/2186 2975/6557/2186 2977/6558/2186
f 2978/6559/2187 2979/6560/2187 2980/6561/2187
f 2979/6562/2188 2978/6563/2188 2981/6564/2188
f 2981/6565/2189 2978/6566/2189 2982/6567/2189
f 2981/6568/2190 2982/6569/2190 2983/6570/2190
f 2981/6571/2191 2983/6572/2191 2984/6573/2191
f 2981/6574/2192 2984/6575/2192 2985/6576/2192
f 2986/6577/2193 2979/6578/2193 2981/6579/2193
f 2984/6580/2194 2987/6581/2194 2985/6582/2194
f 2988/6583/2195 2979/6584/2195 2986/6585/2195
f 2985/6586/2196 2987/6587/2196 2989/6588/2196
f 2990/6589/2197 2988/6590/2197 2986/6591/2197
f 2990/6592/2198 2986/6593/2198 2991/6594/2198
f 2991/6595/2199 2986/6596/2199 2992/6597/2199
f 2991/6598/2200 2992/6599/2200 2989/6600/2200
f 2989/6601/2201 2993/6602/2201 2991/6603/2201
f 2987/6604/2202 2993/6605/2202 2989/6606/2202
f 2993/6607/2203 2987/6608/2203 2994/6609/2203
f 2995/6610/2204 2996/6611/2204 2997/6612/2204
f 2998/6613/2205 2997/6614/2205 2999/6615/2205
f 2997/6616/2206 2996/6617/2206 3000/6618/2206
f 2999/6619/2207 2997/6620/2207 3000/6621/2207
f 2996/6622/2208 3001/6623/2208 3000/6624/2208
f 2999/6625/2209 3000/6626/2209 3002/6627/2209
f 3000/6628/2210 3001/6629/2210 3003/6630/2210
f 3002/6631/2211 3000/6632/2211 3003/6633/2211
f 3001/6634/2212 3004/6635/2212 3003/6636/2212
f 3002/6637/2213 3003/6638/2213 3005/6639/2213
f 3003/6640/2214 3004/6641/2214 3006/6642/2214
f 3005/6643/2215 3003/6644/2215 3006/6645/2215
f 3007/6646/2216 3008/6647/2216 3009/6648/2216
f 3008/6649/2217 3010/6650/2217 3009/6651/2217
f 3011/6652/2218 3008/6653/2218 3007/6654/2218
f 3008/6655/2219 3012/6656/2219 3010/6657/2219
f 3011/6658/2220 3007/6659/2220 3013/6660/2220
f 3010/6661/2221 3012/6662/2221 3014/6663/2221
f 3015/6664/2222 3011/6665/2222 3013/6666/2222
f 3012/6667/2223 3016/6668/2223 3014/6669/2223
f 3017/6670/2224 3011/6671/2224 3015/6672/2224
f 3012/6673/2225 3018/6674/2225 3016/6675/2225
f 3017/6676/2226 3015/6677/2226 3019/6678/2226
f 3016/6679/2227 3018/6680/2227 3020/6681/2227
f 3021/6682/2228 3017/6683/2228 3019/6684/2228
f 3018/6685/2229 3022/6686/2229 3020/6687/2229
f 3023/6688/2230 3017/6689/2230 3021/6690/2230
f 3018/6691/2231 3023/6692/2231 3022/6693/2231
f 3023/6694/2232 3021/6695/2232 3024/6696/2232
f 3022/6697/2233 3023/6698/2233 3024/6699/2233
f 3025/6700/2234 3026/6701/2234 3027/6702/2234
f 3026/6703/2235 3028/6704/2235 3027/6705/2235
f 3029/6706/2236 3025/6707/2236 3027/6708/2236
f 3028/6709/2237 3030/6710/2237 3027/6711/2237
f 3031/6712/2238 3029/6713/2238 3027/6714/2238
f 3030/6715/2239 3032/6716/2239 3027/6717/2239
f 3033/6718/2240 3031/6719/2240 3027/6720/2240
f 3032/6721/2241 3033/6722/2241 3027/6723/2241
f 3034/6724/2242 3035/6725/2242 3036/6726/2242
f 3037/6727/2243 3034/6728/2243 3036/6729/2243
f 3038/6730/2244 3034/6731/2244 3037/6732/2244
f 3036/6733/2245 3035/6734/2245 3039/6735/2245
f 3040/6736/2246 3038/6737/2246 3037/6738/2246
f 3035/6739/2247 3041/6740/2247 3039/6741/2247
f 3042/6742/2248 3038/6743/2248 3040/6744/2248
f 3039/6745/2249 3041/6746/2249 3043/6747/2249
f 3044/6748/2250 3042/6749/2250 3040/6750/2250
f 3045/6751/2251 3042/6752/2251 3044/6753/2251
f 3045/6754/2252 3044/6755/2252 3046/6756/2252
f 3039/6757/2253 3043/6758/2253 3047/6759/2253
f 3047/6760/2254 3048/6761/2254 3039/6762/2254
f 3046/6763/2255 3044/6764/2255 3049/6765/2255
f 3044/6766/2256 3050/6767/2256 3049/6768/2256
f 3051/6769/2257 3046/6770/2257 3049/6771/2257
f 3052/6772/2258 3046/6773/2258 3051/6774/2258
f 3052/6775/2259 3051/6776/2259 3053/6777/2259
f 3053/6778/2260 3051/6779/2260 3054/6780/2260
f 3053/6781/2261 3054/6782/2261 3055/6783/2261
f 3049/6784/2262 3056/6785/2262 3051/6786/2262
f 3055/6787/2263 3054/6788/2263 3057/6789/2263
f 3055/6790/2264 3057/6791/2264 3058/6792/2264
f 3058/6793/2265 3057/6794/2265 3059/6795/2265
f 3058/6796/2266 3059/6797/2266 3060/6798/2266
f 3060/6799/2267 3059/6800/2267 3061/6801/2267
f 3060/6802/2268 3061/6803/2268 3062/6804/2268
f 3061/6805/2269 3043/6806/2269 3062/6807/2269
f 3061/6808/2270 3047/6809/2270 3043/6810/2270
f 3063/6811/2271 3047/6812/2271 3061/6813/2271
f 3064/6814/2272 3047/6815/2272 3063/6816/2272
f 3064/6817/2273 3048/6818/2273 3047/6819/2273
f 3065/6820/2274 3064/6821/2274 3063/6822/2274
f 3064/6823/2275 3066/6824/2275 3048/6825/2275
f 3067/6826/2276 3064/6827/2276 3065/6828/2276
f 3067/6829/2277 3066/6830/2277 3064/6831/2277
f 3068/6832/2278 3067/6833/2278 3065/6834/2278
f 3067/6835/2279 3069/6836/2279 3066/6837/2279
f 3070/6838/2280 3067/6839/2280 3068/6840/2280
f 3070/6841/2281 3069/6842/2281 3067/6843/2281
f 3070/6844/2282 3068/6845/2282 3071/6846/2282
f 3071/6847/2283 3069/6848/2283 3070/6849/2283
f 3071/6850/2284 3068/6851/2284 3056/6852/2284
f 3050/6853/2285 3069/6854/2285 3071/6855/2285
f 3071/6856/2286 3056/6857/2286 3049/6858/2286
f 3049/6859/2287 3050/6860/2287 3071/6861/2287
f 3072/6862/2288 3073/6863/2288 3074/6864/2288
f 3075/6865/2289 3072/6866/2289 3074/6867/2289
f 3074/6868/2290 3073/6869/2290 3076/6870/2290
f 3077/6871/2291 3072/6872/2291 3075/6873/2291
f 3073/6874/2292 3078/6875/2292 3076/6876/2292
f 3079/6877/2293 3077/6878/2293 3075/6879/2293
f 3076/6880/2294 3078/6881/2294 3080/6882/2294
f 3081/6883/2295 3077/6884/2295 3079/6885/2295
f 3078/6886/2296 3082/6887/2296 3080/6888/2296
f 3083/6889/2297 3081/6890/2297 3079/6891/2297
f 3080/6892/2298 3082/6893/2298 3084/6894/2298
f 3085/6895/2299 3081/6896/2299 3083/6897/2299
f 3082/6898/2300 3086/6899/2300 3084/6900/2300
f 3087/6901/2301 3085/6902/2301 3083/6903/2301
f 3084/6904/2302 3086/6905/2302 3088/6906/2302
f 3089/6907/2303 3085/6908/2303 3087/6909/2303
f 3086/6910/2304 3090/6911/2304 3088/6912/2304
f 3091/6913/2305 3089/6914/2305 3087/6915/2305
f 3088/6916/2306 3090/6917/2306 3092/6918/2306
f 3093/6919/2307 3089/6920/2307 3091/6921/2307
f 3090/6922/2308 3094/6923/2308 3092/6924/2308
f 3095/6925/2309 3093/6926/2309 3091/6927/2309
f 3092/6928/2310 3094/6929/2310 3095/6930/2310
f 3094/6931/2311 3093/6932/2311 3095/6933/2311
f 3096/6934/2312 3097/6935/2312 3098/6936/2312
f 3099/6937/2313 3096/6938/2313 3098/6939/2313
f 3098/6940/2314 3097/6941/2314 3100/6942/2314
f 3101/6943/2315 3096/6944/2315 3099/6945/2315
f 3097/6946/2316 3102/6947/2316 3100/6948/2316
f 3103/6949/2317 3101/6950/2317 3099/6951/2317
f 3100/6952/2318 3102/6953/2318 3104/6954/2318
f 3105/6955/2319 3101/6956/2319 3103/6957/2319
f 3102/6958/2320 3106/6959/2320 3104/6960/2320
f 3107/6961/2321 3105/6962/2321 3103/6963/2321
f 3104/6964/2322 3106/6965/2322 3108/6966/2322
f 3109/6967/2323 3105/6968/2323 3107/6969/2323
f 3106/6970/2324 3110/6971/2324 3108/6972/2324
f 3111/6973/2325 3109/6974/2325 3107/6975/2325
f 3108/6976/2326 3110/6977/2326 3112/6978/2326
f 3113/6979/2327 3109/6980/2327 3111/6981/2327
f 3110/6982/2328 3114/6983/2328 3112/6984/2328
f 3115/6985/2329 3113/6986/2329 3111/6987/2329
f 3112/6988/2330 3114/6989/2330 3116/6990/2330
f 3117/6991/2331 3113/6992/2331 3115/6993/2331
f 3114/6994/2332 3118/6995/2332 3116/6996/2332
f 3119/6997/2333 3117/6998/2333 3115/6999/2333
f 3116/7000/2334 3118/7001/2334 3119/7002/2334
f 3118/7003/2335 3117/7004/2335 3119/7005/2335
f 3120/7006/2336 3121/7007/2336 3122/7008/2336
f 3123/7009/2337 3121/7010/2337 3124/7011/2337
f 3125/7012/2338 3124/7013/2338 3126/7014/2338
f 3126/7015/2339 3124/7016/2339 3127/7017/2339
f 3128/7018/2340 3129/7019/2340 3130/7020/2340
f 3131/7021/2341 3129/7022/2341 3132/7023/2341
f 3133/7024/2342 3131/7025/2342 3128/7026/2342
f 3134/7027/2343 3131/7028/2343 3133/7029/2343
f 3135/7030/2344 3134/7031/2344 3136/7032/2344
f 3137/7033/2345 3134/7034/2345 3135/7035/2345
f 3137/7036/2346 3135/7037/2346 3138/7038/2346
f 3138/7039/2347 3135/7040/2347 3139/7041/2347
f 3140/7042/2348 3141/7043/2348 3142/7044/2348
f 3143/7045/2349 3141/7046/2349 3140/7047/2349
f 3140/7048/2350 3144/7049/2350 3145/7050/2350
f 3145/7051/2351 3144/7052/2351 3146/7053/2351
f 3144/7054/2352 3147/7055/2352 3146/7056/2352
f 3146/7057/2353 3147/7058/2353 3148/7059/2353
f 3149/7060/2354 3150/7061/2354 3144/7062/2354
f 3151/7063/2355 3150/7064/2355 3147/7065/2355
f 3150/7066/2356 3152/7067/2356 3153/7068/2356
f 3153/7069/2357 3154/7070/2357 3148/7071/2357
f 3153/7072/2358 3152/7073/2358 3154/7074/2358
f 3148/7075/2359 3154/7076/2359 3155/7077/2359
f 3152/7078/2360 3156/7079/2360 3154/7080/2360
f 3154/7081/2361 3157/7082/2361 3155/7083/2361
f 3154/7084/2362 3156/7085/2362 3157/7086/2362
f 3155/7087/2363 3157/7088/2363 3158/7089/2363
f 3156/7090/2364 3159/7091/2364 3157/7092/2364
f 3157/7093/2365 3159/7094/2365 3160/7095/2365
f 3161/7096/2366 3160/7097/2366 3158/7098/2366
f 3159/7099/2367 3162/7100/2367 3160/7101/2367
f 3158/7102/2368 3160/7103/2368 3163/7104/2368
f 3160/7105/2369 3162/7106/2369 3164/7107/2369
f 3163/7108/2370 3164/7109/2370 3165/7110/2370
f 3166/7111/2371 3164/7112/2371 3163/7113/2371
f 3167/7114/2372 3168/7115/2372 3169/7116/2372
f 3170/7117/2373 3167/7118/2373 3169/7119/2373
f 3171/7120/2374 3170/7121/2374 3169/7122/2374
f 3172/7123/2375 3171/7124/2375 3169/7125/2375
f 3173/7126/2376 3174/7127/2376 3175/7128/2376
f 3174/7129/2377 3176/7130/2377 3175/7131/2377
f 3176/7132/2378 3177/7133/2378 3175/7134/2378
f 3177/7135/2379 3178/7136/2379 3175/7137/2379